computer,process_key,window_start,event_count,unique_images,unique_files,unique_extensions,unique_destination_ips,suspicious_path_count,file_activity_count,registry_activity_count,network_activity_count,event_1_count,event_3_count,event_7_count,event_11_count,event_12_count,event_13_count,event_23_count,event_26_count,label,technique_id,scenario,source
win-dc-228.attackrange.local,2808:<unknown process>,2021-03-04 14:08:00+00:00,1,1,0,0,1,0,0,0,1,0,1,0,0,0,0,0,0,1,T1059.001,atomic_red_team,data\datasets\splunk_attack_data\datasets\attack_techniques\T1059.001\atomic_red_team\windows-sysmon.log
win-dc-228.attackrange.local,3816:<unknown process>,2021-03-04 14:08:00+00:00,1,1,0,0,1,0,0,0,1,0,1,0,0,0,0,0,0,1,T1059.001,atomic_red_team,data\datasets\splunk_attack_data\datasets\attack_techniques\T1059.001\atomic_red_team\windows-sysmon.log
win-dc-228.attackrange.local,4524:<unknown process>,2021-03-04 13:53:20+00:00,3,1,0,0,2,0,0,0,3,0,3,0,0,0,0,0,0,1,T1059.001,atomic_red_team,data\datasets\splunk_attack_data\datasets\attack_techniques\T1059.001\atomic_red_team\windows-sysmon.log
win-dc-228.attackrange.local,4764:<unknown process>,2021-03-04 14:08:00+00:00,1,1,0,0,1,0,0,0,1,0,1,0,0,0,0,0,0,1,T1059.001,atomic_red_team,data\datasets\splunk_attack_data\datasets\attack_techniques\T1059.001\atomic_red_team\windows-sysmon.log
win-dc-228.attackrange.local,5828:<unknown process>,2021-03-04 14:07:55+00:00,3,1,0,0,2,0,0,0,3,0,3,0,0,0,0,0,0,1,T1059.001,atomic_red_team,data\datasets\splunk_attack_data\datasets\attack_techniques\T1059.001\atomic_red_team\windows-sysmon.log
win-dc-228.attackrange.local,6232:<unknown process>,2021-03-04 14:07:45+00:00,1,1,0,0,1,0,0,0,1,0,1,0,0,0,0,0,0,1,T1059.001,atomic_red_team,data\datasets\splunk_attack_data\datasets\attack_techniques\T1059.001\atomic_red_team\windows-sysmon.log
win-dc-228.attackrange.local,{5ABCFE62-8423-603E-0100-00000000AD01},2021-03-04 13:50:05+00:00,2,1,0,0,1,0,0,0,2,0,2,0,0,0,0,0,0,1,T1059.001,atomic_red_team,data\datasets\splunk_attack_data\datasets\attack_techniques\T1059.001\atomic_red_team\windows-sysmon.log
win-dc-228.attackrange.local,{5ABCFE62-8423-603E-0100-00000000AD01},2021-03-04 13:54:00+00:00,2,1,0,0,1,0,0,0,2,0,2,0,0,0,0,0,0,1,T1059.001,atomic_red_team,data\datasets\splunk_attack_data\datasets\attack_techniques\T1059.001\atomic_red_team\windows-sysmon.log
win-dc-228.attackrange.local,{5ABCFE62-8423-603E-0100-00000000AD01},2021-03-04 13:59:00+00:00,2,1,0,0,1,0,0,0,2,0,2,0,0,0,0,0,0,1,T1059.001,atomic_red_team,data\datasets\splunk_attack_data\datasets\attack_techniques\T1059.001\atomic_red_team\windows-sysmon.log
win-dc-228.attackrange.local,{5ABCFE62-8423-603E-0100-00000000AD01},2021-03-04 14:00:05+00:00,2,1,0,0,1,0,0,0,2,0,2,0,0,0,0,0,0,1,T1059.001,atomic_red_team,data\datasets\splunk_attack_data\datasets\attack_techniques\T1059.001\atomic_red_team\windows-sysmon.log
win-dc-228.attackrange.local,{5ABCFE62-8423-603E-0100-00000000AD01},2021-03-04 14:00:50+00:00,2,1,0,0,1,0,0,0,2,0,2,0,0,0,0,0,0,1,T1059.001,atomic_red_team,data\datasets\splunk_attack_data\datasets\attack_techniques\T1059.001\atomic_red_team\windows-sysmon.log
win-dc-228.attackrange.local,{5ABCFE62-8423-603E-0100-00000000AD01},2021-03-04 14:02:50+00:00,2,1,0,0,2,0,0,0,2,0,2,0,0,0,0,0,0,1,T1059.001,atomic_red_team,data\datasets\splunk_attack_data\datasets\attack_techniques\T1059.001\atomic_red_team\windows-sysmon.log
win-dc-228.attackrange.local,{5ABCFE62-8423-603E-0100-00000000AD01},2021-03-04 14:04:00+00:00,2,1,0,0,1,0,0,0,2,0,2,0,0,0,0,0,0,1,T1059.001,atomic_red_team,data\datasets\splunk_attack_data\datasets\attack_techniques\T1059.001\atomic_red_team\windows-sysmon.log
win-dc-228.attackrange.local,{5ABCFE62-8423-603E-0100-00000000AD01},2021-03-04 14:07:55+00:00,2,1,0,0,1,0,0,0,2,0,2,0,0,0,0,0,0,1,T1059.001,atomic_red_team,data\datasets\splunk_attack_data\datasets\attack_techniques\T1059.001\atomic_red_team\windows-sysmon.log
win-dc-228.attackrange.local,{5ABCFE62-8423-603E-0100-00000000AD01},2021-03-04 14:09:00+00:00,2,1,0,0,1,0,0,0,2,0,2,0,0,0,0,0,0,1,T1059.001,atomic_red_team,data\datasets\splunk_attack_data\datasets\attack_techniques\T1059.001\atomic_red_team\windows-sysmon.log
win-dc-228.attackrange.local,{5ABCFE62-8423-603E-0100-00000000AD01},2021-03-04 14:10:05+00:00,2,1,0,0,1,0,0,0,2,0,2,0,0,0,0,0,0,1,T1059.001,atomic_red_team,data\datasets\splunk_attack_data\datasets\attack_techniques\T1059.001\atomic_red_team\windows-sysmon.log
win-dc-228.attackrange.local,{5ABCFE62-842D-603E-0B00-00000000AD01},2021-03-03 15:27:40+00:00,1,1,0,0,1,0,0,0,1,0,1,0,0,0,0,0,0,1,T1059.001,atomic_red_team,data\datasets\splunk_attack_data\datasets\attack_techniques\T1059.001\atomic_red_team\windows-sysmon.log
win-dc-228.attackrange.local,{5ABCFE62-842D-603E-0B00-00000000AD01},2021-03-04 13:50:10+00:00,10,1,0,0,0,0,0,10,0,0,0,0,0,0,10,0,0,1,T1059.001,atomic_red_team,data\datasets\splunk_attack_data\datasets\attack_techniques\T1059.001\atomic_red_team\windows-sysmon.log
win-dc-228.attackrange.local,{5ABCFE62-842D-603E-0B00-00000000AD01},2021-03-04 13:50:50+00:00,1,1,0,0,1,0,0,0,1,0,1,0,0,0,0,0,0,1,T1059.001,atomic_red_team,data\datasets\splunk_attack_data\datasets\attack_techniques\T1059.001\atomic_red_team\windows-sysmon.log
win-dc-228.attackrange.local,{5ABCFE62-842D-603E-0B00-00000000AD01},2021-03-04 13:51:50+00:00,1,1,0,0,1,0,0,0,1,0,1,0,0,0,0,0,0,1,T1059.001,atomic_red_team,data\datasets\splunk_attack_data\datasets\attack_techniques\T1059.001\atomic_red_team\windows-sysmon.log
win-dc-228.attackrange.local,{5ABCFE62-842D-603E-0B00-00000000AD01},2021-03-04 13:52:50+00:00,1,1,0,0,1,0,0,0,1,0,1,0,0,0,0,0,0,1,T1059.001,atomic_red_team,data\datasets\splunk_attack_data\datasets\attack_techniques\T1059.001\atomic_red_team\windows-sysmon.log
win-dc-228.attackrange.local,{5ABCFE62-842D-603E-0B00-00000000AD01},2021-03-04 13:53:15+00:00,2,1,0,0,1,0,0,0,2,0,2,0,0,0,0,0,0,1,T1059.001,atomic_red_team,data\datasets\splunk_attack_data\datasets\attack_techniques\T1059.001\atomic_red_team\windows-sysmon.log
win-dc-228.attackrange.local,{5ABCFE62-842D-603E-0B00-00000000AD01},2021-03-04 13:53:50+00:00,1,1,0,0,1,0,0,0,1,0,1,0,0,0,0,0,0,1,T1059.001,atomic_red_team,data\datasets\splunk_attack_data\datasets\attack_techniques\T1059.001\atomic_red_team\windows-sysmon.log
win-dc-228.attackrange.local,{5ABCFE62-842D-603E-0B00-00000000AD01},2021-03-04 13:54:00+00:00,2,1,0,0,2,0,0,0,2,0,2,0,0,0,0,0,0,1,T1059.001,atomic_red_team,data\datasets\splunk_attack_data\datasets\attack_techniques\T1059.001\atomic_red_team\windows-sysmon.log
win-dc-228.attackrange.local,{5ABCFE62-842D-603E-0B00-00000000AD01},2021-03-04 13:54:50+00:00,1,1,0,0,1,0,0,0,1,0,1,0,0,0,0,0,0,1,T1059.001,atomic_red_team,data\datasets\splunk_attack_data\datasets\attack_techniques\T1059.001\atomic_red_team\windows-sysmon.log
win-dc-228.attackrange.local,{5ABCFE62-842D-603E-0B00-00000000AD01},2021-03-04 13:55:10+00:00,10,1,0,0,0,0,0,10,0,0,0,0,0,0,10,0,0,1,T1059.001,atomic_red_team,data\datasets\splunk_attack_data\datasets\attack_techniques\T1059.001\atomic_red_team\windows-sysmon.log
win-dc-228.attackrange.local,{5ABCFE62-842D-603E-0B00-00000000AD01},2021-03-04 13:55:50+00:00,1,1,0,0,1,0,0,0,1,0,1,0,0,0,0,0,0,1,T1059.001,atomic_red_team,data\datasets\splunk_attack_data\datasets\attack_techniques\T1059.001\atomic_red_team\windows-sysmon.log
win-dc-228.attackrange.local,{5ABCFE62-842D-603E-0B00-00000000AD01},2021-03-04 13:56:50+00:00,1,1,0,0,1,0,0,0,1,0,1,0,0,0,0,0,0,1,T1059.001,atomic_red_team,data\datasets\splunk_attack_data\datasets\attack_techniques\T1059.001\atomic_red_team\windows-sysmon.log
win-dc-228.attackrange.local,{5ABCFE62-842D-603E-0B00-00000000AD01},2021-03-04 13:57:50+00:00,1,1,0,0,1,0,0,0,1,0,1,0,0,0,0,0,0,1,T1059.001,atomic_red_team,data\datasets\splunk_attack_data\datasets\attack_techniques\T1059.001\atomic_red_team\windows-sysmon.log
win-dc-228.attackrange.local,{5ABCFE62-842D-603E-0B00-00000000AD01},2021-03-04 13:58:15+00:00,2,1,0,0,1,0,0,0,2,0,2,0,0,0,0,0,0,1,T1059.001,atomic_red_team,data\datasets\splunk_attack_data\datasets\attack_techniques\T1059.001\atomic_red_team\windows-sysmon.log
win-dc-228.attackrange.local,{5ABCFE62-842D-603E-0B00-00000000AD01},2021-03-04 13:58:50+00:00,1,1,0,0,1,0,0,0,1,0,1,0,0,0,0,0,0,1,T1059.001,atomic_red_team,data\datasets\splunk_attack_data\datasets\attack_techniques\T1059.001\atomic_red_team\windows-sysmon.log
win-dc-228.attackrange.local,{5ABCFE62-842D-603E-0B00-00000000AD01},2021-03-04 13:59:00+00:00,2,1,0,0,2,0,0,0,2,0,2,0,0,0,0,0,0,1,T1059.001,atomic_red_team,data\datasets\splunk_attack_data\datasets\attack_techniques\T1059.001\atomic_red_team\windows-sysmon.log
win-dc-228.attackrange.local,{5ABCFE62-842D-603E-0B00-00000000AD01},2021-03-04 13:59:50+00:00,1,1,0,0,1,0,0,0,1,0,1,0,0,0,0,0,0,1,T1059.001,atomic_red_team,data\datasets\splunk_attack_data\datasets\attack_techniques\T1059.001\atomic_red_team\windows-sysmon.log
win-dc-228.attackrange.local,{5ABCFE62-842D-603E-0B00-00000000AD01},2021-03-04 14:00:05+00:00,1,1,0,0,1,0,0,0,1,0,1,0,0,0,0,0,0,1,T1059.001,atomic_red_team,data\datasets\splunk_attack_data\datasets\attack_techniques\T1059.001\atomic_red_team\windows-sysmon.log
win-dc-228.attackrange.local,{5ABCFE62-842D-603E-0B00-00000000AD01},2021-03-04 14:00:10+00:00,10,1,0,0,0,0,0,10,0,0,0,0,0,0,10,0,0,1,T1059.001,atomic_red_team,data\datasets\splunk_attack_data\datasets\attack_techniques\T1059.001\atomic_red_team\windows-sysmon.log
win-dc-228.attackrange.local,{5ABCFE62-842D-603E-0B00-00000000AD01},2021-03-04 14:00:50+00:00,1,1,0,0,1,0,0,0,1,0,1,0,0,0,0,0,0,1,T1059.001,atomic_red_team,data\datasets\splunk_attack_data\datasets\attack_techniques\T1059.001\atomic_red_team\windows-sysmon.log
win-dc-228.attackrange.local,{5ABCFE62-842D-603E-0B00-00000000AD01},2021-03-04 14:01:50+00:00,1,1,0,0,1,0,0,0,1,0,1,0,0,0,0,0,0,1,T1059.001,atomic_red_team,data\datasets\splunk_attack_data\datasets\attack_techniques\T1059.001\atomic_red_team\windows-sysmon.log
win-dc-228.attackrange.local,{5ABCFE62-842D-603E-0B00-00000000AD01},2021-03-04 14:02:50+00:00,1,1,0,0,1,0,0,0,1,0,1,0,0,0,0,0,0,1,T1059.001,atomic_red_team,data\datasets\splunk_attack_data\datasets\attack_techniques\T1059.001\atomic_red_team\windows-sysmon.log
win-dc-228.attackrange.local,{5ABCFE62-842D-603E-0B00-00000000AD01},2021-03-04 14:03:15+00:00,2,1,0,0,1,0,0,0,2,0,2,0,0,0,0,0,0,1,T1059.001,atomic_red_team,data\datasets\splunk_attack_data\datasets\attack_techniques\T1059.001\atomic_red_team\windows-sysmon.log
win-dc-228.attackrange.local,{5ABCFE62-842D-603E-0B00-00000000AD01},2021-03-04 14:03:50+00:00,1,1,0,0,1,0,0,0,1,0,1,0,0,0,0,0,0,1,T1059.001,atomic_red_team,data\datasets\splunk_attack_data\datasets\attack_techniques\T1059.001\atomic_red_team\windows-sysmon.log
win-dc-228.attackrange.local,{5ABCFE62-842D-603E-0B00-00000000AD01},2021-03-04 14:04:00+00:00,6,1,0,0,2,0,0,0,6,0,6,0,0,0,0,0,0,1,T1059.001,atomic_red_team,data\datasets\splunk_attack_data\datasets\attack_techniques\T1059.001\atomic_red_team\windows-sysmon.log
win-dc-228.attackrange.local,{5ABCFE62-842D-603E-0B00-00000000AD01},2021-03-04 14:04:50+00:00,1,1,0,0,1,0,0,0,1,0,1,0,0,0,0,0,0,1,T1059.001,atomic_red_team,data\datasets\splunk_attack_data\datasets\attack_techniques\T1059.001\atomic_red_team\windows-sysmon.log
win-dc-228.attackrange.local,{5ABCFE62-842D-603E-0B00-00000000AD01},2021-03-04 14:05:10+00:00,10,1,0,0,0,0,0,10,0,0,0,0,0,0,10,0,0,1,T1059.001,atomic_red_team,data\datasets\splunk_attack_data\datasets\attack_techniques\T1059.001\atomic_red_team\windows-sysmon.log
win-dc-228.attackrange.local,{5ABCFE62-842D-603E-0B00-00000000AD01},2021-03-04 14:05:50+00:00,1,1,0,0,1,0,0,0,1,0,1,0,0,0,0,0,0,1,T1059.001,atomic_red_team,data\datasets\splunk_attack_data\datasets\attack_techniques\T1059.001\atomic_red_team\windows-sysmon.log
win-dc-228.attackrange.local,{5ABCFE62-842D-603E-0B00-00000000AD01},2021-03-04 14:06:50+00:00,1,1,0,0,1,0,0,0,1,0,1,0,0,0,0,0,0,1,T1059.001,atomic_red_team,data\datasets\splunk_attack_data\datasets\attack_techniques\T1059.001\atomic_red_team\windows-sysmon.log
win-dc-228.attackrange.local,{5ABCFE62-842D-603E-0B00-00000000AD01},2021-03-04 14:07:50+00:00,1,1,0,0,1,0,0,0,1,0,1,0,0,0,0,0,0,1,T1059.001,atomic_red_team,data\datasets\splunk_attack_data\datasets\attack_techniques\T1059.001\atomic_red_team\windows-sysmon.log
win-dc-228.attackrange.local,{5ABCFE62-842D-603E-0B00-00000000AD01},2021-03-04 14:07:55+00:00,1,1,0,0,1,0,0,0,1,0,1,0,0,0,0,0,0,1,T1059.001,atomic_red_team,data\datasets\splunk_attack_data\datasets\attack_techniques\T1059.001\atomic_red_team\windows-sysmon.log
win-dc-228.attackrange.local,{5ABCFE62-842D-603E-0B00-00000000AD01},2021-03-04 14:08:15+00:00,2,1,0,0,1,0,0,0,2,0,2,0,0,0,0,0,0,1,T1059.001,atomic_red_team,data\datasets\splunk_attack_data\datasets\attack_techniques\T1059.001\atomic_red_team\windows-sysmon.log
win-dc-228.attackrange.local,{5ABCFE62-842D-603E-0B00-00000000AD01},2021-03-04 14:08:50+00:00,1,1,0,0,1,0,0,0,1,0,1,0,0,0,0,0,0,1,T1059.001,atomic_red_team,data\datasets\splunk_attack_data\datasets\attack_techniques\T1059.001\atomic_red_team\windows-sysmon.log
win-dc-228.attackrange.local,{5ABCFE62-842D-603E-0B00-00000000AD01},2021-03-04 14:09:00+00:00,2,1,0,0,2,0,0,0,2,0,2,0,0,0,0,0,0,1,T1059.001,atomic_red_team,data\datasets\splunk_attack_data\datasets\attack_techniques\T1059.001\atomic_red_team\windows-sysmon.log
win-dc-228.attackrange.local,{5ABCFE62-842D-603E-0B00-00000000AD01},2021-03-04 14:09:50+00:00,1,1,0,0,1,0,0,0,1,0,1,0,0,0,0,0,0,1,T1059.001,atomic_red_team,data\datasets\splunk_attack_data\datasets\attack_techniques\T1059.001\atomic_red_team\windows-sysmon.log
win-dc-228.attackrange.local,{5ABCFE62-842D-603E-0B00-00000000AD01},2021-03-04 14:10:10+00:00,10,1,0,0,0,0,0,10,0,0,0,0,0,0,10,0,0,1,T1059.001,atomic_red_team,data\datasets\splunk_attack_data\datasets\attack_techniques\T1059.001\atomic_red_team\windows-sysmon.log
win-dc-228.attackrange.local,{5ABCFE62-842D-603E-0B00-00000000AD01},2021-03-04 14:10:50+00:00,1,1,0,0,1,0,0,0,1,0,1,0,0,0,0,0,0,1,T1059.001,atomic_red_team,data\datasets\splunk_attack_data\datasets\attack_techniques\T1059.001\atomic_red_team\windows-sysmon.log
win-dc-228.attackrange.local,{5ABCFE62-842F-603E-0D00-00000000AD01},2021-03-04 13:53:10+00:00,1,1,0,0,1,0,0,0,1,0,1,0,0,0,0,0,0,1,T1059.001,atomic_red_team,data\datasets\splunk_attack_data\datasets\attack_techniques\T1059.001\atomic_red_team\windows-sysmon.log
win-dc-228.attackrange.local,{5ABCFE62-842F-603E-0D00-00000000AD01},2021-03-04 13:58:10+00:00,1,1,0,0,1,0,0,0,1,0,1,0,0,0,0,0,0,1,T1059.001,atomic_red_team,data\datasets\splunk_attack_data\datasets\attack_techniques\T1059.001\atomic_red_team\windows-sysmon.log
win-dc-228.attackrange.local,{5ABCFE62-842F-603E-0D00-00000000AD01},2021-03-04 14:03:10+00:00,1,1,0,0,1,0,0,0,1,0,1,0,0,0,0,0,0,1,T1059.001,atomic_red_team,data\datasets\splunk_attack_data\datasets\attack_techniques\T1059.001\atomic_red_team\windows-sysmon.log
win-dc-228.attackrange.local,{5ABCFE62-842F-603E-0D00-00000000AD01},2021-03-04 14:04:00+00:00,2,1,0,0,1,0,0,0,2,0,2,0,0,0,0,0,0,1,T1059.001,atomic_red_team,data\datasets\splunk_attack_data\datasets\attack_techniques\T1059.001\atomic_red_team\windows-sysmon.log
win-dc-228.attackrange.local,{5ABCFE62-842F-603E-0D00-00000000AD01},2021-03-04 14:08:10+00:00,1,1,0,0,1,0,0,0,1,0,1,0,0,0,0,0,0,1,T1059.001,atomic_red_team,data\datasets\splunk_attack_data\datasets\attack_techniques\T1059.001\atomic_red_team\windows-sysmon.log
win-dc-228.attackrange.local,{5ABCFE62-842F-603E-0F00-00000000AD01},2021-03-04 13:54:00+00:00,2,1,0,0,2,0,0,0,2,0,2,0,0,0,0,0,0,1,T1059.001,atomic_red_team,data\datasets\splunk_attack_data\datasets\attack_techniques\T1059.001\atomic_red_team\windows-sysmon.log
win-dc-228.attackrange.local,{5ABCFE62-842F-603E-0F00-00000000AD01},2021-03-04 13:59:00+00:00,2,1,0,0,2,0,0,0,2,0,2,0,0,0,0,0,0,1,T1059.001,atomic_red_team,data\datasets\splunk_attack_data\datasets\attack_techniques\T1059.001\atomic_red_team\windows-sysmon.log
win-dc-228.attackrange.local,{5ABCFE62-842F-603E-0F00-00000000AD01},2021-03-04 14:04:00+00:00,2,1,0,0,2,0,0,0,2,0,2,0,0,0,0,0,0,1,T1059.001,atomic_red_team,data\datasets\splunk_attack_data\datasets\attack_techniques\T1059.001\atomic_red_team\windows-sysmon.log
win-dc-228.attackrange.local,{5ABCFE62-842F-603E-0F00-00000000AD01},2021-03-04 14:09:00+00:00,2,1,0,0,2,0,0,0,2,0,2,0,0,0,0,0,0,1,T1059.001,atomic_red_team,data\datasets\splunk_attack_data\datasets\attack_techniques\T1059.001\atomic_red_team\windows-sysmon.log
win-dc-228.attackrange.local,{5ABCFE62-842F-603E-1100-00000000AD01},2021-03-03 15:28:10+00:00,1,1,1,1,0,1,1,0,0,0,0,0,0,0,0,1,0,1,T1059.001,atomic_red_team,data\datasets\splunk_attack_data\datasets\attack_techniques\T1059.001\atomic_red_team\windows-sysmon.log
win-dc-228.attackrange.local,{5ABCFE62-842F-603E-1100-00000000AD01},2021-03-04 13:50:20+00:00,1,1,1,1,0,1,1,0,0,0,0,0,0,0,0,1,0,1,T1059.001,atomic_red_team,data\datasets\splunk_attack_data\datasets\attack_techniques\T1059.001\atomic_red_team\windows-sysmon.log
win-dc-228.attackrange.local,{5ABCFE62-842F-603E-1100-00000000AD01},2021-03-04 13:51:20+00:00,1,1,1,1,0,1,1,0,0,0,0,0,0,0,0,1,0,1,T1059.001,atomic_red_team,data\datasets\splunk_attack_data\datasets\attack_techniques\T1059.001\atomic_red_team\windows-sysmon.log
win-dc-228.attackrange.local,{5ABCFE62-842F-603E-1100-00000000AD01},2021-03-04 13:52:20+00:00,1,1,1,1,0,1,1,0,0,0,0,0,0,0,0,1,0,1,T1059.001,atomic_red_team,data\datasets\splunk_attack_data\datasets\attack_techniques\T1059.001\atomic_red_team\windows-sysmon.log
win-dc-228.attackrange.local,{5ABCFE62-842F-603E-1100-00000000AD01},2021-03-04 13:53:20+00:00,1,1,1,1,0,1,1,0,0,0,0,0,0,0,0,1,0,1,T1059.001,atomic_red_team,data\datasets\splunk_attack_data\datasets\attack_techniques\T1059.001\atomic_red_team\windows-sysmon.log
win-dc-228.attackrange.local,{5ABCFE62-842F-603E-1100-00000000AD01},2021-03-04 13:54:20+00:00,1,1,1,1,0,1,1,0,0,0,0,0,0,0,0,1,0,1,T1059.001,atomic_red_team,data\datasets\splunk_attack_data\datasets\attack_techniques\T1059.001\atomic_red_team\windows-sysmon.log
win-dc-228.attackrange.local,{5ABCFE62-842F-603E-1100-00000000AD01},2021-03-04 13:55:20+00:00,1,1,1,1,0,1,1,0,0,0,0,0,0,0,0,1,0,1,T1059.001,atomic_red_team,data\datasets\splunk_attack_data\datasets\attack_techniques\T1059.001\atomic_red_team\windows-sysmon.log
win-dc-228.attackrange.local,{5ABCFE62-842F-603E-1100-00000000AD01},2021-03-04 13:56:20+00:00,1,1,1,1,0,1,1,0,0,0,0,0,0,0,0,1,0,1,T1059.001,atomic_red_team,data\datasets\splunk_attack_data\datasets\attack_techniques\T1059.001\atomic_red_team\windows-sysmon.log
win-dc-228.attackrange.local,{5ABCFE62-842F-603E-1100-00000000AD01},2021-03-04 13:57:20+00:00,1,1,1,1,0,1,1,0,0,0,0,0,0,0,0,1,0,1,T1059.001,atomic_red_team,data\datasets\splunk_attack_data\datasets\attack_techniques\T1059.001\atomic_red_team\windows-sysmon.log
win-dc-228.attackrange.local,{5ABCFE62-842F-603E-1100-00000000AD01},2021-03-04 13:58:20+00:00,1,1,1,1,0,1,1,0,0,0,0,0,0,0,0,1,0,1,T1059.001,atomic_red_team,data\datasets\splunk_attack_data\datasets\attack_techniques\T1059.001\atomic_red_team\windows-sysmon.log
win-dc-228.attackrange.local,{5ABCFE62-842F-603E-1100-00000000AD01},2021-03-04 13:59:20+00:00,1,1,1,1,0,1,1,0,0,0,0,0,0,0,0,1,0,1,T1059.001,atomic_red_team,data\datasets\splunk_attack_data\datasets\attack_techniques\T1059.001\atomic_red_team\windows-sysmon.log
win-dc-228.attackrange.local,{5ABCFE62-842F-603E-1100-00000000AD01},2021-03-04 14:00:05+00:00,13,1,0,0,1,0,0,12,1,0,1,0,0,0,12,0,0,1,T1059.001,atomic_red_team,data\datasets\splunk_attack_data\datasets\attack_techniques\T1059.001\atomic_red_team\windows-sysmon.log
win-dc-228.attackrange.local,{5ABCFE62-842F-603E-1100-00000000AD01},2021-03-04 14:00:20+00:00,1,1,1,1,0,1,1,0,0,0,0,0,0,0,0,1,0,1,T1059.001,atomic_red_team,data\datasets\splunk_attack_data\datasets\attack_techniques\T1059.001\atomic_red_team\windows-sysmon.log
win-dc-228.attackrange.local,{5ABCFE62-842F-603E-1100-00000000AD01},2021-03-04 14:01:20+00:00,1,1,1,1,0,1,1,0,0,0,0,0,0,0,0,1,0,1,T1059.001,atomic_red_team,data\datasets\splunk_attack_data\datasets\attack_techniques\T1059.001\atomic_red_team\windows-sysmon.log
win-dc-228.attackrange.local,{5ABCFE62-842F-603E-1100-00000000AD01},2021-03-04 14:02:20+00:00,1,1,1,1,0,1,1,0,0,0,0,0,0,0,0,1,0,1,T1059.001,atomic_red_team,data\datasets\splunk_attack_data\datasets\attack_techniques\T1059.001\atomic_red_team\windows-sysmon.log
win-dc-228.attackrange.local,{5ABCFE62-842F-603E-1100-00000000AD01},2021-03-04 14:03:20+00:00,1,1,1,1,0,1,1,0,0,0,0,0,0,0,0,1,0,1,T1059.001,atomic_red_team,data\datasets\splunk_attack_data\datasets\attack_techniques\T1059.001\atomic_red_team\windows-sysmon.log
win-dc-228.attackrange.local,{5ABCFE62-842F-603E-1100-00000000AD01},2021-03-04 14:04:20+00:00,1,1,1,1,0,1,1,0,0,0,0,0,0,0,0,1,0,1,T1059.001,atomic_red_team,data\datasets\splunk_attack_data\datasets\attack_techniques\T1059.001\atomic_red_team\windows-sysmon.log
win-dc-228.attackrange.local,{5ABCFE62-842F-603E-1100-00000000AD01},2021-03-04 14:05:20+00:00,1,1,1,1,0,1,1,0,0,0,0,0,0,0,0,1,0,1,T1059.001,atomic_red_team,data\datasets\splunk_attack_data\datasets\attack_techniques\T1059.001\atomic_red_team\windows-sysmon.log
win-dc-228.attackrange.local,{5ABCFE62-842F-603E-1100-00000000AD01},2021-03-04 14:06:20+00:00,1,1,1,1,0,1,1,0,0,0,0,0,0,0,0,1,0,1,T1059.001,atomic_red_team,data\datasets\splunk_attack_data\datasets\attack_techniques\T1059.001\atomic_red_team\windows-sysmon.log
win-dc-228.attackrange.local,{5ABCFE62-842F-603E-1100-00000000AD01},2021-03-04 14:07:20+00:00,1,1,1,1,0,1,1,0,0,0,0,0,0,0,0,1,0,1,T1059.001,atomic_red_team,data\datasets\splunk_attack_data\datasets\attack_techniques\T1059.001\atomic_red_team\windows-sysmon.log
win-dc-228.attackrange.local,{5ABCFE62-842F-603E-1100-00000000AD01},2021-03-04 14:08:20+00:00,1,1,1,1,0,1,1,0,0,0,0,0,0,0,0,1,0,1,T1059.001,atomic_red_team,data\datasets\splunk_attack_data\datasets\attack_techniques\T1059.001\atomic_red_team\windows-sysmon.log
win-dc-228.attackrange.local,{5ABCFE62-842F-603E-1100-00000000AD01},2021-03-04 14:09:20+00:00,1,1,1,1,0,1,1,0,0,0,0,0,0,0,0,1,0,1,T1059.001,atomic_red_team,data\datasets\splunk_attack_data\datasets\attack_techniques\T1059.001\atomic_red_team\windows-sysmon.log
win-dc-228.attackrange.local,{5ABCFE62-842F-603E-1100-00000000AD01},2021-03-04 14:10:20+00:00,1,1,1,1,0,1,1,0,0,0,0,0,0,0,0,1,0,1,T1059.001,atomic_red_team,data\datasets\splunk_attack_data\datasets\attack_techniques\T1059.001\atomic_red_team\windows-sysmon.log
win-dc-228.attackrange.local,{5ABCFE62-842F-603E-1100-00000000AD01},2021-03-04 14:11:20+00:00,1,1,1,1,0,1,1,0,0,0,0,0,0,0,0,1,0,1,T1059.001,atomic_red_team,data\datasets\splunk_attack_data\datasets\attack_techniques\T1059.001\atomic_red_team\windows-sysmon.log
win-dc-228.attackrange.local,{5ABCFE62-842F-603E-1200-00000000AD01},2021-03-04 13:56:45+00:00,1,1,0,0,0,0,0,1,0,0,0,0,0,0,1,0,0,1,T1059.001,atomic_red_team,data\datasets\splunk_attack_data\datasets\attack_techniques\T1059.001\atomic_red_team\windows-sysmon.log
win-dc-228.attackrange.local,{5ABCFE62-842F-603E-1200-00000000AD01},2021-03-04 13:57:50+00:00,2,2,0,0,1,0,0,1,1,0,1,0,0,0,1,0,0,1,T1059.001,atomic_red_team,data\datasets\splunk_attack_data\datasets\attack_techniques\T1059.001\atomic_red_team\windows-sysmon.log
win-dc-228.attackrange.local,{5ABCFE62-842F-603E-1500-00000000AD01},2021-03-04 13:51:50+00:00,1,1,0,0,1,0,0,0,1,0,1,0,0,0,0,0,0,1,T1059.001,atomic_red_team,data\datasets\splunk_attack_data\datasets\attack_techniques\T1059.001\atomic_red_team\windows-sysmon.log
win-dc-228.attackrange.local,{5ABCFE62-842F-603E-1500-00000000AD01},2021-03-04 13:52:40+00:00,1,1,0,0,1,0,0,0,1,0,1,0,0,0,0,0,0,1,T1059.001,atomic_red_team,data\datasets\splunk_attack_data\datasets\attack_techniques\T1059.001\atomic_red_team\windows-sysmon.log
win-dc-228.attackrange.local,{5ABCFE62-842F-603E-1500-00000000AD01},2021-03-04 14:00:05+00:00,4,1,0,0,3,0,0,0,4,0,4,0,0,0,0,0,0,1,T1059.001,atomic_red_team,data\datasets\splunk_attack_data\datasets\attack_techniques\T1059.001\atomic_red_team\windows-sysmon.log
win-dc-228.attackrange.local,{5ABCFE62-842F-603E-1500-00000000AD01},2021-03-04 14:00:10+00:00,13,1,0,0,0,0,0,13,0,0,0,0,0,0,13,0,0,1,T1059.001,atomic_red_team,data\datasets\splunk_attack_data\datasets\attack_techniques\T1059.001\atomic_red_team\windows-sysmon.log
win-dc-228.attackrange.local,{5ABCFE62-842F-603E-1500-00000000AD01},2021-03-04 14:00:35+00:00,1,1,0,0,1,0,0,0,1,0,1,0,0,0,0,0,0,1,T1059.001,atomic_red_team,data\datasets\splunk_attack_data\datasets\attack_techniques\T1059.001\atomic_red_team\windows-sysmon.log
win-dc-228.attackrange.local,{5ABCFE62-842F-603E-1500-00000000AD01},2021-03-04 14:03:50+00:00,1,1,0,0,1,0,0,0,1,0,1,0,0,0,0,0,0,1,T1059.001,atomic_red_team,data\datasets\splunk_attack_data\datasets\attack_techniques\T1059.001\atomic_red_team\windows-sysmon.log
win-dc-228.attackrange.local,{5ABCFE62-842F-603E-1500-00000000AD01},2021-03-04 14:04:00+00:00,2,1,0,0,1,0,0,0,2,0,2,0,0,0,0,0,0,1,T1059.001,atomic_red_team,data\datasets\splunk_attack_data\datasets\attack_techniques\T1059.001\atomic_red_team\windows-sysmon.log
win-dc-228.attackrange.local,{5ABCFE62-842F-603E-1500-00000000AD01},2021-03-04 14:07:55+00:00,1,1,0,0,1,0,0,0,1,0,1,0,0,0,0,0,0,1,T1059.001,atomic_red_team,data\datasets\splunk_attack_data\datasets\attack_techniques\T1059.001\atomic_red_team\windows-sysmon.log
win-dc-228.attackrange.local,{5ABCFE62-843F-603E-2900-00000000AD01},2021-03-04 13:53:10+00:00,1,1,0,0,1,0,0,0,1,0,1,0,0,0,0,0,0,1,T1059.001,atomic_red_team,data\datasets\splunk_attack_data\datasets\attack_techniques\T1059.001\atomic_red_team\windows-sysmon.log
win-dc-228.attackrange.local,{5ABCFE62-843F-603E-2900-00000000AD01},2021-03-04 13:53:15+00:00,5,2,0,0,1,0,0,3,2,0,2,0,0,0,3,0,0,1,T1059.001,atomic_red_team,data\datasets\splunk_attack_data\datasets\attack_techniques\T1059.001\atomic_red_team\windows-sysmon.log
win-dc-228.attackrange.local,{5ABCFE62-843F-603E-2900-00000000AD01},2021-03-04 13:58:10+00:00,1,1,0,0,1,0,0,0,1,0,1,0,0,0,0,0,0,1,T1059.001,atomic_red_team,data\datasets\splunk_attack_data\datasets\attack_techniques\T1059.001\atomic_red_team\windows-sysmon.log
win-dc-228.attackrange.local,{5ABCFE62-843F-603E-2900-00000000AD01},2021-03-04 13:58:15+00:00,5,2,0,0,1,0,0,3,2,0,2,0,0,0,3,0,0,1,T1059.001,atomic_red_team,data\datasets\splunk_attack_data\datasets\attack_techniques\T1059.001\atomic_red_team\windows-sysmon.log
win-dc-228.attackrange.local,{5ABCFE62-843F-603E-2900-00000000AD01},2021-03-04 14:03:10+00:00,1,1,0,0,1,0,0,0,1,0,1,0,0,0,0,0,0,1,T1059.001,atomic_red_team,data\datasets\splunk_attack_data\datasets\attack_techniques\T1059.001\atomic_red_team\windows-sysmon.log
win-dc-228.attackrange.local,{5ABCFE62-843F-603E-2900-00000000AD01},2021-03-04 14:03:15+00:00,5,2,0,0,1,0,0,3,2,0,2,0,0,0,3,0,0,1,T1059.001,atomic_red_team,data\datasets\splunk_attack_data\datasets\attack_techniques\T1059.001\atomic_red_team\windows-sysmon.log
win-dc-228.attackrange.local,{5ABCFE62-843F-603E-2900-00000000AD01},2021-03-04 14:08:10+00:00,1,1,0,0,1,0,0,0,1,0,1,0,0,0,0,0,0,1,T1059.001,atomic_red_team,data\datasets\splunk_attack_data\datasets\attack_techniques\T1059.001\atomic_red_team\windows-sysmon.log
win-dc-228.attackrange.local,{5ABCFE62-843F-603E-2900-00000000AD01},2021-03-04 14:08:15+00:00,5,2,0,0,1,0,0,3,2,0,2,0,0,0,3,0,0,1,T1059.001,atomic_red_team,data\datasets\splunk_attack_data\datasets\attack_techniques\T1059.001\atomic_red_team\windows-sysmon.log
win-dc-228.attackrange.local,{5ABCFE62-843F-603E-2E00-00000000AD01},2021-03-04 13:50:00+00:00,2,1,0,0,2,0,0,0,2,0,2,0,0,0,0,0,0,1,T1059.001,atomic_red_team,data\datasets\splunk_attack_data\datasets\attack_techniques\T1059.001\atomic_red_team\windows-sysmon.log
win-dc-228.attackrange.local,{5ABCFE62-843F-603E-2E00-00000000AD01},2021-03-04 13:50:30+00:00,2,1,0,0,2,0,0,0,2,0,2,0,0,0,0,0,0,1,T1059.001,atomic_red_team,data\datasets\splunk_attack_data\datasets\attack_techniques\T1059.001\atomic_red_team\windows-sysmon.log
win-dc-228.attackrange.local,{5ABCFE62-843F-603E-2E00-00000000AD01},2021-03-04 13:50:50+00:00,3,1,0,0,1,0,0,0,3,0,3,0,0,0,0,0,0,1,T1059.001,atomic_red_team,data\datasets\splunk_attack_data\datasets\attack_techniques\T1059.001\atomic_red_team\windows-sysmon.log
win-dc-228.attackrange.local,{5ABCFE62-843F-603E-2E00-00000000AD01},2021-03-04 13:51:15+00:00,2,1,0,0,2,0,0,0,2,0,2,0,0,0,0,0,0,1,T1059.001,atomic_red_team,data\datasets\splunk_attack_data\datasets\attack_techniques\T1059.001\atomic_red_team\windows-sysmon.log
win-dc-228.attackrange.local,{5ABCFE62-843F-603E-2E00-00000000AD01},2021-03-04 13:51:35+00:00,2,1,0,0,2,0,0,0,2,0,2,0,0,0,0,0,0,1,T1059.001,atomic_red_team,data\datasets\splunk_attack_data\datasets\attack_techniques\T1059.001\atomic_red_team\windows-sysmon.log
win-dc-228.attackrange.local,{5ABCFE62-843F-603E-2E00-00000000AD01},2021-03-04 13:51:50+00:00,1,1,0,0,1,0,0,0,1,0,1,0,0,0,0,0,0,1,T1059.001,atomic_red_team,data\datasets\splunk_attack_data\datasets\attack_techniques\T1059.001\atomic_red_team\windows-sysmon.log
win-dc-228.attackrange.local,{5ABCFE62-843F-603E-2E00-00000000AD01},2021-03-04 13:51:55+00:00,1,1,0,0,1,0,0,0,1,0,1,0,0,0,0,0,0,1,T1059.001,atomic_red_team,data\datasets\splunk_attack_data\datasets\attack_techniques\T1059.001\atomic_red_team\windows-sysmon.log
win-dc-228.attackrange.local,{5ABCFE62-843F-603E-2E00-00000000AD01},2021-03-04 13:52:00+00:00,1,1,0,0,1,0,0,0,1,0,1,0,0,0,0,0,0,1,T1059.001,atomic_red_team,data\datasets\splunk_attack_data\datasets\attack_techniques\T1059.001\atomic_red_team\windows-sysmon.log
win-dc-228.attackrange.local,{5ABCFE62-843F-603E-2E00-00000000AD01},2021-03-04 13:52:05+00:00,1,1,0,0,1,0,0,0,1,0,1,0,0,0,0,0,0,1,T1059.001,atomic_red_team,data\datasets\splunk_attack_data\datasets\attack_techniques\T1059.001\atomic_red_team\windows-sysmon.log
win-dc-228.attackrange.local,{5ABCFE62-843F-603E-2E00-00000000AD01},2021-03-04 13:52:15+00:00,2,1,0,0,2,0,0,0,2,0,2,0,0,0,0,0,0,1,T1059.001,atomic_red_team,data\datasets\splunk_attack_data\datasets\attack_techniques\T1059.001\atomic_red_team\windows-sysmon.log
win-dc-228.attackrange.local,{5ABCFE62-843F-603E-2E00-00000000AD01},2021-03-04 13:52:25+00:00,1,1,0,0,1,0,0,0,1,0,1,0,0,0,0,0,0,1,T1059.001,atomic_red_team,data\datasets\splunk_attack_data\datasets\attack_techniques\T1059.001\atomic_red_team\windows-sysmon.log
win-dc-228.attackrange.local,{5ABCFE62-843F-603E-2E00-00000000AD01},2021-03-04 13:52:35+00:00,1,1,0,0,1,0,0,0,1,0,1,0,0,0,0,0,0,1,T1059.001,atomic_red_team,data\datasets\splunk_attack_data\datasets\attack_techniques\T1059.001\atomic_red_team\windows-sysmon.log
win-dc-228.attackrange.local,{5ABCFE62-843F-603E-2E00-00000000AD01},2021-03-04 13:52:40+00:00,1,1,0,0,1,0,0,0,1,0,1,0,0,0,0,0,0,1,T1059.001,atomic_red_team,data\datasets\splunk_attack_data\datasets\attack_techniques\T1059.001\atomic_red_team\windows-sysmon.log
win-dc-228.attackrange.local,{5ABCFE62-843F-603E-2E00-00000000AD01},2021-03-04 13:53:20+00:00,1,1,0,0,1,0,0,0,1,0,1,0,0,0,0,0,0,1,T1059.001,atomic_red_team,data\datasets\splunk_attack_data\datasets\attack_techniques\T1059.001\atomic_red_team\windows-sysmon.log
win-dc-228.attackrange.local,{5ABCFE62-843F-603E-2E00-00000000AD01},2021-03-04 13:53:25+00:00,1,1,0,0,1,0,0,0,1,0,1,0,0,0,0,0,0,1,T1059.001,atomic_red_team,data\datasets\splunk_attack_data\datasets\attack_techniques\T1059.001\atomic_red_team\windows-sysmon.log
win-dc-228.attackrange.local,{5ABCFE62-843F-603E-2E00-00000000AD01},2021-03-04 13:53:45+00:00,2,1,0,0,2,0,0,0,2,0,2,0,0,0,0,0,0,1,T1059.001,atomic_red_team,data\datasets\splunk_attack_data\datasets\attack_techniques\T1059.001\atomic_red_team\windows-sysmon.log
win-dc-228.attackrange.local,{5ABCFE62-843F-603E-2E00-00000000AD01},2021-03-04 13:54:25+00:00,3,1,0,0,3,0,0,0,3,0,3,0,0,0,0,0,0,1,T1059.001,atomic_red_team,data\datasets\splunk_attack_data\datasets\attack_techniques\T1059.001\atomic_red_team\windows-sysmon.log
win-dc-228.attackrange.local,{5ABCFE62-843F-603E-2E00-00000000AD01},2021-03-04 13:54:45+00:00,2,1,0,0,1,0,0,0,2,0,2,0,0,0,0,0,0,1,T1059.001,atomic_red_team,data\datasets\splunk_attack_data\datasets\attack_techniques\T1059.001\atomic_red_team\windows-sysmon.log
win-dc-228.attackrange.local,{5ABCFE62-843F-603E-2E00-00000000AD01},2021-03-04 13:55:05+00:00,1,1,0,0,1,0,0,0,1,0,1,0,0,0,0,0,0,1,T1059.001,atomic_red_team,data\datasets\splunk_attack_data\datasets\attack_techniques\T1059.001\atomic_red_team\windows-sysmon.log
win-dc-228.attackrange.local,{5ABCFE62-843F-603E-2E00-00000000AD01},2021-03-04 13:55:10+00:00,1,1,0,0,1,0,0,0,1,0,1,0,0,0,0,0,0,1,T1059.001,atomic_red_team,data\datasets\splunk_attack_data\datasets\attack_techniques\T1059.001\atomic_red_team\windows-sysmon.log
win-dc-228.attackrange.local,{5ABCFE62-843F-603E-2E00-00000000AD01},2021-03-04 13:55:30+00:00,2,1,0,0,2,0,0,0,2,0,2,0,0,0,0,0,0,1,T1059.001,atomic_red_team,data\datasets\splunk_attack_data\datasets\attack_techniques\T1059.001\atomic_red_team\windows-sysmon.log
win-dc-228.attackrange.local,{5ABCFE62-843F-603E-2E00-00000000AD01},2021-03-04 13:55:35+00:00,4,1,0,0,1,0,0,0,4,0,4,0,0,0,0,0,0,1,T1059.001,atomic_red_team,data\datasets\splunk_attack_data\datasets\attack_techniques\T1059.001\atomic_red_team\windows-sysmon.log
win-dc-228.attackrange.local,{5ABCFE62-843F-603E-2E00-00000000AD01},2021-03-04 13:55:40+00:00,5,1,0,0,1,0,0,0,5,0,5,0,0,0,0,0,0,1,T1059.001,atomic_red_team,data\datasets\splunk_attack_data\datasets\attack_techniques\T1059.001\atomic_red_team\windows-sysmon.log
win-dc-228.attackrange.local,{5ABCFE62-843F-603E-2E00-00000000AD01},2021-03-04 13:55:50+00:00,2,1,0,0,2,0,0,0,2,0,2,0,0,0,0,0,0,1,T1059.001,atomic_red_team,data\datasets\splunk_attack_data\datasets\attack_techniques\T1059.001\atomic_red_team\windows-sysmon.log
win-dc-228.attackrange.local,{5ABCFE62-843F-603E-2E00-00000000AD01},2021-03-04 13:56:35+00:00,2,1,0,0,2,0,0,0,2,0,2,0,0,0,0,0,0,1,T1059.001,atomic_red_team,data\datasets\splunk_attack_data\datasets\attack_techniques\T1059.001\atomic_red_team\windows-sysmon.log
win-dc-228.attackrange.local,{5ABCFE62-843F-603E-2E00-00000000AD01},2021-03-04 13:56:45+00:00,2,1,0,0,2,0,0,0,2,0,2,0,0,0,0,0,0,1,T1059.001,atomic_red_team,data\datasets\splunk_attack_data\datasets\attack_techniques\T1059.001\atomic_red_team\windows-sysmon.log
win-dc-228.attackrange.local,{5ABCFE62-843F-603E-2E00-00000000AD01},2021-03-04 13:56:55+00:00,2,1,0,0,2,0,0,0,2,0,2,0,0,0,0,0,0,1,T1059.001,atomic_red_team,data\datasets\splunk_attack_data\datasets\attack_techniques\T1059.001\atomic_red_team\windows-sysmon.log
win-dc-228.attackrange.local,{5ABCFE62-843F-603E-2E00-00000000AD01},2021-03-04 13:57:15+00:00,2,1,0,0,2,0,0,0,2,0,2,0,0,0,0,0,0,1,T1059.001,atomic_red_team,data\datasets\splunk_attack_data\datasets\attack_techniques\T1059.001\atomic_red_team\windows-sysmon.log
win-dc-228.attackrange.local,{5ABCFE62-843F-603E-2E00-00000000AD01},2021-03-04 13:58:00+00:00,2,1,0,0,2,0,0,0,2,0,2,0,0,0,0,0,0,1,T1059.001,atomic_red_team,data\datasets\splunk_attack_data\datasets\attack_techniques\T1059.001\atomic_red_team\windows-sysmon.log
win-dc-228.attackrange.local,{5ABCFE62-843F-603E-2E00-00000000AD01},2021-03-04 13:58:35+00:00,2,1,0,0,2,0,0,0,2,0,2,0,0,0,0,0,0,1,T1059.001,atomic_red_team,data\datasets\splunk_attack_data\datasets\attack_techniques\T1059.001\atomic_red_team\windows-sysmon.log
win-dc-228.attackrange.local,{5ABCFE62-843F-603E-2E00-00000000AD01},2021-03-04 13:58:45+00:00,2,1,0,0,2,0,0,0,2,0,2,0,0,0,0,0,0,1,T1059.001,atomic_red_team,data\datasets\splunk_attack_data\datasets\attack_techniques\T1059.001\atomic_red_team\windows-sysmon.log
win-dc-228.attackrange.local,{5ABCFE62-843F-603E-2E00-00000000AD01},2021-03-04 13:59:00+00:00,1,1,0,0,1,0,0,0,1,0,1,0,0,0,0,0,0,1,T1059.001,atomic_red_team,data\datasets\splunk_attack_data\datasets\attack_techniques\T1059.001\atomic_red_team\windows-sysmon.log
win-dc-228.attackrange.local,{5ABCFE62-843F-603E-2E00-00000000AD01},2021-03-04 13:59:05+00:00,1,1,0,0,1,0,0,0,1,0,1,0,0,0,0,0,0,1,T1059.001,atomic_red_team,data\datasets\splunk_attack_data\datasets\attack_techniques\T1059.001\atomic_red_team\windows-sysmon.log
win-dc-228.attackrange.local,{5ABCFE62-843F-603E-2E00-00000000AD01},2021-03-04 13:59:45+00:00,2,1,0,0,2,0,0,0,2,0,2,0,0,0,0,0,0,1,T1059.001,atomic_red_team,data\datasets\splunk_attack_data\datasets\attack_techniques\T1059.001\atomic_red_team\windows-sysmon.log
win-dc-228.attackrange.local,{5ABCFE62-843F-603E-2E00-00000000AD01},2021-03-04 14:00:05+00:00,11,1,0,0,3,0,0,0,11,0,11,0,0,0,0,0,0,1,T1059.001,atomic_red_team,data\datasets\splunk_attack_data\datasets\attack_techniques\T1059.001\atomic_red_team\windows-sysmon.log
win-dc-228.attackrange.local,{5ABCFE62-843F-603E-2E00-00000000AD01},2021-03-04 14:00:10+00:00,1,1,0,0,1,0,0,0,1,0,1,0,0,0,0,0,0,1,T1059.001,atomic_red_team,data\datasets\splunk_attack_data\datasets\attack_techniques\T1059.001\atomic_red_team\windows-sysmon.log
win-dc-228.attackrange.local,{5ABCFE62-843F-603E-2E00-00000000AD01},2021-03-04 14:00:15+00:00,1,1,0,0,1,0,0,0,1,0,1,0,0,0,0,0,0,1,T1059.001,atomic_red_team,data\datasets\splunk_attack_data\datasets\attack_techniques\T1059.001\atomic_red_team\windows-sysmon.log
win-dc-228.attackrange.local,{5ABCFE62-843F-603E-2E00-00000000AD01},2021-03-04 14:00:20+00:00,1,1,0,0,1,0,0,0,1,0,1,0,0,0,0,0,0,1,T1059.001,atomic_red_team,data\datasets\splunk_attack_data\datasets\attack_techniques\T1059.001\atomic_red_team\windows-sysmon.log
win-dc-228.attackrange.local,{5ABCFE62-843F-603E-2E00-00000000AD01},2021-03-04 14:00:30+00:00,2,1,0,0,2,0,0,0,2,0,2,0,0,0,0,0,0,1,T1059.001,atomic_red_team,data\datasets\splunk_attack_data\datasets\attack_techniques\T1059.001\atomic_red_team\windows-sysmon.log
win-dc-228.attackrange.local,{5ABCFE62-843F-603E-2E00-00000000AD01},2021-03-04 14:00:35+00:00,1,1,0,0,1,0,0,0,1,0,1,0,0,0,0,0,0,1,T1059.001,atomic_red_team,data\datasets\splunk_attack_data\datasets\attack_techniques\T1059.001\atomic_red_team\windows-sysmon.log
win-dc-228.attackrange.local,{5ABCFE62-843F-603E-2E00-00000000AD01},2021-03-04 14:00:50+00:00,3,1,0,0,3,0,0,0,3,0,3,0,0,0,0,0,0,1,T1059.001,atomic_red_team,data\datasets\splunk_attack_data\datasets\attack_techniques\T1059.001\atomic_red_team\windows-sysmon.log
win-dc-228.attackrange.local,{5ABCFE62-843F-603E-2E00-00000000AD01},2021-03-04 14:01:15+00:00,1,1,0,0,1,0,0,0,1,0,1,0,0,0,0,0,0,1,T1059.001,atomic_red_team,data\datasets\splunk_attack_data\datasets\attack_techniques\T1059.001\atomic_red_team\windows-sysmon.log
win-dc-228.attackrange.local,{5ABCFE62-843F-603E-2E00-00000000AD01},2021-03-04 14:01:30+00:00,2,1,0,0,2,0,0,0,2,0,2,0,0,0,0,0,0,1,T1059.001,atomic_red_team,data\datasets\splunk_attack_data\datasets\attack_techniques\T1059.001\atomic_red_team\windows-sysmon.log
win-dc-228.attackrange.local,{5ABCFE62-843F-603E-2E00-00000000AD01},2021-03-04 14:01:55+00:00,1,1,0,0,1,0,0,0,1,0,1,0,0,0,0,0,0,1,T1059.001,atomic_red_team,data\datasets\splunk_attack_data\datasets\attack_techniques\T1059.001\atomic_red_team\windows-sysmon.log
win-dc-228.attackrange.local,{5ABCFE62-843F-603E-2E00-00000000AD01},2021-03-04 14:02:00+00:00,1,1,0,0,1,0,0,0,1,0,1,0,0,0,0,0,0,1,T1059.001,atomic_red_team,data\datasets\splunk_attack_data\datasets\attack_techniques\T1059.001\atomic_red_team\windows-sysmon.log
win-dc-228.attackrange.local,{5ABCFE62-843F-603E-2E00-00000000AD01},2021-03-04 14:02:05+00:00,2,1,0,0,2,0,0,0,2,0,2,0,0,0,0,0,0,1,T1059.001,atomic_red_team,data\datasets\splunk_attack_data\datasets\attack_techniques\T1059.001\atomic_red_team\windows-sysmon.log
win-dc-228.attackrange.local,{5ABCFE62-843F-603E-2E00-00000000AD01},2021-03-04 14:02:15+00:00,1,1,0,0,1,0,0,0,1,0,1,0,0,0,0,0,0,1,T1059.001,atomic_red_team,data\datasets\splunk_attack_data\datasets\attack_techniques\T1059.001\atomic_red_team\windows-sysmon.log
win-dc-228.attackrange.local,{5ABCFE62-843F-603E-2E00-00000000AD01},2021-03-04 14:02:35+00:00,2,1,0,0,2,0,0,0,2,0,2,0,0,0,0,0,0,1,T1059.001,atomic_red_team,data\datasets\splunk_attack_data\datasets\attack_techniques\T1059.001\atomic_red_team\windows-sysmon.log
win-dc-228.attackrange.local,{5ABCFE62-843F-603E-2E00-00000000AD01},2021-03-04 14:02:55+00:00,1,1,0,0,1,0,0,0,1,0,1,0,0,0,0,0,0,1,T1059.001,atomic_red_team,data\datasets\splunk_attack_data\datasets\attack_techniques\T1059.001\atomic_red_team\windows-sysmon.log
win-dc-228.attackrange.local,{5ABCFE62-843F-603E-2E00-00000000AD01},2021-03-04 14:03:00+00:00,2,1,0,0,2,0,0,0,2,0,2,0,0,0,0,0,0,1,T1059.001,atomic_red_team,data\datasets\splunk_attack_data\datasets\attack_techniques\T1059.001\atomic_red_team\windows-sysmon.log
win-dc-228.attackrange.local,{5ABCFE62-843F-603E-2E00-00000000AD01},2021-03-04 14:03:20+00:00,1,1,0,0,1,0,0,0,1,0,1,0,0,0,0,0,0,1,T1059.001,atomic_red_team,data\datasets\splunk_attack_data\datasets\attack_techniques\T1059.001\atomic_red_team\windows-sysmon.log
win-dc-228.attackrange.local,{5ABCFE62-843F-603E-2E00-00000000AD01},2021-03-04 14:03:40+00:00,3,1,0,0,3,0,0,0,3,0,3,0,0,0,0,0,0,1,T1059.001,atomic_red_team,data\datasets\splunk_attack_data\datasets\attack_techniques\T1059.001\atomic_red_team\windows-sysmon.log
win-dc-228.attackrange.local,{5ABCFE62-843F-603E-2E00-00000000AD01},2021-03-04 14:04:00+00:00,2,1,0,0,2,0,0,0,2,0,2,0,0,0,0,0,0,1,T1059.001,atomic_red_team,data\datasets\splunk_attack_data\datasets\attack_techniques\T1059.001\atomic_red_team\windows-sysmon.log
win-dc-228.attackrange.local,{5ABCFE62-843F-603E-2E00-00000000AD01},2021-03-04 14:04:20+00:00,2,1,0,0,2,0,0,0,2,0,2,0,0,0,0,0,0,1,T1059.001,atomic_red_team,data\datasets\splunk_attack_data\datasets\attack_techniques\T1059.001\atomic_red_team\windows-sysmon.log
win-dc-228.attackrange.local,{5ABCFE62-843F-603E-2E00-00000000AD01},2021-03-04 14:04:25+00:00,1,1,0,0,1,0,0,0,1,0,1,0,0,0,0,0,0,1,T1059.001,atomic_red_team,data\datasets\splunk_attack_data\datasets\attack_techniques\T1059.001\atomic_red_team\windows-sysmon.log
win-dc-228.attackrange.local,{5ABCFE62-843F-603E-2E00-00000000AD01},2021-03-04 14:05:05+00:00,2,1,0,0,2,0,0,0,2,0,2,0,0,0,0,0,0,1,T1059.001,atomic_red_team,data\datasets\splunk_attack_data\datasets\attack_techniques\T1059.001\atomic_red_team\windows-sysmon.log
win-dc-228.attackrange.local,{5ABCFE62-843F-603E-2E00-00000000AD01},2021-03-04 14:05:45+00:00,1,1,0,0,1,0,0,0,1,0,1,0,0,0,0,0,0,1,T1059.001,atomic_red_team,data\datasets\splunk_attack_data\datasets\attack_techniques\T1059.001\atomic_red_team\windows-sysmon.log
win-dc-228.attackrange.local,{5ABCFE62-843F-603E-2E00-00000000AD01},2021-03-04 14:05:50+00:00,1,1,0,0,1,0,0,0,1,0,1,0,0,0,0,0,0,1,T1059.001,atomic_red_team,data\datasets\splunk_attack_data\datasets\attack_techniques\T1059.001\atomic_red_team\windows-sysmon.log
win-dc-228.attackrange.local,{5ABCFE62-843F-603E-2E00-00000000AD01},2021-03-04 14:06:15+00:00,1,1,0,0,1,0,0,0,1,0,1,0,0,0,0,0,0,1,T1059.001,atomic_red_team,data\datasets\splunk_attack_data\datasets\attack_techniques\T1059.001\atomic_red_team\windows-sysmon.log
win-dc-228.attackrange.local,{5ABCFE62-843F-603E-2E00-00000000AD01},2021-03-04 14:06:20+00:00,1,1,0,0,1,0,0,0,1,0,1,0,0,0,0,0,0,1,T1059.001,atomic_red_team,data\datasets\splunk_attack_data\datasets\attack_techniques\T1059.001\atomic_red_team\windows-sysmon.log
win-dc-228.attackrange.local,{5ABCFE62-843F-603E-2E00-00000000AD01},2021-03-04 14:06:25+00:00,1,1,0,0,1,0,0,0,1,0,1,0,0,0,0,0,0,1,T1059.001,atomic_red_team,data\datasets\splunk_attack_data\datasets\attack_techniques\T1059.001\atomic_red_team\windows-sysmon.log
win-dc-228.attackrange.local,{5ABCFE62-843F-603E-2E00-00000000AD01},2021-03-04 14:06:30+00:00,1,1,0,0,1,0,0,0,1,0,1,0,0,0,0,0,0,1,T1059.001,atomic_red_team,data\datasets\splunk_attack_data\datasets\attack_techniques\T1059.001\atomic_red_team\windows-sysmon.log
win-dc-228.attackrange.local,{5ABCFE62-843F-603E-2E00-00000000AD01},2021-03-04 14:06:45+00:00,1,1,0,0,1,0,0,0,1,0,1,0,0,0,0,0,0,1,T1059.001,atomic_red_team,data\datasets\splunk_attack_data\datasets\attack_techniques\T1059.001\atomic_red_team\windows-sysmon.log
win-dc-228.attackrange.local,{5ABCFE62-843F-603E-2E00-00000000AD01},2021-03-04 14:06:50+00:00,1,1,0,0,1,0,0,0,1,0,1,0,0,0,0,0,0,1,T1059.001,atomic_red_team,data\datasets\splunk_attack_data\datasets\attack_techniques\T1059.001\atomic_red_team\windows-sysmon.log
win-dc-228.attackrange.local,{5ABCFE62-843F-603E-2E00-00000000AD01},2021-03-04 14:07:10+00:00,2,1,0,0,2,0,0,0,2,0,2,0,0,0,0,0,0,1,T1059.001,atomic_red_team,data\datasets\splunk_attack_data\datasets\attack_techniques\T1059.001\atomic_red_team\windows-sysmon.log
win-dc-228.attackrange.local,{5ABCFE62-843F-603E-2E00-00000000AD01},2021-03-04 14:07:15+00:00,1,1,0,0,1,0,0,0,1,0,1,0,0,0,0,0,0,1,T1059.001,atomic_red_team,data\datasets\splunk_attack_data\datasets\attack_techniques\T1059.001\atomic_red_team\windows-sysmon.log
win-dc-228.attackrange.local,{5ABCFE62-843F-603E-2E00-00000000AD01},2021-03-04 14:07:30+00:00,2,1,0,0,2,0,0,0,2,0,2,0,0,0,0,0,0,1,T1059.001,atomic_red_team,data\datasets\splunk_attack_data\datasets\attack_techniques\T1059.001\atomic_red_team\windows-sysmon.log
win-dc-228.attackrange.local,{5ABCFE62-843F-603E-2E00-00000000AD01},2021-03-04 14:07:55+00:00,3,1,0,0,2,0,0,0,3,0,3,0,0,0,0,0,0,1,T1059.001,atomic_red_team,data\datasets\splunk_attack_data\datasets\attack_techniques\T1059.001\atomic_red_team\windows-sysmon.log
win-dc-228.attackrange.local,{5ABCFE62-843F-603E-2E00-00000000AD01},2021-03-04 14:08:20+00:00,1,1,0,0,1,0,0,0,1,0,1,0,0,0,0,0,0,1,T1059.001,atomic_red_team,data\datasets\splunk_attack_data\datasets\attack_techniques\T1059.001\atomic_red_team\windows-sysmon.log
win-dc-228.attackrange.local,{5ABCFE62-843F-603E-2E00-00000000AD01},2021-03-04 14:08:25+00:00,3,1,0,0,3,0,0,0,3,0,3,0,0,0,0,0,0,1,T1059.001,atomic_red_team,data\datasets\splunk_attack_data\datasets\attack_techniques\T1059.001\atomic_red_team\windows-sysmon.log
win-dc-228.attackrange.local,{5ABCFE62-843F-603E-2E00-00000000AD01},2021-03-04 14:08:35+00:00,1,1,0,0,1,0,0,0,1,0,1,0,0,0,0,0,0,1,T1059.001,atomic_red_team,data\datasets\splunk_attack_data\datasets\attack_techniques\T1059.001\atomic_red_team\windows-sysmon.log
win-dc-228.attackrange.local,{5ABCFE62-843F-603E-2E00-00000000AD01},2021-03-04 14:08:50+00:00,1,1,0,0,1,0,0,0,1,0,1,0,0,0,0,0,0,1,T1059.001,atomic_red_team,data\datasets\splunk_attack_data\datasets\attack_techniques\T1059.001\atomic_red_team\windows-sysmon.log
win-dc-228.attackrange.local,{5ABCFE62-843F-603E-2E00-00000000AD01},2021-03-04 14:08:55+00:00,1,1,0,0,1,0,0,0,1,0,1,0,0,0,0,0,0,1,T1059.001,atomic_red_team,data\datasets\splunk_attack_data\datasets\attack_techniques\T1059.001\atomic_red_team\windows-sysmon.log
win-dc-228.attackrange.local,{5ABCFE62-843F-603E-2E00-00000000AD01},2021-03-04 14:09:15+00:00,2,1,0,0,2,0,0,0,2,0,2,0,0,0,0,0,0,1,T1059.001,atomic_red_team,data\datasets\splunk_attack_data\datasets\attack_techniques\T1059.001\atomic_red_team\windows-sysmon.log
win-dc-228.attackrange.local,{5ABCFE62-843F-603E-2E00-00000000AD01},2021-03-04 14:10:05+00:00,1,1,0,0,1,0,0,0,1,0,1,0,0,0,0,0,0,1,T1059.001,atomic_red_team,data\datasets\splunk_attack_data\datasets\attack_techniques\T1059.001\atomic_red_team\windows-sysmon.log
win-dc-228.attackrange.local,{5ABCFE62-843F-603E-2E00-00000000AD01},2021-03-04 14:10:10+00:00,2,1,0,0,2,0,0,0,2,0,2,0,0,0,0,0,0,1,T1059.001,atomic_red_team,data\datasets\splunk_attack_data\datasets\attack_techniques\T1059.001\atomic_red_team\windows-sysmon.log
win-dc-228.attackrange.local,{5ABCFE62-843F-603E-2E00-00000000AD01},2021-03-04 14:10:20+00:00,2,1,0,0,2,0,0,0,2,0,2,0,0,0,0,0,0,1,T1059.001,atomic_red_team,data\datasets\splunk_attack_data\datasets\attack_techniques\T1059.001\atomic_red_team\windows-sysmon.log
win-dc-228.attackrange.local,{5ABCFE62-843F-603E-2E00-00000000AD01},2021-03-04 14:10:40+00:00,2,1,0,0,2,0,0,0,2,0,2,0,0,0,0,0,0,1,T1059.001,atomic_red_team,data\datasets\splunk_attack_data\datasets\attack_techniques\T1059.001\atomic_red_team\windows-sysmon.log
win-dc-228.attackrange.local,{5ABCFE62-843F-603E-2E00-00000000AD01},2021-03-04 14:11:00+00:00,2,1,0,0,2,0,0,0,2,0,2,0,0,0,0,0,0,1,T1059.001,atomic_red_team,data\datasets\splunk_attack_data\datasets\attack_techniques\T1059.001\atomic_red_team\windows-sysmon.log
win-dc-228.attackrange.local,{5ABCFE62-843F-603E-3000-00000000AD01},2021-03-03 15:27:40+00:00,1,1,0,0,1,0,0,0,1,0,1,0,0,0,0,0,0,1,T1059.001,atomic_red_team,data\datasets\splunk_attack_data\datasets\attack_techniques\T1059.001\atomic_red_team\windows-sysmon.log
win-dc-228.attackrange.local,{5ABCFE62-843F-603E-3000-00000000AD01},2021-03-04 13:50:50+00:00,1,1,0,0,1,0,0,0,1,0,1,0,0,0,0,0,0,1,T1059.001,atomic_red_team,data\datasets\splunk_attack_data\datasets\attack_techniques\T1059.001\atomic_red_team\windows-sysmon.log
win-dc-228.attackrange.local,{5ABCFE62-843F-603E-3000-00000000AD01},2021-03-04 13:51:50+00:00,1,1,0,0,1,0,0,0,1,0,1,0,0,0,0,0,0,1,T1059.001,atomic_red_team,data\datasets\splunk_attack_data\datasets\attack_techniques\T1059.001\atomic_red_team\windows-sysmon.log
win-dc-228.attackrange.local,{5ABCFE62-843F-603E-3000-00000000AD01},2021-03-04 13:52:50+00:00,1,1,0,0,1,0,0,0,1,0,1,0,0,0,0,0,0,1,T1059.001,atomic_red_team,data\datasets\splunk_attack_data\datasets\attack_techniques\T1059.001\atomic_red_team\windows-sysmon.log
win-dc-228.attackrange.local,{5ABCFE62-843F-603E-3000-00000000AD01},2021-03-04 13:53:50+00:00,1,1,0,0,1,0,0,0,1,0,1,0,0,0,0,0,0,1,T1059.001,atomic_red_team,data\datasets\splunk_attack_data\datasets\attack_techniques\T1059.001\atomic_red_team\windows-sysmon.log
win-dc-228.attackrange.local,{5ABCFE62-843F-603E-3000-00000000AD01},2021-03-04 13:54:50+00:00,1,1,0,0,1,0,0,0,1,0,1,0,0,0,0,0,0,1,T1059.001,atomic_red_team,data\datasets\splunk_attack_data\datasets\attack_techniques\T1059.001\atomic_red_team\windows-sysmon.log
win-dc-228.attackrange.local,{5ABCFE62-843F-603E-3000-00000000AD01},2021-03-04 13:55:50+00:00,1,1,0,0,1,0,0,0,1,0,1,0,0,0,0,0,0,1,T1059.001,atomic_red_team,data\datasets\splunk_attack_data\datasets\attack_techniques\T1059.001\atomic_red_team\windows-sysmon.log
win-dc-228.attackrange.local,{5ABCFE62-843F-603E-3000-00000000AD01},2021-03-04 13:56:50+00:00,1,1,0,0,1,0,0,0,1,0,1,0,0,0,0,0,0,1,T1059.001,atomic_red_team,data\datasets\splunk_attack_data\datasets\attack_techniques\T1059.001\atomic_red_team\windows-sysmon.log
win-dc-228.attackrange.local,{5ABCFE62-843F-603E-3000-00000000AD01},2021-03-04 13:57:50+00:00,1,1,0,0,1,0,0,0,1,0,1,0,0,0,0,0,0,1,T1059.001,atomic_red_team,data\datasets\splunk_attack_data\datasets\attack_techniques\T1059.001\atomic_red_team\windows-sysmon.log
win-dc-228.attackrange.local,{5ABCFE62-843F-603E-3000-00000000AD01},2021-03-04 13:58:50+00:00,1,1,0,0,1,0,0,0,1,0,1,0,0,0,0,0,0,1,T1059.001,atomic_red_team,data\datasets\splunk_attack_data\datasets\attack_techniques\T1059.001\atomic_red_team\windows-sysmon.log
win-dc-228.attackrange.local,{5ABCFE62-843F-603E-3000-00000000AD01},2021-03-04 13:59:50+00:00,1,1,0,0,1,0,0,0,1,0,1,0,0,0,0,0,0,1,T1059.001,atomic_red_team,data\datasets\splunk_attack_data\datasets\attack_techniques\T1059.001\atomic_red_team\windows-sysmon.log
win-dc-228.attackrange.local,{5ABCFE62-843F-603E-3000-00000000AD01},2021-03-04 14:00:50+00:00,1,1,0,0,1,0,0,0,1,0,1,0,0,0,0,0,0,1,T1059.001,atomic_red_team,data\datasets\splunk_attack_data\datasets\attack_techniques\T1059.001\atomic_red_team\windows-sysmon.log
win-dc-228.attackrange.local,{5ABCFE62-843F-603E-3000-00000000AD01},2021-03-04 14:01:50+00:00,1,1,0,0,1,0,0,0,1,0,1,0,0,0,0,0,0,1,T1059.001,atomic_red_team,data\datasets\splunk_attack_data\datasets\attack_techniques\T1059.001\atomic_red_team\windows-sysmon.log
win-dc-228.attackrange.local,{5ABCFE62-843F-603E-3000-00000000AD01},2021-03-04 14:02:50+00:00,1,1,0,0,1,0,0,0,1,0,1,0,0,0,0,0,0,1,T1059.001,atomic_red_team,data\datasets\splunk_attack_data\datasets\attack_techniques\T1059.001\atomic_red_team\windows-sysmon.log
win-dc-228.attackrange.local,{5ABCFE62-843F-603E-3000-00000000AD01},2021-03-04 14:03:50+00:00,1,1,0,0,1,0,0,0,1,0,1,0,0,0,0,0,0,1,T1059.001,atomic_red_team,data\datasets\splunk_attack_data\datasets\attack_techniques\T1059.001\atomic_red_team\windows-sysmon.log
win-dc-228.attackrange.local,{5ABCFE62-843F-603E-3000-00000000AD01},2021-03-04 14:04:50+00:00,1,1,0,0,1,0,0,0,1,0,1,0,0,0,0,0,0,1,T1059.001,atomic_red_team,data\datasets\splunk_attack_data\datasets\attack_techniques\T1059.001\atomic_red_team\windows-sysmon.log
win-dc-228.attackrange.local,{5ABCFE62-843F-603E-3000-00000000AD01},2021-03-04 14:05:50+00:00,1,1,0,0,1,0,0,0,1,0,1,0,0,0,0,0,0,1,T1059.001,atomic_red_team,data\datasets\splunk_attack_data\datasets\attack_techniques\T1059.001\atomic_red_team\windows-sysmon.log
win-dc-228.attackrange.local,{5ABCFE62-843F-603E-3000-00000000AD01},2021-03-04 14:06:50+00:00,1,1,0,0,1,0,0,0,1,0,1,0,0,0,0,0,0,1,T1059.001,atomic_red_team,data\datasets\splunk_attack_data\datasets\attack_techniques\T1059.001\atomic_red_team\windows-sysmon.log
win-dc-228.attackrange.local,{5ABCFE62-843F-603E-3000-00000000AD01},2021-03-04 14:07:50+00:00,1,1,0,0,1,0,0,0,1,0,1,0,0,0,0,0,0,1,T1059.001,atomic_red_team,data\datasets\splunk_attack_data\datasets\attack_techniques\T1059.001\atomic_red_team\windows-sysmon.log
win-dc-228.attackrange.local,{5ABCFE62-843F-603E-3000-00000000AD01},2021-03-04 14:08:50+00:00,1,1,0,0,1,0,0,0,1,0,1,0,0,0,0,0,0,1,T1059.001,atomic_red_team,data\datasets\splunk_attack_data\datasets\attack_techniques\T1059.001\atomic_red_team\windows-sysmon.log
win-dc-228.attackrange.local,{5ABCFE62-843F-603E-3000-00000000AD01},2021-03-04 14:09:50+00:00,1,1,0,0,1,0,0,0,1,0,1,0,0,0,0,0,0,1,T1059.001,atomic_red_team,data\datasets\splunk_attack_data\datasets\attack_techniques\T1059.001\atomic_red_team\windows-sysmon.log
win-dc-228.attackrange.local,{5ABCFE62-843F-603E-3000-00000000AD01},2021-03-04 14:10:50+00:00,1,1,0,0,1,0,0,0,1,0,1,0,0,0,0,0,0,1,T1059.001,atomic_red_team,data\datasets\splunk_attack_data\datasets\attack_techniques\T1059.001\atomic_red_team\windows-sysmon.log
win-dc-228.attackrange.local,{5ABCFE62-843F-603E-3100-00000000AD01},2021-03-04 14:07:55+00:00,1,1,0,0,1,0,0,0,1,0,1,0,0,0,0,0,0,1,T1059.001,atomic_red_team,data\datasets\splunk_attack_data\datasets\attack_techniques\T1059.001\atomic_red_team\windows-sysmon.log
win-dc-228.attackrange.local,{5ABCFE62-8444-603E-5800-00000000AD01},2021-03-04 14:05:25+00:00,2,1,0,0,1,0,0,0,2,0,2,0,0,0,0,0,0,1,T1059.001,atomic_red_team,data\datasets\splunk_attack_data\datasets\attack_techniques\T1059.001\atomic_red_team\windows-sysmon.log
win-dc-228.attackrange.local,{5ABCFE62-84A2-603E-A500-00000000AD01},2021-03-03 15:27:35+00:00,1,1,0,0,1,0,0,0,1,0,1,0,0,0,0,0,0,1,T1059.001,atomic_red_team,data\datasets\splunk_attack_data\datasets\attack_techniques\T1059.001\atomic_red_team\windows-sysmon.log
win-dc-228.attackrange.local,{5ABCFE62-84A2-603E-A500-00000000AD01},2021-03-03 15:27:40+00:00,1,1,1,1,0,0,1,0,0,0,0,0,0,0,0,1,0,1,T1059.001,atomic_red_team,data\datasets\splunk_attack_data\datasets\attack_techniques\T1059.001\atomic_red_team\windows-sysmon.log
win-dc-228.attackrange.local,{5ABCFE62-84A2-603E-A500-00000000AD01},2021-03-04 13:50:00+00:00,1,1,0,0,1,0,0,0,1,0,1,0,0,0,0,0,0,1,T1059.001,atomic_red_team,data\datasets\splunk_attack_data\datasets\attack_techniques\T1059.001\atomic_red_team\windows-sysmon.log
win-dc-228.attackrange.local,{5ABCFE62-84A2-603E-A500-00000000AD01},2021-03-04 13:50:05+00:00,1,1,1,1,0,0,1,0,0,0,0,0,0,0,0,1,0,1,T1059.001,atomic_red_team,data\datasets\splunk_attack_data\datasets\attack_techniques\T1059.001\atomic_red_team\windows-sysmon.log
win-dc-228.attackrange.local,{5ABCFE62-84A2-603E-A500-00000000AD01},2021-03-04 13:51:00+00:00,1,1,0,0,1,0,0,0,1,0,1,0,0,0,0,0,0,1,T1059.001,atomic_red_team,data\datasets\splunk_attack_data\datasets\attack_techniques\T1059.001\atomic_red_team\windows-sysmon.log
win-dc-228.attackrange.local,{5ABCFE62-84A2-603E-A500-00000000AD01},2021-03-04 13:51:05+00:00,1,1,1,1,0,0,1,0,0,0,0,0,0,0,0,1,0,1,T1059.001,atomic_red_team,data\datasets\splunk_attack_data\datasets\attack_techniques\T1059.001\atomic_red_team\windows-sysmon.log
win-dc-228.attackrange.local,{5ABCFE62-84A2-603E-A500-00000000AD01},2021-03-04 13:52:00+00:00,1,1,0,0,1,0,0,0,1,0,1,0,0,0,0,0,0,1,T1059.001,atomic_red_team,data\datasets\splunk_attack_data\datasets\attack_techniques\T1059.001\atomic_red_team\windows-sysmon.log
win-dc-228.attackrange.local,{5ABCFE62-84A2-603E-A500-00000000AD01},2021-03-04 13:52:05+00:00,1,1,1,1,0,0,1,0,0,0,0,0,0,0,0,1,0,1,T1059.001,atomic_red_team,data\datasets\splunk_attack_data\datasets\attack_techniques\T1059.001\atomic_red_team\windows-sysmon.log
win-dc-228.attackrange.local,{5ABCFE62-84A2-603E-A500-00000000AD01},2021-03-04 13:53:00+00:00,1,1,0,0,1,0,0,0,1,0,1,0,0,0,0,0,0,1,T1059.001,atomic_red_team,data\datasets\splunk_attack_data\datasets\attack_techniques\T1059.001\atomic_red_team\windows-sysmon.log
win-dc-228.attackrange.local,{5ABCFE62-84A2-603E-A500-00000000AD01},2021-03-04 13:53:05+00:00,1,1,1,1,0,0,1,0,0,0,0,0,0,0,0,1,0,1,T1059.001,atomic_red_team,data\datasets\splunk_attack_data\datasets\attack_techniques\T1059.001\atomic_red_team\windows-sysmon.log
win-dc-228.attackrange.local,{5ABCFE62-84A2-603E-A500-00000000AD01},2021-03-04 13:54:00+00:00,1,1,0,0,1,0,0,0,1,0,1,0,0,0,0,0,0,1,T1059.001,atomic_red_team,data\datasets\splunk_attack_data\datasets\attack_techniques\T1059.001\atomic_red_team\windows-sysmon.log
win-dc-228.attackrange.local,{5ABCFE62-84A2-603E-A500-00000000AD01},2021-03-04 13:54:05+00:00,1,1,1,1,0,0,1,0,0,0,0,0,0,0,0,1,0,1,T1059.001,atomic_red_team,data\datasets\splunk_attack_data\datasets\attack_techniques\T1059.001\atomic_red_team\windows-sysmon.log
win-dc-228.attackrange.local,{5ABCFE62-84A2-603E-A500-00000000AD01},2021-03-04 13:55:00+00:00,1,1,0,0,1,0,0,0,1,0,1,0,0,0,0,0,0,1,T1059.001,atomic_red_team,data\datasets\splunk_attack_data\datasets\attack_techniques\T1059.001\atomic_red_team\windows-sysmon.log
win-dc-228.attackrange.local,{5ABCFE62-84A2-603E-A500-00000000AD01},2021-03-04 13:55:05+00:00,1,1,1,1,0,0,1,0,0,0,0,0,0,0,0,1,0,1,T1059.001,atomic_red_team,data\datasets\splunk_attack_data\datasets\attack_techniques\T1059.001\atomic_red_team\windows-sysmon.log
win-dc-228.attackrange.local,{5ABCFE62-84A2-603E-A500-00000000AD01},2021-03-04 13:56:00+00:00,1,1,0,0,1,0,0,0,1,0,1,0,0,0,0,0,0,1,T1059.001,atomic_red_team,data\datasets\splunk_attack_data\datasets\attack_techniques\T1059.001\atomic_red_team\windows-sysmon.log
win-dc-228.attackrange.local,{5ABCFE62-84A2-603E-A500-00000000AD01},2021-03-04 13:56:05+00:00,1,1,1,1,0,0,1,0,0,0,0,0,0,0,0,1,0,1,T1059.001,atomic_red_team,data\datasets\splunk_attack_data\datasets\attack_techniques\T1059.001\atomic_red_team\windows-sysmon.log
win-dc-228.attackrange.local,{5ABCFE62-84A2-603E-A500-00000000AD01},2021-03-04 13:57:00+00:00,1,1,0,0,1,0,0,0,1,0,1,0,0,0,0,0,0,1,T1059.001,atomic_red_team,data\datasets\splunk_attack_data\datasets\attack_techniques\T1059.001\atomic_red_team\windows-sysmon.log
win-dc-228.attackrange.local,{5ABCFE62-84A2-603E-A500-00000000AD01},2021-03-04 13:57:05+00:00,1,1,1,1,0,0,1,0,0,0,0,0,0,0,0,1,0,1,T1059.001,atomic_red_team,data\datasets\splunk_attack_data\datasets\attack_techniques\T1059.001\atomic_red_team\windows-sysmon.log
win-dc-228.attackrange.local,{5ABCFE62-84A2-603E-A500-00000000AD01},2021-03-04 13:58:00+00:00,1,1,0,0,1,0,0,0,1,0,1,0,0,0,0,0,0,1,T1059.001,atomic_red_team,data\datasets\splunk_attack_data\datasets\attack_techniques\T1059.001\atomic_red_team\windows-sysmon.log
win-dc-228.attackrange.local,{5ABCFE62-84A2-603E-A500-00000000AD01},2021-03-04 13:58:05+00:00,1,1,1,1,0,0,1,0,0,0,0,0,0,0,0,1,0,1,T1059.001,atomic_red_team,data\datasets\splunk_attack_data\datasets\attack_techniques\T1059.001\atomic_red_team\windows-sysmon.log
win-dc-228.attackrange.local,{5ABCFE62-84A2-603E-A500-00000000AD01},2021-03-04 13:59:00+00:00,1,1,0,0,1,0,0,0,1,0,1,0,0,0,0,0,0,1,T1059.001,atomic_red_team,data\datasets\splunk_attack_data\datasets\attack_techniques\T1059.001\atomic_red_team\windows-sysmon.log
win-dc-228.attackrange.local,{5ABCFE62-84A2-603E-A500-00000000AD01},2021-03-04 13:59:05+00:00,1,1,1,1,0,0,1,0,0,0,0,0,0,0,0,1,0,1,T1059.001,atomic_red_team,data\datasets\splunk_attack_data\datasets\attack_techniques\T1059.001\atomic_red_team\windows-sysmon.log
win-dc-228.attackrange.local,{5ABCFE62-84A2-603E-A500-00000000AD01},2021-03-04 14:00:00+00:00,1,1,0,0,1,0,0,0,1,0,1,0,0,0,0,0,0,1,T1059.001,atomic_red_team,data\datasets\splunk_attack_data\datasets\attack_techniques\T1059.001\atomic_red_team\windows-sysmon.log
win-dc-228.attackrange.local,{5ABCFE62-84A2-603E-A500-00000000AD01},2021-03-04 14:00:05+00:00,1,1,1,1,0,0,1,0,0,0,0,0,0,0,0,1,0,1,T1059.001,atomic_red_team,data\datasets\splunk_attack_data\datasets\attack_techniques\T1059.001\atomic_red_team\windows-sysmon.log
win-dc-228.attackrange.local,{5ABCFE62-84A2-603E-A500-00000000AD01},2021-03-04 14:01:00+00:00,1,1,0,0,1,0,0,0,1,0,1,0,0,0,0,0,0,1,T1059.001,atomic_red_team,data\datasets\splunk_attack_data\datasets\attack_techniques\T1059.001\atomic_red_team\windows-sysmon.log
win-dc-228.attackrange.local,{5ABCFE62-84A2-603E-A500-00000000AD01},2021-03-04 14:01:05+00:00,1,1,1,1,0,0,1,0,0,0,0,0,0,0,0,1,0,1,T1059.001,atomic_red_team,data\datasets\splunk_attack_data\datasets\attack_techniques\T1059.001\atomic_red_team\windows-sysmon.log
win-dc-228.attackrange.local,{5ABCFE62-84A2-603E-A500-00000000AD01},2021-03-04 14:02:00+00:00,1,1,0,0,1,0,0,0,1,0,1,0,0,0,0,0,0,1,T1059.001,atomic_red_team,data\datasets\splunk_attack_data\datasets\attack_techniques\T1059.001\atomic_red_team\windows-sysmon.log
win-dc-228.attackrange.local,{5ABCFE62-84A2-603E-A500-00000000AD01},2021-03-04 14:02:05+00:00,1,1,1,1,0,0,1,0,0,0,0,0,0,0,0,1,0,1,T1059.001,atomic_red_team,data\datasets\splunk_attack_data\datasets\attack_techniques\T1059.001\atomic_red_team\windows-sysmon.log
win-dc-228.attackrange.local,{5ABCFE62-84A2-603E-A500-00000000AD01},2021-03-04 14:03:00+00:00,1,1,0,0,1,0,0,0,1,0,1,0,0,0,0,0,0,1,T1059.001,atomic_red_team,data\datasets\splunk_attack_data\datasets\attack_techniques\T1059.001\atomic_red_team\windows-sysmon.log
win-dc-228.attackrange.local,{5ABCFE62-84A2-603E-A500-00000000AD01},2021-03-04 14:03:05+00:00,1,1,1,1,0,0,1,0,0,0,0,0,0,0,0,1,0,1,T1059.001,atomic_red_team,data\datasets\splunk_attack_data\datasets\attack_techniques\T1059.001\atomic_red_team\windows-sysmon.log
win-dc-228.attackrange.local,{5ABCFE62-84A2-603E-A500-00000000AD01},2021-03-04 14:04:00+00:00,1,1,0,0,1,0,0,0,1,0,1,0,0,0,0,0,0,1,T1059.001,atomic_red_team,data\datasets\splunk_attack_data\datasets\attack_techniques\T1059.001\atomic_red_team\windows-sysmon.log
win-dc-228.attackrange.local,{5ABCFE62-84A2-603E-A500-00000000AD01},2021-03-04 14:04:05+00:00,1,1,1,1,0,0,1,0,0,0,0,0,0,0,0,1,0,1,T1059.001,atomic_red_team,data\datasets\splunk_attack_data\datasets\attack_techniques\T1059.001\atomic_red_team\windows-sysmon.log
win-dc-228.attackrange.local,{5ABCFE62-84A2-603E-A500-00000000AD01},2021-03-04 14:05:00+00:00,1,1,0,0,1,0,0,0,1,0,1,0,0,0,0,0,0,1,T1059.001,atomic_red_team,data\datasets\splunk_attack_data\datasets\attack_techniques\T1059.001\atomic_red_team\windows-sysmon.log
win-dc-228.attackrange.local,{5ABCFE62-84A2-603E-A500-00000000AD01},2021-03-04 14:05:05+00:00,1,1,1,1,0,0,1,0,0,0,0,0,0,0,0,1,0,1,T1059.001,atomic_red_team,data\datasets\splunk_attack_data\datasets\attack_techniques\T1059.001\atomic_red_team\windows-sysmon.log
win-dc-228.attackrange.local,{5ABCFE62-84A2-603E-A500-00000000AD01},2021-03-04 14:06:00+00:00,1,1,0,0,1,0,0,0,1,0,1,0,0,0,0,0,0,1,T1059.001,atomic_red_team,data\datasets\splunk_attack_data\datasets\attack_techniques\T1059.001\atomic_red_team\windows-sysmon.log
win-dc-228.attackrange.local,{5ABCFE62-84A2-603E-A500-00000000AD01},2021-03-04 14:06:05+00:00,1,1,1,1,0,0,1,0,0,0,0,0,0,0,0,1,0,1,T1059.001,atomic_red_team,data\datasets\splunk_attack_data\datasets\attack_techniques\T1059.001\atomic_red_team\windows-sysmon.log
win-dc-228.attackrange.local,{5ABCFE62-84A2-603E-A500-00000000AD01},2021-03-04 14:07:00+00:00,1,1,0,0,1,0,0,0,1,0,1,0,0,0,0,0,0,1,T1059.001,atomic_red_team,data\datasets\splunk_attack_data\datasets\attack_techniques\T1059.001\atomic_red_team\windows-sysmon.log
win-dc-228.attackrange.local,{5ABCFE62-84A2-603E-A500-00000000AD01},2021-03-04 14:07:05+00:00,1,1,1,1,0,0,1,0,0,0,0,0,0,0,0,1,0,1,T1059.001,atomic_red_team,data\datasets\splunk_attack_data\datasets\attack_techniques\T1059.001\atomic_red_team\windows-sysmon.log
win-dc-228.attackrange.local,{5ABCFE62-84A2-603E-A500-00000000AD01},2021-03-04 14:08:00+00:00,1,1,0,0,1,0,0,0,1,0,1,0,0,0,0,0,0,1,T1059.001,atomic_red_team,data\datasets\splunk_attack_data\datasets\attack_techniques\T1059.001\atomic_red_team\windows-sysmon.log
win-dc-228.attackrange.local,{5ABCFE62-84A2-603E-A500-00000000AD01},2021-03-04 14:08:05+00:00,1,1,1,1,0,0,1,0,0,0,0,0,0,0,0,1,0,1,T1059.001,atomic_red_team,data\datasets\splunk_attack_data\datasets\attack_techniques\T1059.001\atomic_red_team\windows-sysmon.log
win-dc-228.attackrange.local,{5ABCFE62-84A2-603E-A500-00000000AD01},2021-03-04 14:09:00+00:00,1,1,0,0,1,0,0,0,1,0,1,0,0,0,0,0,0,1,T1059.001,atomic_red_team,data\datasets\splunk_attack_data\datasets\attack_techniques\T1059.001\atomic_red_team\windows-sysmon.log
win-dc-228.attackrange.local,{5ABCFE62-84A2-603E-A500-00000000AD01},2021-03-04 14:09:05+00:00,1,1,1,1,0,0,1,0,0,0,0,0,0,0,0,1,0,1,T1059.001,atomic_red_team,data\datasets\splunk_attack_data\datasets\attack_techniques\T1059.001\atomic_red_team\windows-sysmon.log
win-dc-228.attackrange.local,{5ABCFE62-84A2-603E-A500-00000000AD01},2021-03-04 14:10:00+00:00,1,1,0,0,1,0,0,0,1,0,1,0,0,0,0,0,0,1,T1059.001,atomic_red_team,data\datasets\splunk_attack_data\datasets\attack_techniques\T1059.001\atomic_red_team\windows-sysmon.log
win-dc-228.attackrange.local,{5ABCFE62-84A2-603E-A500-00000000AD01},2021-03-04 14:10:05+00:00,1,1,1,1,0,0,1,0,0,0,0,0,0,0,0,1,0,1,T1059.001,atomic_red_team,data\datasets\splunk_attack_data\datasets\attack_techniques\T1059.001\atomic_red_team\windows-sysmon.log
win-dc-228.attackrange.local,{5ABCFE62-84A2-603E-A500-00000000AD01},2021-03-04 14:11:00+00:00,1,1,0,0,1,0,0,0,1,0,1,0,0,0,0,0,0,1,T1059.001,atomic_red_team,data\datasets\splunk_attack_data\datasets\attack_techniques\T1059.001\atomic_red_team\windows-sysmon.log
win-dc-228.attackrange.local,{5ABCFE62-84A2-603E-A500-00000000AD01},2021-03-04 14:11:05+00:00,1,1,1,1,0,0,1,0,0,0,0,0,0,0,0,1,0,1,T1059.001,atomic_red_team,data\datasets\splunk_attack_data\datasets\attack_techniques\T1059.001\atomic_red_team\windows-sysmon.log
win-dc-228.attackrange.local,{5ABCFE62-84AA-603E-D300-00000000AD01},2021-03-03 15:27:30+00:00,1,1,0,0,1,0,0,0,1,0,1,0,0,0,0,0,0,1,T1059.001,atomic_red_team,data\datasets\splunk_attack_data\datasets\attack_techniques\T1059.001\atomic_red_team\windows-sysmon.log
win-dc-228.attackrange.local,{5ABCFE62-84AA-603E-D300-00000000AD01},2021-03-03 15:27:35+00:00,1,1,0,0,1,0,0,0,1,0,1,0,0,0,0,0,0,1,T1059.001,atomic_red_team,data\datasets\splunk_attack_data\datasets\attack_techniques\T1059.001\atomic_red_team\windows-sysmon.log
win-dc-228.attackrange.local,{5ABCFE62-84AA-603E-D300-00000000AD01},2021-03-03 15:27:45+00:00,1,1,0,0,1,0,0,0,1,0,1,0,0,0,0,0,0,1,T1059.001,atomic_red_team,data\datasets\splunk_attack_data\datasets\attack_techniques\T1059.001\atomic_red_team\windows-sysmon.log
win-dc-228.attackrange.local,{5ABCFE62-84AA-603E-D300-00000000AD01},2021-03-03 15:27:50+00:00,1,1,0,0,1,0,0,0,1,0,1,0,0,0,0,0,0,1,T1059.001,atomic_red_team,data\datasets\splunk_attack_data\datasets\attack_techniques\T1059.001\atomic_red_team\windows-sysmon.log
win-dc-228.attackrange.local,{5ABCFE62-84AA-603E-D300-00000000AD01},2021-03-03 15:27:55+00:00,1,1,0,0,1,0,0,0,1,0,1,0,0,0,0,0,0,1,T1059.001,atomic_red_team,data\datasets\splunk_attack_data\datasets\attack_techniques\T1059.001\atomic_red_team\windows-sysmon.log
win-dc-228.attackrange.local,{5ABCFE62-84AA-603E-D300-00000000AD01},2021-03-03 15:28:00+00:00,1,1,0,0,1,0,0,0,1,0,1,0,0,0,0,0,0,1,T1059.001,atomic_red_team,data\datasets\splunk_attack_data\datasets\attack_techniques\T1059.001\atomic_red_team\windows-sysmon.log
win-dc-228.attackrange.local,{5ABCFE62-84AA-603E-D300-00000000AD01},2021-03-03 15:28:05+00:00,1,1,0,0,1,0,0,0,1,0,1,0,0,0,0,0,0,1,T1059.001,atomic_red_team,data\datasets\splunk_attack_data\datasets\attack_techniques\T1059.001\atomic_red_team\windows-sysmon.log
win-dc-228.attackrange.local,{5ABCFE62-84AA-603E-D300-00000000AD01},2021-03-04 13:50:00+00:00,1,1,0,0,1,0,0,0,1,0,1,0,0,0,0,0,0,1,T1059.001,atomic_red_team,data\datasets\splunk_attack_data\datasets\attack_techniques\T1059.001\atomic_red_team\windows-sysmon.log
win-dc-228.attackrange.local,{5ABCFE62-84AA-603E-D300-00000000AD01},2021-03-04 13:50:05+00:00,1,1,0,0,1,0,0,0,1,0,1,0,0,0,0,0,0,1,T1059.001,atomic_red_team,data\datasets\splunk_attack_data\datasets\attack_techniques\T1059.001\atomic_red_team\windows-sysmon.log
win-dc-228.attackrange.local,{5ABCFE62-84AA-603E-D300-00000000AD01},2021-03-04 13:50:10+00:00,1,1,0,0,1,0,0,0,1,0,1,0,0,0,0,0,0,1,T1059.001,atomic_red_team,data\datasets\splunk_attack_data\datasets\attack_techniques\T1059.001\atomic_red_team\windows-sysmon.log
win-dc-228.attackrange.local,{5ABCFE62-84AA-603E-D300-00000000AD01},2021-03-04 13:50:20+00:00,1,1,0,0,1,0,0,0,1,0,1,0,0,0,0,0,0,1,T1059.001,atomic_red_team,data\datasets\splunk_attack_data\datasets\attack_techniques\T1059.001\atomic_red_team\windows-sysmon.log
win-dc-228.attackrange.local,{5ABCFE62-84AA-603E-D300-00000000AD01},2021-03-04 13:50:25+00:00,1,1,0,0,1,0,0,0,1,0,1,0,0,0,0,0,0,1,T1059.001,atomic_red_team,data\datasets\splunk_attack_data\datasets\attack_techniques\T1059.001\atomic_red_team\windows-sysmon.log
win-dc-228.attackrange.local,{5ABCFE62-84AA-603E-D300-00000000AD01},2021-03-04 13:50:30+00:00,1,1,0,0,1,0,0,0,1,0,1,0,0,0,0,0,0,1,T1059.001,atomic_red_team,data\datasets\splunk_attack_data\datasets\attack_techniques\T1059.001\atomic_red_team\windows-sysmon.log
win-dc-228.attackrange.local,{5ABCFE62-84AA-603E-D300-00000000AD01},2021-03-04 13:50:35+00:00,1,1,0,0,1,0,0,0,1,0,1,0,0,0,0,0,0,1,T1059.001,atomic_red_team,data\datasets\splunk_attack_data\datasets\attack_techniques\T1059.001\atomic_red_team\windows-sysmon.log
win-dc-228.attackrange.local,{5ABCFE62-84AA-603E-D300-00000000AD01},2021-03-04 13:50:40+00:00,1,1,0,0,1,0,0,0,1,0,1,0,0,0,0,0,0,1,T1059.001,atomic_red_team,data\datasets\splunk_attack_data\datasets\attack_techniques\T1059.001\atomic_red_team\windows-sysmon.log
win-dc-228.attackrange.local,{5ABCFE62-84AA-603E-D300-00000000AD01},2021-03-04 13:50:45+00:00,1,1,0,0,1,0,0,0,1,0,1,0,0,0,0,0,0,1,T1059.001,atomic_red_team,data\datasets\splunk_attack_data\datasets\attack_techniques\T1059.001\atomic_red_team\windows-sysmon.log
win-dc-228.attackrange.local,{5ABCFE62-84AA-603E-D300-00000000AD01},2021-03-04 13:50:50+00:00,1,1,0,0,1,0,0,0,1,0,1,0,0,0,0,0,0,1,T1059.001,atomic_red_team,data\datasets\splunk_attack_data\datasets\attack_techniques\T1059.001\atomic_red_team\windows-sysmon.log
win-dc-228.attackrange.local,{5ABCFE62-84AA-603E-D300-00000000AD01},2021-03-04 13:50:55+00:00,1,1,0,0,1,0,0,0,1,0,1,0,0,0,0,0,0,1,T1059.001,atomic_red_team,data\datasets\splunk_attack_data\datasets\attack_techniques\T1059.001\atomic_red_team\windows-sysmon.log
win-dc-228.attackrange.local,{5ABCFE62-84AA-603E-D300-00000000AD01},2021-03-04 13:51:00+00:00,1,1,0,0,1,0,0,0,1,0,1,0,0,0,0,0,0,1,T1059.001,atomic_red_team,data\datasets\splunk_attack_data\datasets\attack_techniques\T1059.001\atomic_red_team\windows-sysmon.log
win-dc-228.attackrange.local,{5ABCFE62-84AA-603E-D300-00000000AD01},2021-03-04 13:51:05+00:00,1,1,0,0,1,0,0,0,1,0,1,0,0,0,0,0,0,1,T1059.001,atomic_red_team,data\datasets\splunk_attack_data\datasets\attack_techniques\T1059.001\atomic_red_team\windows-sysmon.log
win-dc-228.attackrange.local,{5ABCFE62-84AA-603E-D300-00000000AD01},2021-03-04 13:51:10+00:00,1,1,0,0,1,0,0,0,1,0,1,0,0,0,0,0,0,1,T1059.001,atomic_red_team,data\datasets\splunk_attack_data\datasets\attack_techniques\T1059.001\atomic_red_team\windows-sysmon.log
win-dc-228.attackrange.local,{5ABCFE62-84AA-603E-D300-00000000AD01},2021-03-04 13:51:15+00:00,1,1,0,0,1,0,0,0,1,0,1,0,0,0,0,0,0,1,T1059.001,atomic_red_team,data\datasets\splunk_attack_data\datasets\attack_techniques\T1059.001\atomic_red_team\windows-sysmon.log
win-dc-228.attackrange.local,{5ABCFE62-84AA-603E-D300-00000000AD01},2021-03-04 13:51:20+00:00,1,1,0,0,1,0,0,0,1,0,1,0,0,0,0,0,0,1,T1059.001,atomic_red_team,data\datasets\splunk_attack_data\datasets\attack_techniques\T1059.001\atomic_red_team\windows-sysmon.log
win-dc-228.attackrange.local,{5ABCFE62-84AA-603E-D300-00000000AD01},2021-03-04 13:51:25+00:00,1,1,0,0,1,0,0,0,1,0,1,0,0,0,0,0,0,1,T1059.001,atomic_red_team,data\datasets\splunk_attack_data\datasets\attack_techniques\T1059.001\atomic_red_team\windows-sysmon.log
win-dc-228.attackrange.local,{5ABCFE62-84AA-603E-D300-00000000AD01},2021-03-04 13:51:30+00:00,1,1,0,0,1,0,0,0,1,0,1,0,0,0,0,0,0,1,T1059.001,atomic_red_team,data\datasets\splunk_attack_data\datasets\attack_techniques\T1059.001\atomic_red_team\windows-sysmon.log
win-dc-228.attackrange.local,{5ABCFE62-84AA-603E-D300-00000000AD01},2021-03-04 13:51:35+00:00,1,1,0,0,1,0,0,0,1,0,1,0,0,0,0,0,0,1,T1059.001,atomic_red_team,data\datasets\splunk_attack_data\datasets\attack_techniques\T1059.001\atomic_red_team\windows-sysmon.log
win-dc-228.attackrange.local,{5ABCFE62-84AA-603E-D300-00000000AD01},2021-03-04 13:51:40+00:00,1,1,0,0,1,0,0,0,1,0,1,0,0,0,0,0,0,1,T1059.001,atomic_red_team,data\datasets\splunk_attack_data\datasets\attack_techniques\T1059.001\atomic_red_team\windows-sysmon.log
win-dc-228.attackrange.local,{5ABCFE62-84AA-603E-D300-00000000AD01},2021-03-04 13:51:45+00:00,1,1,0,0,1,0,0,0,1,0,1,0,0,0,0,0,0,1,T1059.001,atomic_red_team,data\datasets\splunk_attack_data\datasets\attack_techniques\T1059.001\atomic_red_team\windows-sysmon.log
win-dc-228.attackrange.local,{5ABCFE62-84AA-603E-D300-00000000AD01},2021-03-04 13:51:50+00:00,1,1,0,0,1,0,0,0,1,0,1,0,0,0,0,0,0,1,T1059.001,atomic_red_team,data\datasets\splunk_attack_data\datasets\attack_techniques\T1059.001\atomic_red_team\windows-sysmon.log
win-dc-228.attackrange.local,{5ABCFE62-84AA-603E-D300-00000000AD01},2021-03-04 13:52:00+00:00,1,1,0,0,1,0,0,0,1,0,1,0,0,0,0,0,0,1,T1059.001,atomic_red_team,data\datasets\splunk_attack_data\datasets\attack_techniques\T1059.001\atomic_red_team\windows-sysmon.log
win-dc-228.attackrange.local,{5ABCFE62-84AA-603E-D300-00000000AD01},2021-03-04 13:52:05+00:00,1,1,0,0,1,0,0,0,1,0,1,0,0,0,0,0,0,1,T1059.001,atomic_red_team,data\datasets\splunk_attack_data\datasets\attack_techniques\T1059.001\atomic_red_team\windows-sysmon.log
win-dc-228.attackrange.local,{5ABCFE62-84AA-603E-D300-00000000AD01},2021-03-04 13:52:10+00:00,1,1,0,0,1,0,0,0,1,0,1,0,0,0,0,0,0,1,T1059.001,atomic_red_team,data\datasets\splunk_attack_data\datasets\attack_techniques\T1059.001\atomic_red_team\windows-sysmon.log
win-dc-228.attackrange.local,{5ABCFE62-84AA-603E-D300-00000000AD01},2021-03-04 13:52:15+00:00,1,1,0,0,1,0,0,0,1,0,1,0,0,0,0,0,0,1,T1059.001,atomic_red_team,data\datasets\splunk_attack_data\datasets\attack_techniques\T1059.001\atomic_red_team\windows-sysmon.log
win-dc-228.attackrange.local,{5ABCFE62-84AA-603E-D300-00000000AD01},2021-03-04 13:52:20+00:00,1,1,0,0,1,0,0,0,1,0,1,0,0,0,0,0,0,1,T1059.001,atomic_red_team,data\datasets\splunk_attack_data\datasets\attack_techniques\T1059.001\atomic_red_team\windows-sysmon.log
win-dc-228.attackrange.local,{5ABCFE62-84AA-603E-D300-00000000AD01},2021-03-04 13:52:25+00:00,1,1,0,0,1,0,0,0,1,0,1,0,0,0,0,0,0,1,T1059.001,atomic_red_team,data\datasets\splunk_attack_data\datasets\attack_techniques\T1059.001\atomic_red_team\windows-sysmon.log
win-dc-228.attackrange.local,{5ABCFE62-84AA-603E-D300-00000000AD01},2021-03-04 13:52:30+00:00,1,1,0,0,1,0,0,0,1,0,1,0,0,0,0,0,0,1,T1059.001,atomic_red_team,data\datasets\splunk_attack_data\datasets\attack_techniques\T1059.001\atomic_red_team\windows-sysmon.log
win-dc-228.attackrange.local,{5ABCFE62-84AA-603E-D300-00000000AD01},2021-03-04 13:52:35+00:00,1,1,0,0,1,0,0,0,1,0,1,0,0,0,0,0,0,1,T1059.001,atomic_red_team,data\datasets\splunk_attack_data\datasets\attack_techniques\T1059.001\atomic_red_team\windows-sysmon.log
win-dc-228.attackrange.local,{5ABCFE62-84AA-603E-D300-00000000AD01},2021-03-04 13:52:40+00:00,1,1,0,0,1,0,0,0,1,0,1,0,0,0,0,0,0,1,T1059.001,atomic_red_team,data\datasets\splunk_attack_data\datasets\attack_techniques\T1059.001\atomic_red_team\windows-sysmon.log
win-dc-228.attackrange.local,{5ABCFE62-84AA-603E-D300-00000000AD01},2021-03-04 13:52:45+00:00,1,1,0,0,1,0,0,0,1,0,1,0,0,0,0,0,0,1,T1059.001,atomic_red_team,data\datasets\splunk_attack_data\datasets\attack_techniques\T1059.001\atomic_red_team\windows-sysmon.log
win-dc-228.attackrange.local,{5ABCFE62-84AA-603E-D300-00000000AD01},2021-03-04 13:52:50+00:00,1,1,0,0,1,0,0,0,1,0,1,0,0,0,0,0,0,1,T1059.001,atomic_red_team,data\datasets\splunk_attack_data\datasets\attack_techniques\T1059.001\atomic_red_team\windows-sysmon.log
win-dc-228.attackrange.local,{5ABCFE62-84AA-603E-D300-00000000AD01},2021-03-04 13:52:55+00:00,1,1,0,0,1,0,0,0,1,0,1,0,0,0,0,0,0,1,T1059.001,atomic_red_team,data\datasets\splunk_attack_data\datasets\attack_techniques\T1059.001\atomic_red_team\windows-sysmon.log
win-dc-228.attackrange.local,{5ABCFE62-84AA-603E-D300-00000000AD01},2021-03-04 13:53:00+00:00,1,1,0,0,1,0,0,0,1,0,1,0,0,0,0,0,0,1,T1059.001,atomic_red_team,data\datasets\splunk_attack_data\datasets\attack_techniques\T1059.001\atomic_red_team\windows-sysmon.log
win-dc-228.attackrange.local,{5ABCFE62-84AA-603E-D300-00000000AD01},2021-03-04 13:53:05+00:00,1,1,0,0,1,0,0,0,1,0,1,0,0,0,0,0,0,1,T1059.001,atomic_red_team,data\datasets\splunk_attack_data\datasets\attack_techniques\T1059.001\atomic_red_team\windows-sysmon.log
win-dc-228.attackrange.local,{5ABCFE62-84AA-603E-D300-00000000AD01},2021-03-04 13:53:10+00:00,1,1,0,0,1,0,0,0,1,0,1,0,0,0,0,0,0,1,T1059.001,atomic_red_team,data\datasets\splunk_attack_data\datasets\attack_techniques\T1059.001\atomic_red_team\windows-sysmon.log
win-dc-228.attackrange.local,{5ABCFE62-84AA-603E-D300-00000000AD01},2021-03-04 13:53:15+00:00,1,1,0,0,1,0,0,0,1,0,1,0,0,0,0,0,0,1,T1059.001,atomic_red_team,data\datasets\splunk_attack_data\datasets\attack_techniques\T1059.001\atomic_red_team\windows-sysmon.log
win-dc-228.attackrange.local,{5ABCFE62-84AA-603E-D300-00000000AD01},2021-03-04 13:53:20+00:00,1,1,0,0,1,0,0,0,1,0,1,0,0,0,0,0,0,1,T1059.001,atomic_red_team,data\datasets\splunk_attack_data\datasets\attack_techniques\T1059.001\atomic_red_team\windows-sysmon.log
win-dc-228.attackrange.local,{5ABCFE62-84AA-603E-D300-00000000AD01},2021-03-04 13:53:25+00:00,1,1,0,0,1,0,0,0,1,0,1,0,0,0,0,0,0,1,T1059.001,atomic_red_team,data\datasets\splunk_attack_data\datasets\attack_techniques\T1059.001\atomic_red_team\windows-sysmon.log
win-dc-228.attackrange.local,{5ABCFE62-84AA-603E-D300-00000000AD01},2021-03-04 13:53:30+00:00,1,1,0,0,1,0,0,0,1,0,1,0,0,0,0,0,0,1,T1059.001,atomic_red_team,data\datasets\splunk_attack_data\datasets\attack_techniques\T1059.001\atomic_red_team\windows-sysmon.log
win-dc-228.attackrange.local,{5ABCFE62-84AA-603E-D300-00000000AD01},2021-03-04 13:53:35+00:00,1,1,0,0,1,0,0,0,1,0,1,0,0,0,0,0,0,1,T1059.001,atomic_red_team,data\datasets\splunk_attack_data\datasets\attack_techniques\T1059.001\atomic_red_team\windows-sysmon.log
win-dc-228.attackrange.local,{5ABCFE62-84AA-603E-D300-00000000AD01},2021-03-04 13:53:40+00:00,1,1,0,0,1,0,0,0,1,0,1,0,0,0,0,0,0,1,T1059.001,atomic_red_team,data\datasets\splunk_attack_data\datasets\attack_techniques\T1059.001\atomic_red_team\windows-sysmon.log
win-dc-228.attackrange.local,{5ABCFE62-84AA-603E-D300-00000000AD01},2021-03-04 13:53:45+00:00,1,1,0,0,1,0,0,0,1,0,1,0,0,0,0,0,0,1,T1059.001,atomic_red_team,data\datasets\splunk_attack_data\datasets\attack_techniques\T1059.001\atomic_red_team\windows-sysmon.log
win-dc-228.attackrange.local,{5ABCFE62-84AA-603E-D300-00000000AD01},2021-03-04 13:53:50+00:00,1,1,0,0,1,0,0,0,1,0,1,0,0,0,0,0,0,1,T1059.001,atomic_red_team,data\datasets\splunk_attack_data\datasets\attack_techniques\T1059.001\atomic_red_team\windows-sysmon.log
win-dc-228.attackrange.local,{5ABCFE62-84AA-603E-D300-00000000AD01},2021-03-04 13:53:55+00:00,1,1,0,0,1,0,0,0,1,0,1,0,0,0,0,0,0,1,T1059.001,atomic_red_team,data\datasets\splunk_attack_data\datasets\attack_techniques\T1059.001\atomic_red_team\windows-sysmon.log
win-dc-228.attackrange.local,{5ABCFE62-84AA-603E-D300-00000000AD01},2021-03-04 13:54:00+00:00,1,1,0,0,1,0,0,0,1,0,1,0,0,0,0,0,0,1,T1059.001,atomic_red_team,data\datasets\splunk_attack_data\datasets\attack_techniques\T1059.001\atomic_red_team\windows-sysmon.log
win-dc-228.attackrange.local,{5ABCFE62-84AA-603E-D300-00000000AD01},2021-03-04 13:54:05+00:00,1,1,0,0,1,0,0,0,1,0,1,0,0,0,0,0,0,1,T1059.001,atomic_red_team,data\datasets\splunk_attack_data\datasets\attack_techniques\T1059.001\atomic_red_team\windows-sysmon.log
win-dc-228.attackrange.local,{5ABCFE62-84AA-603E-D300-00000000AD01},2021-03-04 13:54:10+00:00,1,1,0,0,1,0,0,0,1,0,1,0,0,0,0,0,0,1,T1059.001,atomic_red_team,data\datasets\splunk_attack_data\datasets\attack_techniques\T1059.001\atomic_red_team\windows-sysmon.log
win-dc-228.attackrange.local,{5ABCFE62-84AA-603E-D300-00000000AD01},2021-03-04 13:54:15+00:00,1,1,0,0,1,0,0,0,1,0,1,0,0,0,0,0,0,1,T1059.001,atomic_red_team,data\datasets\splunk_attack_data\datasets\attack_techniques\T1059.001\atomic_red_team\windows-sysmon.log
win-dc-228.attackrange.local,{5ABCFE62-84AA-603E-D300-00000000AD01},2021-03-04 13:54:20+00:00,1,1,0,0,1,0,0,0,1,0,1,0,0,0,0,0,0,1,T1059.001,atomic_red_team,data\datasets\splunk_attack_data\datasets\attack_techniques\T1059.001\atomic_red_team\windows-sysmon.log
win-dc-228.attackrange.local,{5ABCFE62-84AA-603E-D300-00000000AD01},2021-03-04 13:54:30+00:00,1,1,0,0,1,0,0,0,1,0,1,0,0,0,0,0,0,1,T1059.001,atomic_red_team,data\datasets\splunk_attack_data\datasets\attack_techniques\T1059.001\atomic_red_team\windows-sysmon.log
win-dc-228.attackrange.local,{5ABCFE62-84AA-603E-D300-00000000AD01},2021-03-04 13:54:35+00:00,1,1,0,0,1,0,0,0,1,0,1,0,0,0,0,0,0,1,T1059.001,atomic_red_team,data\datasets\splunk_attack_data\datasets\attack_techniques\T1059.001\atomic_red_team\windows-sysmon.log
win-dc-228.attackrange.local,{5ABCFE62-84AA-603E-D300-00000000AD01},2021-03-04 13:54:40+00:00,1,1,0,0,1,0,0,0,1,0,1,0,0,0,0,0,0,1,T1059.001,atomic_red_team,data\datasets\splunk_attack_data\datasets\attack_techniques\T1059.001\atomic_red_team\windows-sysmon.log
win-dc-228.attackrange.local,{5ABCFE62-84AA-603E-D300-00000000AD01},2021-03-04 13:54:45+00:00,1,1,0,0,1,0,0,0,1,0,1,0,0,0,0,0,0,1,T1059.001,atomic_red_team,data\datasets\splunk_attack_data\datasets\attack_techniques\T1059.001\atomic_red_team\windows-sysmon.log
win-dc-228.attackrange.local,{5ABCFE62-84AA-603E-D300-00000000AD01},2021-03-04 13:54:50+00:00,1,1,0,0,1,0,0,0,1,0,1,0,0,0,0,0,0,1,T1059.001,atomic_red_team,data\datasets\splunk_attack_data\datasets\attack_techniques\T1059.001\atomic_red_team\windows-sysmon.log
win-dc-228.attackrange.local,{5ABCFE62-84AA-603E-D300-00000000AD01},2021-03-04 13:54:55+00:00,1,1,0,0,1,0,0,0,1,0,1,0,0,0,0,0,0,1,T1059.001,atomic_red_team,data\datasets\splunk_attack_data\datasets\attack_techniques\T1059.001\atomic_red_team\windows-sysmon.log
win-dc-228.attackrange.local,{5ABCFE62-84AA-603E-D300-00000000AD01},2021-03-04 13:55:00+00:00,1,1,0,0,1,0,0,0,1,0,1,0,0,0,0,0,0,1,T1059.001,atomic_red_team,data\datasets\splunk_attack_data\datasets\attack_techniques\T1059.001\atomic_red_team\windows-sysmon.log
win-dc-228.attackrange.local,{5ABCFE62-84AA-603E-D300-00000000AD01},2021-03-04 13:55:05+00:00,1,1,0,0,1,0,0,0,1,0,1,0,0,0,0,0,0,1,T1059.001,atomic_red_team,data\datasets\splunk_attack_data\datasets\attack_techniques\T1059.001\atomic_red_team\windows-sysmon.log
win-dc-228.attackrange.local,{5ABCFE62-84AA-603E-D300-00000000AD01},2021-03-04 13:55:10+00:00,1,1,0,0,1,0,0,0,1,0,1,0,0,0,0,0,0,1,T1059.001,atomic_red_team,data\datasets\splunk_attack_data\datasets\attack_techniques\T1059.001\atomic_red_team\windows-sysmon.log
win-dc-228.attackrange.local,{5ABCFE62-84AA-603E-D300-00000000AD01},2021-03-04 13:55:15+00:00,1,1,0,0,1,0,0,0,1,0,1,0,0,0,0,0,0,1,T1059.001,atomic_red_team,data\datasets\splunk_attack_data\datasets\attack_techniques\T1059.001\atomic_red_team\windows-sysmon.log
win-dc-228.attackrange.local,{5ABCFE62-84AA-603E-D300-00000000AD01},2021-03-04 13:55:20+00:00,1,1,0,0,1,0,0,0,1,0,1,0,0,0,0,0,0,1,T1059.001,atomic_red_team,data\datasets\splunk_attack_data\datasets\attack_techniques\T1059.001\atomic_red_team\windows-sysmon.log
win-dc-228.attackrange.local,{5ABCFE62-84AA-603E-D300-00000000AD01},2021-03-04 13:55:25+00:00,1,1,0,0,1,0,0,0,1,0,1,0,0,0,0,0,0,1,T1059.001,atomic_red_team,data\datasets\splunk_attack_data\datasets\attack_techniques\T1059.001\atomic_red_team\windows-sysmon.log
win-dc-228.attackrange.local,{5ABCFE62-84AA-603E-D300-00000000AD01},2021-03-04 13:55:30+00:00,1,1,0,0,1,0,0,0,1,0,1,0,0,0,0,0,0,1,T1059.001,atomic_red_team,data\datasets\splunk_attack_data\datasets\attack_techniques\T1059.001\atomic_red_team\windows-sysmon.log
win-dc-228.attackrange.local,{5ABCFE62-84AA-603E-D300-00000000AD01},2021-03-04 13:55:35+00:00,1,1,0,0,1,0,0,0,1,0,1,0,0,0,0,0,0,1,T1059.001,atomic_red_team,data\datasets\splunk_attack_data\datasets\attack_techniques\T1059.001\atomic_red_team\windows-sysmon.log
win-dc-228.attackrange.local,{5ABCFE62-84AA-603E-D300-00000000AD01},2021-03-04 13:55:40+00:00,1,1,0,0,1,0,0,0,1,0,1,0,0,0,0,0,0,1,T1059.001,atomic_red_team,data\datasets\splunk_attack_data\datasets\attack_techniques\T1059.001\atomic_red_team\windows-sysmon.log
win-dc-228.attackrange.local,{5ABCFE62-84AA-603E-D300-00000000AD01},2021-03-04 13:55:45+00:00,1,1,0,0,1,0,0,0,1,0,1,0,0,0,0,0,0,1,T1059.001,atomic_red_team,data\datasets\splunk_attack_data\datasets\attack_techniques\T1059.001\atomic_red_team\windows-sysmon.log
win-dc-228.attackrange.local,{5ABCFE62-84AA-603E-D300-00000000AD01},2021-03-04 13:55:50+00:00,1,1,0,0,1,0,0,0,1,0,1,0,0,0,0,0,0,1,T1059.001,atomic_red_team,data\datasets\splunk_attack_data\datasets\attack_techniques\T1059.001\atomic_red_team\windows-sysmon.log
win-dc-228.attackrange.local,{5ABCFE62-84AA-603E-D300-00000000AD01},2021-03-04 13:55:55+00:00,1,1,0,0,1,0,0,0,1,0,1,0,0,0,0,0,0,1,T1059.001,atomic_red_team,data\datasets\splunk_attack_data\datasets\attack_techniques\T1059.001\atomic_red_team\windows-sysmon.log
win-dc-228.attackrange.local,{5ABCFE62-84AA-603E-D300-00000000AD01},2021-03-04 13:56:00+00:00,1,1,0,0,1,0,0,0,1,0,1,0,0,0,0,0,0,1,T1059.001,atomic_red_team,data\datasets\splunk_attack_data\datasets\attack_techniques\T1059.001\atomic_red_team\windows-sysmon.log
win-dc-228.attackrange.local,{5ABCFE62-84AA-603E-D300-00000000AD01},2021-03-04 13:56:05+00:00,1,1,0,0,1,0,0,0,1,0,1,0,0,0,0,0,0,1,T1059.001,atomic_red_team,data\datasets\splunk_attack_data\datasets\attack_techniques\T1059.001\atomic_red_team\windows-sysmon.log
win-dc-228.attackrange.local,{5ABCFE62-84AA-603E-D300-00000000AD01},2021-03-04 13:56:10+00:00,1,1,0,0,1,0,0,0,1,0,1,0,0,0,0,0,0,1,T1059.001,atomic_red_team,data\datasets\splunk_attack_data\datasets\attack_techniques\T1059.001\atomic_red_team\windows-sysmon.log
win-dc-228.attackrange.local,{5ABCFE62-84AA-603E-D300-00000000AD01},2021-03-04 13:56:20+00:00,1,1,0,0,1,0,0,0,1,0,1,0,0,0,0,0,0,1,T1059.001,atomic_red_team,data\datasets\splunk_attack_data\datasets\attack_techniques\T1059.001\atomic_red_team\windows-sysmon.log
win-dc-228.attackrange.local,{5ABCFE62-84AA-603E-D300-00000000AD01},2021-03-04 13:56:25+00:00,1,1,0,0,1,0,0,0,1,0,1,0,0,0,0,0,0,1,T1059.001,atomic_red_team,data\datasets\splunk_attack_data\datasets\attack_techniques\T1059.001\atomic_red_team\windows-sysmon.log
win-dc-228.attackrange.local,{5ABCFE62-84AA-603E-D300-00000000AD01},2021-03-04 13:56:30+00:00,1,1,0,0,1,0,0,0,1,0,1,0,0,0,0,0,0,1,T1059.001,atomic_red_team,data\datasets\splunk_attack_data\datasets\attack_techniques\T1059.001\atomic_red_team\windows-sysmon.log
win-dc-228.attackrange.local,{5ABCFE62-84AA-603E-D300-00000000AD01},2021-03-04 13:56:35+00:00,1,1,0,0,1,0,0,0,1,0,1,0,0,0,0,0,0,1,T1059.001,atomic_red_team,data\datasets\splunk_attack_data\datasets\attack_techniques\T1059.001\atomic_red_team\windows-sysmon.log
win-dc-228.attackrange.local,{5ABCFE62-84AA-603E-D300-00000000AD01},2021-03-04 13:56:40+00:00,1,1,0,0,1,0,0,0,1,0,1,0,0,0,0,0,0,1,T1059.001,atomic_red_team,data\datasets\splunk_attack_data\datasets\attack_techniques\T1059.001\atomic_red_team\windows-sysmon.log
win-dc-228.attackrange.local,{5ABCFE62-84AA-603E-D300-00000000AD01},2021-03-04 13:56:45+00:00,1,1,0,0,1,0,0,0,1,0,1,0,0,0,0,0,0,1,T1059.001,atomic_red_team,data\datasets\splunk_attack_data\datasets\attack_techniques\T1059.001\atomic_red_team\windows-sysmon.log
win-dc-228.attackrange.local,{5ABCFE62-84AA-603E-D300-00000000AD01},2021-03-04 13:56:50+00:00,1,1,0,0,1,0,0,0,1,0,1,0,0,0,0,0,0,1,T1059.001,atomic_red_team,data\datasets\splunk_attack_data\datasets\attack_techniques\T1059.001\atomic_red_team\windows-sysmon.log
win-dc-228.attackrange.local,{5ABCFE62-84AA-603E-D300-00000000AD01},2021-03-04 13:56:55+00:00,1,1,0,0,1,0,0,0,1,0,1,0,0,0,0,0,0,1,T1059.001,atomic_red_team,data\datasets\splunk_attack_data\datasets\attack_techniques\T1059.001\atomic_red_team\windows-sysmon.log
win-dc-228.attackrange.local,{5ABCFE62-84AA-603E-D300-00000000AD01},2021-03-04 13:57:00+00:00,1,1,0,0,1,0,0,0,1,0,1,0,0,0,0,0,0,1,T1059.001,atomic_red_team,data\datasets\splunk_attack_data\datasets\attack_techniques\T1059.001\atomic_red_team\windows-sysmon.log
win-dc-228.attackrange.local,{5ABCFE62-84AA-603E-D300-00000000AD01},2021-03-04 13:57:05+00:00,1,1,0,0,1,0,0,0,1,0,1,0,0,0,0,0,0,1,T1059.001,atomic_red_team,data\datasets\splunk_attack_data\datasets\attack_techniques\T1059.001\atomic_red_team\windows-sysmon.log
win-dc-228.attackrange.local,{5ABCFE62-84AA-603E-D300-00000000AD01},2021-03-04 13:57:10+00:00,1,1,0,0,1,0,0,0,1,0,1,0,0,0,0,0,0,1,T1059.001,atomic_red_team,data\datasets\splunk_attack_data\datasets\attack_techniques\T1059.001\atomic_red_team\windows-sysmon.log
win-dc-228.attackrange.local,{5ABCFE62-84AA-603E-D300-00000000AD01},2021-03-04 13:57:15+00:00,1,1,0,0,1,0,0,0,1,0,1,0,0,0,0,0,0,1,T1059.001,atomic_red_team,data\datasets\splunk_attack_data\datasets\attack_techniques\T1059.001\atomic_red_team\windows-sysmon.log
win-dc-228.attackrange.local,{5ABCFE62-84AA-603E-D300-00000000AD01},2021-03-04 13:57:20+00:00,1,1,0,0,1,0,0,0,1,0,1,0,0,0,0,0,0,1,T1059.001,atomic_red_team,data\datasets\splunk_attack_data\datasets\attack_techniques\T1059.001\atomic_red_team\windows-sysmon.log
win-dc-228.attackrange.local,{5ABCFE62-84AA-603E-D300-00000000AD01},2021-03-04 13:57:25+00:00,1,1,0,0,1,0,0,0,1,0,1,0,0,0,0,0,0,1,T1059.001,atomic_red_team,data\datasets\splunk_attack_data\datasets\attack_techniques\T1059.001\atomic_red_team\windows-sysmon.log
win-dc-228.attackrange.local,{5ABCFE62-84AA-603E-D300-00000000AD01},2021-03-04 13:57:30+00:00,1,1,0,0,1,0,0,0,1,0,1,0,0,0,0,0,0,1,T1059.001,atomic_red_team,data\datasets\splunk_attack_data\datasets\attack_techniques\T1059.001\atomic_red_team\windows-sysmon.log
win-dc-228.attackrange.local,{5ABCFE62-84AA-603E-D300-00000000AD01},2021-03-04 13:57:35+00:00,1,1,0,0,1,0,0,0,1,0,1,0,0,0,0,0,0,1,T1059.001,atomic_red_team,data\datasets\splunk_attack_data\datasets\attack_techniques\T1059.001\atomic_red_team\windows-sysmon.log
win-dc-228.attackrange.local,{5ABCFE62-84AA-603E-D300-00000000AD01},2021-03-04 13:57:40+00:00,1,1,0,0,1,0,0,0,1,0,1,0,0,0,0,0,0,1,T1059.001,atomic_red_team,data\datasets\splunk_attack_data\datasets\attack_techniques\T1059.001\atomic_red_team\windows-sysmon.log
win-dc-228.attackrange.local,{5ABCFE62-84AA-603E-D300-00000000AD01},2021-03-04 13:57:45+00:00,1,1,0,0,1,0,0,0,1,0,1,0,0,0,0,0,0,1,T1059.001,atomic_red_team,data\datasets\splunk_attack_data\datasets\attack_techniques\T1059.001\atomic_red_team\windows-sysmon.log
win-dc-228.attackrange.local,{5ABCFE62-84AA-603E-D300-00000000AD01},2021-03-04 13:57:50+00:00,1,1,0,0,1,0,0,0,1,0,1,0,0,0,0,0,0,1,T1059.001,atomic_red_team,data\datasets\splunk_attack_data\datasets\attack_techniques\T1059.001\atomic_red_team\windows-sysmon.log
win-dc-228.attackrange.local,{5ABCFE62-84AA-603E-D300-00000000AD01},2021-03-04 13:57:55+00:00,1,1,0,0,1,0,0,0,1,0,1,0,0,0,0,0,0,1,T1059.001,atomic_red_team,data\datasets\splunk_attack_data\datasets\attack_techniques\T1059.001\atomic_red_team\windows-sysmon.log
win-dc-228.attackrange.local,{5ABCFE62-84AA-603E-D300-00000000AD01},2021-03-04 13:58:00+00:00,1,1,0,0,1,0,0,0,1,0,1,0,0,0,0,0,0,1,T1059.001,atomic_red_team,data\datasets\splunk_attack_data\datasets\attack_techniques\T1059.001\atomic_red_team\windows-sysmon.log
win-dc-228.attackrange.local,{5ABCFE62-84AA-603E-D300-00000000AD01},2021-03-04 13:58:05+00:00,1,1,0,0,1,0,0,0,1,0,1,0,0,0,0,0,0,1,T1059.001,atomic_red_team,data\datasets\splunk_attack_data\datasets\attack_techniques\T1059.001\atomic_red_team\windows-sysmon.log
win-dc-228.attackrange.local,{5ABCFE62-84AA-603E-D300-00000000AD01},2021-03-04 13:58:10+00:00,1,1,0,0,1,0,0,0,1,0,1,0,0,0,0,0,0,1,T1059.001,atomic_red_team,data\datasets\splunk_attack_data\datasets\attack_techniques\T1059.001\atomic_red_team\windows-sysmon.log
win-dc-228.attackrange.local,{5ABCFE62-84AA-603E-D300-00000000AD01},2021-03-04 13:58:15+00:00,1,1,0,0,1,0,0,0,1,0,1,0,0,0,0,0,0,1,T1059.001,atomic_red_team,data\datasets\splunk_attack_data\datasets\attack_techniques\T1059.001\atomic_red_team\windows-sysmon.log
win-dc-228.attackrange.local,{5ABCFE62-84AA-603E-D300-00000000AD01},2021-03-04 13:58:25+00:00,1,1,0,0,1,0,0,0,1,0,1,0,0,0,0,0,0,1,T1059.001,atomic_red_team,data\datasets\splunk_attack_data\datasets\attack_techniques\T1059.001\atomic_red_team\windows-sysmon.log
win-dc-228.attackrange.local,{5ABCFE62-84AA-603E-D300-00000000AD01},2021-03-04 13:58:30+00:00,1,1,0,0,1,0,0,0,1,0,1,0,0,0,0,0,0,1,T1059.001,atomic_red_team,data\datasets\splunk_attack_data\datasets\attack_techniques\T1059.001\atomic_red_team\windows-sysmon.log
win-dc-228.attackrange.local,{5ABCFE62-84AA-603E-D300-00000000AD01},2021-03-04 13:58:35+00:00,1,1,0,0,1,0,0,0,1,0,1,0,0,0,0,0,0,1,T1059.001,atomic_red_team,data\datasets\splunk_attack_data\datasets\attack_techniques\T1059.001\atomic_red_team\windows-sysmon.log
win-dc-228.attackrange.local,{5ABCFE62-84AA-603E-D300-00000000AD01},2021-03-04 13:58:40+00:00,1,1,0,0,1,0,0,0,1,0,1,0,0,0,0,0,0,1,T1059.001,atomic_red_team,data\datasets\splunk_attack_data\datasets\attack_techniques\T1059.001\atomic_red_team\windows-sysmon.log
win-dc-228.attackrange.local,{5ABCFE62-84AA-603E-D300-00000000AD01},2021-03-04 13:58:45+00:00,1,1,0,0,1,0,0,0,1,0,1,0,0,0,0,0,0,1,T1059.001,atomic_red_team,data\datasets\splunk_attack_data\datasets\attack_techniques\T1059.001\atomic_red_team\windows-sysmon.log
win-dc-228.attackrange.local,{5ABCFE62-84AA-603E-D300-00000000AD01},2021-03-04 13:58:50+00:00,1,1,0,0,1,0,0,0,1,0,1,0,0,0,0,0,0,1,T1059.001,atomic_red_team,data\datasets\splunk_attack_data\datasets\attack_techniques\T1059.001\atomic_red_team\windows-sysmon.log
win-dc-228.attackrange.local,{5ABCFE62-84AA-603E-D300-00000000AD01},2021-03-04 13:58:55+00:00,1,1,0,0,1,0,0,0,1,0,1,0,0,0,0,0,0,1,T1059.001,atomic_red_team,data\datasets\splunk_attack_data\datasets\attack_techniques\T1059.001\atomic_red_team\windows-sysmon.log
win-dc-228.attackrange.local,{5ABCFE62-84AA-603E-D300-00000000AD01},2021-03-04 13:59:00+00:00,1,1,0,0,1,0,0,0,1,0,1,0,0,0,0,0,0,1,T1059.001,atomic_red_team,data\datasets\splunk_attack_data\datasets\attack_techniques\T1059.001\atomic_red_team\windows-sysmon.log
win-dc-228.attackrange.local,{5ABCFE62-84AA-603E-D300-00000000AD01},2021-03-04 13:59:05+00:00,1,1,0,0,1,0,0,0,1,0,1,0,0,0,0,0,0,1,T1059.001,atomic_red_team,data\datasets\splunk_attack_data\datasets\attack_techniques\T1059.001\atomic_red_team\windows-sysmon.log
win-dc-228.attackrange.local,{5ABCFE62-84AA-603E-D300-00000000AD01},2021-03-04 13:59:10+00:00,1,1,0,0,1,0,0,0,1,0,1,0,0,0,0,0,0,1,T1059.001,atomic_red_team,data\datasets\splunk_attack_data\datasets\attack_techniques\T1059.001\atomic_red_team\windows-sysmon.log
win-dc-228.attackrange.local,{5ABCFE62-84AA-603E-D300-00000000AD01},2021-03-04 13:59:15+00:00,1,1,0,0,1,0,0,0,1,0,1,0,0,0,0,0,0,1,T1059.001,atomic_red_team,data\datasets\splunk_attack_data\datasets\attack_techniques\T1059.001\atomic_red_team\windows-sysmon.log
win-dc-228.attackrange.local,{5ABCFE62-84AA-603E-D300-00000000AD01},2021-03-04 13:59:20+00:00,1,1,0,0,1,0,0,0,1,0,1,0,0,0,0,0,0,1,T1059.001,atomic_red_team,data\datasets\splunk_attack_data\datasets\attack_techniques\T1059.001\atomic_red_team\windows-sysmon.log
win-dc-228.attackrange.local,{5ABCFE62-84AA-603E-D300-00000000AD01},2021-03-04 13:59:25+00:00,1,1,0,0,1,0,0,0,1,0,1,0,0,0,0,0,0,1,T1059.001,atomic_red_team,data\datasets\splunk_attack_data\datasets\attack_techniques\T1059.001\atomic_red_team\windows-sysmon.log
win-dc-228.attackrange.local,{5ABCFE62-84AA-603E-D300-00000000AD01},2021-03-04 13:59:30+00:00,1,1,0,0,1,0,0,0,1,0,1,0,0,0,0,0,0,1,T1059.001,atomic_red_team,data\datasets\splunk_attack_data\datasets\attack_techniques\T1059.001\atomic_red_team\windows-sysmon.log
win-dc-228.attackrange.local,{5ABCFE62-84AA-603E-D300-00000000AD01},2021-03-04 13:59:35+00:00,1,1,0,0,1,0,0,0,1,0,1,0,0,0,0,0,0,1,T1059.001,atomic_red_team,data\datasets\splunk_attack_data\datasets\attack_techniques\T1059.001\atomic_red_team\windows-sysmon.log
win-dc-228.attackrange.local,{5ABCFE62-84AA-603E-D300-00000000AD01},2021-03-04 13:59:40+00:00,1,1,0,0,1,0,0,0,1,0,1,0,0,0,0,0,0,1,T1059.001,atomic_red_team,data\datasets\splunk_attack_data\datasets\attack_techniques\T1059.001\atomic_red_team\windows-sysmon.log
win-dc-228.attackrange.local,{5ABCFE62-84AA-603E-D300-00000000AD01},2021-03-04 13:59:45+00:00,1,1,0,0,1,0,0,0,1,0,1,0,0,0,0,0,0,1,T1059.001,atomic_red_team,data\datasets\splunk_attack_data\datasets\attack_techniques\T1059.001\atomic_red_team\windows-sysmon.log
win-dc-228.attackrange.local,{5ABCFE62-84AA-603E-D300-00000000AD01},2021-03-04 13:59:50+00:00,1,1,0,0,1,0,0,0,1,0,1,0,0,0,0,0,0,1,T1059.001,atomic_red_team,data\datasets\splunk_attack_data\datasets\attack_techniques\T1059.001\atomic_red_team\windows-sysmon.log
win-dc-228.attackrange.local,{5ABCFE62-84AA-603E-D300-00000000AD01},2021-03-04 13:59:55+00:00,1,1,0,0,1,0,0,0,1,0,1,0,0,0,0,0,0,1,T1059.001,atomic_red_team,data\datasets\splunk_attack_data\datasets\attack_techniques\T1059.001\atomic_red_team\windows-sysmon.log
win-dc-228.attackrange.local,{5ABCFE62-84AA-603E-D300-00000000AD01},2021-03-04 14:00:00+00:00,1,1,0,0,1,0,0,0,1,0,1,0,0,0,0,0,0,1,T1059.001,atomic_red_team,data\datasets\splunk_attack_data\datasets\attack_techniques\T1059.001\atomic_red_team\windows-sysmon.log
win-dc-228.attackrange.local,{5ABCFE62-84AA-603E-D300-00000000AD01},2021-03-04 14:00:05+00:00,1,1,0,0,1,0,0,0,1,0,1,0,0,0,0,0,0,1,T1059.001,atomic_red_team,data\datasets\splunk_attack_data\datasets\attack_techniques\T1059.001\atomic_red_team\windows-sysmon.log
win-dc-228.attackrange.local,{5ABCFE62-84AA-603E-D300-00000000AD01},2021-03-04 14:00:10+00:00,1,1,0,0,1,0,0,0,1,0,1,0,0,0,0,0,0,1,T1059.001,atomic_red_team,data\datasets\splunk_attack_data\datasets\attack_techniques\T1059.001\atomic_red_team\windows-sysmon.log
win-dc-228.attackrange.local,{5ABCFE62-84AA-603E-D300-00000000AD01},2021-03-04 14:00:15+00:00,1,1,0,0,1,0,0,0,1,0,1,0,0,0,0,0,0,1,T1059.001,atomic_red_team,data\datasets\splunk_attack_data\datasets\attack_techniques\T1059.001\atomic_red_team\windows-sysmon.log
win-dc-228.attackrange.local,{5ABCFE62-84AA-603E-D300-00000000AD01},2021-03-04 14:00:20+00:00,1,1,0,0,1,0,0,0,1,0,1,0,0,0,0,0,0,1,T1059.001,atomic_red_team,data\datasets\splunk_attack_data\datasets\attack_techniques\T1059.001\atomic_red_team\windows-sysmon.log
win-dc-228.attackrange.local,{5ABCFE62-84AA-603E-D300-00000000AD01},2021-03-04 14:00:25+00:00,1,1,0,0,1,0,0,0,1,0,1,0,0,0,0,0,0,1,T1059.001,atomic_red_team,data\datasets\splunk_attack_data\datasets\attack_techniques\T1059.001\atomic_red_team\windows-sysmon.log
win-dc-228.attackrange.local,{5ABCFE62-84AA-603E-D300-00000000AD01},2021-03-04 14:00:35+00:00,1,1,0,0,1,0,0,0,1,0,1,0,0,0,0,0,0,1,T1059.001,atomic_red_team,data\datasets\splunk_attack_data\datasets\attack_techniques\T1059.001\atomic_red_team\windows-sysmon.log
win-dc-228.attackrange.local,{5ABCFE62-84AA-603E-D300-00000000AD01},2021-03-04 14:00:40+00:00,1,1,0,0,1,0,0,0,1,0,1,0,0,0,0,0,0,1,T1059.001,atomic_red_team,data\datasets\splunk_attack_data\datasets\attack_techniques\T1059.001\atomic_red_team\windows-sysmon.log
win-dc-228.attackrange.local,{5ABCFE62-84AA-603E-D300-00000000AD01},2021-03-04 14:00:45+00:00,1,1,0,0,1,0,0,0,1,0,1,0,0,0,0,0,0,1,T1059.001,atomic_red_team,data\datasets\splunk_attack_data\datasets\attack_techniques\T1059.001\atomic_red_team\windows-sysmon.log
win-dc-228.attackrange.local,{5ABCFE62-84AA-603E-D300-00000000AD01},2021-03-04 14:00:50+00:00,1,1,0,0,1,0,0,0,1,0,1,0,0,0,0,0,0,1,T1059.001,atomic_red_team,data\datasets\splunk_attack_data\datasets\attack_techniques\T1059.001\atomic_red_team\windows-sysmon.log
win-dc-228.attackrange.local,{5ABCFE62-84AA-603E-D300-00000000AD01},2021-03-04 14:00:55+00:00,1,1,0,0,1,0,0,0,1,0,1,0,0,0,0,0,0,1,T1059.001,atomic_red_team,data\datasets\splunk_attack_data\datasets\attack_techniques\T1059.001\atomic_red_team\windows-sysmon.log
win-dc-228.attackrange.local,{5ABCFE62-84AA-603E-D300-00000000AD01},2021-03-04 14:01:00+00:00,1,1,0,0,1,0,0,0,1,0,1,0,0,0,0,0,0,1,T1059.001,atomic_red_team,data\datasets\splunk_attack_data\datasets\attack_techniques\T1059.001\atomic_red_team\windows-sysmon.log
win-dc-228.attackrange.local,{5ABCFE62-84AA-603E-D300-00000000AD01},2021-03-04 14:01:05+00:00,1,1,0,0,1,0,0,0,1,0,1,0,0,0,0,0,0,1,T1059.001,atomic_red_team,data\datasets\splunk_attack_data\datasets\attack_techniques\T1059.001\atomic_red_team\windows-sysmon.log
win-dc-228.attackrange.local,{5ABCFE62-84AA-603E-D300-00000000AD01},2021-03-04 14:01:10+00:00,1,1,0,0,1,0,0,0,1,0,1,0,0,0,0,0,0,1,T1059.001,atomic_red_team,data\datasets\splunk_attack_data\datasets\attack_techniques\T1059.001\atomic_red_team\windows-sysmon.log
win-dc-228.attackrange.local,{5ABCFE62-84AA-603E-D300-00000000AD01},2021-03-04 14:01:15+00:00,1,1,0,0,1,0,0,0,1,0,1,0,0,0,0,0,0,1,T1059.001,atomic_red_team,data\datasets\splunk_attack_data\datasets\attack_techniques\T1059.001\atomic_red_team\windows-sysmon.log
win-dc-228.attackrange.local,{5ABCFE62-84AA-603E-D300-00000000AD01},2021-03-04 14:01:20+00:00,1,1,0,0,1,0,0,0,1,0,1,0,0,0,0,0,0,1,T1059.001,atomic_red_team,data\datasets\splunk_attack_data\datasets\attack_techniques\T1059.001\atomic_red_team\windows-sysmon.log
win-dc-228.attackrange.local,{5ABCFE62-84AA-603E-D300-00000000AD01},2021-03-04 14:01:25+00:00,1,1,0,0,1,0,0,0,1,0,1,0,0,0,0,0,0,1,T1059.001,atomic_red_team,data\datasets\splunk_attack_data\datasets\attack_techniques\T1059.001\atomic_red_team\windows-sysmon.log
win-dc-228.attackrange.local,{5ABCFE62-84AA-603E-D300-00000000AD01},2021-03-04 14:01:30+00:00,1,1,0,0,1,0,0,0,1,0,1,0,0,0,0,0,0,1,T1059.001,atomic_red_team,data\datasets\splunk_attack_data\datasets\attack_techniques\T1059.001\atomic_red_team\windows-sysmon.log
win-dc-228.attackrange.local,{5ABCFE62-84AA-603E-D300-00000000AD01},2021-03-04 14:01:35+00:00,1,1,0,0,1,0,0,0,1,0,1,0,0,0,0,0,0,1,T1059.001,atomic_red_team,data\datasets\splunk_attack_data\datasets\attack_techniques\T1059.001\atomic_red_team\windows-sysmon.log
win-dc-228.attackrange.local,{5ABCFE62-84AA-603E-D300-00000000AD01},2021-03-04 14:01:40+00:00,1,1,0,0,1,0,0,0,1,0,1,0,0,0,0,0,0,1,T1059.001,atomic_red_team,data\datasets\splunk_attack_data\datasets\attack_techniques\T1059.001\atomic_red_team\windows-sysmon.log
win-dc-228.attackrange.local,{5ABCFE62-84AA-603E-D300-00000000AD01},2021-03-04 14:01:45+00:00,1,1,0,0,1,0,0,0,1,0,1,0,0,0,0,0,0,1,T1059.001,atomic_red_team,data\datasets\splunk_attack_data\datasets\attack_techniques\T1059.001\atomic_red_team\windows-sysmon.log
win-dc-228.attackrange.local,{5ABCFE62-84AA-603E-D300-00000000AD01},2021-03-04 14:01:50+00:00,1,1,0,0,1,0,0,0,1,0,1,0,0,0,0,0,0,1,T1059.001,atomic_red_team,data\datasets\splunk_attack_data\datasets\attack_techniques\T1059.001\atomic_red_team\windows-sysmon.log
win-dc-228.attackrange.local,{5ABCFE62-84AA-603E-D300-00000000AD01},2021-03-04 14:01:55+00:00,1,1,0,0,1,0,0,0,1,0,1,0,0,0,0,0,0,1,T1059.001,atomic_red_team,data\datasets\splunk_attack_data\datasets\attack_techniques\T1059.001\atomic_red_team\windows-sysmon.log
win-dc-228.attackrange.local,{5ABCFE62-84AA-603E-D300-00000000AD01},2021-03-04 14:02:00+00:00,1,1,0,0,1,0,0,0,1,0,1,0,0,0,0,0,0,1,T1059.001,atomic_red_team,data\datasets\splunk_attack_data\datasets\attack_techniques\T1059.001\atomic_red_team\windows-sysmon.log
win-dc-228.attackrange.local,{5ABCFE62-84AA-603E-D300-00000000AD01},2021-03-04 14:02:05+00:00,1,1,0,0,1,0,0,0,1,0,1,0,0,0,0,0,0,1,T1059.001,atomic_red_team,data\datasets\splunk_attack_data\datasets\attack_techniques\T1059.001\atomic_red_team\windows-sysmon.log
win-dc-228.attackrange.local,{5ABCFE62-84AA-603E-D300-00000000AD01},2021-03-04 14:02:15+00:00,1,1,0,0,1,0,0,0,1,0,1,0,0,0,0,0,0,1,T1059.001,atomic_red_team,data\datasets\splunk_attack_data\datasets\attack_techniques\T1059.001\atomic_red_team\windows-sysmon.log
win-dc-228.attackrange.local,{5ABCFE62-84AA-603E-D300-00000000AD01},2021-03-04 14:02:20+00:00,1,1,0,0,1,0,0,0,1,0,1,0,0,0,0,0,0,1,T1059.001,atomic_red_team,data\datasets\splunk_attack_data\datasets\attack_techniques\T1059.001\atomic_red_team\windows-sysmon.log
win-dc-228.attackrange.local,{5ABCFE62-84AA-603E-D300-00000000AD01},2021-03-04 14:02:25+00:00,1,1,0,0,1,0,0,0,1,0,1,0,0,0,0,0,0,1,T1059.001,atomic_red_team,data\datasets\splunk_attack_data\datasets\attack_techniques\T1059.001\atomic_red_team\windows-sysmon.log
win-dc-228.attackrange.local,{5ABCFE62-84AA-603E-D300-00000000AD01},2021-03-04 14:02:30+00:00,1,1,0,0,1,0,0,0,1,0,1,0,0,0,0,0,0,1,T1059.001,atomic_red_team,data\datasets\splunk_attack_data\datasets\attack_techniques\T1059.001\atomic_red_team\windows-sysmon.log
win-dc-228.attackrange.local,{5ABCFE62-84AA-603E-D300-00000000AD01},2021-03-04 14:02:35+00:00,1,1,0,0,1,0,0,0,1,0,1,0,0,0,0,0,0,1,T1059.001,atomic_red_team,data\datasets\splunk_attack_data\datasets\attack_techniques\T1059.001\atomic_red_team\windows-sysmon.log
win-dc-228.attackrange.local,{5ABCFE62-84AA-603E-D300-00000000AD01},2021-03-04 14:02:40+00:00,1,1,0,0,1,0,0,0,1,0,1,0,0,0,0,0,0,1,T1059.001,atomic_red_team,data\datasets\splunk_attack_data\datasets\attack_techniques\T1059.001\atomic_red_team\windows-sysmon.log
win-dc-228.attackrange.local,{5ABCFE62-84AA-603E-D300-00000000AD01},2021-03-04 14:02:45+00:00,1,1,0,0,1,0,0,0,1,0,1,0,0,0,0,0,0,1,T1059.001,atomic_red_team,data\datasets\splunk_attack_data\datasets\attack_techniques\T1059.001\atomic_red_team\windows-sysmon.log
win-dc-228.attackrange.local,{5ABCFE62-84AA-603E-D300-00000000AD01},2021-03-04 14:02:50+00:00,1,1,0,0,1,0,0,0,1,0,1,0,0,0,0,0,0,1,T1059.001,atomic_red_team,data\datasets\splunk_attack_data\datasets\attack_techniques\T1059.001\atomic_red_team\windows-sysmon.log
win-dc-228.attackrange.local,{5ABCFE62-84AA-603E-D300-00000000AD01},2021-03-04 14:02:55+00:00,1,1,0,0,1,0,0,0,1,0,1,0,0,0,0,0,0,1,T1059.001,atomic_red_team,data\datasets\splunk_attack_data\datasets\attack_techniques\T1059.001\atomic_red_team\windows-sysmon.log
win-dc-228.attackrange.local,{5ABCFE62-84AA-603E-D300-00000000AD01},2021-03-04 14:03:00+00:00,1,1,0,0,1,0,0,0,1,0,1,0,0,0,0,0,0,1,T1059.001,atomic_red_team,data\datasets\splunk_attack_data\datasets\attack_techniques\T1059.001\atomic_red_team\windows-sysmon.log
win-dc-228.attackrange.local,{5ABCFE62-84AA-603E-D300-00000000AD01},2021-03-04 14:03:05+00:00,1,1,0,0,1,0,0,0,1,0,1,0,0,0,0,0,0,1,T1059.001,atomic_red_team,data\datasets\splunk_attack_data\datasets\attack_techniques\T1059.001\atomic_red_team\windows-sysmon.log
win-dc-228.attackrange.local,{5ABCFE62-84AA-603E-D300-00000000AD01},2021-03-04 14:03:10+00:00,1,1,0,0,1,0,0,0,1,0,1,0,0,0,0,0,0,1,T1059.001,atomic_red_team,data\datasets\splunk_attack_data\datasets\attack_techniques\T1059.001\atomic_red_team\windows-sysmon.log
win-dc-228.attackrange.local,{5ABCFE62-84AA-603E-D300-00000000AD01},2021-03-04 14:03:15+00:00,1,1,0,0,1,0,0,0,1,0,1,0,0,0,0,0,0,1,T1059.001,atomic_red_team,data\datasets\splunk_attack_data\datasets\attack_techniques\T1059.001\atomic_red_team\windows-sysmon.log
win-dc-228.attackrange.local,{5ABCFE62-84AA-603E-D300-00000000AD01},2021-03-04 14:03:20+00:00,1,1,0,0,1,0,0,0,1,0,1,0,0,0,0,0,0,1,T1059.001,atomic_red_team,data\datasets\splunk_attack_data\datasets\attack_techniques\T1059.001\atomic_red_team\windows-sysmon.log
win-dc-228.attackrange.local,{5ABCFE62-84AA-603E-D300-00000000AD01},2021-03-04 14:03:25+00:00,1,1,0,0,1,0,0,0,1,0,1,0,0,0,0,0,0,1,T1059.001,atomic_red_team,data\datasets\splunk_attack_data\datasets\attack_techniques\T1059.001\atomic_red_team\windows-sysmon.log
win-dc-228.attackrange.local,{5ABCFE62-84AA-603E-D300-00000000AD01},2021-03-04 14:03:30+00:00,1,1,0,0,1,0,0,0,1,0,1,0,0,0,0,0,0,1,T1059.001,atomic_red_team,data\datasets\splunk_attack_data\datasets\attack_techniques\T1059.001\atomic_red_team\windows-sysmon.log
win-dc-228.attackrange.local,{5ABCFE62-84AA-603E-D300-00000000AD01},2021-03-04 14:03:35+00:00,1,1,0,0,1,0,0,0,1,0,1,0,0,0,0,0,0,1,T1059.001,atomic_red_team,data\datasets\splunk_attack_data\datasets\attack_techniques\T1059.001\atomic_red_team\windows-sysmon.log
win-dc-228.attackrange.local,{5ABCFE62-84AA-603E-D300-00000000AD01},2021-03-04 14:03:40+00:00,1,1,0,0,1,0,0,0,1,0,1,0,0,0,0,0,0,1,T1059.001,atomic_red_team,data\datasets\splunk_attack_data\datasets\attack_techniques\T1059.001\atomic_red_team\windows-sysmon.log
win-dc-228.attackrange.local,{5ABCFE62-84AA-603E-D300-00000000AD01},2021-03-04 14:03:45+00:00,1,1,0,0,1,0,0,0,1,0,1,0,0,0,0,0,0,1,T1059.001,atomic_red_team,data\datasets\splunk_attack_data\datasets\attack_techniques\T1059.001\atomic_red_team\windows-sysmon.log
win-dc-228.attackrange.local,{5ABCFE62-84AA-603E-D300-00000000AD01},2021-03-04 14:03:50+00:00,1,1,0,0,1,0,0,0,1,0,1,0,0,0,0,0,0,1,T1059.001,atomic_red_team,data\datasets\splunk_attack_data\datasets\attack_techniques\T1059.001\atomic_red_team\windows-sysmon.log
win-dc-228.attackrange.local,{5ABCFE62-84AA-603E-D300-00000000AD01},2021-03-04 14:03:55+00:00,1,1,0,0,1,0,0,0,1,0,1,0,0,0,0,0,0,1,T1059.001,atomic_red_team,data\datasets\splunk_attack_data\datasets\attack_techniques\T1059.001\atomic_red_team\windows-sysmon.log
win-dc-228.attackrange.local,{5ABCFE62-84AA-603E-D300-00000000AD01},2021-03-04 14:04:00+00:00,1,1,0,0,1,0,0,0,1,0,1,0,0,0,0,0,0,1,T1059.001,atomic_red_team,data\datasets\splunk_attack_data\datasets\attack_techniques\T1059.001\atomic_red_team\windows-sysmon.log
win-dc-228.attackrange.local,{5ABCFE62-84AA-603E-D300-00000000AD01},2021-03-04 14:04:05+00:00,1,1,0,0,1,0,0,0,1,0,1,0,0,0,0,0,0,1,T1059.001,atomic_red_team,data\datasets\splunk_attack_data\datasets\attack_techniques\T1059.001\atomic_red_team\windows-sysmon.log
win-dc-228.attackrange.local,{5ABCFE62-84AA-603E-D300-00000000AD01},2021-03-04 14:04:10+00:00,1,1,0,0,1,0,0,0,1,0,1,0,0,0,0,0,0,1,T1059.001,atomic_red_team,data\datasets\splunk_attack_data\datasets\attack_techniques\T1059.001\atomic_red_team\windows-sysmon.log
win-dc-228.attackrange.local,{5ABCFE62-84AA-603E-D300-00000000AD01},2021-03-04 14:04:15+00:00,1,1,0,0,1,0,0,0,1,0,1,0,0,0,0,0,0,1,T1059.001,atomic_red_team,data\datasets\splunk_attack_data\datasets\attack_techniques\T1059.001\atomic_red_team\windows-sysmon.log
win-dc-228.attackrange.local,{5ABCFE62-84AA-603E-D300-00000000AD01},2021-03-04 14:04:20+00:00,1,1,0,0,1,0,0,0,1,0,1,0,0,0,0,0,0,1,T1059.001,atomic_red_team,data\datasets\splunk_attack_data\datasets\attack_techniques\T1059.001\atomic_red_team\windows-sysmon.log
win-dc-228.attackrange.local,{5ABCFE62-84AA-603E-D300-00000000AD01},2021-03-04 14:04:30+00:00,1,1,0,0,1,0,0,0,1,0,1,0,0,0,0,0,0,1,T1059.001,atomic_red_team,data\datasets\splunk_attack_data\datasets\attack_techniques\T1059.001\atomic_red_team\windows-sysmon.log
win-dc-228.attackrange.local,{5ABCFE62-84AA-603E-D300-00000000AD01},2021-03-04 14:04:35+00:00,1,1,0,0,1,0,0,0,1,0,1,0,0,0,0,0,0,1,T1059.001,atomic_red_team,data\datasets\splunk_attack_data\datasets\attack_techniques\T1059.001\atomic_red_team\windows-sysmon.log
win-dc-228.attackrange.local,{5ABCFE62-84AA-603E-D300-00000000AD01},2021-03-04 14:04:40+00:00,1,1,0,0,1,0,0,0,1,0,1,0,0,0,0,0,0,1,T1059.001,atomic_red_team,data\datasets\splunk_attack_data\datasets\attack_techniques\T1059.001\atomic_red_team\windows-sysmon.log
win-dc-228.attackrange.local,{5ABCFE62-84AA-603E-D300-00000000AD01},2021-03-04 14:04:45+00:00,1,1,0,0,1,0,0,0,1,0,1,0,0,0,0,0,0,1,T1059.001,atomic_red_team,data\datasets\splunk_attack_data\datasets\attack_techniques\T1059.001\atomic_red_team\windows-sysmon.log
win-dc-228.attackrange.local,{5ABCFE62-84AA-603E-D300-00000000AD01},2021-03-04 14:04:50+00:00,1,1,0,0,1,0,0,0,1,0,1,0,0,0,0,0,0,1,T1059.001,atomic_red_team,data\datasets\splunk_attack_data\datasets\attack_techniques\T1059.001\atomic_red_team\windows-sysmon.log
win-dc-228.attackrange.local,{5ABCFE62-84AA-603E-D300-00000000AD01},2021-03-04 14:04:55+00:00,1,1,0,0,1,0,0,0,1,0,1,0,0,0,0,0,0,1,T1059.001,atomic_red_team,data\datasets\splunk_attack_data\datasets\attack_techniques\T1059.001\atomic_red_team\windows-sysmon.log
win-dc-228.attackrange.local,{5ABCFE62-84AA-603E-D300-00000000AD01},2021-03-04 14:05:00+00:00,1,1,0,0,1,0,0,0,1,0,1,0,0,0,0,0,0,1,T1059.001,atomic_red_team,data\datasets\splunk_attack_data\datasets\attack_techniques\T1059.001\atomic_red_team\windows-sysmon.log
win-dc-228.attackrange.local,{5ABCFE62-84AA-603E-D300-00000000AD01},2021-03-04 14:05:05+00:00,1,1,0,0,1,0,0,0,1,0,1,0,0,0,0,0,0,1,T1059.001,atomic_red_team,data\datasets\splunk_attack_data\datasets\attack_techniques\T1059.001\atomic_red_team\windows-sysmon.log
win-dc-228.attackrange.local,{5ABCFE62-84AA-603E-D300-00000000AD01},2021-03-04 14:05:10+00:00,1,1,0,0,1,0,0,0,1,0,1,0,0,0,0,0,0,1,T1059.001,atomic_red_team,data\datasets\splunk_attack_data\datasets\attack_techniques\T1059.001\atomic_red_team\windows-sysmon.log
win-dc-228.attackrange.local,{5ABCFE62-84AA-603E-D300-00000000AD01},2021-03-04 14:05:15+00:00,1,1,0,0,1,0,0,0,1,0,1,0,0,0,0,0,0,1,T1059.001,atomic_red_team,data\datasets\splunk_attack_data\datasets\attack_techniques\T1059.001\atomic_red_team\windows-sysmon.log
win-dc-228.attackrange.local,{5ABCFE62-84AA-603E-D300-00000000AD01},2021-03-04 14:05:20+00:00,1,1,0,0,1,0,0,0,1,0,1,0,0,0,0,0,0,1,T1059.001,atomic_red_team,data\datasets\splunk_attack_data\datasets\attack_techniques\T1059.001\atomic_red_team\windows-sysmon.log
win-dc-228.attackrange.local,{5ABCFE62-84AA-603E-D300-00000000AD01},2021-03-04 14:05:25+00:00,1,1,0,0,1,0,0,0,1,0,1,0,0,0,0,0,0,1,T1059.001,atomic_red_team,data\datasets\splunk_attack_data\datasets\attack_techniques\T1059.001\atomic_red_team\windows-sysmon.log
win-dc-228.attackrange.local,{5ABCFE62-84AA-603E-D300-00000000AD01},2021-03-04 14:05:30+00:00,1,1,0,0,1,0,0,0,1,0,1,0,0,0,0,0,0,1,T1059.001,atomic_red_team,data\datasets\splunk_attack_data\datasets\attack_techniques\T1059.001\atomic_red_team\windows-sysmon.log
win-dc-228.attackrange.local,{5ABCFE62-84AA-603E-D300-00000000AD01},2021-03-04 14:05:35+00:00,1,1,0,0,1,0,0,0,1,0,1,0,0,0,0,0,0,1,T1059.001,atomic_red_team,data\datasets\splunk_attack_data\datasets\attack_techniques\T1059.001\atomic_red_team\windows-sysmon.log
win-dc-228.attackrange.local,{5ABCFE62-84AA-603E-D300-00000000AD01},2021-03-04 14:05:40+00:00,1,1,0,0,1,0,0,0,1,0,1,0,0,0,0,0,0,1,T1059.001,atomic_red_team,data\datasets\splunk_attack_data\datasets\attack_techniques\T1059.001\atomic_red_team\windows-sysmon.log
win-dc-228.attackrange.local,{5ABCFE62-84AA-603E-D300-00000000AD01},2021-03-04 14:05:45+00:00,1,1,0,0,1,0,0,0,1,0,1,0,0,0,0,0,0,1,T1059.001,atomic_red_team,data\datasets\splunk_attack_data\datasets\attack_techniques\T1059.001\atomic_red_team\windows-sysmon.log
win-dc-228.attackrange.local,{5ABCFE62-84AA-603E-D300-00000000AD01},2021-03-04 14:05:50+00:00,1,1,0,0,1,0,0,0,1,0,1,0,0,0,0,0,0,1,T1059.001,atomic_red_team,data\datasets\splunk_attack_data\datasets\attack_techniques\T1059.001\atomic_red_team\windows-sysmon.log
win-dc-228.attackrange.local,{5ABCFE62-84AA-603E-D300-00000000AD01},2021-03-04 14:05:55+00:00,1,1,0,0,1,0,0,0,1,0,1,0,0,0,0,0,0,1,T1059.001,atomic_red_team,data\datasets\splunk_attack_data\datasets\attack_techniques\T1059.001\atomic_red_team\windows-sysmon.log
win-dc-228.attackrange.local,{5ABCFE62-84AA-603E-D300-00000000AD01},2021-03-04 14:06:00+00:00,1,1,0,0,1,0,0,0,1,0,1,0,0,0,0,0,0,1,T1059.001,atomic_red_team,data\datasets\splunk_attack_data\datasets\attack_techniques\T1059.001\atomic_red_team\windows-sysmon.log
win-dc-228.attackrange.local,{5ABCFE62-84AA-603E-D300-00000000AD01},2021-03-04 14:06:05+00:00,1,1,0,0,1,0,0,0,1,0,1,0,0,0,0,0,0,1,T1059.001,atomic_red_team,data\datasets\splunk_attack_data\datasets\attack_techniques\T1059.001\atomic_red_team\windows-sysmon.log
win-dc-228.attackrange.local,{5ABCFE62-84AA-603E-D300-00000000AD01},2021-03-04 14:06:15+00:00,1,1,0,0,1,0,0,0,1,0,1,0,0,0,0,0,0,1,T1059.001,atomic_red_team,data\datasets\splunk_attack_data\datasets\attack_techniques\T1059.001\atomic_red_team\windows-sysmon.log
win-dc-228.attackrange.local,{5ABCFE62-84AA-603E-D300-00000000AD01},2021-03-04 14:06:20+00:00,1,1,0,0,1,0,0,0,1,0,1,0,0,0,0,0,0,1,T1059.001,atomic_red_team,data\datasets\splunk_attack_data\datasets\attack_techniques\T1059.001\atomic_red_team\windows-sysmon.log
win-dc-228.attackrange.local,{5ABCFE62-84AA-603E-D300-00000000AD01},2021-03-04 14:06:25+00:00,1,1,0,0,1,0,0,0,1,0,1,0,0,0,0,0,0,1,T1059.001,atomic_red_team,data\datasets\splunk_attack_data\datasets\attack_techniques\T1059.001\atomic_red_team\windows-sysmon.log
win-dc-228.attackrange.local,{5ABCFE62-84AA-603E-D300-00000000AD01},2021-03-04 14:06:30+00:00,1,1,0,0,1,0,0,0,1,0,1,0,0,0,0,0,0,1,T1059.001,atomic_red_team,data\datasets\splunk_attack_data\datasets\attack_techniques\T1059.001\atomic_red_team\windows-sysmon.log
win-dc-228.attackrange.local,{5ABCFE62-84AA-603E-D300-00000000AD01},2021-03-04 14:06:35+00:00,1,1,0,0,1,0,0,0,1,0,1,0,0,0,0,0,0,1,T1059.001,atomic_red_team,data\datasets\splunk_attack_data\datasets\attack_techniques\T1059.001\atomic_red_team\windows-sysmon.log
win-dc-228.attackrange.local,{5ABCFE62-84AA-603E-D300-00000000AD01},2021-03-04 14:06:40+00:00,1,1,0,0,1,0,0,0,1,0,1,0,0,0,0,0,0,1,T1059.001,atomic_red_team,data\datasets\splunk_attack_data\datasets\attack_techniques\T1059.001\atomic_red_team\windows-sysmon.log
win-dc-228.attackrange.local,{5ABCFE62-84AA-603E-D300-00000000AD01},2021-03-04 14:06:45+00:00,1,1,0,0,1,0,0,0,1,0,1,0,0,0,0,0,0,1,T1059.001,atomic_red_team,data\datasets\splunk_attack_data\datasets\attack_techniques\T1059.001\atomic_red_team\windows-sysmon.log
win-dc-228.attackrange.local,{5ABCFE62-84AA-603E-D300-00000000AD01},2021-03-04 14:06:50+00:00,1,1,0,0,1,0,0,0,1,0,1,0,0,0,0,0,0,1,T1059.001,atomic_red_team,data\datasets\splunk_attack_data\datasets\attack_techniques\T1059.001\atomic_red_team\windows-sysmon.log
win-dc-228.attackrange.local,{5ABCFE62-84AA-603E-D300-00000000AD01},2021-03-04 14:06:55+00:00,1,1,0,0,1,0,0,0,1,0,1,0,0,0,0,0,0,1,T1059.001,atomic_red_team,data\datasets\splunk_attack_data\datasets\attack_techniques\T1059.001\atomic_red_team\windows-sysmon.log
win-dc-228.attackrange.local,{5ABCFE62-84AA-603E-D300-00000000AD01},2021-03-04 14:07:00+00:00,1,1,0,0,1,0,0,0,1,0,1,0,0,0,0,0,0,1,T1059.001,atomic_red_team,data\datasets\splunk_attack_data\datasets\attack_techniques\T1059.001\atomic_red_team\windows-sysmon.log
win-dc-228.attackrange.local,{5ABCFE62-84AA-603E-D300-00000000AD01},2021-03-04 14:07:05+00:00,1,1,0,0,1,0,0,0,1,0,1,0,0,0,0,0,0,1,T1059.001,atomic_red_team,data\datasets\splunk_attack_data\datasets\attack_techniques\T1059.001\atomic_red_team\windows-sysmon.log
win-dc-228.attackrange.local,{5ABCFE62-84AA-603E-D300-00000000AD01},2021-03-04 14:07:10+00:00,1,1,0,0,1,0,0,0,1,0,1,0,0,0,0,0,0,1,T1059.001,atomic_red_team,data\datasets\splunk_attack_data\datasets\attack_techniques\T1059.001\atomic_red_team\windows-sysmon.log
win-dc-228.attackrange.local,{5ABCFE62-84AA-603E-D300-00000000AD01},2021-03-04 14:07:15+00:00,1,1,0,0,1,0,0,0,1,0,1,0,0,0,0,0,0,1,T1059.001,atomic_red_team,data\datasets\splunk_attack_data\datasets\attack_techniques\T1059.001\atomic_red_team\windows-sysmon.log
win-dc-228.attackrange.local,{5ABCFE62-84AA-603E-D300-00000000AD01},2021-03-04 14:07:20+00:00,1,1,0,0,1,0,0,0,1,0,1,0,0,0,0,0,0,1,T1059.001,atomic_red_team,data\datasets\splunk_attack_data\datasets\attack_techniques\T1059.001\atomic_red_team\windows-sysmon.log
win-dc-228.attackrange.local,{5ABCFE62-84AA-603E-D300-00000000AD01},2021-03-04 14:07:25+00:00,1,1,0,0,1,0,0,0,1,0,1,0,0,0,0,0,0,1,T1059.001,atomic_red_team,data\datasets\splunk_attack_data\datasets\attack_techniques\T1059.001\atomic_red_team\windows-sysmon.log
win-dc-228.attackrange.local,{5ABCFE62-84AA-603E-D300-00000000AD01},2021-03-04 14:07:30+00:00,1,1,0,0,1,0,0,0,1,0,1,0,0,0,0,0,0,1,T1059.001,atomic_red_team,data\datasets\splunk_attack_data\datasets\attack_techniques\T1059.001\atomic_red_team\windows-sysmon.log
win-dc-228.attackrange.local,{5ABCFE62-84AA-603E-D300-00000000AD01},2021-03-04 14:07:35+00:00,1,1,0,0,1,0,0,0,1,0,1,0,0,0,0,0,0,1,T1059.001,atomic_red_team,data\datasets\splunk_attack_data\datasets\attack_techniques\T1059.001\atomic_red_team\windows-sysmon.log
win-dc-228.attackrange.local,{5ABCFE62-84AA-603E-D300-00000000AD01},2021-03-04 14:07:45+00:00,1,1,0,0,1,0,0,0,1,0,1,0,0,0,0,0,0,1,T1059.001,atomic_red_team,data\datasets\splunk_attack_data\datasets\attack_techniques\T1059.001\atomic_red_team\windows-sysmon.log
win-dc-228.attackrange.local,{5ABCFE62-84AA-603E-D300-00000000AD01},2021-03-04 14:07:50+00:00,1,1,0,0,1,0,0,0,1,0,1,0,0,0,0,0,0,1,T1059.001,atomic_red_team,data\datasets\splunk_attack_data\datasets\attack_techniques\T1059.001\atomic_red_team\windows-sysmon.log
win-dc-228.attackrange.local,{5ABCFE62-84AA-603E-D300-00000000AD01},2021-03-04 14:07:55+00:00,1,1,0,0,1,0,0,0,1,0,1,0,0,0,0,0,0,1,T1059.001,atomic_red_team,data\datasets\splunk_attack_data\datasets\attack_techniques\T1059.001\atomic_red_team\windows-sysmon.log
win-dc-228.attackrange.local,{5ABCFE62-84AA-603E-D300-00000000AD01},2021-03-04 14:08:00+00:00,1,1,0,0,1,0,0,0,1,0,1,0,0,0,0,0,0,1,T1059.001,atomic_red_team,data\datasets\splunk_attack_data\datasets\attack_techniques\T1059.001\atomic_red_team\windows-sysmon.log
win-dc-228.attackrange.local,{5ABCFE62-84AA-603E-D300-00000000AD01},2021-03-04 14:08:05+00:00,1,1,0,0,1,0,0,0,1,0,1,0,0,0,0,0,0,1,T1059.001,atomic_red_team,data\datasets\splunk_attack_data\datasets\attack_techniques\T1059.001\atomic_red_team\windows-sysmon.log
win-dc-228.attackrange.local,{5ABCFE62-84AA-603E-D300-00000000AD01},2021-03-04 14:08:10+00:00,1,1,0,0,1,0,0,0,1,0,1,0,0,0,0,0,0,1,T1059.001,atomic_red_team,data\datasets\splunk_attack_data\datasets\attack_techniques\T1059.001\atomic_red_team\windows-sysmon.log
win-dc-228.attackrange.local,{5ABCFE62-84AA-603E-D300-00000000AD01},2021-03-04 14:08:15+00:00,1,1,0,0,1,0,0,0,1,0,1,0,0,0,0,0,0,1,T1059.001,atomic_red_team,data\datasets\splunk_attack_data\datasets\attack_techniques\T1059.001\atomic_red_team\windows-sysmon.log
win-dc-228.attackrange.local,{5ABCFE62-84AA-603E-D300-00000000AD01},2021-03-04 14:08:20+00:00,1,1,0,0,1,0,0,0,1,0,1,0,0,0,0,0,0,1,T1059.001,atomic_red_team,data\datasets\splunk_attack_data\datasets\attack_techniques\T1059.001\atomic_red_team\windows-sysmon.log
win-dc-228.attackrange.local,{5ABCFE62-84AA-603E-D300-00000000AD01},2021-03-04 14:08:25+00:00,1,1,0,0,1,0,0,0,1,0,1,0,0,0,0,0,0,1,T1059.001,atomic_red_team,data\datasets\splunk_attack_data\datasets\attack_techniques\T1059.001\atomic_red_team\windows-sysmon.log
win-dc-228.attackrange.local,{5ABCFE62-84AA-603E-D300-00000000AD01},2021-03-04 14:08:30+00:00,1,1,0,0,1,0,0,0,1,0,1,0,0,0,0,0,0,1,T1059.001,atomic_red_team,data\datasets\splunk_attack_data\datasets\attack_techniques\T1059.001\atomic_red_team\windows-sysmon.log
win-dc-228.attackrange.local,{5ABCFE62-84AA-603E-D300-00000000AD01},2021-03-04 14:08:35+00:00,1,1,0,0,1,0,0,0,1,0,1,0,0,0,0,0,0,1,T1059.001,atomic_red_team,data\datasets\splunk_attack_data\datasets\attack_techniques\T1059.001\atomic_red_team\windows-sysmon.log
win-dc-228.attackrange.local,{5ABCFE62-84AA-603E-D300-00000000AD01},2021-03-04 14:08:40+00:00,1,1,0,0,1,0,0,0,1,0,1,0,0,0,0,0,0,1,T1059.001,atomic_red_team,data\datasets\splunk_attack_data\datasets\attack_techniques\T1059.001\atomic_red_team\windows-sysmon.log
win-dc-228.attackrange.local,{5ABCFE62-84AA-603E-D300-00000000AD01},2021-03-04 14:08:45+00:00,1,1,0,0,1,0,0,0,1,0,1,0,0,0,0,0,0,1,T1059.001,atomic_red_team,data\datasets\splunk_attack_data\datasets\attack_techniques\T1059.001\atomic_red_team\windows-sysmon.log
win-dc-228.attackrange.local,{5ABCFE62-84AA-603E-D300-00000000AD01},2021-03-04 14:08:50+00:00,1,1,0,0,1,0,0,0,1,0,1,0,0,0,0,0,0,1,T1059.001,atomic_red_team,data\datasets\splunk_attack_data\datasets\attack_techniques\T1059.001\atomic_red_team\windows-sysmon.log
win-dc-228.attackrange.local,{5ABCFE62-84AA-603E-D300-00000000AD01},2021-03-04 14:08:55+00:00,1,1,0,0,1,0,0,0,1,0,1,0,0,0,0,0,0,1,T1059.001,atomic_red_team,data\datasets\splunk_attack_data\datasets\attack_techniques\T1059.001\atomic_red_team\windows-sysmon.log
win-dc-228.attackrange.local,{5ABCFE62-84AA-603E-D300-00000000AD01},2021-03-04 14:09:00+00:00,1,1,0,0,1,0,0,0,1,0,1,0,0,0,0,0,0,1,T1059.001,atomic_red_team,data\datasets\splunk_attack_data\datasets\attack_techniques\T1059.001\atomic_red_team\windows-sysmon.log
win-dc-228.attackrange.local,{5ABCFE62-84AA-603E-D300-00000000AD01},2021-03-04 14:09:05+00:00,1,1,0,0,1,0,0,0,1,0,1,0,0,0,0,0,0,1,T1059.001,atomic_red_team,data\datasets\splunk_attack_data\datasets\attack_techniques\T1059.001\atomic_red_team\windows-sysmon.log
win-dc-228.attackrange.local,{5ABCFE62-84AA-603E-D300-00000000AD01},2021-03-04 14:09:10+00:00,1,1,0,0,1,0,0,0,1,0,1,0,0,0,0,0,0,1,T1059.001,atomic_red_team,data\datasets\splunk_attack_data\datasets\attack_techniques\T1059.001\atomic_red_team\windows-sysmon.log
win-dc-228.attackrange.local,{5ABCFE62-84AA-603E-D300-00000000AD01},2021-03-04 14:09:15+00:00,1,1,0,0,1,0,0,0,1,0,1,0,0,0,0,0,0,1,T1059.001,atomic_red_team,data\datasets\splunk_attack_data\datasets\attack_techniques\T1059.001\atomic_red_team\windows-sysmon.log
win-dc-228.attackrange.local,{5ABCFE62-84AA-603E-D300-00000000AD01},2021-03-04 14:09:20+00:00,1,1,0,0,1,0,0,0,1,0,1,0,0,0,0,0,0,1,T1059.001,atomic_red_team,data\datasets\splunk_attack_data\datasets\attack_techniques\T1059.001\atomic_red_team\windows-sysmon.log
win-dc-228.attackrange.local,{5ABCFE62-84AA-603E-D300-00000000AD01},2021-03-04 14:09:25+00:00,1,1,0,0,1,0,0,0,1,0,1,0,0,0,0,0,0,1,T1059.001,atomic_red_team,data\datasets\splunk_attack_data\datasets\attack_techniques\T1059.001\atomic_red_team\windows-sysmon.log
win-dc-228.attackrange.local,{5ABCFE62-84AA-603E-D300-00000000AD01},2021-03-04 14:09:30+00:00,1,1,0,0,1,0,0,0,1,0,1,0,0,0,0,0,0,1,T1059.001,atomic_red_team,data\datasets\splunk_attack_data\datasets\attack_techniques\T1059.001\atomic_red_team\windows-sysmon.log
win-dc-228.attackrange.local,{5ABCFE62-84AA-603E-D300-00000000AD01},2021-03-04 14:09:35+00:00,1,1,0,0,1,0,0,0,1,0,1,0,0,0,0,0,0,1,T1059.001,atomic_red_team,data\datasets\splunk_attack_data\datasets\attack_techniques\T1059.001\atomic_red_team\windows-sysmon.log
win-dc-228.attackrange.local,{5ABCFE62-84AA-603E-D300-00000000AD01},2021-03-04 14:09:40+00:00,1,1,0,0,1,0,0,0,1,0,1,0,0,0,0,0,0,1,T1059.001,atomic_red_team,data\datasets\splunk_attack_data\datasets\attack_techniques\T1059.001\atomic_red_team\windows-sysmon.log
win-dc-228.attackrange.local,{5ABCFE62-84AA-603E-D300-00000000AD01},2021-03-04 14:09:50+00:00,1,1,0,0,1,0,0,0,1,0,1,0,0,0,0,0,0,1,T1059.001,atomic_red_team,data\datasets\splunk_attack_data\datasets\attack_techniques\T1059.001\atomic_red_team\windows-sysmon.log
win-dc-228.attackrange.local,{5ABCFE62-84AA-603E-D300-00000000AD01},2021-03-04 14:09:55+00:00,1,1,0,0,1,0,0,0,1,0,1,0,0,0,0,0,0,1,T1059.001,atomic_red_team,data\datasets\splunk_attack_data\datasets\attack_techniques\T1059.001\atomic_red_team\windows-sysmon.log
win-dc-228.attackrange.local,{5ABCFE62-84AA-603E-D300-00000000AD01},2021-03-04 14:10:00+00:00,1,1,0,0,1,0,0,0,1,0,1,0,0,0,0,0,0,1,T1059.001,atomic_red_team,data\datasets\splunk_attack_data\datasets\attack_techniques\T1059.001\atomic_red_team\windows-sysmon.log
win-dc-228.attackrange.local,{5ABCFE62-84AA-603E-D300-00000000AD01},2021-03-04 14:10:05+00:00,1,1,0,0,1,0,0,0,1,0,1,0,0,0,0,0,0,1,T1059.001,atomic_red_team,data\datasets\splunk_attack_data\datasets\attack_techniques\T1059.001\atomic_red_team\windows-sysmon.log
win-dc-228.attackrange.local,{5ABCFE62-84AA-603E-D300-00000000AD01},2021-03-04 14:10:10+00:00,1,1,0,0,1,0,0,0,1,0,1,0,0,0,0,0,0,1,T1059.001,atomic_red_team,data\datasets\splunk_attack_data\datasets\attack_techniques\T1059.001\atomic_red_team\windows-sysmon.log
win-dc-228.attackrange.local,{5ABCFE62-84AA-603E-D300-00000000AD01},2021-03-04 14:10:15+00:00,1,1,0,0,1,0,0,0,1,0,1,0,0,0,0,0,0,1,T1059.001,atomic_red_team,data\datasets\splunk_attack_data\datasets\attack_techniques\T1059.001\atomic_red_team\windows-sysmon.log
win-dc-228.attackrange.local,{5ABCFE62-84AA-603E-D300-00000000AD01},2021-03-04 14:10:20+00:00,1,1,0,0,1,0,0,0,1,0,1,0,0,0,0,0,0,1,T1059.001,atomic_red_team,data\datasets\splunk_attack_data\datasets\attack_techniques\T1059.001\atomic_red_team\windows-sysmon.log
win-dc-228.attackrange.local,{5ABCFE62-84AA-603E-D300-00000000AD01},2021-03-04 14:10:25+00:00,1,1,0,0,1,0,0,0,1,0,1,0,0,0,0,0,0,1,T1059.001,atomic_red_team,data\datasets\splunk_attack_data\datasets\attack_techniques\T1059.001\atomic_red_team\windows-sysmon.log
win-dc-228.attackrange.local,{5ABCFE62-84AA-603E-D300-00000000AD01},2021-03-04 14:10:30+00:00,1,1,0,0,1,0,0,0,1,0,1,0,0,0,0,0,0,1,T1059.001,atomic_red_team,data\datasets\splunk_attack_data\datasets\attack_techniques\T1059.001\atomic_red_team\windows-sysmon.log
win-dc-228.attackrange.local,{5ABCFE62-84AA-603E-D300-00000000AD01},2021-03-04 14:10:35+00:00,1,1,0,0,1,0,0,0,1,0,1,0,0,0,0,0,0,1,T1059.001,atomic_red_team,data\datasets\splunk_attack_data\datasets\attack_techniques\T1059.001\atomic_red_team\windows-sysmon.log
win-dc-228.attackrange.local,{5ABCFE62-84AA-603E-D300-00000000AD01},2021-03-04 14:10:40+00:00,1,1,0,0,1,0,0,0,1,0,1,0,0,0,0,0,0,1,T1059.001,atomic_red_team,data\datasets\splunk_attack_data\datasets\attack_techniques\T1059.001\atomic_red_team\windows-sysmon.log
win-dc-228.attackrange.local,{5ABCFE62-84AA-603E-D300-00000000AD01},2021-03-04 14:10:45+00:00,1,1,0,0,1,0,0,0,1,0,1,0,0,0,0,0,0,1,T1059.001,atomic_red_team,data\datasets\splunk_attack_data\datasets\attack_techniques\T1059.001\atomic_red_team\windows-sysmon.log
win-dc-228.attackrange.local,{5ABCFE62-84AA-603E-D300-00000000AD01},2021-03-04 14:10:50+00:00,1,1,0,0,1,0,0,0,1,0,1,0,0,0,0,0,0,1,T1059.001,atomic_red_team,data\datasets\splunk_attack_data\datasets\attack_techniques\T1059.001\atomic_red_team\windows-sysmon.log
win-dc-228.attackrange.local,{5ABCFE62-84AA-603E-D300-00000000AD01},2021-03-04 14:10:55+00:00,1,1,0,0,1,0,0,0,1,0,1,0,0,0,0,0,0,1,T1059.001,atomic_red_team,data\datasets\splunk_attack_data\datasets\attack_techniques\T1059.001\atomic_red_team\windows-sysmon.log
win-dc-228.attackrange.local,{5ABCFE62-84AA-603E-D300-00000000AD01},2021-03-04 14:11:05+00:00,1,1,0,0,1,0,0,0,1,0,1,0,0,0,0,0,0,1,T1059.001,atomic_red_team,data\datasets\splunk_attack_data\datasets\attack_techniques\T1059.001\atomic_red_team\windows-sysmon.log
win-dc-228.attackrange.local,{5ABCFE62-84AA-603E-D300-00000000AD01},2021-03-04 14:11:10+00:00,1,1,0,0,1,0,0,0,1,0,1,0,0,0,0,0,0,1,T1059.001,atomic_red_team,data\datasets\splunk_attack_data\datasets\attack_techniques\T1059.001\atomic_red_team\windows-sysmon.log
win-dc-228.attackrange.local,{5ABCFE62-84AA-603E-D300-00000000AD01},2021-03-04 14:11:15+00:00,1,1,0,0,1,0,0,0,1,0,1,0,0,0,0,0,0,1,T1059.001,atomic_red_team,data\datasets\splunk_attack_data\datasets\attack_techniques\T1059.001\atomic_red_team\windows-sysmon.log
win-dc-228.attackrange.local,{5ABCFE62-84AA-603E-D300-00000000AD01},2021-03-04 14:11:20+00:00,1,1,0,0,1,0,0,0,1,0,1,0,0,0,0,0,0,1,T1059.001,atomic_red_team,data\datasets\splunk_attack_data\datasets\attack_techniques\T1059.001\atomic_red_team\windows-sysmon.log
win-dc-228.attackrange.local,{5ABCFE62-84AF-603E-DC00-00000000AD01},2021-03-03 15:27:35+00:00,6,1,2,0,0,0,6,0,0,0,0,0,0,0,0,6,0,1,T1059.001,atomic_red_team,data\datasets\splunk_attack_data\datasets\attack_techniques\T1059.001\atomic_red_team\windows-sysmon.log
win-dc-228.attackrange.local,{5ABCFE62-84AF-603E-DC00-00000000AD01},2021-03-03 15:27:40+00:00,8,1,2,0,0,0,8,0,0,0,0,0,0,0,0,8,0,1,T1059.001,atomic_red_team,data\datasets\splunk_attack_data\datasets\attack_techniques\T1059.001\atomic_red_team\windows-sysmon.log
win-dc-228.attackrange.local,{5ABCFE62-84AF-603E-DC00-00000000AD01},2021-03-03 15:27:45+00:00,8,1,3,0,0,0,8,0,0,0,0,0,0,0,0,8,0,1,T1059.001,atomic_red_team,data\datasets\splunk_attack_data\datasets\attack_techniques\T1059.001\atomic_red_team\windows-sysmon.log
win-dc-228.attackrange.local,{5ABCFE62-84AF-603E-DC00-00000000AD01},2021-03-03 15:27:50+00:00,6,1,2,0,0,0,6,0,0,0,0,0,0,0,0,6,0,1,T1059.001,atomic_red_team,data\datasets\splunk_attack_data\datasets\attack_techniques\T1059.001\atomic_red_team\windows-sysmon.log
win-dc-228.attackrange.local,{5ABCFE62-84AF-603E-DC00-00000000AD01},2021-03-03 15:27:55+00:00,8,1,2,0,0,0,8,0,0,0,0,0,0,0,0,8,0,1,T1059.001,atomic_red_team,data\datasets\splunk_attack_data\datasets\attack_techniques\T1059.001\atomic_red_team\windows-sysmon.log
win-dc-228.attackrange.local,{5ABCFE62-84AF-603E-DC00-00000000AD01},2021-03-03 15:28:00+00:00,6,1,2,0,0,0,6,0,0,0,0,0,0,0,0,6,0,1,T1059.001,atomic_red_team,data\datasets\splunk_attack_data\datasets\attack_techniques\T1059.001\atomic_red_team\windows-sysmon.log
win-dc-228.attackrange.local,{5ABCFE62-84AF-603E-DC00-00000000AD01},2021-03-03 15:28:05+00:00,7,1,2,0,0,0,7,0,0,0,0,0,0,0,0,7,0,1,T1059.001,atomic_red_team,data\datasets\splunk_attack_data\datasets\attack_techniques\T1059.001\atomic_red_team\windows-sysmon.log
win-dc-228.attackrange.local,{5ABCFE62-84AF-603E-DC00-00000000AD01},2021-03-03 15:28:10+00:00,6,1,2,0,0,0,6,0,0,0,0,0,0,0,0,6,0,1,T1059.001,atomic_red_team,data\datasets\splunk_attack_data\datasets\attack_techniques\T1059.001\atomic_red_team\windows-sysmon.log
win-dc-228.attackrange.local,{5ABCFE62-84AF-603E-DC00-00000000AD01},2021-03-04 13:50:05+00:00,6,1,2,0,0,0,6,0,0,0,0,0,0,0,0,6,0,1,T1059.001,atomic_red_team,data\datasets\splunk_attack_data\datasets\attack_techniques\T1059.001\atomic_red_team\windows-sysmon.log
win-dc-228.attackrange.local,{5ABCFE62-84AF-603E-DC00-00000000AD01},2021-03-04 13:50:10+00:00,7,1,2,0,0,0,7,0,0,0,0,0,0,0,0,7,0,1,T1059.001,atomic_red_team,data\datasets\splunk_attack_data\datasets\attack_techniques\T1059.001\atomic_red_team\windows-sysmon.log
win-dc-228.attackrange.local,{5ABCFE62-84AF-603E-DC00-00000000AD01},2021-03-04 13:50:15+00:00,8,1,2,0,0,0,8,0,0,0,0,0,0,0,0,8,0,1,T1059.001,atomic_red_team,data\datasets\splunk_attack_data\datasets\attack_techniques\T1059.001\atomic_red_team\windows-sysmon.log
win-dc-228.attackrange.local,{5ABCFE62-84AF-603E-DC00-00000000AD01},2021-03-04 13:50:20+00:00,9,1,2,0,0,0,9,0,0,0,0,0,0,0,0,9,0,1,T1059.001,atomic_red_team,data\datasets\splunk_attack_data\datasets\attack_techniques\T1059.001\atomic_red_team\windows-sysmon.log
win-dc-228.attackrange.local,{5ABCFE62-84AF-603E-DC00-00000000AD01},2021-03-04 13:50:25+00:00,6,1,2,0,0,0,6,0,0,0,0,0,0,0,0,6,0,1,T1059.001,atomic_red_team,data\datasets\splunk_attack_data\datasets\attack_techniques\T1059.001\atomic_red_team\windows-sysmon.log
win-dc-228.attackrange.local,{5ABCFE62-84AF-603E-DC00-00000000AD01},2021-03-04 13:50:30+00:00,7,1,2,0,0,0,7,0,0,0,0,0,0,0,0,7,0,1,T1059.001,atomic_red_team,data\datasets\splunk_attack_data\datasets\attack_techniques\T1059.001\atomic_red_team\windows-sysmon.log
win-dc-228.attackrange.local,{5ABCFE62-84AF-603E-DC00-00000000AD01},2021-03-04 13:50:35+00:00,7,1,2,0,0,0,7,0,0,0,0,0,0,0,0,7,0,1,T1059.001,atomic_red_team,data\datasets\splunk_attack_data\datasets\attack_techniques\T1059.001\atomic_red_team\windows-sysmon.log
win-dc-228.attackrange.local,{5ABCFE62-84AF-603E-DC00-00000000AD01},2021-03-04 13:50:40+00:00,6,1,2,0,0,0,6,0,0,0,0,0,0,0,0,6,0,1,T1059.001,atomic_red_team,data\datasets\splunk_attack_data\datasets\attack_techniques\T1059.001\atomic_red_team\windows-sysmon.log
win-dc-228.attackrange.local,{5ABCFE62-84AF-603E-DC00-00000000AD01},2021-03-04 13:50:45+00:00,7,1,2,0,0,0,7,0,0,0,0,0,0,0,0,7,0,1,T1059.001,atomic_red_team,data\datasets\splunk_attack_data\datasets\attack_techniques\T1059.001\atomic_red_team\windows-sysmon.log
win-dc-228.attackrange.local,{5ABCFE62-84AF-603E-DC00-00000000AD01},2021-03-04 13:50:50+00:00,9,1,3,0,0,0,9,0,0,0,0,0,0,0,0,9,0,1,T1059.001,atomic_red_team,data\datasets\splunk_attack_data\datasets\attack_techniques\T1059.001\atomic_red_team\windows-sysmon.log
win-dc-228.attackrange.local,{5ABCFE62-84AF-603E-DC00-00000000AD01},2021-03-04 13:50:55+00:00,10,1,3,0,0,0,10,0,0,0,0,0,0,0,0,10,0,1,T1059.001,atomic_red_team,data\datasets\splunk_attack_data\datasets\attack_techniques\T1059.001\atomic_red_team\windows-sysmon.log
win-dc-228.attackrange.local,{5ABCFE62-84AF-603E-DC00-00000000AD01},2021-03-04 13:51:00+00:00,7,1,2,0,0,0,7,0,0,0,0,0,0,0,0,7,0,1,T1059.001,atomic_red_team,data\datasets\splunk_attack_data\datasets\attack_techniques\T1059.001\atomic_red_team\windows-sysmon.log
win-dc-228.attackrange.local,{5ABCFE62-84AF-603E-DC00-00000000AD01},2021-03-04 13:51:05+00:00,6,1,2,0,0,0,6,0,0,0,0,0,0,0,0,6,0,1,T1059.001,atomic_red_team,data\datasets\splunk_attack_data\datasets\attack_techniques\T1059.001\atomic_red_team\windows-sysmon.log
win-dc-228.attackrange.local,{5ABCFE62-84AF-603E-DC00-00000000AD01},2021-03-04 13:51:10+00:00,6,1,2,0,0,0,6,0,0,0,0,0,0,0,0,6,0,1,T1059.001,atomic_red_team,data\datasets\splunk_attack_data\datasets\attack_techniques\T1059.001\atomic_red_team\windows-sysmon.log
win-dc-228.attackrange.local,{5ABCFE62-84AF-603E-DC00-00000000AD01},2021-03-04 13:51:15+00:00,8,1,2,0,0,0,8,0,0,0,0,0,0,0,0,8,0,1,T1059.001,atomic_red_team,data\datasets\splunk_attack_data\datasets\attack_techniques\T1059.001\atomic_red_team\windows-sysmon.log
win-dc-228.attackrange.local,{5ABCFE62-84AF-603E-DC00-00000000AD01},2021-03-04 13:51:20+00:00,7,1,2,0,0,0,7,0,0,0,0,0,0,0,0,7,0,1,T1059.001,atomic_red_team,data\datasets\splunk_attack_data\datasets\attack_techniques\T1059.001\atomic_red_team\windows-sysmon.log
win-dc-228.attackrange.local,{5ABCFE62-84AF-603E-DC00-00000000AD01},2021-03-04 13:51:25+00:00,7,1,2,0,0,0,7,0,0,0,0,0,0,0,0,7,0,1,T1059.001,atomic_red_team,data\datasets\splunk_attack_data\datasets\attack_techniques\T1059.001\atomic_red_team\windows-sysmon.log
win-dc-228.attackrange.local,{5ABCFE62-84AF-603E-DC00-00000000AD01},2021-03-04 13:51:30+00:00,6,1,2,0,0,0,6,0,0,0,0,0,0,0,0,6,0,1,T1059.001,atomic_red_team,data\datasets\splunk_attack_data\datasets\attack_techniques\T1059.001\atomic_red_team\windows-sysmon.log
win-dc-228.attackrange.local,{5ABCFE62-84AF-603E-DC00-00000000AD01},2021-03-04 13:51:35+00:00,6,1,2,0,0,0,6,0,0,0,0,0,0,0,0,6,0,1,T1059.001,atomic_red_team,data\datasets\splunk_attack_data\datasets\attack_techniques\T1059.001\atomic_red_team\windows-sysmon.log
win-dc-228.attackrange.local,{5ABCFE62-84AF-603E-DC00-00000000AD01},2021-03-04 13:51:40+00:00,7,1,2,0,0,0,7,0,0,0,0,0,0,0,0,7,0,1,T1059.001,atomic_red_team,data\datasets\splunk_attack_data\datasets\attack_techniques\T1059.001\atomic_red_team\windows-sysmon.log
win-dc-228.attackrange.local,{5ABCFE62-84AF-603E-DC00-00000000AD01},2021-03-04 13:51:45+00:00,7,1,2,0,0,0,7,0,0,0,0,0,0,0,0,7,0,1,T1059.001,atomic_red_team,data\datasets\splunk_attack_data\datasets\attack_techniques\T1059.001\atomic_red_team\windows-sysmon.log
win-dc-228.attackrange.local,{5ABCFE62-84AF-603E-DC00-00000000AD01},2021-03-04 13:51:50+00:00,7,1,2,0,0,0,7,0,0,0,0,0,0,0,0,7,0,1,T1059.001,atomic_red_team,data\datasets\splunk_attack_data\datasets\attack_techniques\T1059.001\atomic_red_team\windows-sysmon.log
win-dc-228.attackrange.local,{5ABCFE62-84AF-603E-DC00-00000000AD01},2021-03-04 13:51:55+00:00,7,1,2,0,0,0,7,0,0,0,0,0,0,0,0,7,0,1,T1059.001,atomic_red_team,data\datasets\splunk_attack_data\datasets\attack_techniques\T1059.001\atomic_red_team\windows-sysmon.log
win-dc-228.attackrange.local,{5ABCFE62-84AF-603E-DC00-00000000AD01},2021-03-04 13:52:00+00:00,9,1,2,0,0,0,9,0,0,0,0,0,0,0,0,9,0,1,T1059.001,atomic_red_team,data\datasets\splunk_attack_data\datasets\attack_techniques\T1059.001\atomic_red_team\windows-sysmon.log
win-dc-228.attackrange.local,{5ABCFE62-84AF-603E-DC00-00000000AD01},2021-03-04 13:52:05+00:00,7,1,2,0,0,0,7,0,0,0,0,0,0,0,0,7,0,1,T1059.001,atomic_red_team,data\datasets\splunk_attack_data\datasets\attack_techniques\T1059.001\atomic_red_team\windows-sysmon.log
win-dc-228.attackrange.local,{5ABCFE62-84AF-603E-DC00-00000000AD01},2021-03-04 13:52:10+00:00,6,1,2,0,0,0,6,0,0,0,0,0,0,0,0,6,0,1,T1059.001,atomic_red_team,data\datasets\splunk_attack_data\datasets\attack_techniques\T1059.001\atomic_red_team\windows-sysmon.log
win-dc-228.attackrange.local,{5ABCFE62-84AF-603E-DC00-00000000AD01},2021-03-04 13:52:15+00:00,7,1,2,0,0,0,7,0,0,0,0,0,0,0,0,7,0,1,T1059.001,atomic_red_team,data\datasets\splunk_attack_data\datasets\attack_techniques\T1059.001\atomic_red_team\windows-sysmon.log
win-dc-228.attackrange.local,{5ABCFE62-84AF-603E-DC00-00000000AD01},2021-03-04 13:52:20+00:00,8,1,2,0,0,0,8,0,0,0,0,0,0,0,0,8,0,1,T1059.001,atomic_red_team,data\datasets\splunk_attack_data\datasets\attack_techniques\T1059.001\atomic_red_team\windows-sysmon.log
win-dc-228.attackrange.local,{5ABCFE62-84AF-603E-DC00-00000000AD01},2021-03-04 13:52:25+00:00,6,1,2,0,0,0,6,0,0,0,0,0,0,0,0,6,0,1,T1059.001,atomic_red_team,data\datasets\splunk_attack_data\datasets\attack_techniques\T1059.001\atomic_red_team\windows-sysmon.log
win-dc-228.attackrange.local,{5ABCFE62-84AF-603E-DC00-00000000AD01},2021-03-04 13:52:30+00:00,4,1,1,0,0,0,4,0,0,0,0,0,0,0,0,4,0,1,T1059.001,atomic_red_team,data\datasets\splunk_attack_data\datasets\attack_techniques\T1059.001\atomic_red_team\windows-sysmon.log
win-dc-228.attackrange.local,{5ABCFE62-84AF-603E-DC00-00000000AD01},2021-03-04 13:52:35+00:00,7,1,2,0,0,0,7,0,0,0,0,0,0,0,0,7,0,1,T1059.001,atomic_red_team,data\datasets\splunk_attack_data\datasets\attack_techniques\T1059.001\atomic_red_team\windows-sysmon.log
win-dc-228.attackrange.local,{5ABCFE62-84AF-603E-DC00-00000000AD01},2021-03-04 13:52:40+00:00,8,1,2,0,0,0,8,0,0,0,0,0,0,0,0,8,0,1,T1059.001,atomic_red_team,data\datasets\splunk_attack_data\datasets\attack_techniques\T1059.001\atomic_red_team\windows-sysmon.log
win-dc-228.attackrange.local,{5ABCFE62-84AF-603E-DC00-00000000AD01},2021-03-04 13:52:45+00:00,7,1,2,0,0,0,7,0,0,0,0,0,0,0,0,7,0,1,T1059.001,atomic_red_team,data\datasets\splunk_attack_data\datasets\attack_techniques\T1059.001\atomic_red_team\windows-sysmon.log
win-dc-228.attackrange.local,{5ABCFE62-84AF-603E-DC00-00000000AD01},2021-03-04 13:52:50+00:00,6,1,2,0,0,0,6,0,0,0,0,0,0,0,0,6,0,1,T1059.001,atomic_red_team,data\datasets\splunk_attack_data\datasets\attack_techniques\T1059.001\atomic_red_team\windows-sysmon.log
win-dc-228.attackrange.local,{5ABCFE62-84AF-603E-DC00-00000000AD01},2021-03-04 13:52:55+00:00,7,1,2,0,0,0,7,0,0,0,0,0,0,0,0,7,0,1,T1059.001,atomic_red_team,data\datasets\splunk_attack_data\datasets\attack_techniques\T1059.001\atomic_red_team\windows-sysmon.log
win-dc-228.attackrange.local,{5ABCFE62-84AF-603E-DC00-00000000AD01},2021-03-04 13:53:00+00:00,8,1,2,0,0,0,8,0,0,0,0,0,0,0,0,8,0,1,T1059.001,atomic_red_team,data\datasets\splunk_attack_data\datasets\attack_techniques\T1059.001\atomic_red_team\windows-sysmon.log
win-dc-228.attackrange.local,{5ABCFE62-84AF-603E-DC00-00000000AD01},2021-03-04 13:53:05+00:00,8,1,3,0,0,0,8,0,0,0,0,0,0,0,0,8,0,1,T1059.001,atomic_red_team,data\datasets\splunk_attack_data\datasets\attack_techniques\T1059.001\atomic_red_team\windows-sysmon.log
win-dc-228.attackrange.local,{5ABCFE62-84AF-603E-DC00-00000000AD01},2021-03-04 13:53:10+00:00,7,1,2,0,0,0,7,0,0,0,0,0,0,0,0,7,0,1,T1059.001,atomic_red_team,data\datasets\splunk_attack_data\datasets\attack_techniques\T1059.001\atomic_red_team\windows-sysmon.log
win-dc-228.attackrange.local,{5ABCFE62-84AF-603E-DC00-00000000AD01},2021-03-04 13:53:15+00:00,13,1,3,0,0,0,13,0,0,0,0,0,0,0,0,13,0,1,T1059.001,atomic_red_team,data\datasets\splunk_attack_data\datasets\attack_techniques\T1059.001\atomic_red_team\windows-sysmon.log
win-dc-228.attackrange.local,{5ABCFE62-84AF-603E-DC00-00000000AD01},2021-03-04 13:53:20+00:00,7,1,3,0,0,0,7,0,0,0,0,0,0,0,0,7,0,1,T1059.001,atomic_red_team,data\datasets\splunk_attack_data\datasets\attack_techniques\T1059.001\atomic_red_team\windows-sysmon.log
win-dc-228.attackrange.local,{5ABCFE62-84AF-603E-DC00-00000000AD01},2021-03-04 13:53:25+00:00,13,1,3,0,0,0,13,0,0,0,0,0,0,0,0,13,0,1,T1059.001,atomic_red_team,data\datasets\splunk_attack_data\datasets\attack_techniques\T1059.001\atomic_red_team\windows-sysmon.log
win-dc-228.attackrange.local,{5ABCFE62-84AF-603E-DC00-00000000AD01},2021-03-04 13:53:30+00:00,7,1,2,0,0,0,7,0,0,0,0,0,0,0,0,7,0,1,T1059.001,atomic_red_team,data\datasets\splunk_attack_data\datasets\attack_techniques\T1059.001\atomic_red_team\windows-sysmon.log
win-dc-228.attackrange.local,{5ABCFE62-84AF-603E-DC00-00000000AD01},2021-03-04 13:53:35+00:00,6,1,2,0,0,0,6,0,0,0,0,0,0,0,0,6,0,1,T1059.001,atomic_red_team,data\datasets\splunk_attack_data\datasets\attack_techniques\T1059.001\atomic_red_team\windows-sysmon.log
win-dc-228.attackrange.local,{5ABCFE62-84AF-603E-DC00-00000000AD01},2021-03-04 13:53:40+00:00,6,1,2,0,0,0,6,0,0,0,0,0,0,0,0,6,0,1,T1059.001,atomic_red_team,data\datasets\splunk_attack_data\datasets\attack_techniques\T1059.001\atomic_red_team\windows-sysmon.log
win-dc-228.attackrange.local,{5ABCFE62-84AF-603E-DC00-00000000AD01},2021-03-04 13:53:45+00:00,8,1,2,0,0,0,8,0,0,0,0,0,0,0,0,8,0,1,T1059.001,atomic_red_team,data\datasets\splunk_attack_data\datasets\attack_techniques\T1059.001\atomic_red_team\windows-sysmon.log
win-dc-228.attackrange.local,{5ABCFE62-84AF-603E-DC00-00000000AD01},2021-03-04 13:53:50+00:00,6,1,2,0,0,0,6,0,0,0,0,0,0,0,0,6,0,1,T1059.001,atomic_red_team,data\datasets\splunk_attack_data\datasets\attack_techniques\T1059.001\atomic_red_team\windows-sysmon.log
win-dc-228.attackrange.local,{5ABCFE62-84AF-603E-DC00-00000000AD01},2021-03-04 13:53:55+00:00,6,1,2,0,0,0,6,0,0,0,0,0,0,0,0,6,0,1,T1059.001,atomic_red_team,data\datasets\splunk_attack_data\datasets\attack_techniques\T1059.001\atomic_red_team\windows-sysmon.log
win-dc-228.attackrange.local,{5ABCFE62-84AF-603E-DC00-00000000AD01},2021-03-04 13:54:00+00:00,9,1,2,0,0,0,9,0,0,0,0,0,0,0,0,9,0,1,T1059.001,atomic_red_team,data\datasets\splunk_attack_data\datasets\attack_techniques\T1059.001\atomic_red_team\windows-sysmon.log
win-dc-228.attackrange.local,{5ABCFE62-84AF-603E-DC00-00000000AD01},2021-03-04 13:54:05+00:00,7,1,2,0,0,0,7,0,0,0,0,0,0,0,0,7,0,1,T1059.001,atomic_red_team,data\datasets\splunk_attack_data\datasets\attack_techniques\T1059.001\atomic_red_team\windows-sysmon.log
win-dc-228.attackrange.local,{5ABCFE62-84AF-603E-DC00-00000000AD01},2021-03-04 13:54:10+00:00,6,1,2,0,0,0,6,0,0,0,0,0,0,0,0,6,0,1,T1059.001,atomic_red_team,data\datasets\splunk_attack_data\datasets\attack_techniques\T1059.001\atomic_red_team\windows-sysmon.log
win-dc-228.attackrange.local,{5ABCFE62-84AF-603E-DC00-00000000AD01},2021-03-04 13:54:15+00:00,9,1,2,0,0,0,9,0,0,0,0,0,0,0,0,9,0,1,T1059.001,atomic_red_team,data\datasets\splunk_attack_data\datasets\attack_techniques\T1059.001\atomic_red_team\windows-sysmon.log
win-dc-228.attackrange.local,{5ABCFE62-84AF-603E-DC00-00000000AD01},2021-03-04 13:54:20+00:00,6,1,2,0,0,0,6,0,0,0,0,0,0,0,0,6,0,1,T1059.001,atomic_red_team,data\datasets\splunk_attack_data\datasets\attack_techniques\T1059.001\atomic_red_team\windows-sysmon.log
win-dc-228.attackrange.local,{5ABCFE62-84AF-603E-DC00-00000000AD01},2021-03-04 13:54:25+00:00,8,1,3,0,0,0,8,0,0,0,0,0,0,0,0,8,0,1,T1059.001,atomic_red_team,data\datasets\splunk_attack_data\datasets\attack_techniques\T1059.001\atomic_red_team\windows-sysmon.log
win-dc-228.attackrange.local,{5ABCFE62-84AF-603E-DC00-00000000AD01},2021-03-04 13:54:30+00:00,7,1,2,0,0,0,7,0,0,0,0,0,0,0,0,7,0,1,T1059.001,atomic_red_team,data\datasets\splunk_attack_data\datasets\attack_techniques\T1059.001\atomic_red_team\windows-sysmon.log
win-dc-228.attackrange.local,{5ABCFE62-84AF-603E-DC00-00000000AD01},2021-03-04 13:54:35+00:00,6,1,2,0,0,0,6,0,0,0,0,0,0,0,0,6,0,1,T1059.001,atomic_red_team,data\datasets\splunk_attack_data\datasets\attack_techniques\T1059.001\atomic_red_team\windows-sysmon.log
win-dc-228.attackrange.local,{5ABCFE62-84AF-603E-DC00-00000000AD01},2021-03-04 13:54:40+00:00,7,1,2,0,0,0,7,0,0,0,0,0,0,0,0,7,0,1,T1059.001,atomic_red_team,data\datasets\splunk_attack_data\datasets\attack_techniques\T1059.001\atomic_red_team\windows-sysmon.log
win-dc-228.attackrange.local,{5ABCFE62-84AF-603E-DC00-00000000AD01},2021-03-04 13:54:45+00:00,8,1,3,0,0,0,8,0,0,0,0,0,0,0,0,8,0,1,T1059.001,atomic_red_team,data\datasets\splunk_attack_data\datasets\attack_techniques\T1059.001\atomic_red_team\windows-sysmon.log
win-dc-228.attackrange.local,{5ABCFE62-84AF-603E-DC00-00000000AD01},2021-03-04 13:54:50+00:00,8,1,2,0,0,0,8,0,0,0,0,0,0,0,0,8,0,1,T1059.001,atomic_red_team,data\datasets\splunk_attack_data\datasets\attack_techniques\T1059.001\atomic_red_team\windows-sysmon.log
win-dc-228.attackrange.local,{5ABCFE62-84AF-603E-DC00-00000000AD01},2021-03-04 13:54:55+00:00,6,1,2,0,0,0,6,0,0,0,0,0,0,0,0,6,0,1,T1059.001,atomic_red_team,data\datasets\splunk_attack_data\datasets\attack_techniques\T1059.001\atomic_red_team\windows-sysmon.log
win-dc-228.attackrange.local,{5ABCFE62-84AF-603E-DC00-00000000AD01},2021-03-04 13:55:00+00:00,7,1,2,0,0,0,7,0,0,0,0,0,0,0,0,7,0,1,T1059.001,atomic_red_team,data\datasets\splunk_attack_data\datasets\attack_techniques\T1059.001\atomic_red_team\windows-sysmon.log
win-dc-228.attackrange.local,{5ABCFE62-84AF-603E-DC00-00000000AD01},2021-03-04 13:55:05+00:00,6,1,2,0,0,0,6,0,0,0,0,0,0,0,0,6,0,1,T1059.001,atomic_red_team,data\datasets\splunk_attack_data\datasets\attack_techniques\T1059.001\atomic_red_team\windows-sysmon.log
win-dc-228.attackrange.local,{5ABCFE62-84AF-603E-DC00-00000000AD01},2021-03-04 13:55:10+00:00,7,1,2,0,0,0,7,0,0,0,0,0,0,0,0,7,0,1,T1059.001,atomic_red_team,data\datasets\splunk_attack_data\datasets\attack_techniques\T1059.001\atomic_red_team\windows-sysmon.log
win-dc-228.attackrange.local,{5ABCFE62-84AF-603E-DC00-00000000AD01},2021-03-04 13:55:15+00:00,8,1,2,0,0,0,8,0,0,0,0,0,0,0,0,8,0,1,T1059.001,atomic_red_team,data\datasets\splunk_attack_data\datasets\attack_techniques\T1059.001\atomic_red_team\windows-sysmon.log
win-dc-228.attackrange.local,{5ABCFE62-84AF-603E-DC00-00000000AD01},2021-03-04 13:55:20+00:00,6,1,2,0,0,0,6,0,0,0,0,0,0,0,0,6,0,1,T1059.001,atomic_red_team,data\datasets\splunk_attack_data\datasets\attack_techniques\T1059.001\atomic_red_team\windows-sysmon.log
win-dc-228.attackrange.local,{5ABCFE62-84AF-603E-DC00-00000000AD01},2021-03-04 13:55:25+00:00,7,1,3,0,0,0,7,0,0,0,0,0,0,0,0,7,0,1,T1059.001,atomic_red_team,data\datasets\splunk_attack_data\datasets\attack_techniques\T1059.001\atomic_red_team\windows-sysmon.log
win-dc-228.attackrange.local,{5ABCFE62-84AF-603E-DC00-00000000AD01},2021-03-04 13:55:30+00:00,8,1,2,0,0,0,8,0,0,0,0,0,0,0,0,8,0,1,T1059.001,atomic_red_team,data\datasets\splunk_attack_data\datasets\attack_techniques\T1059.001\atomic_red_team\windows-sysmon.log
win-dc-228.attackrange.local,{5ABCFE62-84AF-603E-DC00-00000000AD01},2021-03-04 13:55:35+00:00,7,1,2,0,0,0,7,0,0,0,0,0,0,0,0,7,0,1,T1059.001,atomic_red_team,data\datasets\splunk_attack_data\datasets\attack_techniques\T1059.001\atomic_red_team\windows-sysmon.log
win-dc-228.attackrange.local,{5ABCFE62-84AF-603E-DC00-00000000AD01},2021-03-04 13:55:40+00:00,9,1,3,0,0,0,9,0,0,0,0,0,0,0,0,9,0,1,T1059.001,atomic_red_team,data\datasets\splunk_attack_data\datasets\attack_techniques\T1059.001\atomic_red_team\windows-sysmon.log
win-dc-228.attackrange.local,{5ABCFE62-84AF-603E-DC00-00000000AD01},2021-03-04 13:55:45+00:00,10,1,3,0,0,0,10,0,0,0,0,0,0,0,0,10,0,1,T1059.001,atomic_red_team,data\datasets\splunk_attack_data\datasets\attack_techniques\T1059.001\atomic_red_team\windows-sysmon.log
win-dc-228.attackrange.local,{5ABCFE62-84AF-603E-DC00-00000000AD01},2021-03-04 13:55:50+00:00,6,1,2,0,0,0,6,0,0,0,0,0,0,0,0,6,0,1,T1059.001,atomic_red_team,data\datasets\splunk_attack_data\datasets\attack_techniques\T1059.001\atomic_red_team\windows-sysmon.log
win-dc-228.attackrange.local,{5ABCFE62-84AF-603E-DC00-00000000AD01},2021-03-04 13:55:55+00:00,8,1,2,0,0,0,8,0,0,0,0,0,0,0,0,8,0,1,T1059.001,atomic_red_team,data\datasets\splunk_attack_data\datasets\attack_techniques\T1059.001\atomic_red_team\windows-sysmon.log
win-dc-228.attackrange.local,{5ABCFE62-84AF-603E-DC00-00000000AD01},2021-03-04 13:56:00+00:00,8,1,2,0,0,0,8,0,0,0,0,0,0,0,0,8,0,1,T1059.001,atomic_red_team,data\datasets\splunk_attack_data\datasets\attack_techniques\T1059.001\atomic_red_team\windows-sysmon.log
win-dc-228.attackrange.local,{5ABCFE62-84AF-603E-DC00-00000000AD01},2021-03-04 13:56:05+00:00,6,1,2,0,0,0,6,0,0,0,0,0,0,0,0,6,0,1,T1059.001,atomic_red_team,data\datasets\splunk_attack_data\datasets\attack_techniques\T1059.001\atomic_red_team\windows-sysmon.log
win-dc-228.attackrange.local,{5ABCFE62-84AF-603E-DC00-00000000AD01},2021-03-04 13:56:10+00:00,7,1,2,0,0,0,7,0,0,0,0,0,0,0,0,7,0,1,T1059.001,atomic_red_team,data\datasets\splunk_attack_data\datasets\attack_techniques\T1059.001\atomic_red_team\windows-sysmon.log
win-dc-228.attackrange.local,{5ABCFE62-84AF-603E-DC00-00000000AD01},2021-03-04 13:56:15+00:00,8,1,2,0,0,0,8,0,0,0,0,0,0,0,0,8,0,1,T1059.001,atomic_red_team,data\datasets\splunk_attack_data\datasets\attack_techniques\T1059.001\atomic_red_team\windows-sysmon.log
win-dc-228.attackrange.local,{5ABCFE62-84AF-603E-DC00-00000000AD01},2021-03-04 13:56:20+00:00,6,1,2,0,0,0,6,0,0,0,0,0,0,0,0,6,0,1,T1059.001,atomic_red_team,data\datasets\splunk_attack_data\datasets\attack_techniques\T1059.001\atomic_red_team\windows-sysmon.log
win-dc-228.attackrange.local,{5ABCFE62-84AF-603E-DC00-00000000AD01},2021-03-04 13:56:25+00:00,7,1,2,0,0,0,7,0,0,0,0,0,0,0,0,7,0,1,T1059.001,atomic_red_team,data\datasets\splunk_attack_data\datasets\attack_techniques\T1059.001\atomic_red_team\windows-sysmon.log
win-dc-228.attackrange.local,{5ABCFE62-84AF-603E-DC00-00000000AD01},2021-03-04 13:56:30+00:00,7,1,2,0,0,0,7,0,0,0,0,0,0,0,0,7,0,1,T1059.001,atomic_red_team,data\datasets\splunk_attack_data\datasets\attack_techniques\T1059.001\atomic_red_team\windows-sysmon.log
win-dc-228.attackrange.local,{5ABCFE62-84AF-603E-DC00-00000000AD01},2021-03-04 13:56:35+00:00,7,1,2,0,0,0,7,0,0,0,0,0,0,0,0,7,0,1,T1059.001,atomic_red_team,data\datasets\splunk_attack_data\datasets\attack_techniques\T1059.001\atomic_red_team\windows-sysmon.log
win-dc-228.attackrange.local,{5ABCFE62-84AF-603E-DC00-00000000AD01},2021-03-04 13:56:40+00:00,7,1,2,0,0,0,7,0,0,0,0,0,0,0,0,7,0,1,T1059.001,atomic_red_team,data\datasets\splunk_attack_data\datasets\attack_techniques\T1059.001\atomic_red_team\windows-sysmon.log
win-dc-228.attackrange.local,{5ABCFE62-84AF-603E-DC00-00000000AD01},2021-03-04 13:56:45+00:00,7,1,2,0,0,0,7,0,0,0,0,0,0,0,0,7,0,1,T1059.001,atomic_red_team,data\datasets\splunk_attack_data\datasets\attack_techniques\T1059.001\atomic_red_team\windows-sysmon.log
win-dc-228.attackrange.local,{5ABCFE62-84AF-603E-DC00-00000000AD01},2021-03-04 13:56:50+00:00,7,1,2,0,0,0,7,0,0,0,0,0,0,0,0,7,0,1,T1059.001,atomic_red_team,data\datasets\splunk_attack_data\datasets\attack_techniques\T1059.001\atomic_red_team\windows-sysmon.log
win-dc-228.attackrange.local,{5ABCFE62-84AF-603E-DC00-00000000AD01},2021-03-04 13:56:55+00:00,7,1,2,0,0,0,7,0,0,0,0,0,0,0,0,7,0,1,T1059.001,atomic_red_team,data\datasets\splunk_attack_data\datasets\attack_techniques\T1059.001\atomic_red_team\windows-sysmon.log
win-dc-228.attackrange.local,{5ABCFE62-84AF-603E-DC00-00000000AD01},2021-03-04 13:57:00+00:00,9,1,2,0,0,0,9,0,0,0,0,0,0,0,0,9,0,1,T1059.001,atomic_red_team,data\datasets\splunk_attack_data\datasets\attack_techniques\T1059.001\atomic_red_team\windows-sysmon.log
win-dc-228.attackrange.local,{5ABCFE62-84AF-603E-DC00-00000000AD01},2021-03-04 13:57:05+00:00,7,1,2,0,0,0,7,0,0,0,0,0,0,0,0,7,0,1,T1059.001,atomic_red_team,data\datasets\splunk_attack_data\datasets\attack_techniques\T1059.001\atomic_red_team\windows-sysmon.log
win-dc-228.attackrange.local,{5ABCFE62-84AF-603E-DC00-00000000AD01},2021-03-04 13:57:10+00:00,6,1,2,0,0,0,6,0,0,0,0,0,0,0,0,6,0,1,T1059.001,atomic_red_team,data\datasets\splunk_attack_data\datasets\attack_techniques\T1059.001\atomic_red_team\windows-sysmon.log
win-dc-228.attackrange.local,{5ABCFE62-84AF-603E-DC00-00000000AD01},2021-03-04 13:57:15+00:00,8,1,2,0,0,0,8,0,0,0,0,0,0,0,0,8,0,1,T1059.001,atomic_red_team,data\datasets\splunk_attack_data\datasets\attack_techniques\T1059.001\atomic_red_team\windows-sysmon.log
win-dc-228.attackrange.local,{5ABCFE62-84AF-603E-DC00-00000000AD01},2021-03-04 13:57:20+00:00,6,1,2,0,0,0,6,0,0,0,0,0,0,0,0,6,0,1,T1059.001,atomic_red_team,data\datasets\splunk_attack_data\datasets\attack_techniques\T1059.001\atomic_red_team\windows-sysmon.log
win-dc-228.attackrange.local,{5ABCFE62-84AF-603E-DC00-00000000AD01},2021-03-04 13:57:25+00:00,7,1,2,0,0,0,7,0,0,0,0,0,0,0,0,7,0,1,T1059.001,atomic_red_team,data\datasets\splunk_attack_data\datasets\attack_techniques\T1059.001\atomic_red_team\windows-sysmon.log
win-dc-228.attackrange.local,{5ABCFE62-84AF-603E-DC00-00000000AD01},2021-03-04 13:57:30+00:00,5,1,1,0,0,0,5,0,0,0,0,0,0,0,0,5,0,1,T1059.001,atomic_red_team,data\datasets\splunk_attack_data\datasets\attack_techniques\T1059.001\atomic_red_team\windows-sysmon.log
win-dc-228.attackrange.local,{5ABCFE62-84AF-603E-DC00-00000000AD01},2021-03-04 13:57:35+00:00,7,1,2,0,0,0,7,0,0,0,0,0,0,0,0,7,0,1,T1059.001,atomic_red_team,data\datasets\splunk_attack_data\datasets\attack_techniques\T1059.001\atomic_red_team\windows-sysmon.log
win-dc-228.attackrange.local,{5ABCFE62-84AF-603E-DC00-00000000AD01},2021-03-04 13:57:40+00:00,8,1,2,0,0,0,8,0,0,0,0,0,0,0,0,8,0,1,T1059.001,atomic_red_team,data\datasets\splunk_attack_data\datasets\attack_techniques\T1059.001\atomic_red_team\windows-sysmon.log
win-dc-228.attackrange.local,{5ABCFE62-84AF-603E-DC00-00000000AD01},2021-03-04 13:57:45+00:00,6,1,2,0,0,0,6,0,0,0,0,0,0,0,0,6,0,1,T1059.001,atomic_red_team,data\datasets\splunk_attack_data\datasets\attack_techniques\T1059.001\atomic_red_team\windows-sysmon.log
win-dc-228.attackrange.local,{5ABCFE62-84AF-603E-DC00-00000000AD01},2021-03-04 13:57:50+00:00,7,1,2,0,0,0,7,0,0,0,0,0,0,0,0,7,0,1,T1059.001,atomic_red_team,data\datasets\splunk_attack_data\datasets\attack_techniques\T1059.001\atomic_red_team\windows-sysmon.log
win-dc-228.attackrange.local,{5ABCFE62-84AF-603E-DC00-00000000AD01},2021-03-04 13:57:55+00:00,7,1,2,0,0,0,7,0,0,0,0,0,0,0,0,7,0,1,T1059.001,atomic_red_team,data\datasets\splunk_attack_data\datasets\attack_techniques\T1059.001\atomic_red_team\windows-sysmon.log
win-dc-228.attackrange.local,{5ABCFE62-84AF-603E-DC00-00000000AD01},2021-03-04 13:58:00+00:00,8,1,2,0,0,0,8,0,0,0,0,0,0,0,0,8,0,1,T1059.001,atomic_red_team,data\datasets\splunk_attack_data\datasets\attack_techniques\T1059.001\atomic_red_team\windows-sysmon.log
win-dc-228.attackrange.local,{5ABCFE62-84AF-603E-DC00-00000000AD01},2021-03-04 13:58:05+00:00,6,1,2,0,0,0,6,0,0,0,0,0,0,0,0,6,0,1,T1059.001,atomic_red_team,data\datasets\splunk_attack_data\datasets\attack_techniques\T1059.001\atomic_red_team\windows-sysmon.log
win-dc-228.attackrange.local,{5ABCFE62-84AF-603E-DC00-00000000AD01},2021-03-04 13:58:10+00:00,8,1,2,0,0,0,8,0,0,0,0,0,0,0,0,8,0,1,T1059.001,atomic_red_team,data\datasets\splunk_attack_data\datasets\attack_techniques\T1059.001\atomic_red_team\windows-sysmon.log
win-dc-228.attackrange.local,{5ABCFE62-84AF-603E-DC00-00000000AD01},2021-03-04 13:58:15+00:00,7,1,2,0,0,0,7,0,0,0,0,0,0,0,0,7,0,1,T1059.001,atomic_red_team,data\datasets\splunk_attack_data\datasets\attack_techniques\T1059.001\atomic_red_team\windows-sysmon.log
win-dc-228.attackrange.local,{5ABCFE62-84AF-603E-DC00-00000000AD01},2021-03-04 13:58:20+00:00,7,1,2,0,0,0,7,0,0,0,0,0,0,0,0,7,0,1,T1059.001,atomic_red_team,data\datasets\splunk_attack_data\datasets\attack_techniques\T1059.001\atomic_red_team\windows-sysmon.log
win-dc-228.attackrange.local,{5ABCFE62-84AF-603E-DC00-00000000AD01},2021-03-04 13:58:25+00:00,7,1,2,0,0,0,7,0,0,0,0,0,0,0,0,7,0,1,T1059.001,atomic_red_team,data\datasets\splunk_attack_data\datasets\attack_techniques\T1059.001\atomic_red_team\windows-sysmon.log
win-dc-228.attackrange.local,{5ABCFE62-84AF-603E-DC00-00000000AD01},2021-03-04 13:58:30+00:00,8,1,2,0,0,0,8,0,0,0,0,0,0,0,0,8,0,1,T1059.001,atomic_red_team,data\datasets\splunk_attack_data\datasets\attack_techniques\T1059.001\atomic_red_team\windows-sysmon.log
win-dc-228.attackrange.local,{5ABCFE62-84AF-603E-DC00-00000000AD01},2021-03-04 13:58:35+00:00,7,1,2,0,0,0,7,0,0,0,0,0,0,0,0,7,0,1,T1059.001,atomic_red_team,data\datasets\splunk_attack_data\datasets\attack_techniques\T1059.001\atomic_red_team\windows-sysmon.log
win-dc-228.attackrange.local,{5ABCFE62-84AF-603E-DC00-00000000AD01},2021-03-04 13:58:40+00:00,6,1,2,0,0,0,6,0,0,0,0,0,0,0,0,6,0,1,T1059.001,atomic_red_team,data\datasets\splunk_attack_data\datasets\attack_techniques\T1059.001\atomic_red_team\windows-sysmon.log
win-dc-228.attackrange.local,{5ABCFE62-84AF-603E-DC00-00000000AD01},2021-03-04 13:58:45+00:00,7,1,2,0,0,0,7,0,0,0,0,0,0,0,0,7,0,1,T1059.001,atomic_red_team,data\datasets\splunk_attack_data\datasets\attack_techniques\T1059.001\atomic_red_team\windows-sysmon.log
win-dc-228.attackrange.local,{5ABCFE62-84AF-603E-DC00-00000000AD01},2021-03-04 13:58:50+00:00,7,1,2,0,0,0,7,0,0,0,0,0,0,0,0,7,0,1,T1059.001,atomic_red_team,data\datasets\splunk_attack_data\datasets\attack_techniques\T1059.001\atomic_red_team\windows-sysmon.log
win-dc-228.attackrange.local,{5ABCFE62-84AF-603E-DC00-00000000AD01},2021-03-04 13:58:55+00:00,5,1,2,0,0,0,5,0,0,0,0,0,0,0,0,5,0,1,T1059.001,atomic_red_team,data\datasets\splunk_attack_data\datasets\attack_techniques\T1059.001\atomic_red_team\windows-sysmon.log
win-dc-228.attackrange.local,{5ABCFE62-84AF-603E-DC00-00000000AD01},2021-03-04 13:59:00+00:00,8,1,2,0,0,0,8,0,0,0,0,0,0,0,0,8,0,1,T1059.001,atomic_red_team,data\datasets\splunk_attack_data\datasets\attack_techniques\T1059.001\atomic_red_team\windows-sysmon.log
win-dc-228.attackrange.local,{5ABCFE62-84AF-603E-DC00-00000000AD01},2021-03-04 13:59:05+00:00,7,1,2,0,0,0,7,0,0,0,0,0,0,0,0,7,0,1,T1059.001,atomic_red_team,data\datasets\splunk_attack_data\datasets\attack_techniques\T1059.001\atomic_red_team\windows-sysmon.log
win-dc-228.attackrange.local,{5ABCFE62-84AF-603E-DC00-00000000AD01},2021-03-04 13:59:10+00:00,7,1,2,0,0,0,7,0,0,0,0,0,0,0,0,7,0,1,T1059.001,atomic_red_team,data\datasets\splunk_attack_data\datasets\attack_techniques\T1059.001\atomic_red_team\windows-sysmon.log
win-dc-228.attackrange.local,{5ABCFE62-84AF-603E-DC00-00000000AD01},2021-03-04 13:59:15+00:00,8,1,2,0,0,0,8,0,0,0,0,0,0,0,0,8,0,1,T1059.001,atomic_red_team,data\datasets\splunk_attack_data\datasets\attack_techniques\T1059.001\atomic_red_team\windows-sysmon.log
win-dc-228.attackrange.local,{5ABCFE62-84AF-603E-DC00-00000000AD01},2021-03-04 13:59:20+00:00,4,1,1,0,0,0,4,0,0,0,0,0,0,0,0,4,0,1,T1059.001,atomic_red_team,data\datasets\splunk_attack_data\datasets\attack_techniques\T1059.001\atomic_red_team\windows-sysmon.log
win-dc-228.attackrange.local,{5ABCFE62-84AF-603E-DC00-00000000AD01},2021-03-04 13:59:25+00:00,8,1,2,0,0,0,8,0,0,0,0,0,0,0,0,8,0,1,T1059.001,atomic_red_team,data\datasets\splunk_attack_data\datasets\attack_techniques\T1059.001\atomic_red_team\windows-sysmon.log
win-dc-228.attackrange.local,{5ABCFE62-84AF-603E-DC00-00000000AD01},2021-03-04 13:59:30+00:00,7,1,2,0,0,0,7,0,0,0,0,0,0,0,0,7,0,1,T1059.001,atomic_red_team,data\datasets\splunk_attack_data\datasets\attack_techniques\T1059.001\atomic_red_team\windows-sysmon.log
win-dc-228.attackrange.local,{5ABCFE62-84AF-603E-DC00-00000000AD01},2021-03-04 13:59:35+00:00,6,1,2,0,0,0,6,0,0,0,0,0,0,0,0,6,0,1,T1059.001,atomic_red_team,data\datasets\splunk_attack_data\datasets\attack_techniques\T1059.001\atomic_red_team\windows-sysmon.log
win-dc-228.attackrange.local,{5ABCFE62-84AF-603E-DC00-00000000AD01},2021-03-04 13:59:40+00:00,7,1,2,0,0,0,7,0,0,0,0,0,0,0,0,7,0,1,T1059.001,atomic_red_team,data\datasets\splunk_attack_data\datasets\attack_techniques\T1059.001\atomic_red_team\windows-sysmon.log
win-dc-228.attackrange.local,{5ABCFE62-84AF-603E-DC00-00000000AD01},2021-03-04 13:59:45+00:00,6,1,2,0,0,0,6,0,0,0,0,0,0,0,0,6,0,1,T1059.001,atomic_red_team,data\datasets\splunk_attack_data\datasets\attack_techniques\T1059.001\atomic_red_team\windows-sysmon.log
win-dc-228.attackrange.local,{5ABCFE62-84AF-603E-DC00-00000000AD01},2021-03-04 13:59:50+00:00,5,1,2,0,0,0,5,0,0,0,0,0,0,0,0,5,0,1,T1059.001,atomic_red_team,data\datasets\splunk_attack_data\datasets\attack_techniques\T1059.001\atomic_red_team\windows-sysmon.log
win-dc-228.attackrange.local,{5ABCFE62-84AF-603E-DC00-00000000AD01},2021-03-04 13:59:55+00:00,8,1,2,0,0,0,8,0,0,0,0,0,0,0,0,8,0,1,T1059.001,atomic_red_team,data\datasets\splunk_attack_data\datasets\attack_techniques\T1059.001\atomic_red_team\windows-sysmon.log
win-dc-228.attackrange.local,{5ABCFE62-84AF-603E-DC00-00000000AD01},2021-03-04 14:00:00+00:00,8,1,2,0,0,0,8,0,0,0,0,0,0,0,0,8,0,1,T1059.001,atomic_red_team,data\datasets\splunk_attack_data\datasets\attack_techniques\T1059.001\atomic_red_team\windows-sysmon.log
win-dc-228.attackrange.local,{5ABCFE62-84AF-603E-DC00-00000000AD01},2021-03-04 14:00:05+00:00,6,1,2,0,0,0,6,0,0,0,0,0,0,0,0,6,0,1,T1059.001,atomic_red_team,data\datasets\splunk_attack_data\datasets\attack_techniques\T1059.001\atomic_red_team\windows-sysmon.log
win-dc-228.attackrange.local,{5ABCFE62-84AF-603E-DC00-00000000AD01},2021-03-04 14:00:10+00:00,8,1,2,0,0,0,8,0,0,0,0,0,0,0,0,8,0,1,T1059.001,atomic_red_team,data\datasets\splunk_attack_data\datasets\attack_techniques\T1059.001\atomic_red_team\windows-sysmon.log
win-dc-228.attackrange.local,{5ABCFE62-84AF-603E-DC00-00000000AD01},2021-03-04 14:00:15+00:00,7,1,2,0,0,0,7,0,0,0,0,0,0,0,0,7,0,1,T1059.001,atomic_red_team,data\datasets\splunk_attack_data\datasets\attack_techniques\T1059.001\atomic_red_team\windows-sysmon.log
win-dc-228.attackrange.local,{5ABCFE62-84AF-603E-DC00-00000000AD01},2021-03-04 14:00:20+00:00,9,1,3,0,0,0,9,0,0,0,0,0,0,0,0,9,0,1,T1059.001,atomic_red_team,data\datasets\splunk_attack_data\datasets\attack_techniques\T1059.001\atomic_red_team\windows-sysmon.log
win-dc-228.attackrange.local,{5ABCFE62-84AF-603E-DC00-00000000AD01},2021-03-04 14:00:25+00:00,6,1,2,0,0,0,6,0,0,0,0,0,0,0,0,6,0,1,T1059.001,atomic_red_team,data\datasets\splunk_attack_data\datasets\attack_techniques\T1059.001\atomic_red_team\windows-sysmon.log
win-dc-228.attackrange.local,{5ABCFE62-84AF-603E-DC00-00000000AD01},2021-03-04 14:00:30+00:00,7,1,2,0,0,0,7,0,0,0,0,0,0,0,0,7,0,1,T1059.001,atomic_red_team,data\datasets\splunk_attack_data\datasets\attack_techniques\T1059.001\atomic_red_team\windows-sysmon.log
win-dc-228.attackrange.local,{5ABCFE62-84AF-603E-DC00-00000000AD01},2021-03-04 14:00:35+00:00,7,1,2,0,0,0,7,0,0,0,0,0,0,0,0,7,0,1,T1059.001,atomic_red_team,data\datasets\splunk_attack_data\datasets\attack_techniques\T1059.001\atomic_red_team\windows-sysmon.log
win-dc-228.attackrange.local,{5ABCFE62-84AF-603E-DC00-00000000AD01},2021-03-04 14:00:40+00:00,6,1,2,0,0,0,6,0,0,0,0,0,0,0,0,6,0,1,T1059.001,atomic_red_team,data\datasets\splunk_attack_data\datasets\attack_techniques\T1059.001\atomic_red_team\windows-sysmon.log
win-dc-228.attackrange.local,{5ABCFE62-84AF-603E-DC00-00000000AD01},2021-03-04 14:00:45+00:00,7,1,2,0,0,0,7,0,0,0,0,0,0,0,0,7,0,1,T1059.001,atomic_red_team,data\datasets\splunk_attack_data\datasets\attack_techniques\T1059.001\atomic_red_team\windows-sysmon.log
win-dc-228.attackrange.local,{5ABCFE62-84AF-603E-DC00-00000000AD01},2021-03-04 14:00:50+00:00,6,1,2,0,0,0,6,0,0,0,0,0,0,0,0,6,0,1,T1059.001,atomic_red_team,data\datasets\splunk_attack_data\datasets\attack_techniques\T1059.001\atomic_red_team\windows-sysmon.log
win-dc-228.attackrange.local,{5ABCFE62-84AF-603E-DC00-00000000AD01},2021-03-04 14:00:55+00:00,8,1,2,0,0,0,8,0,0,0,0,0,0,0,0,8,0,1,T1059.001,atomic_red_team,data\datasets\splunk_attack_data\datasets\attack_techniques\T1059.001\atomic_red_team\windows-sysmon.log
win-dc-228.attackrange.local,{5ABCFE62-84AF-603E-DC00-00000000AD01},2021-03-04 14:01:00+00:00,8,1,2,0,0,0,8,0,0,0,0,0,0,0,0,8,0,1,T1059.001,atomic_red_team,data\datasets\splunk_attack_data\datasets\attack_techniques\T1059.001\atomic_red_team\windows-sysmon.log
win-dc-228.attackrange.local,{5ABCFE62-84AF-603E-DC00-00000000AD01},2021-03-04 14:01:05+00:00,6,1,2,0,0,0,6,0,0,0,0,0,0,0,0,6,0,1,T1059.001,atomic_red_team,data\datasets\splunk_attack_data\datasets\attack_techniques\T1059.001\atomic_red_team\windows-sysmon.log
win-dc-228.attackrange.local,{5ABCFE62-84AF-603E-DC00-00000000AD01},2021-03-04 14:01:10+00:00,5,1,1,0,0,0,5,0,0,0,0,0,0,0,0,5,0,1,T1059.001,atomic_red_team,data\datasets\splunk_attack_data\datasets\attack_techniques\T1059.001\atomic_red_team\windows-sysmon.log
win-dc-228.attackrange.local,{5ABCFE62-84AF-603E-DC00-00000000AD01},2021-03-04 14:01:15+00:00,9,1,2,0,0,0,9,0,0,0,0,0,0,0,0,9,0,1,T1059.001,atomic_red_team,data\datasets\splunk_attack_data\datasets\attack_techniques\T1059.001\atomic_red_team\windows-sysmon.log
win-dc-228.attackrange.local,{5ABCFE62-84AF-603E-DC00-00000000AD01},2021-03-04 14:01:20+00:00,6,1,2,0,0,0,6,0,0,0,0,0,0,0,0,6,0,1,T1059.001,atomic_red_team,data\datasets\splunk_attack_data\datasets\attack_techniques\T1059.001\atomic_red_team\windows-sysmon.log
win-dc-228.attackrange.local,{5ABCFE62-84AF-603E-DC00-00000000AD01},2021-03-04 14:01:25+00:00,6,1,2,0,0,0,6,0,0,0,0,0,0,0,0,6,0,1,T1059.001,atomic_red_team,data\datasets\splunk_attack_data\datasets\attack_techniques\T1059.001\atomic_red_team\windows-sysmon.log
win-dc-228.attackrange.local,{5ABCFE62-84AF-603E-DC00-00000000AD01},2021-03-04 14:01:30+00:00,7,1,2,0,0,0,7,0,0,0,0,0,0,0,0,7,0,1,T1059.001,atomic_red_team,data\datasets\splunk_attack_data\datasets\attack_techniques\T1059.001\atomic_red_team\windows-sysmon.log
win-dc-228.attackrange.local,{5ABCFE62-84AF-603E-DC00-00000000AD01},2021-03-04 14:01:35+00:00,6,1,2,0,0,0,6,0,0,0,0,0,0,0,0,6,0,1,T1059.001,atomic_red_team,data\datasets\splunk_attack_data\datasets\attack_techniques\T1059.001\atomic_red_team\windows-sysmon.log
win-dc-228.attackrange.local,{5ABCFE62-84AF-603E-DC00-00000000AD01},2021-03-04 14:01:40+00:00,6,1,2,0,0,0,6,0,0,0,0,0,0,0,0,6,0,1,T1059.001,atomic_red_team,data\datasets\splunk_attack_data\datasets\attack_techniques\T1059.001\atomic_red_team\windows-sysmon.log
win-dc-228.attackrange.local,{5ABCFE62-84AF-603E-DC00-00000000AD01},2021-03-04 14:01:45+00:00,6,1,2,0,0,0,6,0,0,0,0,0,0,0,0,6,0,1,T1059.001,atomic_red_team,data\datasets\splunk_attack_data\datasets\attack_techniques\T1059.001\atomic_red_team\windows-sysmon.log
win-dc-228.attackrange.local,{5ABCFE62-84AF-603E-DC00-00000000AD01},2021-03-04 14:01:50+00:00,7,1,2,0,0,0,7,0,0,0,0,0,0,0,0,7,0,1,T1059.001,atomic_red_team,data\datasets\splunk_attack_data\datasets\attack_techniques\T1059.001\atomic_red_team\windows-sysmon.log
win-dc-228.attackrange.local,{5ABCFE62-84AF-603E-DC00-00000000AD01},2021-03-04 14:01:55+00:00,7,1,2,0,0,0,7,0,0,0,0,0,0,0,0,7,0,1,T1059.001,atomic_red_team,data\datasets\splunk_attack_data\datasets\attack_techniques\T1059.001\atomic_red_team\windows-sysmon.log
win-dc-228.attackrange.local,{5ABCFE62-84AF-603E-DC00-00000000AD01},2021-03-04 14:02:00+00:00,8,1,2,0,0,0,8,0,0,0,0,0,0,0,0,8,0,1,T1059.001,atomic_red_team,data\datasets\splunk_attack_data\datasets\attack_techniques\T1059.001\atomic_red_team\windows-sysmon.log
win-dc-228.attackrange.local,{5ABCFE62-84AF-603E-DC00-00000000AD01},2021-03-04 14:02:05+00:00,7,1,2,0,0,0,7,0,0,0,0,0,0,0,0,7,0,1,T1059.001,atomic_red_team,data\datasets\splunk_attack_data\datasets\attack_techniques\T1059.001\atomic_red_team\windows-sysmon.log
win-dc-228.attackrange.local,{5ABCFE62-84AF-603E-DC00-00000000AD01},2021-03-04 14:02:10+00:00,8,1,2,0,0,0,8,0,0,0,0,0,0,0,0,8,0,1,T1059.001,atomic_red_team,data\datasets\splunk_attack_data\datasets\attack_techniques\T1059.001\atomic_red_team\windows-sysmon.log
win-dc-228.attackrange.local,{5ABCFE62-84AF-603E-DC00-00000000AD01},2021-03-04 14:02:15+00:00,7,1,2,0,0,0,7,0,0,0,0,0,0,0,0,7,0,1,T1059.001,atomic_red_team,data\datasets\splunk_attack_data\datasets\attack_techniques\T1059.001\atomic_red_team\windows-sysmon.log
win-dc-228.attackrange.local,{5ABCFE62-84AF-603E-DC00-00000000AD01},2021-03-04 14:02:20+00:00,8,1,2,0,0,0,8,0,0,0,0,0,0,0,0,8,0,1,T1059.001,atomic_red_team,data\datasets\splunk_attack_data\datasets\attack_techniques\T1059.001\atomic_red_team\windows-sysmon.log
win-dc-228.attackrange.local,{5ABCFE62-84AF-603E-DC00-00000000AD01},2021-03-04 14:02:25+00:00,6,1,2,0,0,0,6,0,0,0,0,0,0,0,0,6,0,1,T1059.001,atomic_red_team,data\datasets\splunk_attack_data\datasets\attack_techniques\T1059.001\atomic_red_team\windows-sysmon.log
win-dc-228.attackrange.local,{5ABCFE62-84AF-603E-DC00-00000000AD01},2021-03-04 14:02:30+00:00,7,1,2,0,0,0,7,0,0,0,0,0,0,0,0,7,0,1,T1059.001,atomic_red_team,data\datasets\splunk_attack_data\datasets\attack_techniques\T1059.001\atomic_red_team\windows-sysmon.log
win-dc-228.attackrange.local,{5ABCFE62-84AF-603E-DC00-00000000AD01},2021-03-04 14:02:35+00:00,7,1,2,0,0,0,7,0,0,0,0,0,0,0,0,7,0,1,T1059.001,atomic_red_team,data\datasets\splunk_attack_data\datasets\attack_techniques\T1059.001\atomic_red_team\windows-sysmon.log
win-dc-228.attackrange.local,{5ABCFE62-84AF-603E-DC00-00000000AD01},2021-03-04 14:02:40+00:00,7,1,2,0,0,0,7,0,0,0,0,0,0,0,0,7,0,1,T1059.001,atomic_red_team,data\datasets\splunk_attack_data\datasets\attack_techniques\T1059.001\atomic_red_team\windows-sysmon.log
win-dc-228.attackrange.local,{5ABCFE62-84AF-603E-DC00-00000000AD01},2021-03-04 14:02:45+00:00,7,1,2,0,0,0,7,0,0,0,0,0,0,0,0,7,0,1,T1059.001,atomic_red_team,data\datasets\splunk_attack_data\datasets\attack_techniques\T1059.001\atomic_red_team\windows-sysmon.log
win-dc-228.attackrange.local,{5ABCFE62-84AF-603E-DC00-00000000AD01},2021-03-04 14:02:50+00:00,6,1,2,0,0,0,6,0,0,0,0,0,0,0,0,6,0,1,T1059.001,atomic_red_team,data\datasets\splunk_attack_data\datasets\attack_techniques\T1059.001\atomic_red_team\windows-sysmon.log
win-dc-228.attackrange.local,{5ABCFE62-84AF-603E-DC00-00000000AD01},2021-03-04 14:02:55+00:00,6,1,2,0,0,0,6,0,0,0,0,0,0,0,0,6,0,1,T1059.001,atomic_red_team,data\datasets\splunk_attack_data\datasets\attack_techniques\T1059.001\atomic_red_team\windows-sysmon.log
win-dc-228.attackrange.local,{5ABCFE62-84AF-603E-DC00-00000000AD01},2021-03-04 14:03:00+00:00,8,1,2,0,0,0,8,0,0,0,0,0,0,0,0,8,0,1,T1059.001,atomic_red_team,data\datasets\splunk_attack_data\datasets\attack_techniques\T1059.001\atomic_red_team\windows-sysmon.log
win-dc-228.attackrange.local,{5ABCFE62-84AF-603E-DC00-00000000AD01},2021-03-04 14:03:05+00:00,7,1,2,0,0,0,7,0,0,0,0,0,0,0,0,7,0,1,T1059.001,atomic_red_team,data\datasets\splunk_attack_data\datasets\attack_techniques\T1059.001\atomic_red_team\windows-sysmon.log
win-dc-228.attackrange.local,{5ABCFE62-84AF-603E-DC00-00000000AD01},2021-03-04 14:03:10+00:00,6,1,2,0,0,0,6,0,0,0,0,0,0,0,0,6,0,1,T1059.001,atomic_red_team,data\datasets\splunk_attack_data\datasets\attack_techniques\T1059.001\atomic_red_team\windows-sysmon.log
win-dc-228.attackrange.local,{5ABCFE62-84AF-603E-DC00-00000000AD01},2021-03-04 14:03:15+00:00,8,1,2,0,0,0,8,0,0,0,0,0,0,0,0,8,0,1,T1059.001,atomic_red_team,data\datasets\splunk_attack_data\datasets\attack_techniques\T1059.001\atomic_red_team\windows-sysmon.log
win-dc-228.attackrange.local,{5ABCFE62-84AF-603E-DC00-00000000AD01},2021-03-04 14:03:20+00:00,7,1,2,0,0,0,7,0,0,0,0,0,0,0,0,7,0,1,T1059.001,atomic_red_team,data\datasets\splunk_attack_data\datasets\attack_techniques\T1059.001\atomic_red_team\windows-sysmon.log
win-dc-228.attackrange.local,{5ABCFE62-84AF-603E-DC00-00000000AD01},2021-03-04 14:03:25+00:00,6,1,2,0,0,0,6,0,0,0,0,0,0,0,0,6,0,1,T1059.001,atomic_red_team,data\datasets\splunk_attack_data\datasets\attack_techniques\T1059.001\atomic_red_team\windows-sysmon.log
win-dc-228.attackrange.local,{5ABCFE62-84AF-603E-DC00-00000000AD01},2021-03-04 14:03:30+00:00,8,1,2,0,0,0,8,0,0,0,0,0,0,0,0,8,0,1,T1059.001,atomic_red_team,data\datasets\splunk_attack_data\datasets\attack_techniques\T1059.001\atomic_red_team\windows-sysmon.log
win-dc-228.attackrange.local,{5ABCFE62-84AF-603E-DC00-00000000AD01},2021-03-04 14:03:35+00:00,5,1,2,0,0,0,5,0,0,0,0,0,0,0,0,5,0,1,T1059.001,atomic_red_team,data\datasets\splunk_attack_data\datasets\attack_techniques\T1059.001\atomic_red_team\windows-sysmon.log
win-dc-228.attackrange.local,{5ABCFE62-84AF-603E-DC00-00000000AD01},2021-03-04 14:03:40+00:00,7,1,2,0,0,0,7,0,0,0,0,0,0,0,0,7,0,1,T1059.001,atomic_red_team,data\datasets\splunk_attack_data\datasets\attack_techniques\T1059.001\atomic_red_team\windows-sysmon.log
win-dc-228.attackrange.local,{5ABCFE62-84AF-603E-DC00-00000000AD01},2021-03-04 14:03:45+00:00,8,1,2,0,0,0,8,0,0,0,0,0,0,0,0,8,0,1,T1059.001,atomic_red_team,data\datasets\splunk_attack_data\datasets\attack_techniques\T1059.001\atomic_red_team\windows-sysmon.log
win-dc-228.attackrange.local,{5ABCFE62-84AF-603E-DC00-00000000AD01},2021-03-04 14:03:50+00:00,7,1,2,0,0,0,7,0,0,0,0,0,0,0,0,7,0,1,T1059.001,atomic_red_team,data\datasets\splunk_attack_data\datasets\attack_techniques\T1059.001\atomic_red_team\windows-sysmon.log
win-dc-228.attackrange.local,{5ABCFE62-84AF-603E-DC00-00000000AD01},2021-03-04 14:03:55+00:00,6,1,2,0,0,0,6,0,0,0,0,0,0,0,0,6,0,1,T1059.001,atomic_red_team,data\datasets\splunk_attack_data\datasets\attack_techniques\T1059.001\atomic_red_team\windows-sysmon.log
win-dc-228.attackrange.local,{5ABCFE62-84AF-603E-DC00-00000000AD01},2021-03-04 14:04:00+00:00,9,1,2,0,0,0,9,0,0,0,0,0,0,0,0,9,0,1,T1059.001,atomic_red_team,data\datasets\splunk_attack_data\datasets\attack_techniques\T1059.001\atomic_red_team\windows-sysmon.log
win-dc-228.attackrange.local,{5ABCFE62-84AF-603E-DC00-00000000AD01},2021-03-04 14:04:05+00:00,7,1,2,0,0,0,7,0,0,0,0,0,0,0,0,7,0,1,T1059.001,atomic_red_team,data\datasets\splunk_attack_data\datasets\attack_techniques\T1059.001\atomic_red_team\windows-sysmon.log
win-dc-228.attackrange.local,{5ABCFE62-84AF-603E-DC00-00000000AD01},2021-03-04 14:04:10+00:00,6,1,2,0,0,0,6,0,0,0,0,0,0,0,0,6,0,1,T1059.001,atomic_red_team,data\datasets\splunk_attack_data\datasets\attack_techniques\T1059.001\atomic_red_team\windows-sysmon.log
win-dc-228.attackrange.local,{5ABCFE62-84AF-603E-DC00-00000000AD01},2021-03-04 14:04:15+00:00,8,1,2,0,0,0,8,0,0,0,0,0,0,0,0,8,0,1,T1059.001,atomic_red_team,data\datasets\splunk_attack_data\datasets\attack_techniques\T1059.001\atomic_red_team\windows-sysmon.log
win-dc-228.attackrange.local,{5ABCFE62-84AF-603E-DC00-00000000AD01},2021-03-04 14:04:20+00:00,8,1,2,0,0,0,8,0,0,0,0,0,0,0,0,8,0,1,T1059.001,atomic_red_team,data\datasets\splunk_attack_data\datasets\attack_techniques\T1059.001\atomic_red_team\windows-sysmon.log
win-dc-228.attackrange.local,{5ABCFE62-84AF-603E-DC00-00000000AD01},2021-03-04 14:04:25+00:00,7,1,2,0,0,0,7,0,0,0,0,0,0,0,0,7,0,1,T1059.001,atomic_red_team,data\datasets\splunk_attack_data\datasets\attack_techniques\T1059.001\atomic_red_team\windows-sysmon.log
win-dc-228.attackrange.local,{5ABCFE62-84AF-603E-DC00-00000000AD01},2021-03-04 14:04:30+00:00,7,1,2,0,0,0,7,0,0,0,0,0,0,0,0,7,0,1,T1059.001,atomic_red_team,data\datasets\splunk_attack_data\datasets\attack_techniques\T1059.001\atomic_red_team\windows-sysmon.log
win-dc-228.attackrange.local,{5ABCFE62-84AF-603E-DC00-00000000AD01},2021-03-04 14:04:35+00:00,7,1,2,0,0,0,7,0,0,0,0,0,0,0,0,7,0,1,T1059.001,atomic_red_team,data\datasets\splunk_attack_data\datasets\attack_techniques\T1059.001\atomic_red_team\windows-sysmon.log
win-dc-228.attackrange.local,{5ABCFE62-84AF-603E-DC00-00000000AD01},2021-03-04 14:04:40+00:00,7,1,2,0,0,0,7,0,0,0,0,0,0,0,0,7,0,1,T1059.001,atomic_red_team,data\datasets\splunk_attack_data\datasets\attack_techniques\T1059.001\atomic_red_team\windows-sysmon.log
win-dc-228.attackrange.local,{5ABCFE62-84AF-603E-DC00-00000000AD01},2021-03-04 14:04:45+00:00,7,1,2,0,0,0,7,0,0,0,0,0,0,0,0,7,0,1,T1059.001,atomic_red_team,data\datasets\splunk_attack_data\datasets\attack_techniques\T1059.001\atomic_red_team\windows-sysmon.log
win-dc-228.attackrange.local,{5ABCFE62-84AF-603E-DC00-00000000AD01},2021-03-04 14:04:50+00:00,7,1,2,0,0,0,7,0,0,0,0,0,0,0,0,7,0,1,T1059.001,atomic_red_team,data\datasets\splunk_attack_data\datasets\attack_techniques\T1059.001\atomic_red_team\windows-sysmon.log
win-dc-228.attackrange.local,{5ABCFE62-84AF-603E-DC00-00000000AD01},2021-03-04 14:04:55+00:00,8,1,2,0,0,0,8,0,0,0,0,0,0,0,0,8,0,1,T1059.001,atomic_red_team,data\datasets\splunk_attack_data\datasets\attack_techniques\T1059.001\atomic_red_team\windows-sysmon.log
win-dc-228.attackrange.local,{5ABCFE62-84AF-603E-DC00-00000000AD01},2021-03-04 14:05:00+00:00,7,1,2,0,0,0,7,0,0,0,0,0,0,0,0,7,0,1,T1059.001,atomic_red_team,data\datasets\splunk_attack_data\datasets\attack_techniques\T1059.001\atomic_red_team\windows-sysmon.log
win-dc-228.attackrange.local,{5ABCFE62-84AF-603E-DC00-00000000AD01},2021-03-04 14:05:05+00:00,7,1,2,0,0,0,7,0,0,0,0,0,0,0,0,7,0,1,T1059.001,atomic_red_team,data\datasets\splunk_attack_data\datasets\attack_techniques\T1059.001\atomic_red_team\windows-sysmon.log
win-dc-228.attackrange.local,{5ABCFE62-84AF-603E-DC00-00000000AD01},2021-03-04 14:05:10+00:00,6,1,2,0,0,0,6,0,0,0,0,0,0,0,0,6,0,1,T1059.001,atomic_red_team,data\datasets\splunk_attack_data\datasets\attack_techniques\T1059.001\atomic_red_team\windows-sysmon.log
win-dc-228.attackrange.local,{5ABCFE62-84AF-603E-DC00-00000000AD01},2021-03-04 14:05:15+00:00,9,1,2,0,0,0,9,0,0,0,0,0,0,0,0,9,0,1,T1059.001,atomic_red_team,data\datasets\splunk_attack_data\datasets\attack_techniques\T1059.001\atomic_red_team\windows-sysmon.log
win-dc-228.attackrange.local,{5ABCFE62-84AF-603E-DC00-00000000AD01},2021-03-04 14:05:20+00:00,5,1,1,0,0,0,5,0,0,0,0,0,0,0,0,5,0,1,T1059.001,atomic_red_team,data\datasets\splunk_attack_data\datasets\attack_techniques\T1059.001\atomic_red_team\windows-sysmon.log
win-dc-228.attackrange.local,{5ABCFE62-84AF-603E-DC00-00000000AD01},2021-03-04 14:05:25+00:00,7,1,2,0,0,0,7,0,0,0,0,0,0,0,0,7,0,1,T1059.001,atomic_red_team,data\datasets\splunk_attack_data\datasets\attack_techniques\T1059.001\atomic_red_team\windows-sysmon.log
win-dc-228.attackrange.local,{5ABCFE62-84AF-603E-DC00-00000000AD01},2021-03-04 14:05:30+00:00,7,1,2,0,0,0,7,0,0,0,0,0,0,0,0,7,0,1,T1059.001,atomic_red_team,data\datasets\splunk_attack_data\datasets\attack_techniques\T1059.001\atomic_red_team\windows-sysmon.log
win-dc-228.attackrange.local,{5ABCFE62-84AF-603E-DC00-00000000AD01},2021-03-04 14:05:35+00:00,7,1,2,0,0,0,7,0,0,0,0,0,0,0,0,7,0,1,T1059.001,atomic_red_team,data\datasets\splunk_attack_data\datasets\attack_techniques\T1059.001\atomic_red_team\windows-sysmon.log
win-dc-228.attackrange.local,{5ABCFE62-84AF-603E-DC00-00000000AD01},2021-03-04 14:05:40+00:00,7,1,2,0,0,0,7,0,0,0,0,0,0,0,0,7,0,1,T1059.001,atomic_red_team,data\datasets\splunk_attack_data\datasets\attack_techniques\T1059.001\atomic_red_team\windows-sysmon.log
win-dc-228.attackrange.local,{5ABCFE62-84AF-603E-DC00-00000000AD01},2021-03-04 14:05:45+00:00,6,1,2,0,0,0,6,0,0,0,0,0,0,0,0,6,0,1,T1059.001,atomic_red_team,data\datasets\splunk_attack_data\datasets\attack_techniques\T1059.001\atomic_red_team\windows-sysmon.log
win-dc-228.attackrange.local,{5ABCFE62-84AF-603E-DC00-00000000AD01},2021-03-04 14:05:50+00:00,8,1,2,0,0,0,8,0,0,0,0,0,0,0,0,8,0,1,T1059.001,atomic_red_team,data\datasets\splunk_attack_data\datasets\attack_techniques\T1059.001\atomic_red_team\windows-sysmon.log
win-dc-228.attackrange.local,{5ABCFE62-84AF-603E-DC00-00000000AD01},2021-03-04 14:05:55+00:00,6,1,2,0,0,0,6,0,0,0,0,0,0,0,0,6,0,1,T1059.001,atomic_red_team,data\datasets\splunk_attack_data\datasets\attack_techniques\T1059.001\atomic_red_team\windows-sysmon.log
win-dc-228.attackrange.local,{5ABCFE62-84AF-603E-DC00-00000000AD01},2021-03-04 14:06:00+00:00,7,1,2,0,0,0,7,0,0,0,0,0,0,0,0,7,0,1,T1059.001,atomic_red_team,data\datasets\splunk_attack_data\datasets\attack_techniques\T1059.001\atomic_red_team\windows-sysmon.log
win-dc-228.attackrange.local,{5ABCFE62-84AF-603E-DC00-00000000AD01},2021-03-04 14:06:05+00:00,6,1,2,0,0,0,6,0,0,0,0,0,0,0,0,6,0,1,T1059.001,atomic_red_team,data\datasets\splunk_attack_data\datasets\attack_techniques\T1059.001\atomic_red_team\windows-sysmon.log
win-dc-228.attackrange.local,{5ABCFE62-84AF-603E-DC00-00000000AD01},2021-03-04 14:06:10+00:00,7,1,2,0,0,0,7,0,0,0,0,0,0,0,0,7,0,1,T1059.001,atomic_red_team,data\datasets\splunk_attack_data\datasets\attack_techniques\T1059.001\atomic_red_team\windows-sysmon.log
win-dc-228.attackrange.local,{5ABCFE62-84AF-603E-DC00-00000000AD01},2021-03-04 14:06:15+00:00,7,1,2,0,0,0,7,0,0,0,0,0,0,0,0,7,0,1,T1059.001,atomic_red_team,data\datasets\splunk_attack_data\datasets\attack_techniques\T1059.001\atomic_red_team\windows-sysmon.log
win-dc-228.attackrange.local,{5ABCFE62-84AF-603E-DC00-00000000AD01},2021-03-04 14:06:20+00:00,7,1,2,0,0,0,7,0,0,0,0,0,0,0,0,7,0,1,T1059.001,atomic_red_team,data\datasets\splunk_attack_data\datasets\attack_techniques\T1059.001\atomic_red_team\windows-sysmon.log
win-dc-228.attackrange.local,{5ABCFE62-84AF-603E-DC00-00000000AD01},2021-03-04 14:06:25+00:00,7,1,2,0,0,0,7,0,0,0,0,0,0,0,0,7,0,1,T1059.001,atomic_red_team,data\datasets\splunk_attack_data\datasets\attack_techniques\T1059.001\atomic_red_team\windows-sysmon.log
win-dc-228.attackrange.local,{5ABCFE62-84AF-603E-DC00-00000000AD01},2021-03-04 14:06:30+00:00,8,1,2,0,0,0,8,0,0,0,0,0,0,0,0,8,0,1,T1059.001,atomic_red_team,data\datasets\splunk_attack_data\datasets\attack_techniques\T1059.001\atomic_red_team\windows-sysmon.log
win-dc-228.attackrange.local,{5ABCFE62-84AF-603E-DC00-00000000AD01},2021-03-04 14:06:35+00:00,7,1,2,0,0,0,7,0,0,0,0,0,0,0,0,7,0,1,T1059.001,atomic_red_team,data\datasets\splunk_attack_data\datasets\attack_techniques\T1059.001\atomic_red_team\windows-sysmon.log
win-dc-228.attackrange.local,{5ABCFE62-84AF-603E-DC00-00000000AD01},2021-03-04 14:06:40+00:00,7,1,2,0,0,0,7,0,0,0,0,0,0,0,0,7,0,1,T1059.001,atomic_red_team,data\datasets\splunk_attack_data\datasets\attack_techniques\T1059.001\atomic_red_team\windows-sysmon.log
win-dc-228.attackrange.local,{5ABCFE62-84AF-603E-DC00-00000000AD01},2021-03-04 14:06:45+00:00,5,1,1,0,0,0,5,0,0,0,0,0,0,0,0,5,0,1,T1059.001,atomic_red_team,data\datasets\splunk_attack_data\datasets\attack_techniques\T1059.001\atomic_red_team\windows-sysmon.log
win-dc-228.attackrange.local,{5ABCFE62-84AF-603E-DC00-00000000AD01},2021-03-04 14:06:50+00:00,8,1,2,0,0,0,8,0,0,0,0,0,0,0,0,8,0,1,T1059.001,atomic_red_team,data\datasets\splunk_attack_data\datasets\attack_techniques\T1059.001\atomic_red_team\windows-sysmon.log
win-dc-228.attackrange.local,{5ABCFE62-84AF-603E-DC00-00000000AD01},2021-03-04 14:06:55+00:00,7,1,2,0,0,0,7,0,0,0,0,0,0,0,0,7,0,1,T1059.001,atomic_red_team,data\datasets\splunk_attack_data\datasets\attack_techniques\T1059.001\atomic_red_team\windows-sysmon.log
win-dc-228.attackrange.local,{5ABCFE62-84AF-603E-DC00-00000000AD01},2021-03-04 14:07:00+00:00,9,1,2,0,0,0,9,0,0,0,0,0,0,0,0,9,0,1,T1059.001,atomic_red_team,data\datasets\splunk_attack_data\datasets\attack_techniques\T1059.001\atomic_red_team\windows-sysmon.log
win-dc-228.attackrange.local,{5ABCFE62-84AF-603E-DC00-00000000AD01},2021-03-04 14:07:05+00:00,6,1,2,0,0,0,6,0,0,0,0,0,0,0,0,6,0,1,T1059.001,atomic_red_team,data\datasets\splunk_attack_data\datasets\attack_techniques\T1059.001\atomic_red_team\windows-sysmon.log
win-dc-228.attackrange.local,{5ABCFE62-84AF-603E-DC00-00000000AD01},2021-03-04 14:07:10+00:00,7,1,2,0,0,0,7,0,0,0,0,0,0,0,0,7,0,1,T1059.001,atomic_red_team,data\datasets\splunk_attack_data\datasets\attack_techniques\T1059.001\atomic_red_team\windows-sysmon.log
win-dc-228.attackrange.local,{5ABCFE62-84AF-603E-DC00-00000000AD01},2021-03-04 14:07:15+00:00,8,1,2,0,0,0,8,0,0,0,0,0,0,0,0,8,0,1,T1059.001,atomic_red_team,data\datasets\splunk_attack_data\datasets\attack_techniques\T1059.001\atomic_red_team\windows-sysmon.log
win-dc-228.attackrange.local,{5ABCFE62-84AF-603E-DC00-00000000AD01},2021-03-04 14:07:20+00:00,7,1,2,0,0,0,7,0,0,0,0,0,0,0,0,7,0,1,T1059.001,atomic_red_team,data\datasets\splunk_attack_data\datasets\attack_techniques\T1059.001\atomic_red_team\windows-sysmon.log
win-dc-228.attackrange.local,{5ABCFE62-84AF-603E-DC00-00000000AD01},2021-03-04 14:07:25+00:00,5,1,2,0,0,0,5,0,0,0,0,0,0,0,0,5,0,1,T1059.001,atomic_red_team,data\datasets\splunk_attack_data\datasets\attack_techniques\T1059.001\atomic_red_team\windows-sysmon.log
win-dc-228.attackrange.local,{5ABCFE62-84AF-603E-DC00-00000000AD01},2021-03-04 14:07:30+00:00,7,1,2,0,0,0,7,0,0,0,0,0,0,0,0,7,0,1,T1059.001,atomic_red_team,data\datasets\splunk_attack_data\datasets\attack_techniques\T1059.001\atomic_red_team\windows-sysmon.log
win-dc-228.attackrange.local,{5ABCFE62-84AF-603E-DC00-00000000AD01},2021-03-04 14:07:35+00:00,7,1,2,0,0,0,7,0,0,0,0,0,0,0,0,7,0,1,T1059.001,atomic_red_team,data\datasets\splunk_attack_data\datasets\attack_techniques\T1059.001\atomic_red_team\windows-sysmon.log
win-dc-228.attackrange.local,{5ABCFE62-84AF-603E-DC00-00000000AD01},2021-03-04 14:07:40+00:00,8,1,2,0,0,0,8,0,0,0,0,0,0,0,0,8,0,1,T1059.001,atomic_red_team,data\datasets\splunk_attack_data\datasets\attack_techniques\T1059.001\atomic_red_team\windows-sysmon.log
win-dc-228.attackrange.local,{5ABCFE62-84AF-603E-DC00-00000000AD01},2021-03-04 14:07:45+00:00,9,1,3,0,0,0,9,0,0,0,0,0,0,0,0,9,0,1,T1059.001,atomic_red_team,data\datasets\splunk_attack_data\datasets\attack_techniques\T1059.001\atomic_red_team\windows-sysmon.log
win-dc-228.attackrange.local,{5ABCFE62-84AF-603E-DC00-00000000AD01},2021-03-04 14:07:50+00:00,8,1,3,0,0,0,8,0,0,0,0,0,0,0,0,8,0,1,T1059.001,atomic_red_team,data\datasets\splunk_attack_data\datasets\attack_techniques\T1059.001\atomic_red_team\windows-sysmon.log
win-dc-228.attackrange.local,{5ABCFE62-84AF-603E-DC00-00000000AD01},2021-03-04 14:07:55+00:00,9,1,3,0,0,0,9,0,0,0,0,0,0,0,0,9,0,1,T1059.001,atomic_red_team,data\datasets\splunk_attack_data\datasets\attack_techniques\T1059.001\atomic_red_team\windows-sysmon.log
win-dc-228.attackrange.local,{5ABCFE62-84AF-603E-DC00-00000000AD01},2021-03-04 14:08:00+00:00,21,1,3,0,0,0,21,0,0,0,0,0,0,0,0,21,0,1,T1059.001,atomic_red_team,data\datasets\splunk_attack_data\datasets\attack_techniques\T1059.001\atomic_red_team\windows-sysmon.log
win-dc-228.attackrange.local,{5ABCFE62-84AF-603E-DC00-00000000AD01},2021-03-04 14:08:05+00:00,8,1,2,0,0,0,8,0,0,0,0,0,0,0,0,8,0,1,T1059.001,atomic_red_team,data\datasets\splunk_attack_data\datasets\attack_techniques\T1059.001\atomic_red_team\windows-sysmon.log
win-dc-228.attackrange.local,{5ABCFE62-84AF-603E-DC00-00000000AD01},2021-03-04 14:08:10+00:00,7,1,2,0,0,0,7,0,0,0,0,0,0,0,0,7,0,1,T1059.001,atomic_red_team,data\datasets\splunk_attack_data\datasets\attack_techniques\T1059.001\atomic_red_team\windows-sysmon.log
win-dc-228.attackrange.local,{5ABCFE62-84AF-603E-DC00-00000000AD01},2021-03-04 14:08:15+00:00,6,1,2,0,0,0,6,0,0,0,0,0,0,0,0,6,0,1,T1059.001,atomic_red_team,data\datasets\splunk_attack_data\datasets\attack_techniques\T1059.001\atomic_red_team\windows-sysmon.log
win-dc-228.attackrange.local,{5ABCFE62-84AF-603E-DC00-00000000AD01},2021-03-04 14:08:20+00:00,7,1,2,0,0,0,7,0,0,0,0,0,0,0,0,7,0,1,T1059.001,atomic_red_team,data\datasets\splunk_attack_data\datasets\attack_techniques\T1059.001\atomic_red_team\windows-sysmon.log
win-dc-228.attackrange.local,{5ABCFE62-84AF-603E-DC00-00000000AD01},2021-03-04 14:08:25+00:00,6,1,2,0,0,0,6,0,0,0,0,0,0,0,0,6,0,1,T1059.001,atomic_red_team,data\datasets\splunk_attack_data\datasets\attack_techniques\T1059.001\atomic_red_team\windows-sysmon.log
win-dc-228.attackrange.local,{5ABCFE62-84AF-603E-DC00-00000000AD01},2021-03-04 14:08:30+00:00,6,1,2,0,0,0,6,0,0,0,0,0,0,0,0,6,0,1,T1059.001,atomic_red_team,data\datasets\splunk_attack_data\datasets\attack_techniques\T1059.001\atomic_red_team\windows-sysmon.log
win-dc-228.attackrange.local,{5ABCFE62-84AF-603E-DC00-00000000AD01},2021-03-04 14:08:35+00:00,10,1,2,0,0,0,10,0,0,0,0,0,0,0,0,10,0,1,T1059.001,atomic_red_team,data\datasets\splunk_attack_data\datasets\attack_techniques\T1059.001\atomic_red_team\windows-sysmon.log
win-dc-228.attackrange.local,{5ABCFE62-84AF-603E-DC00-00000000AD01},2021-03-04 14:08:40+00:00,6,1,2,0,0,0,6,0,0,0,0,0,0,0,0,6,0,1,T1059.001,atomic_red_team,data\datasets\splunk_attack_data\datasets\attack_techniques\T1059.001\atomic_red_team\windows-sysmon.log
win-dc-228.attackrange.local,{5ABCFE62-84AF-603E-DC00-00000000AD01},2021-03-04 14:08:45+00:00,7,1,2,0,0,0,7,0,0,0,0,0,0,0,0,7,0,1,T1059.001,atomic_red_team,data\datasets\splunk_attack_data\datasets\attack_techniques\T1059.001\atomic_red_team\windows-sysmon.log
win-dc-228.attackrange.local,{5ABCFE62-84AF-603E-DC00-00000000AD01},2021-03-04 14:08:50+00:00,6,1,2,0,0,0,6,0,0,0,0,0,0,0,0,6,0,1,T1059.001,atomic_red_team,data\datasets\splunk_attack_data\datasets\attack_techniques\T1059.001\atomic_red_team\windows-sysmon.log
win-dc-228.attackrange.local,{5ABCFE62-84AF-603E-DC00-00000000AD01},2021-03-04 14:08:55+00:00,9,1,2,0,0,0,9,0,0,0,0,0,0,0,0,9,0,1,T1059.001,atomic_red_team,data\datasets\splunk_attack_data\datasets\attack_techniques\T1059.001\atomic_red_team\windows-sysmon.log
win-dc-228.attackrange.local,{5ABCFE62-84AF-603E-DC00-00000000AD01},2021-03-04 14:09:00+00:00,8,1,2,0,0,0,8,0,0,0,0,0,0,0,0,8,0,1,T1059.001,atomic_red_team,data\datasets\splunk_attack_data\datasets\attack_techniques\T1059.001\atomic_red_team\windows-sysmon.log
win-dc-228.attackrange.local,{5ABCFE62-84AF-603E-DC00-00000000AD01},2021-03-04 14:09:05+00:00,7,1,2,0,0,0,7,0,0,0,0,0,0,0,0,7,0,1,T1059.001,atomic_red_team,data\datasets\splunk_attack_data\datasets\attack_techniques\T1059.001\atomic_red_team\windows-sysmon.log
win-dc-228.attackrange.local,{5ABCFE62-84AF-603E-DC00-00000000AD01},2021-03-04 14:09:10+00:00,6,1,2,0,0,0,6,0,0,0,0,0,0,0,0,6,0,1,T1059.001,atomic_red_team,data\datasets\splunk_attack_data\datasets\attack_techniques\T1059.001\atomic_red_team\windows-sysmon.log
win-dc-228.attackrange.local,{5ABCFE62-84AF-603E-DC00-00000000AD01},2021-03-04 14:09:15+00:00,9,1,2,0,0,0,9,0,0,0,0,0,0,0,0,9,0,1,T1059.001,atomic_red_team,data\datasets\splunk_attack_data\datasets\attack_techniques\T1059.001\atomic_red_team\windows-sysmon.log
win-dc-228.attackrange.local,{5ABCFE62-84AF-603E-DC00-00000000AD01},2021-03-04 14:09:20+00:00,6,1,2,0,0,0,6,0,0,0,0,0,0,0,0,6,0,1,T1059.001,atomic_red_team,data\datasets\splunk_attack_data\datasets\attack_techniques\T1059.001\atomic_red_team\windows-sysmon.log
win-dc-228.attackrange.local,{5ABCFE62-84AF-603E-DC00-00000000AD01},2021-03-04 14:09:25+00:00,5,1,2,0,0,0,5,0,0,0,0,0,0,0,0,5,0,1,T1059.001,atomic_red_team,data\datasets\splunk_attack_data\datasets\attack_techniques\T1059.001\atomic_red_team\windows-sysmon.log
win-dc-228.attackrange.local,{5ABCFE62-84AF-603E-DC00-00000000AD01},2021-03-04 14:09:30+00:00,7,1,2,0,0,0,7,0,0,0,0,0,0,0,0,7,0,1,T1059.001,atomic_red_team,data\datasets\splunk_attack_data\datasets\attack_techniques\T1059.001\atomic_red_team\windows-sysmon.log
win-dc-228.attackrange.local,{5ABCFE62-84AF-603E-DC00-00000000AD01},2021-03-04 14:09:35+00:00,7,1,2,0,0,0,7,0,0,0,0,0,0,0,0,7,0,1,T1059.001,atomic_red_team,data\datasets\splunk_attack_data\datasets\attack_techniques\T1059.001\atomic_red_team\windows-sysmon.log
win-dc-228.attackrange.local,{5ABCFE62-84AF-603E-DC00-00000000AD01},2021-03-04 14:09:40+00:00,7,1,2,0,0,0,7,0,0,0,0,0,0,0,0,7,0,1,T1059.001,atomic_red_team,data\datasets\splunk_attack_data\datasets\attack_techniques\T1059.001\atomic_red_team\windows-sysmon.log
win-dc-228.attackrange.local,{5ABCFE62-84AF-603E-DC00-00000000AD01},2021-03-04 14:09:45+00:00,7,1,2,0,0,0,7,0,0,0,0,0,0,0,0,7,0,1,T1059.001,atomic_red_team,data\datasets\splunk_attack_data\datasets\attack_techniques\T1059.001\atomic_red_team\windows-sysmon.log
win-dc-228.attackrange.local,{5ABCFE62-84AF-603E-DC00-00000000AD01},2021-03-04 14:09:50+00:00,6,1,2,0,0,0,6,0,0,0,0,0,0,0,0,6,0,1,T1059.001,atomic_red_team,data\datasets\splunk_attack_data\datasets\attack_techniques\T1059.001\atomic_red_team\windows-sysmon.log
win-dc-228.attackrange.local,{5ABCFE62-84AF-603E-DC00-00000000AD01},2021-03-04 14:09:55+00:00,6,1,2,0,0,0,6,0,0,0,0,0,0,0,0,6,0,1,T1059.001,atomic_red_team,data\datasets\splunk_attack_data\datasets\attack_techniques\T1059.001\atomic_red_team\windows-sysmon.log
win-dc-228.attackrange.local,{5ABCFE62-84AF-603E-DC00-00000000AD01},2021-03-04 14:10:00+00:00,26,1,3,0,0,0,26,0,0,0,0,0,0,0,0,26,0,1,T1059.001,atomic_red_team,data\datasets\splunk_attack_data\datasets\attack_techniques\T1059.001\atomic_red_team\windows-sysmon.log
win-dc-228.attackrange.local,{5ABCFE62-84AF-603E-DC00-00000000AD01},2021-03-04 14:10:05+00:00,6,1,2,0,0,0,6,0,0,0,0,0,0,0,0,6,0,1,T1059.001,atomic_red_team,data\datasets\splunk_attack_data\datasets\attack_techniques\T1059.001\atomic_red_team\windows-sysmon.log
win-dc-228.attackrange.local,{5ABCFE62-84AF-603E-DC00-00000000AD01},2021-03-04 14:10:10+00:00,7,1,2,0,0,0,7,0,0,0,0,0,0,0,0,7,0,1,T1059.001,atomic_red_team,data\datasets\splunk_attack_data\datasets\attack_techniques\T1059.001\atomic_red_team\windows-sysmon.log
win-dc-228.attackrange.local,{5ABCFE62-84AF-603E-DC00-00000000AD01},2021-03-04 14:10:15+00:00,8,1,2,0,0,0,8,0,0,0,0,0,0,0,0,8,0,1,T1059.001,atomic_red_team,data\datasets\splunk_attack_data\datasets\attack_techniques\T1059.001\atomic_red_team\windows-sysmon.log
win-dc-228.attackrange.local,{5ABCFE62-84AF-603E-DC00-00000000AD01},2021-03-04 14:10:20+00:00,8,1,2,0,0,0,8,0,0,0,0,0,0,0,0,8,0,1,T1059.001,atomic_red_team,data\datasets\splunk_attack_data\datasets\attack_techniques\T1059.001\atomic_red_team\windows-sysmon.log
win-dc-228.attackrange.local,{5ABCFE62-84AF-603E-DC00-00000000AD01},2021-03-04 14:10:25+00:00,7,1,2,0,0,0,7,0,0,0,0,0,0,0,0,7,0,1,T1059.001,atomic_red_team,data\datasets\splunk_attack_data\datasets\attack_techniques\T1059.001\atomic_red_team\windows-sysmon.log
win-dc-228.attackrange.local,{5ABCFE62-84AF-603E-DC00-00000000AD01},2021-03-04 14:10:30+00:00,7,1,2,0,0,0,7,0,0,0,0,0,0,0,0,7,0,1,T1059.001,atomic_red_team,data\datasets\splunk_attack_data\datasets\attack_techniques\T1059.001\atomic_red_team\windows-sysmon.log
win-dc-228.attackrange.local,{5ABCFE62-84AF-603E-DC00-00000000AD01},2021-03-04 14:10:35+00:00,6,1,2,0,0,0,6,0,0,0,0,0,0,0,0,6,0,1,T1059.001,atomic_red_team,data\datasets\splunk_attack_data\datasets\attack_techniques\T1059.001\atomic_red_team\windows-sysmon.log
win-dc-228.attackrange.local,{5ABCFE62-84AF-603E-DC00-00000000AD01},2021-03-04 14:10:40+00:00,7,1,2,0,0,0,7,0,0,0,0,0,0,0,0,7,0,1,T1059.001,atomic_red_team,data\datasets\splunk_attack_data\datasets\attack_techniques\T1059.001\atomic_red_team\windows-sysmon.log
win-dc-228.attackrange.local,{5ABCFE62-84AF-603E-DC00-00000000AD01},2021-03-04 14:10:45+00:00,8,1,2,0,0,0,8,0,0,0,0,0,0,0,0,8,0,1,T1059.001,atomic_red_team,data\datasets\splunk_attack_data\datasets\attack_techniques\T1059.001\atomic_red_team\windows-sysmon.log
win-dc-228.attackrange.local,{5ABCFE62-84AF-603E-DC00-00000000AD01},2021-03-04 14:10:50+00:00,7,1,2,0,0,0,7,0,0,0,0,0,0,0,0,7,0,1,T1059.001,atomic_red_team,data\datasets\splunk_attack_data\datasets\attack_techniques\T1059.001\atomic_red_team\windows-sysmon.log
win-dc-228.attackrange.local,{5ABCFE62-84AF-603E-DC00-00000000AD01},2021-03-04 14:10:55+00:00,6,1,2,0,0,0,6,0,0,0,0,0,0,0,0,6,0,1,T1059.001,atomic_red_team,data\datasets\splunk_attack_data\datasets\attack_techniques\T1059.001\atomic_red_team\windows-sysmon.log
win-dc-228.attackrange.local,{5ABCFE62-84AF-603E-DC00-00000000AD01},2021-03-04 14:11:00+00:00,8,1,2,0,0,0,8,0,0,0,0,0,0,0,0,8,0,1,T1059.001,atomic_red_team,data\datasets\splunk_attack_data\datasets\attack_techniques\T1059.001\atomic_red_team\windows-sysmon.log
win-dc-228.attackrange.local,{5ABCFE62-84AF-603E-DC00-00000000AD01},2021-03-04 14:11:05+00:00,8,1,2,0,0,0,8,0,0,0,0,0,0,0,0,8,0,1,T1059.001,atomic_red_team,data\datasets\splunk_attack_data\datasets\attack_techniques\T1059.001\atomic_red_team\windows-sysmon.log
win-dc-228.attackrange.local,{5ABCFE62-84AF-603E-DC00-00000000AD01},2021-03-04 14:11:10+00:00,7,1,2,0,0,0,7,0,0,0,0,0,0,0,0,7,0,1,T1059.001,atomic_red_team,data\datasets\splunk_attack_data\datasets\attack_techniques\T1059.001\atomic_red_team\windows-sysmon.log
win-dc-228.attackrange.local,{5ABCFE62-84AF-603E-DC00-00000000AD01},2021-03-04 14:11:15+00:00,7,1,2,0,0,0,7,0,0,0,0,0,0,0,0,7,0,1,T1059.001,atomic_red_team,data\datasets\splunk_attack_data\datasets\attack_techniques\T1059.001\atomic_red_team\windows-sysmon.log
win-dc-228.attackrange.local,{5ABCFE62-84AF-603E-DC00-00000000AD01},2021-03-04 14:11:20+00:00,5,1,2,0,0,0,5,0,0,0,0,0,0,0,0,5,0,1,T1059.001,atomic_red_team,data\datasets\splunk_attack_data\datasets\attack_techniques\T1059.001\atomic_red_team\windows-sysmon.log
win-dc-228.attackrange.local,{5ABCFE62-99F4-603E-8807-00000000AD01},2021-03-04 14:08:00+00:00,3,1,3,0,0,3,3,0,0,0,0,0,0,0,0,3,0,1,T1059.001,atomic_red_team,data\datasets\splunk_attack_data\datasets\attack_techniques\T1059.001\atomic_red_team\windows-sysmon.log
win-dc-228.attackrange.local,{5ABCFE62-AAF3-603F-2E28-00000000AD01},2021-03-03 15:27:45+00:00,5,1,3,2,0,4,4,0,0,1,0,0,1,0,0,3,0,1,T1059.001,atomic_red_team,data\datasets\splunk_attack_data\datasets\attack_techniques\T1059.001\atomic_red_team\windows-sysmon.log
win-dc-228.attackrange.local,{5ABCFE62-AAF4-603F-2F28-00000000AD01},2021-03-03 15:27:45+00:00,5,1,3,2,0,4,4,0,0,1,0,0,1,0,0,3,0,1,T1059.001,atomic_red_team,data\datasets\splunk_attack_data\datasets\attack_techniques\T1059.001\atomic_red_team\windows-sysmon.log
win-dc-228.attackrange.local,{5ABCFE62-D502-6040-CD4B-00000000AD01},2021-03-04 13:50:50+00:00,8,1,1,1,2,0,5,0,3,0,3,0,3,0,0,2,0,1,T1059.001,atomic_red_team,data\datasets\splunk_attack_data\datasets\attack_techniques\T1059.001\atomic_red_team\windows-sysmon.log
win-dc-228.attackrange.local,{5ABCFE62-D502-6040-CD4B-00000000AD01},2021-03-04 13:53:05+00:00,3,1,2,2,0,3,3,0,0,0,0,0,1,0,0,2,0,1,T1059.001,atomic_red_team,data\datasets\splunk_attack_data\datasets\attack_techniques\T1059.001\atomic_red_team\windows-sysmon.log
win-dc-228.attackrange.local,{5ABCFE62-D502-6040-CD4B-00000000AD01},2021-03-04 13:53:15+00:00,1,1,1,0,0,1,1,0,0,0,0,0,0,0,0,1,0,1,T1059.001,atomic_red_team,data\datasets\splunk_attack_data\datasets\attack_techniques\T1059.001\atomic_red_team\windows-sysmon.log
win-dc-228.attackrange.local,{5ABCFE62-D502-6040-CD4B-00000000AD01},2021-03-04 13:53:20+00:00,6,1,4,4,0,6,6,0,0,0,0,0,2,0,0,4,0,1,T1059.001,atomic_red_team,data\datasets\splunk_attack_data\datasets\attack_techniques\T1059.001\atomic_red_team\windows-sysmon.log
win-dc-228.attackrange.local,{5ABCFE62-D502-6040-CD4B-00000000AD01},2021-03-04 13:53:25+00:00,3,1,3,1,0,3,3,0,0,0,0,0,2,0,0,1,0,1,T1059.001,atomic_red_team,data\datasets\splunk_attack_data\datasets\attack_techniques\T1059.001\atomic_red_team\windows-sysmon.log
win-dc-228.attackrange.local,{5ABCFE62-D502-6040-CD4B-00000000AD01},2021-03-04 13:55:35+00:00,3,1,1,1,2,0,1,0,2,0,2,0,1,0,0,0,0,1,T1059.001,atomic_red_team,data\datasets\splunk_attack_data\datasets\attack_techniques\T1059.001\atomic_red_team\windows-sysmon.log
win-dc-228.attackrange.local,{5ABCFE62-D502-6040-CD4B-00000000AD01},2021-03-04 13:55:40+00:00,9,1,1,1,3,0,6,0,3,0,3,0,5,0,0,1,0,1,T1059.001,atomic_red_team,data\datasets\splunk_attack_data\datasets\attack_techniques\T1059.001\atomic_red_team\windows-sysmon.log
win-dc-228.attackrange.local,{5ABCFE62-D502-6040-CD4B-00000000AD01},2021-03-04 13:55:45+00:00,5,1,1,1,1,0,4,0,1,0,1,0,4,0,0,0,0,1,T1059.001,atomic_red_team,data\datasets\splunk_attack_data\datasets\attack_techniques\T1059.001\atomic_red_team\windows-sysmon.log
win-dc-228.attackrange.local,{5ABCFE62-D502-6040-CD4B-00000000AD01},2021-03-04 14:07:45+00:00,5,1,3,1,0,5,5,0,0,0,0,0,4,0,0,1,0,1,T1059.001,atomic_red_team,data\datasets\splunk_attack_data\datasets\attack_techniques\T1059.001\atomic_red_team\windows-sysmon.log
win-dc-228.attackrange.local,{5ABCFE62-D502-6040-CD4B-00000000AD01},2021-03-04 14:07:50+00:00,4,1,4,1,0,4,4,0,0,0,0,0,2,0,0,2,0,1,T1059.001,atomic_red_team,data\datasets\splunk_attack_data\datasets\attack_techniques\T1059.001\atomic_red_team\windows-sysmon.log
win-dc-228.attackrange.local,{5ABCFE62-D502-6040-CD4B-00000000AD01},2021-03-04 14:07:55+00:00,7,1,4,1,0,7,7,0,0,0,0,0,4,0,0,3,0,1,T1059.001,atomic_red_team,data\datasets\splunk_attack_data\datasets\attack_techniques\T1059.001\atomic_red_team\windows-sysmon.log
win-dc-228.attackrange.local,{5ABCFE62-D502-6040-CD4B-00000000AD01},2021-03-04 14:08:00+00:00,8,1,2,1,0,8,8,0,0,0,0,0,8,0,0,0,0,1,T1059.001,atomic_red_team,data\datasets\splunk_attack_data\datasets\attack_techniques\T1059.001\atomic_red_team\windows-sysmon.log
win-dc-228.attackrange.local,{5ABCFE62-D502-6040-CD4B-00000000AD01},2021-03-04 14:10:00+00:00,3,1,3,1,0,3,3,0,0,0,0,0,2,0,0,1,0,1,T1059.001,atomic_red_team,data\datasets\splunk_attack_data\datasets\attack_techniques\T1059.001\atomic_red_team\windows-sysmon.log
win-dc-228.attackrange.local,{5ABCFE62-E599-6040-C14D-00000000AD01},2021-03-04 13:50:15+00:00,1,1,0,0,0,0,0,0,0,1,0,0,0,0,0,0,0,1,T1059.001,atomic_red_team,data\datasets\splunk_attack_data\datasets\attack_techniques\T1059.001\atomic_red_team\windows-sysmon.log
win-dc-228.attackrange.local,{5ABCFE62-E59A-6040-C24D-00000000AD01},2021-03-04 13:50:15+00:00,1,1,0,0,0,0,0,0,0,1,0,0,0,0,0,0,0,1,T1059.001,atomic_red_team,data\datasets\splunk_attack_data\datasets\attack_techniques\T1059.001\atomic_red_team\windows-sysmon.log
win-dc-228.attackrange.local,{5ABCFE62-E59A-6040-C34D-00000000AD01},2021-03-04 13:50:15+00:00,1,1,0,0,0,0,0,0,0,1,0,0,0,0,0,0,0,1,T1059.001,atomic_red_team,data\datasets\splunk_attack_data\datasets\attack_techniques\T1059.001\atomic_red_team\windows-sysmon.log
win-dc-228.attackrange.local,{5ABCFE62-E59B-6040-C44D-00000000AD01},2021-03-04 13:50:15+00:00,1,1,0,0,0,0,0,0,0,1,0,0,0,0,0,0,0,1,T1059.001,atomic_red_team,data\datasets\splunk_attack_data\datasets\attack_techniques\T1059.001\atomic_red_team\windows-sysmon.log
win-dc-228.attackrange.local,{5ABCFE62-E5C6-6040-C54D-00000000AD01},2021-03-04 13:51:00+00:00,1,1,0,0,0,0,0,0,0,1,0,0,0,0,0,0,0,1,T1059.001,atomic_red_team,data\datasets\splunk_attack_data\datasets\attack_techniques\T1059.001\atomic_red_team\windows-sysmon.log
win-dc-228.attackrange.local,{5ABCFE62-E5C7-6040-C64D-00000000AD01},2021-03-04 13:51:00+00:00,1,1,0,0,0,0,0,0,0,1,0,0,0,0,0,0,0,1,T1059.001,atomic_red_team,data\datasets\splunk_attack_data\datasets\attack_techniques\T1059.001\atomic_red_team\windows-sysmon.log
win-dc-228.attackrange.local,{5ABCFE62-E5C8-6040-C74D-00000000AD01},2021-03-04 13:51:00+00:00,1,1,0,0,0,0,0,0,0,1,0,0,0,0,0,0,0,1,T1059.001,atomic_red_team,data\datasets\splunk_attack_data\datasets\attack_techniques\T1059.001\atomic_red_team\windows-sysmon.log
win-dc-228.attackrange.local,{5ABCFE62-E5D5-6040-C84D-00000000AD01},2021-03-04 13:51:15+00:00,1,1,0,0,0,0,0,0,0,1,0,0,0,0,0,0,0,1,T1059.001,atomic_red_team,data\datasets\splunk_attack_data\datasets\attack_techniques\T1059.001\atomic_red_team\windows-sysmon.log
win-dc-228.attackrange.local,{5ABCFE62-E5D6-6040-C94D-00000000AD01},2021-03-04 13:51:15+00:00,1,1,0,0,0,0,0,0,0,1,0,0,0,0,0,0,0,1,T1059.001,atomic_red_team,data\datasets\splunk_attack_data\datasets\attack_techniques\T1059.001\atomic_red_team\windows-sysmon.log
win-dc-228.attackrange.local,{5ABCFE62-E5D6-6040-CA4D-00000000AD01},2021-03-04 13:51:15+00:00,1,1,0,0,0,0,0,0,0,1,0,0,0,0,0,0,0,1,T1059.001,atomic_red_team,data\datasets\splunk_attack_data\datasets\attack_techniques\T1059.001\atomic_red_team\windows-sysmon.log
win-dc-228.attackrange.local,{5ABCFE62-E5D7-6040-CB4D-00000000AD01},2021-03-04 13:51:15+00:00,1,1,0,0,0,0,0,0,0,1,0,0,0,0,0,0,0,1,T1059.001,atomic_red_team,data\datasets\splunk_attack_data\datasets\attack_techniques\T1059.001\atomic_red_team\windows-sysmon.log
win-dc-228.attackrange.local,{5ABCFE62-E602-6040-CC4D-00000000AD01},2021-03-04 13:52:00+00:00,1,1,0,0,0,0,0,0,0,1,0,0,0,0,0,0,0,1,T1059.001,atomic_red_team,data\datasets\splunk_attack_data\datasets\attack_techniques\T1059.001\atomic_red_team\windows-sysmon.log
win-dc-228.attackrange.local,{5ABCFE62-E603-6040-CD4D-00000000AD01},2021-03-04 13:52:00+00:00,1,1,0,0,0,0,0,0,0,1,0,0,0,0,0,0,0,1,T1059.001,atomic_red_team,data\datasets\splunk_attack_data\datasets\attack_techniques\T1059.001\atomic_red_team\windows-sysmon.log
win-dc-228.attackrange.local,{5ABCFE62-E603-6040-CE4D-00000000AD01},2021-03-04 13:52:00+00:00,1,1,0,0,0,0,0,0,0,1,0,0,0,0,0,0,0,1,T1059.001,atomic_red_team,data\datasets\splunk_attack_data\datasets\attack_techniques\T1059.001\atomic_red_team\windows-sysmon.log
win-dc-228.attackrange.local,{5ABCFE62-E611-6040-CF4D-00000000AD01},2021-03-04 13:52:15+00:00,1,1,0,0,0,0,0,0,0,1,0,0,0,0,0,0,0,1,T1059.001,atomic_red_team,data\datasets\splunk_attack_data\datasets\attack_techniques\T1059.001\atomic_red_team\windows-sysmon.log
win-dc-228.attackrange.local,{5ABCFE62-E612-6040-D04D-00000000AD01},2021-03-04 13:52:15+00:00,1,1,0,0,0,0,0,0,0,1,0,0,0,0,0,0,0,1,T1059.001,atomic_red_team,data\datasets\splunk_attack_data\datasets\attack_techniques\T1059.001\atomic_red_team\windows-sysmon.log
win-dc-228.attackrange.local,{5ABCFE62-E612-6040-D14D-00000000AD01},2021-03-04 13:52:15+00:00,1,1,0,0,0,0,0,0,0,1,0,0,0,0,0,0,0,1,T1059.001,atomic_red_team,data\datasets\splunk_attack_data\datasets\attack_techniques\T1059.001\atomic_red_team\windows-sysmon.log
win-dc-228.attackrange.local,{5ABCFE62-E613-6040-D24D-00000000AD01},2021-03-04 13:52:15+00:00,1,1,0,0,0,0,0,0,0,1,0,0,0,0,0,0,0,1,T1059.001,atomic_red_team,data\datasets\splunk_attack_data\datasets\attack_techniques\T1059.001\atomic_red_team\windows-sysmon.log
win-dc-228.attackrange.local,{5ABCFE62-E63E-6040-D34D-00000000AD01},2021-03-04 13:53:00+00:00,1,1,0,0,0,0,0,0,0,1,0,0,0,0,0,0,0,1,T1059.001,atomic_red_team,data\datasets\splunk_attack_data\datasets\attack_techniques\T1059.001\atomic_red_team\windows-sysmon.log
win-dc-228.attackrange.local,{5ABCFE62-E63F-6040-D44D-00000000AD01},2021-03-04 13:53:00+00:00,1,1,0,0,0,0,0,0,0,1,0,0,0,0,0,0,0,1,T1059.001,atomic_red_team,data\datasets\splunk_attack_data\datasets\attack_techniques\T1059.001\atomic_red_team\windows-sysmon.log
win-dc-228.attackrange.local,{5ABCFE62-E63F-6040-D54D-00000000AD01},2021-03-04 13:53:00+00:00,1,1,0,0,0,0,0,0,0,1,0,0,0,0,0,0,0,1,T1059.001,atomic_red_team,data\datasets\splunk_attack_data\datasets\attack_techniques\T1059.001\atomic_red_team\windows-sysmon.log
win-dc-228.attackrange.local,{5ABCFE62-E64D-6040-D64D-00000000AD01},2021-03-04 13:53:15+00:00,1,1,0,0,0,0,0,0,0,1,0,0,0,0,0,0,0,1,T1059.001,atomic_red_team,data\datasets\splunk_attack_data\datasets\attack_techniques\T1059.001\atomic_red_team\windows-sysmon.log
win-dc-228.attackrange.local,{5ABCFE62-E64E-6040-D74D-00000000AD01},2021-03-04 13:53:15+00:00,1,1,0,0,0,0,0,0,0,1,0,0,0,0,0,0,0,1,T1059.001,atomic_red_team,data\datasets\splunk_attack_data\datasets\attack_techniques\T1059.001\atomic_red_team\windows-sysmon.log
win-dc-228.attackrange.local,{5ABCFE62-E64E-6040-D84D-00000000AD01},2021-03-04 13:53:15+00:00,1,1,0,0,0,0,0,0,0,1,0,0,0,0,0,0,0,1,T1059.001,atomic_red_team,data\datasets\splunk_attack_data\datasets\attack_techniques\T1059.001\atomic_red_team\windows-sysmon.log
win-dc-228.attackrange.local,{5ABCFE62-E64F-6040-D94D-00000000AD01},2021-03-04 13:53:15+00:00,1,1,0,0,0,0,0,0,0,1,0,0,0,0,0,0,0,1,T1059.001,atomic_red_team,data\datasets\splunk_attack_data\datasets\attack_techniques\T1059.001\atomic_red_team\windows-sysmon.log
win-dc-228.attackrange.local,{5ABCFE62-E654-6040-DA4D-00000000AD01},2021-03-04 13:53:20+00:00,1,1,0,0,0,0,0,0,0,1,0,0,0,0,0,0,0,1,T1059.001,atomic_red_team,data\datasets\splunk_attack_data\datasets\attack_techniques\T1059.001\atomic_red_team\windows-sysmon.log
win-dc-228.attackrange.local,{5ABCFE62-E654-6040-DB4D-00000000AD01},2021-03-04 13:53:20+00:00,1,1,0,0,0,0,0,0,0,1,0,0,0,0,0,0,0,1,T1059.001,atomic_red_team,data\datasets\splunk_attack_data\datasets\attack_techniques\T1059.001\atomic_red_team\windows-sysmon.log
win-dc-228.attackrange.local,{5ABCFE62-E654-6040-DC4D-00000000AD01},2021-03-04 13:53:20+00:00,5,1,3,2,0,4,4,0,0,1,0,0,1,0,0,3,0,1,T1059.001,atomic_red_team,data\datasets\splunk_attack_data\datasets\attack_techniques\T1059.001\atomic_red_team\windows-sysmon.log
win-dc-228.attackrange.local,{5ABCFE62-E654-6040-DD4D-00000000AD01},2021-03-04 13:53:20+00:00,2,1,1,1,0,1,1,0,0,1,0,0,0,0,0,1,0,1,T1059.001,atomic_red_team,data\datasets\splunk_attack_data\datasets\attack_techniques\T1059.001\atomic_red_team\windows-sysmon.log
win-dc-228.attackrange.local,{5ABCFE62-E655-6040-DE4D-00000000AD01},2021-03-04 13:53:25+00:00,11,1,4,2,0,10,10,0,0,1,0,0,4,0,0,6,0,1,T1059.001,atomic_red_team,data\datasets\splunk_attack_data\datasets\attack_techniques\T1059.001\atomic_red_team\windows-sysmon.log
win-dc-228.attackrange.local,{5ABCFE62-E67A-6040-DF4D-00000000AD01},2021-03-04 13:54:00+00:00,1,1,0,0,0,0,0,0,0,1,0,0,0,0,0,0,0,1,T1059.001,atomic_red_team,data\datasets\splunk_attack_data\datasets\attack_techniques\T1059.001\atomic_red_team\windows-sysmon.log
win-dc-228.attackrange.local,{5ABCFE62-E67A-6040-E04D-00000000AD01},2021-03-04 13:54:00+00:00,1,1,0,0,0,0,0,0,0,1,0,0,0,0,0,0,0,1,T1059.001,atomic_red_team,data\datasets\splunk_attack_data\datasets\attack_techniques\T1059.001\atomic_red_team\windows-sysmon.log
win-dc-228.attackrange.local,{5ABCFE62-E67B-6040-E14D-00000000AD01},2021-03-04 13:54:00+00:00,1,1,0,0,0,0,0,0,0,1,0,0,0,0,0,0,0,1,T1059.001,atomic_red_team,data\datasets\splunk_attack_data\datasets\attack_techniques\T1059.001\atomic_red_team\windows-sysmon.log
win-dc-228.attackrange.local,{5ABCFE62-E689-6040-E24D-00000000AD01},2021-03-04 13:54:15+00:00,1,1,0,0,0,0,0,0,0,1,0,0,0,0,0,0,0,1,T1059.001,atomic_red_team,data\datasets\splunk_attack_data\datasets\attack_techniques\T1059.001\atomic_red_team\windows-sysmon.log
win-dc-228.attackrange.local,{5ABCFE62-E68A-6040-E34D-00000000AD01},2021-03-04 13:54:15+00:00,1,1,0,0,0,0,0,0,0,1,0,0,0,0,0,0,0,1,T1059.001,atomic_red_team,data\datasets\splunk_attack_data\datasets\attack_techniques\T1059.001\atomic_red_team\windows-sysmon.log
win-dc-228.attackrange.local,{5ABCFE62-E68A-6040-E44D-00000000AD01},2021-03-04 13:54:15+00:00,1,1,0,0,0,0,0,0,0,1,0,0,0,0,0,0,0,1,T1059.001,atomic_red_team,data\datasets\splunk_attack_data\datasets\attack_techniques\T1059.001\atomic_red_team\windows-sysmon.log
win-dc-228.attackrange.local,{5ABCFE62-E68B-6040-E54D-00000000AD01},2021-03-04 13:54:15+00:00,1,1,0,0,0,0,0,0,0,1,0,0,0,0,0,0,0,1,T1059.001,atomic_red_team,data\datasets\splunk_attack_data\datasets\attack_techniques\T1059.001\atomic_red_team\windows-sysmon.log
win-dc-228.attackrange.local,{5ABCFE62-E6B6-6040-E64D-00000000AD01},2021-03-04 13:55:00+00:00,1,1,0,0,0,0,0,0,0,1,0,0,0,0,0,0,0,1,T1059.001,atomic_red_team,data\datasets\splunk_attack_data\datasets\attack_techniques\T1059.001\atomic_red_team\windows-sysmon.log
win-dc-228.attackrange.local,{5ABCFE62-E6B6-6040-E74D-00000000AD01},2021-03-04 13:55:00+00:00,1,1,0,0,0,0,0,0,0,1,0,0,0,0,0,0,0,1,T1059.001,atomic_red_team,data\datasets\splunk_attack_data\datasets\attack_techniques\T1059.001\atomic_red_team\windows-sysmon.log
win-dc-228.attackrange.local,{5ABCFE62-E6B7-6040-E84D-00000000AD01},2021-03-04 13:55:00+00:00,1,1,0,0,0,0,0,0,0,1,0,0,0,0,0,0,0,1,T1059.001,atomic_red_team,data\datasets\splunk_attack_data\datasets\attack_techniques\T1059.001\atomic_red_team\windows-sysmon.log
win-dc-228.attackrange.local,{5ABCFE62-E6C5-6040-E94D-00000000AD01},2021-03-04 13:55:15+00:00,1,1,0,0,0,0,0,0,0,1,0,0,0,0,0,0,0,1,T1059.001,atomic_red_team,data\datasets\splunk_attack_data\datasets\attack_techniques\T1059.001\atomic_red_team\windows-sysmon.log
win-dc-228.attackrange.local,{5ABCFE62-E6C6-6040-EA4D-00000000AD01},2021-03-04 13:55:15+00:00,1,1,0,0,0,0,0,0,0,1,0,0,0,0,0,0,0,1,T1059.001,atomic_red_team,data\datasets\splunk_attack_data\datasets\attack_techniques\T1059.001\atomic_red_team\windows-sysmon.log
win-dc-228.attackrange.local,{5ABCFE62-E6C6-6040-EB4D-00000000AD01},2021-03-04 13:55:15+00:00,1,1,0,0,0,0,0,0,0,1,0,0,0,0,0,0,0,1,T1059.001,atomic_red_team,data\datasets\splunk_attack_data\datasets\attack_techniques\T1059.001\atomic_red_team\windows-sysmon.log
win-dc-228.attackrange.local,{5ABCFE62-E6C7-6040-EC4D-00000000AD01},2021-03-04 13:55:15+00:00,1,1,0,0,0,0,0,0,0,1,0,0,0,0,0,0,0,1,T1059.001,atomic_red_team,data\datasets\splunk_attack_data\datasets\attack_techniques\T1059.001\atomic_red_team\windows-sysmon.log
win-dc-228.attackrange.local,{5ABCFE62-E6F2-6040-ED4D-00000000AD01},2021-03-04 13:56:00+00:00,1,1,0,0,0,0,0,0,0,1,0,0,0,0,0,0,0,1,T1059.001,atomic_red_team,data\datasets\splunk_attack_data\datasets\attack_techniques\T1059.001\atomic_red_team\windows-sysmon.log
win-dc-228.attackrange.local,{5ABCFE62-E6F2-6040-EE4D-00000000AD01},2021-03-04 13:56:00+00:00,1,1,0,0,0,0,0,0,0,1,0,0,0,0,0,0,0,1,T1059.001,atomic_red_team,data\datasets\splunk_attack_data\datasets\attack_techniques\T1059.001\atomic_red_team\windows-sysmon.log
win-dc-228.attackrange.local,{5ABCFE62-E6F3-6040-EF4D-00000000AD01},2021-03-04 13:56:00+00:00,1,1,0,0,0,0,0,0,0,1,0,0,0,0,0,0,0,1,T1059.001,atomic_red_team,data\datasets\splunk_attack_data\datasets\attack_techniques\T1059.001\atomic_red_team\windows-sysmon.log
win-dc-228.attackrange.local,{5ABCFE62-E701-6040-F04D-00000000AD01},2021-03-04 13:56:15+00:00,1,1,0,0,0,0,0,0,0,1,0,0,0,0,0,0,0,1,T1059.001,atomic_red_team,data\datasets\splunk_attack_data\datasets\attack_techniques\T1059.001\atomic_red_team\windows-sysmon.log
win-dc-228.attackrange.local,{5ABCFE62-E702-6040-F14D-00000000AD01},2021-03-04 13:56:15+00:00,1,1,0,0,0,0,0,0,0,1,0,0,0,0,0,0,0,1,T1059.001,atomic_red_team,data\datasets\splunk_attack_data\datasets\attack_techniques\T1059.001\atomic_red_team\windows-sysmon.log
win-dc-228.attackrange.local,{5ABCFE62-E702-6040-F24D-00000000AD01},2021-03-04 13:56:15+00:00,1,1,0,0,0,0,0,0,0,1,0,0,0,0,0,0,0,1,T1059.001,atomic_red_team,data\datasets\splunk_attack_data\datasets\attack_techniques\T1059.001\atomic_red_team\windows-sysmon.log
win-dc-228.attackrange.local,{5ABCFE62-E703-6040-F34D-00000000AD01},2021-03-04 13:56:15+00:00,1,1,0,0,0,0,0,0,0,1,0,0,0,0,0,0,0,1,T1059.001,atomic_red_team,data\datasets\splunk_attack_data\datasets\attack_techniques\T1059.001\atomic_red_team\windows-sysmon.log
win-dc-228.attackrange.local,{5ABCFE62-E72E-6040-F44D-00000000AD01},2021-03-04 13:57:00+00:00,1,1,0,0,0,0,0,0,0,1,0,0,0,0,0,0,0,1,T1059.001,atomic_red_team,data\datasets\splunk_attack_data\datasets\attack_techniques\T1059.001\atomic_red_team\windows-sysmon.log
win-dc-228.attackrange.local,{5ABCFE62-E72E-6040-F54D-00000000AD01},2021-03-04 13:57:00+00:00,1,1,0,0,0,0,0,0,0,1,0,0,0,0,0,0,0,1,T1059.001,atomic_red_team,data\datasets\splunk_attack_data\datasets\attack_techniques\T1059.001\atomic_red_team\windows-sysmon.log
win-dc-228.attackrange.local,{5ABCFE62-E72F-6040-F64D-00000000AD01},2021-03-04 13:57:00+00:00,1,1,0,0,0,0,0,0,0,1,0,0,0,0,0,0,0,1,T1059.001,atomic_red_team,data\datasets\splunk_attack_data\datasets\attack_techniques\T1059.001\atomic_red_team\windows-sysmon.log
win-dc-228.attackrange.local,{5ABCFE62-E73D-6040-F74D-00000000AD01},2021-03-04 13:57:15+00:00,1,1,0,0,0,0,0,0,0,1,0,0,0,0,0,0,0,1,T1059.001,atomic_red_team,data\datasets\splunk_attack_data\datasets\attack_techniques\T1059.001\atomic_red_team\windows-sysmon.log
win-dc-228.attackrange.local,{5ABCFE62-E73E-6040-F84D-00000000AD01},2021-03-04 13:57:15+00:00,1,1,0,0,0,0,0,0,0,1,0,0,0,0,0,0,0,1,T1059.001,atomic_red_team,data\datasets\splunk_attack_data\datasets\attack_techniques\T1059.001\atomic_red_team\windows-sysmon.log
win-dc-228.attackrange.local,{5ABCFE62-E73E-6040-F94D-00000000AD01},2021-03-04 13:57:15+00:00,1,1,0,0,0,0,0,0,0,1,0,0,0,0,0,0,0,1,T1059.001,atomic_red_team,data\datasets\splunk_attack_data\datasets\attack_techniques\T1059.001\atomic_red_team\windows-sysmon.log
win-dc-228.attackrange.local,{5ABCFE62-E73F-6040-FA4D-00000000AD01},2021-03-04 13:57:15+00:00,1,1,0,0,0,0,0,0,0,1,0,0,0,0,0,0,0,1,T1059.001,atomic_red_team,data\datasets\splunk_attack_data\datasets\attack_techniques\T1059.001\atomic_red_team\windows-sysmon.log
win-dc-228.attackrange.local,{5ABCFE62-E76A-6040-FB4D-00000000AD01},2021-03-04 13:58:00+00:00,1,1,0,0,0,0,0,0,0,1,0,0,0,0,0,0,0,1,T1059.001,atomic_red_team,data\datasets\splunk_attack_data\datasets\attack_techniques\T1059.001\atomic_red_team\windows-sysmon.log
win-dc-228.attackrange.local,{5ABCFE62-E76A-6040-FC4D-00000000AD01},2021-03-04 13:58:00+00:00,1,1,0,0,0,0,0,0,0,1,0,0,0,0,0,0,0,1,T1059.001,atomic_red_team,data\datasets\splunk_attack_data\datasets\attack_techniques\T1059.001\atomic_red_team\windows-sysmon.log
win-dc-228.attackrange.local,{5ABCFE62-E76B-6040-FD4D-00000000AD01},2021-03-04 13:58:00+00:00,1,1,0,0,0,0,0,0,0,1,0,0,0,0,0,0,0,1,T1059.001,atomic_red_team,data\datasets\splunk_attack_data\datasets\attack_techniques\T1059.001\atomic_red_team\windows-sysmon.log
win-dc-228.attackrange.local,{5ABCFE62-E779-6040-FE4D-00000000AD01},2021-03-04 13:58:15+00:00,1,1,0,0,0,0,0,0,0,1,0,0,0,0,0,0,0,1,T1059.001,atomic_red_team,data\datasets\splunk_attack_data\datasets\attack_techniques\T1059.001\atomic_red_team\windows-sysmon.log
win-dc-228.attackrange.local,{5ABCFE62-E77A-6040-004E-00000000AD01},2021-03-04 13:58:15+00:00,1,1,0,0,0,0,0,0,0,1,0,0,0,0,0,0,0,1,T1059.001,atomic_red_team,data\datasets\splunk_attack_data\datasets\attack_techniques\T1059.001\atomic_red_team\windows-sysmon.log
win-dc-228.attackrange.local,{5ABCFE62-E77A-6040-FF4D-00000000AD01},2021-03-04 13:58:15+00:00,1,1,0,0,0,0,0,0,0,1,0,0,0,0,0,0,0,1,T1059.001,atomic_red_team,data\datasets\splunk_attack_data\datasets\attack_techniques\T1059.001\atomic_red_team\windows-sysmon.log
win-dc-228.attackrange.local,{5ABCFE62-E77B-6040-014E-00000000AD01},2021-03-04 13:58:15+00:00,1,1,0,0,0,0,0,0,0,1,0,0,0,0,0,0,0,1,T1059.001,atomic_red_team,data\datasets\splunk_attack_data\datasets\attack_techniques\T1059.001\atomic_red_team\windows-sysmon.log
win-dc-228.attackrange.local,{5ABCFE62-E7A6-6040-024E-00000000AD01},2021-03-04 13:59:00+00:00,1,1,0,0,0,0,0,0,0,1,0,0,0,0,0,0,0,1,T1059.001,atomic_red_team,data\datasets\splunk_attack_data\datasets\attack_techniques\T1059.001\atomic_red_team\windows-sysmon.log
win-dc-228.attackrange.local,{5ABCFE62-E7A6-6040-034E-00000000AD01},2021-03-04 13:59:00+00:00,1,1,0,0,0,0,0,0,0,1,0,0,0,0,0,0,0,1,T1059.001,atomic_red_team,data\datasets\splunk_attack_data\datasets\attack_techniques\T1059.001\atomic_red_team\windows-sysmon.log
win-dc-228.attackrange.local,{5ABCFE62-E7A7-6040-044E-00000000AD01},2021-03-04 13:59:00+00:00,1,1,0,0,0,0,0,0,0,1,0,0,0,0,0,0,0,1,T1059.001,atomic_red_team,data\datasets\splunk_attack_data\datasets\attack_techniques\T1059.001\atomic_red_team\windows-sysmon.log
win-dc-228.attackrange.local,{5ABCFE62-E7B5-6040-054E-00000000AD01},2021-03-04 13:59:15+00:00,1,1,0,0,0,0,0,0,0,1,0,0,0,0,0,0,0,1,T1059.001,atomic_red_team,data\datasets\splunk_attack_data\datasets\attack_techniques\T1059.001\atomic_red_team\windows-sysmon.log
win-dc-228.attackrange.local,{5ABCFE62-E7B6-6040-064E-00000000AD01},2021-03-04 13:59:15+00:00,1,1,0,0,0,0,0,0,0,1,0,0,0,0,0,0,0,1,T1059.001,atomic_red_team,data\datasets\splunk_attack_data\datasets\attack_techniques\T1059.001\atomic_red_team\windows-sysmon.log
win-dc-228.attackrange.local,{5ABCFE62-E7B6-6040-074E-00000000AD01},2021-03-04 13:59:15+00:00,1,1,0,0,0,0,0,0,0,1,0,0,0,0,0,0,0,1,T1059.001,atomic_red_team,data\datasets\splunk_attack_data\datasets\attack_techniques\T1059.001\atomic_red_team\windows-sysmon.log
win-dc-228.attackrange.local,{5ABCFE62-E7B7-6040-084E-00000000AD01},2021-03-04 13:59:15+00:00,1,1,0,0,0,0,0,0,0,1,0,0,0,0,0,0,0,1,T1059.001,atomic_red_team,data\datasets\splunk_attack_data\datasets\attack_techniques\T1059.001\atomic_red_team\windows-sysmon.log
win-dc-228.attackrange.local,{5ABCFE62-E7E2-6040-094E-00000000AD01},2021-03-04 14:00:00+00:00,1,1,0,0,0,0,0,0,0,1,0,0,0,0,0,0,0,1,T1059.001,atomic_red_team,data\datasets\splunk_attack_data\datasets\attack_techniques\T1059.001\atomic_red_team\windows-sysmon.log
win-dc-228.attackrange.local,{5ABCFE62-E7E2-6040-0A4E-00000000AD01},2021-03-04 14:00:00+00:00,1,1,0,0,0,0,0,0,0,1,0,0,0,0,0,0,0,1,T1059.001,atomic_red_team,data\datasets\splunk_attack_data\datasets\attack_techniques\T1059.001\atomic_red_team\windows-sysmon.log
win-dc-228.attackrange.local,{5ABCFE62-E7E3-6040-0B4E-00000000AD01},2021-03-04 14:00:00+00:00,1,1,0,0,0,0,0,0,0,1,0,0,0,0,0,0,0,1,T1059.001,atomic_red_team,data\datasets\splunk_attack_data\datasets\attack_techniques\T1059.001\atomic_red_team\windows-sysmon.log
win-dc-228.attackrange.local,{5ABCFE62-E7F1-6040-0C4E-00000000AD01},2021-03-04 14:00:15+00:00,1,1,0,0,0,0,0,0,0,1,0,0,0,0,0,0,0,1,T1059.001,atomic_red_team,data\datasets\splunk_attack_data\datasets\attack_techniques\T1059.001\atomic_red_team\windows-sysmon.log
win-dc-228.attackrange.local,{5ABCFE62-E7F2-6040-0D4E-00000000AD01},2021-03-04 14:00:15+00:00,1,1,0,0,0,0,0,0,0,1,0,0,0,0,0,0,0,1,T1059.001,atomic_red_team,data\datasets\splunk_attack_data\datasets\attack_techniques\T1059.001\atomic_red_team\windows-sysmon.log
win-dc-228.attackrange.local,{5ABCFE62-E7F2-6040-0E4E-00000000AD01},2021-03-04 14:00:15+00:00,1,1,0,0,0,0,0,0,0,1,0,0,0,0,0,0,0,1,T1059.001,atomic_red_team,data\datasets\splunk_attack_data\datasets\attack_techniques\T1059.001\atomic_red_team\windows-sysmon.log
win-dc-228.attackrange.local,{5ABCFE62-E7F3-6040-0F4E-00000000AD01},2021-03-04 14:00:15+00:00,1,1,0,0,0,0,0,0,0,1,0,0,0,0,0,0,0,1,T1059.001,atomic_red_team,data\datasets\splunk_attack_data\datasets\attack_techniques\T1059.001\atomic_red_team\windows-sysmon.log
win-dc-228.attackrange.local,{5ABCFE62-E81E-6040-104E-00000000AD01},2021-03-04 14:01:00+00:00,1,1,0,0,0,0,0,0,0,1,0,0,0,0,0,0,0,1,T1059.001,atomic_red_team,data\datasets\splunk_attack_data\datasets\attack_techniques\T1059.001\atomic_red_team\windows-sysmon.log
win-dc-228.attackrange.local,{5ABCFE62-E81E-6040-114E-00000000AD01},2021-03-04 14:01:00+00:00,1,1,0,0,0,0,0,0,0,1,0,0,0,0,0,0,0,1,T1059.001,atomic_red_team,data\datasets\splunk_attack_data\datasets\attack_techniques\T1059.001\atomic_red_team\windows-sysmon.log
win-dc-228.attackrange.local,{5ABCFE62-E81F-6040-124E-00000000AD01},2021-03-04 14:01:00+00:00,1,1,0,0,0,0,0,0,0,1,0,0,0,0,0,0,0,1,T1059.001,atomic_red_team,data\datasets\splunk_attack_data\datasets\attack_techniques\T1059.001\atomic_red_team\windows-sysmon.log
win-dc-228.attackrange.local,{5ABCFE62-E82D-6040-134E-00000000AD01},2021-03-04 14:01:15+00:00,1,1,0,0,0,0,0,0,0,1,0,0,0,0,0,0,0,1,T1059.001,atomic_red_team,data\datasets\splunk_attack_data\datasets\attack_techniques\T1059.001\atomic_red_team\windows-sysmon.log
win-dc-228.attackrange.local,{5ABCFE62-E82E-6040-144E-00000000AD01},2021-03-04 14:01:15+00:00,1,1,0,0,0,0,0,0,0,1,0,0,0,0,0,0,0,1,T1059.001,atomic_red_team,data\datasets\splunk_attack_data\datasets\attack_techniques\T1059.001\atomic_red_team\windows-sysmon.log
win-dc-228.attackrange.local,{5ABCFE62-E82E-6040-154E-00000000AD01},2021-03-04 14:01:15+00:00,1,1,0,0,0,0,0,0,0,1,0,0,0,0,0,0,0,1,T1059.001,atomic_red_team,data\datasets\splunk_attack_data\datasets\attack_techniques\T1059.001\atomic_red_team\windows-sysmon.log
win-dc-228.attackrange.local,{5ABCFE62-E82F-6040-164E-00000000AD01},2021-03-04 14:01:15+00:00,1,1,0,0,0,0,0,0,0,1,0,0,0,0,0,0,0,1,T1059.001,atomic_red_team,data\datasets\splunk_attack_data\datasets\attack_techniques\T1059.001\atomic_red_team\windows-sysmon.log
win-dc-228.attackrange.local,{5ABCFE62-E85A-6040-174E-00000000AD01},2021-03-04 14:02:00+00:00,1,1,0,0,0,0,0,0,0,1,0,0,0,0,0,0,0,1,T1059.001,atomic_red_team,data\datasets\splunk_attack_data\datasets\attack_techniques\T1059.001\atomic_red_team\windows-sysmon.log
win-dc-228.attackrange.local,{5ABCFE62-E85A-6040-184E-00000000AD01},2021-03-04 14:02:00+00:00,1,1,0,0,0,0,0,0,0,1,0,0,0,0,0,0,0,1,T1059.001,atomic_red_team,data\datasets\splunk_attack_data\datasets\attack_techniques\T1059.001\atomic_red_team\windows-sysmon.log
win-dc-228.attackrange.local,{5ABCFE62-E85B-6040-194E-00000000AD01},2021-03-04 14:02:00+00:00,1,1,0,0,0,0,0,0,0,1,0,0,0,0,0,0,0,1,T1059.001,atomic_red_team,data\datasets\splunk_attack_data\datasets\attack_techniques\T1059.001\atomic_red_team\windows-sysmon.log
win-dc-228.attackrange.local,{5ABCFE62-E869-6040-1A4E-00000000AD01},2021-03-04 14:02:15+00:00,1,1,0,0,0,0,0,0,0,1,0,0,0,0,0,0,0,1,T1059.001,atomic_red_team,data\datasets\splunk_attack_data\datasets\attack_techniques\T1059.001\atomic_red_team\windows-sysmon.log
win-dc-228.attackrange.local,{5ABCFE62-E86A-6040-1B4E-00000000AD01},2021-03-04 14:02:15+00:00,1,1,0,0,0,0,0,0,0,1,0,0,0,0,0,0,0,1,T1059.001,atomic_red_team,data\datasets\splunk_attack_data\datasets\attack_techniques\T1059.001\atomic_red_team\windows-sysmon.log
win-dc-228.attackrange.local,{5ABCFE62-E86A-6040-1C4E-00000000AD01},2021-03-04 14:02:15+00:00,1,1,0,0,0,0,0,0,0,1,0,0,0,0,0,0,0,1,T1059.001,atomic_red_team,data\datasets\splunk_attack_data\datasets\attack_techniques\T1059.001\atomic_red_team\windows-sysmon.log
win-dc-228.attackrange.local,{5ABCFE62-E86B-6040-1D4E-00000000AD01},2021-03-04 14:02:15+00:00,1,1,0,0,0,0,0,0,0,1,0,0,0,0,0,0,0,1,T1059.001,atomic_red_team,data\datasets\splunk_attack_data\datasets\attack_techniques\T1059.001\atomic_red_team\windows-sysmon.log
win-dc-228.attackrange.local,{5ABCFE62-E896-6040-1E4E-00000000AD01},2021-03-04 14:03:00+00:00,1,1,0,0,0,0,0,0,0,1,0,0,0,0,0,0,0,1,T1059.001,atomic_red_team,data\datasets\splunk_attack_data\datasets\attack_techniques\T1059.001\atomic_red_team\windows-sysmon.log
win-dc-228.attackrange.local,{5ABCFE62-E896-6040-1F4E-00000000AD01},2021-03-04 14:03:00+00:00,1,1,0,0,0,0,0,0,0,1,0,0,0,0,0,0,0,1,T1059.001,atomic_red_team,data\datasets\splunk_attack_data\datasets\attack_techniques\T1059.001\atomic_red_team\windows-sysmon.log
win-dc-228.attackrange.local,{5ABCFE62-E897-6040-204E-00000000AD01},2021-03-04 14:03:00+00:00,1,1,0,0,0,0,0,0,0,1,0,0,0,0,0,0,0,1,T1059.001,atomic_red_team,data\datasets\splunk_attack_data\datasets\attack_techniques\T1059.001\atomic_red_team\windows-sysmon.log
win-dc-228.attackrange.local,{5ABCFE62-E8A5-6040-214E-00000000AD01},2021-03-04 14:03:15+00:00,1,1,0,0,0,0,0,0,0,1,0,0,0,0,0,0,0,1,T1059.001,atomic_red_team,data\datasets\splunk_attack_data\datasets\attack_techniques\T1059.001\atomic_red_team\windows-sysmon.log
win-dc-228.attackrange.local,{5ABCFE62-E8A6-6040-224E-00000000AD01},2021-03-04 14:03:15+00:00,1,1,0,0,0,0,0,0,0,1,0,0,0,0,0,0,0,1,T1059.001,atomic_red_team,data\datasets\splunk_attack_data\datasets\attack_techniques\T1059.001\atomic_red_team\windows-sysmon.log
win-dc-228.attackrange.local,{5ABCFE62-E8A6-6040-234E-00000000AD01},2021-03-04 14:03:15+00:00,1,1,0,0,0,0,0,0,0,1,0,0,0,0,0,0,0,1,T1059.001,atomic_red_team,data\datasets\splunk_attack_data\datasets\attack_techniques\T1059.001\atomic_red_team\windows-sysmon.log
win-dc-228.attackrange.local,{5ABCFE62-E8A7-6040-244E-00000000AD01},2021-03-04 14:03:15+00:00,1,1,0,0,0,0,0,0,0,1,0,0,0,0,0,0,0,1,T1059.001,atomic_red_team,data\datasets\splunk_attack_data\datasets\attack_techniques\T1059.001\atomic_red_team\windows-sysmon.log
win-dc-228.attackrange.local,{5ABCFE62-E8D2-6040-254E-00000000AD01},2021-03-04 14:04:00+00:00,1,1,0,0,0,0,0,0,0,1,0,0,0,0,0,0,0,1,T1059.001,atomic_red_team,data\datasets\splunk_attack_data\datasets\attack_techniques\T1059.001\atomic_red_team\windows-sysmon.log
win-dc-228.attackrange.local,{5ABCFE62-E8D2-6040-264E-00000000AD01},2021-03-04 14:04:00+00:00,1,1,0,0,0,0,0,0,0,1,0,0,0,0,0,0,0,1,T1059.001,atomic_red_team,data\datasets\splunk_attack_data\datasets\attack_techniques\T1059.001\atomic_red_team\windows-sysmon.log
win-dc-228.attackrange.local,{5ABCFE62-E8D3-6040-274E-00000000AD01},2021-03-04 14:04:00+00:00,1,1,0,0,0,0,0,0,0,1,0,0,0,0,0,0,0,1,T1059.001,atomic_red_team,data\datasets\splunk_attack_data\datasets\attack_techniques\T1059.001\atomic_red_team\windows-sysmon.log
win-dc-228.attackrange.local,{5ABCFE62-E8E1-6040-284E-00000000AD01},2021-03-04 14:04:15+00:00,1,1,0,0,0,0,0,0,0,1,0,0,0,0,0,0,0,1,T1059.001,atomic_red_team,data\datasets\splunk_attack_data\datasets\attack_techniques\T1059.001\atomic_red_team\windows-sysmon.log
win-dc-228.attackrange.local,{5ABCFE62-E8E2-6040-294E-00000000AD01},2021-03-04 14:04:15+00:00,1,1,0,0,0,0,0,0,0,1,0,0,0,0,0,0,0,1,T1059.001,atomic_red_team,data\datasets\splunk_attack_data\datasets\attack_techniques\T1059.001\atomic_red_team\windows-sysmon.log
win-dc-228.attackrange.local,{5ABCFE62-E8E2-6040-2A4E-00000000AD01},2021-03-04 14:04:15+00:00,1,1,0,0,0,0,0,0,0,1,0,0,0,0,0,0,0,1,T1059.001,atomic_red_team,data\datasets\splunk_attack_data\datasets\attack_techniques\T1059.001\atomic_red_team\windows-sysmon.log
win-dc-228.attackrange.local,{5ABCFE62-E8E3-6040-2B4E-00000000AD01},2021-03-04 14:04:15+00:00,1,1,0,0,0,0,0,0,0,1,0,0,0,0,0,0,0,1,T1059.001,atomic_red_team,data\datasets\splunk_attack_data\datasets\attack_techniques\T1059.001\atomic_red_team\windows-sysmon.log
win-dc-228.attackrange.local,{5ABCFE62-E90E-6040-2C4E-00000000AD01},2021-03-04 14:05:00+00:00,1,1,0,0,0,0,0,0,0,1,0,0,0,0,0,0,0,1,T1059.001,atomic_red_team,data\datasets\splunk_attack_data\datasets\attack_techniques\T1059.001\atomic_red_team\windows-sysmon.log
win-dc-228.attackrange.local,{5ABCFE62-E90E-6040-2D4E-00000000AD01},2021-03-04 14:05:00+00:00,1,1,0,0,0,0,0,0,0,1,0,0,0,0,0,0,0,1,T1059.001,atomic_red_team,data\datasets\splunk_attack_data\datasets\attack_techniques\T1059.001\atomic_red_team\windows-sysmon.log
win-dc-228.attackrange.local,{5ABCFE62-E90F-6040-2E4E-00000000AD01},2021-03-04 14:05:00+00:00,1,1,0,0,0,0,0,0,0,1,0,0,0,0,0,0,0,1,T1059.001,atomic_red_team,data\datasets\splunk_attack_data\datasets\attack_techniques\T1059.001\atomic_red_team\windows-sysmon.log
win-dc-228.attackrange.local,{5ABCFE62-E91D-6040-2F4E-00000000AD01},2021-03-04 14:05:15+00:00,1,1,0,0,0,0,0,0,0,1,0,0,0,0,0,0,0,1,T1059.001,atomic_red_team,data\datasets\splunk_attack_data\datasets\attack_techniques\T1059.001\atomic_red_team\windows-sysmon.log
win-dc-228.attackrange.local,{5ABCFE62-E91E-6040-304E-00000000AD01},2021-03-04 14:05:15+00:00,1,1,0,0,0,0,0,0,0,1,0,0,0,0,0,0,0,1,T1059.001,atomic_red_team,data\datasets\splunk_attack_data\datasets\attack_techniques\T1059.001\atomic_red_team\windows-sysmon.log
win-dc-228.attackrange.local,{5ABCFE62-E91E-6040-314E-00000000AD01},2021-03-04 14:05:15+00:00,1,1,0,0,0,0,0,0,0,1,0,0,0,0,0,0,0,1,T1059.001,atomic_red_team,data\datasets\splunk_attack_data\datasets\attack_techniques\T1059.001\atomic_red_team\windows-sysmon.log
win-dc-228.attackrange.local,{5ABCFE62-E91F-6040-324E-00000000AD01},2021-03-04 14:05:15+00:00,1,1,0,0,0,0,0,0,0,1,0,0,0,0,0,0,0,1,T1059.001,atomic_red_team,data\datasets\splunk_attack_data\datasets\attack_techniques\T1059.001\atomic_red_team\windows-sysmon.log
win-dc-228.attackrange.local,{5ABCFE62-E94A-6040-334E-00000000AD01},2021-03-04 14:06:00+00:00,1,1,0,0,0,0,0,0,0,1,0,0,0,0,0,0,0,1,T1059.001,atomic_red_team,data\datasets\splunk_attack_data\datasets\attack_techniques\T1059.001\atomic_red_team\windows-sysmon.log
win-dc-228.attackrange.local,{5ABCFE62-E94A-6040-344E-00000000AD01},2021-03-04 14:06:00+00:00,1,1,0,0,0,0,0,0,0,1,0,0,0,0,0,0,0,1,T1059.001,atomic_red_team,data\datasets\splunk_attack_data\datasets\attack_techniques\T1059.001\atomic_red_team\windows-sysmon.log
win-dc-228.attackrange.local,{5ABCFE62-E94B-6040-354E-00000000AD01},2021-03-04 14:06:00+00:00,1,1,0,0,0,0,0,0,0,1,0,0,0,0,0,0,0,1,T1059.001,atomic_red_team,data\datasets\splunk_attack_data\datasets\attack_techniques\T1059.001\atomic_red_team\windows-sysmon.log
win-dc-228.attackrange.local,{5ABCFE62-E959-6040-364E-00000000AD01},2021-03-04 14:06:15+00:00,1,1,0,0,0,0,0,0,0,1,0,0,0,0,0,0,0,1,T1059.001,atomic_red_team,data\datasets\splunk_attack_data\datasets\attack_techniques\T1059.001\atomic_red_team\windows-sysmon.log
win-dc-228.attackrange.local,{5ABCFE62-E95A-6040-374E-00000000AD01},2021-03-04 14:06:15+00:00,1,1,0,0,0,0,0,0,0,1,0,0,0,0,0,0,0,1,T1059.001,atomic_red_team,data\datasets\splunk_attack_data\datasets\attack_techniques\T1059.001\atomic_red_team\windows-sysmon.log
win-dc-228.attackrange.local,{5ABCFE62-E95A-6040-384E-00000000AD01},2021-03-04 14:06:15+00:00,1,1,0,0,0,0,0,0,0,1,0,0,0,0,0,0,0,1,T1059.001,atomic_red_team,data\datasets\splunk_attack_data\datasets\attack_techniques\T1059.001\atomic_red_team\windows-sysmon.log
win-dc-228.attackrange.local,{5ABCFE62-E95B-6040-394E-00000000AD01},2021-03-04 14:06:15+00:00,1,1,0,0,0,0,0,0,0,1,0,0,0,0,0,0,0,1,T1059.001,atomic_red_team,data\datasets\splunk_attack_data\datasets\attack_techniques\T1059.001\atomic_red_team\windows-sysmon.log
win-dc-228.attackrange.local,{5ABCFE62-E986-6040-3A4E-00000000AD01},2021-03-04 14:07:00+00:00,1,1,0,0,0,0,0,0,0,1,0,0,0,0,0,0,0,1,T1059.001,atomic_red_team,data\datasets\splunk_attack_data\datasets\attack_techniques\T1059.001\atomic_red_team\windows-sysmon.log
win-dc-228.attackrange.local,{5ABCFE62-E986-6040-3B4E-00000000AD01},2021-03-04 14:07:00+00:00,1,1,0,0,0,0,0,0,0,1,0,0,0,0,0,0,0,1,T1059.001,atomic_red_team,data\datasets\splunk_attack_data\datasets\attack_techniques\T1059.001\atomic_red_team\windows-sysmon.log
win-dc-228.attackrange.local,{5ABCFE62-E987-6040-3C4E-00000000AD01},2021-03-04 14:07:00+00:00,1,1,0,0,0,0,0,0,0,1,0,0,0,0,0,0,0,1,T1059.001,atomic_red_team,data\datasets\splunk_attack_data\datasets\attack_techniques\T1059.001\atomic_red_team\windows-sysmon.log
win-dc-228.attackrange.local,{5ABCFE62-E995-6040-3D4E-00000000AD01},2021-03-04 14:07:15+00:00,1,1,0,0,0,0,0,0,0,1,0,0,0,0,0,0,0,1,T1059.001,atomic_red_team,data\datasets\splunk_attack_data\datasets\attack_techniques\T1059.001\atomic_red_team\windows-sysmon.log
win-dc-228.attackrange.local,{5ABCFE62-E996-6040-3E4E-00000000AD01},2021-03-04 14:07:15+00:00,1,1,0,0,0,0,0,0,0,1,0,0,0,0,0,0,0,1,T1059.001,atomic_red_team,data\datasets\splunk_attack_data\datasets\attack_techniques\T1059.001\atomic_red_team\windows-sysmon.log
win-dc-228.attackrange.local,{5ABCFE62-E996-6040-3F4E-00000000AD01},2021-03-04 14:07:15+00:00,1,1,0,0,0,0,0,0,0,1,0,0,0,0,0,0,0,1,T1059.001,atomic_red_team,data\datasets\splunk_attack_data\datasets\attack_techniques\T1059.001\atomic_red_team\windows-sysmon.log
win-dc-228.attackrange.local,{5ABCFE62-E997-6040-404E-00000000AD01},2021-03-04 14:07:15+00:00,1,1,0,0,0,0,0,0,0,1,0,0,0,0,0,0,0,1,T1059.001,atomic_red_team,data\datasets\splunk_attack_data\datasets\attack_techniques\T1059.001\atomic_red_team\windows-sysmon.log
win-dc-228.attackrange.local,{5ABCFE62-E9B3-6040-414E-00000000AD01},2021-03-04 14:07:45+00:00,1,1,0,0,0,0,0,0,0,1,0,0,0,0,0,0,0,1,T1059.001,atomic_red_team,data\datasets\splunk_attack_data\datasets\attack_techniques\T1059.001\atomic_red_team\windows-sysmon.log
win-dc-228.attackrange.local,{5ABCFE62-E9B3-6040-424E-00000000AD01},2021-03-04 14:07:45+00:00,1,1,0,0,0,0,0,0,0,1,0,0,0,0,0,0,0,1,T1059.001,atomic_red_team,data\datasets\splunk_attack_data\datasets\attack_techniques\T1059.001\atomic_red_team\windows-sysmon.log
win-dc-228.attackrange.local,{5ABCFE62-E9B3-6040-434E-00000000AD01},2021-03-04 14:07:45+00:00,1,1,0,0,0,0,0,0,0,1,0,0,0,0,0,0,0,1,T1059.001,atomic_red_team,data\datasets\splunk_attack_data\datasets\attack_techniques\T1059.001\atomic_red_team\windows-sysmon.log
win-dc-228.attackrange.local,{5ABCFE62-E9B3-6040-444E-00000000AD01},2021-03-04 14:07:45+00:00,5,1,3,2,0,4,4,0,0,1,0,0,1,0,0,3,0,1,T1059.001,atomic_red_team,data\datasets\splunk_attack_data\datasets\attack_techniques\T1059.001\atomic_red_team\windows-sysmon.log
win-dc-228.attackrange.local,{5ABCFE62-E9B3-6040-454E-00000000AD01},2021-03-04 14:07:45+00:00,4,1,2,2,0,3,3,0,0,1,0,0,1,0,0,2,0,1,T1059.001,atomic_red_team,data\datasets\splunk_attack_data\datasets\attack_techniques\T1059.001\atomic_red_team\windows-sysmon.log
win-dc-228.attackrange.local,{5ABCFE62-E9B3-6040-454E-00000000AD01},2021-03-04 14:07:50+00:00,1,1,1,0,0,1,1,0,0,0,0,0,0,0,0,1,0,1,T1059.001,atomic_red_team,data\datasets\splunk_attack_data\datasets\attack_techniques\T1059.001\atomic_red_team\windows-sysmon.log
win-dc-228.attackrange.local,{5ABCFE62-E9B9-6040-464E-00000000AD01},2021-03-04 14:07:50+00:00,5,1,2,2,1,3,3,0,1,1,1,0,1,0,0,2,0,1,T1059.001,atomic_red_team,data\datasets\splunk_attack_data\datasets\attack_techniques\T1059.001\atomic_red_team\windows-sysmon.log
win-dc-228.attackrange.local,{5ABCFE62-E9B9-6040-464E-00000000AD01},2021-03-04 14:07:55+00:00,1,1,1,0,0,1,1,0,0,0,0,0,0,0,0,1,0,1,T1059.001,atomic_red_team,data\datasets\splunk_attack_data\datasets\attack_techniques\T1059.001\atomic_red_team\windows-sysmon.log
win-dc-228.attackrange.local,{5ABCFE62-E9BE-6040-474E-00000000AD01},2021-03-04 14:07:55+00:00,11,1,4,2,0,10,10,0,0,1,0,0,4,0,0,6,0,1,T1059.001,atomic_red_team,data\datasets\splunk_attack_data\datasets\attack_techniques\T1059.001\atomic_red_team\windows-sysmon.log
win-dc-228.attackrange.local,{5ABCFE62-E9BF-6040-484E-00000000AD01},2021-03-04 14:07:55+00:00,4,1,2,2,0,3,3,0,0,1,0,0,1,0,0,2,0,1,T1059.001,atomic_red_team,data\datasets\splunk_attack_data\datasets\attack_techniques\T1059.001\atomic_red_team\windows-sysmon.log
win-dc-228.attackrange.local,{5ABCFE62-E9BF-6040-484E-00000000AD01},2021-03-04 14:08:00+00:00,1,1,1,0,0,1,1,0,0,0,0,0,0,0,0,1,0,1,T1059.001,atomic_red_team,data\datasets\splunk_attack_data\datasets\attack_techniques\T1059.001\atomic_red_team\windows-sysmon.log
win-dc-228.attackrange.local,{5ABCFE62-E9C0-6040-494E-00000000AD01},2021-03-04 14:08:00+00:00,1,1,0,0,0,0,0,0,0,1,0,0,0,0,0,0,0,1,T1059.001,atomic_red_team,data\datasets\splunk_attack_data\datasets\attack_techniques\T1059.001\atomic_red_team\windows-sysmon.log
win-dc-228.attackrange.local,{5ABCFE62-E9C2-6040-4A4E-00000000AD01},2021-03-04 14:08:00+00:00,1,1,0,0,0,0,0,0,0,1,0,0,0,0,0,0,0,1,T1059.001,atomic_red_team,data\datasets\splunk_attack_data\datasets\attack_techniques\T1059.001\atomic_red_team\windows-sysmon.log
win-dc-228.attackrange.local,{5ABCFE62-E9C2-6040-4B4E-00000000AD01},2021-03-04 14:08:00+00:00,5,1,3,2,0,4,4,0,0,1,0,0,1,0,0,3,0,1,T1059.001,atomic_red_team,data\datasets\splunk_attack_data\datasets\attack_techniques\T1059.001\atomic_red_team\windows-sysmon.log
win-dc-228.attackrange.local,{5ABCFE62-E9C2-6040-4C4E-00000000AD01},2021-03-04 14:08:00+00:00,1,1,0,0,0,0,0,0,0,1,0,0,0,0,0,0,0,1,T1059.001,atomic_red_team,data\datasets\splunk_attack_data\datasets\attack_techniques\T1059.001\atomic_red_team\windows-sysmon.log
win-dc-228.attackrange.local,{5ABCFE62-E9C2-6040-4D4E-00000000AD01},2021-03-04 14:08:00+00:00,1,1,0,0,0,0,0,0,0,1,0,0,0,0,0,0,0,1,T1059.001,atomic_red_team,data\datasets\splunk_attack_data\datasets\attack_techniques\T1059.001\atomic_red_team\windows-sysmon.log
win-dc-228.attackrange.local,{5ABCFE62-E9C2-6040-4E4E-00000000AD01},2021-03-04 14:08:00+00:00,5,1,3,2,0,4,4,0,0,1,0,0,1,0,0,3,0,1,T1059.001,atomic_red_team,data\datasets\splunk_attack_data\datasets\attack_techniques\T1059.001\atomic_red_team\windows-sysmon.log
win-dc-228.attackrange.local,{5ABCFE62-E9C2-6040-4F4E-00000000AD01},2021-03-04 14:08:00+00:00,1,1,0,0,0,0,0,0,0,1,0,0,0,0,0,0,0,1,T1059.001,atomic_red_team,data\datasets\splunk_attack_data\datasets\attack_techniques\T1059.001\atomic_red_team\windows-sysmon.log
win-dc-228.attackrange.local,{5ABCFE62-E9C3-6040-504E-00000000AD01},2021-03-04 14:08:00+00:00,1,1,0,0,0,0,0,0,0,1,0,0,0,0,0,0,0,1,T1059.001,atomic_red_team,data\datasets\splunk_attack_data\datasets\attack_techniques\T1059.001\atomic_red_team\windows-sysmon.log
win-dc-228.attackrange.local,{5ABCFE62-E9C3-6040-514E-00000000AD01},2021-03-04 14:08:00+00:00,5,1,3,2,0,4,4,0,0,1,0,0,1,0,0,3,0,1,T1059.001,atomic_red_team,data\datasets\splunk_attack_data\datasets\attack_techniques\T1059.001\atomic_red_team\windows-sysmon.log
win-dc-228.attackrange.local,{5ABCFE62-E9C3-6040-524E-00000000AD01},2021-03-04 14:08:00+00:00,1,1,0,0,0,0,0,0,0,1,0,0,0,0,0,0,0,1,T1059.001,atomic_red_team,data\datasets\splunk_attack_data\datasets\attack_techniques\T1059.001\atomic_red_team\windows-sysmon.log
win-dc-228.attackrange.local,{5ABCFE62-E9C3-6040-534E-00000000AD01},2021-03-04 14:08:00+00:00,1,1,0,0,0,0,0,0,0,1,0,0,0,0,0,0,0,1,T1059.001,atomic_red_team,data\datasets\splunk_attack_data\datasets\attack_techniques\T1059.001\atomic_red_team\windows-sysmon.log
win-dc-228.attackrange.local,{5ABCFE62-E9C3-6040-544E-00000000AD01},2021-03-04 14:08:00+00:00,1,1,0,0,0,0,0,0,0,1,0,0,0,0,0,0,0,1,T1059.001,atomic_red_team,data\datasets\splunk_attack_data\datasets\attack_techniques\T1059.001\atomic_red_team\windows-sysmon.log
win-dc-228.attackrange.local,{5ABCFE62-E9C3-6040-554E-00000000AD01},2021-03-04 14:08:00+00:00,5,2,3,0,1,3,3,0,1,1,1,0,0,0,0,3,0,1,T1059.001,atomic_red_team,data\datasets\splunk_attack_data\datasets\attack_techniques\T1059.001\atomic_red_team\windows-sysmon.log
win-dc-228.attackrange.local,{5ABCFE62-E9D1-6040-564E-00000000AD01},2021-03-04 14:08:15+00:00,1,1,0,0,0,0,0,0,0,1,0,0,0,0,0,0,0,1,T1059.001,atomic_red_team,data\datasets\splunk_attack_data\datasets\attack_techniques\T1059.001\atomic_red_team\windows-sysmon.log
win-dc-228.attackrange.local,{5ABCFE62-E9D2-6040-574E-00000000AD01},2021-03-04 14:08:15+00:00,1,1,0,0,0,0,0,0,0,1,0,0,0,0,0,0,0,1,T1059.001,atomic_red_team,data\datasets\splunk_attack_data\datasets\attack_techniques\T1059.001\atomic_red_team\windows-sysmon.log
win-dc-228.attackrange.local,{5ABCFE62-E9D3-6040-584E-00000000AD01},2021-03-04 14:08:15+00:00,1,1,0,0,0,0,0,0,0,1,0,0,0,0,0,0,0,1,T1059.001,atomic_red_team,data\datasets\splunk_attack_data\datasets\attack_techniques\T1059.001\atomic_red_team\windows-sysmon.log
win-dc-228.attackrange.local,{5ABCFE62-E9D3-6040-594E-00000000AD01},2021-03-04 14:08:15+00:00,1,1,0,0,0,0,0,0,0,1,0,0,0,0,0,0,0,1,T1059.001,atomic_red_team,data\datasets\splunk_attack_data\datasets\attack_techniques\T1059.001\atomic_red_team\windows-sysmon.log
win-dc-228.attackrange.local,{5ABCFE62-E9FE-6040-5A4E-00000000AD01},2021-03-04 14:09:00+00:00,1,1,0,0,0,0,0,0,0,1,0,0,0,0,0,0,0,1,T1059.001,atomic_red_team,data\datasets\splunk_attack_data\datasets\attack_techniques\T1059.001\atomic_red_team\windows-sysmon.log
win-dc-228.attackrange.local,{5ABCFE62-E9FE-6040-5B4E-00000000AD01},2021-03-04 14:09:00+00:00,1,1,0,0,0,0,0,0,0,1,0,0,0,0,0,0,0,1,T1059.001,atomic_red_team,data\datasets\splunk_attack_data\datasets\attack_techniques\T1059.001\atomic_red_team\windows-sysmon.log
win-dc-228.attackrange.local,{5ABCFE62-E9FF-6040-5C4E-00000000AD01},2021-03-04 14:09:00+00:00,1,1,0,0,0,0,0,0,0,1,0,0,0,0,0,0,0,1,T1059.001,atomic_red_team,data\datasets\splunk_attack_data\datasets\attack_techniques\T1059.001\atomic_red_team\windows-sysmon.log
win-dc-228.attackrange.local,{5ABCFE62-EA0D-6040-5D4E-00000000AD01},2021-03-04 14:09:15+00:00,1,1,0,0,0,0,0,0,0,1,0,0,0,0,0,0,0,1,T1059.001,atomic_red_team,data\datasets\splunk_attack_data\datasets\attack_techniques\T1059.001\atomic_red_team\windows-sysmon.log
win-dc-228.attackrange.local,{5ABCFE62-EA0E-6040-5E4E-00000000AD01},2021-03-04 14:09:15+00:00,1,1,0,0,0,0,0,0,0,1,0,0,0,0,0,0,0,1,T1059.001,atomic_red_team,data\datasets\splunk_attack_data\datasets\attack_techniques\T1059.001\atomic_red_team\windows-sysmon.log
win-dc-228.attackrange.local,{5ABCFE62-EA0E-6040-5F4E-00000000AD01},2021-03-04 14:09:15+00:00,1,1,0,0,0,0,0,0,0,1,0,0,0,0,0,0,0,1,T1059.001,atomic_red_team,data\datasets\splunk_attack_data\datasets\attack_techniques\T1059.001\atomic_red_team\windows-sysmon.log
win-dc-228.attackrange.local,{5ABCFE62-EA0F-6040-604E-00000000AD01},2021-03-04 14:09:15+00:00,1,1,0,0,0,0,0,0,0,1,0,0,0,0,0,0,0,1,T1059.001,atomic_red_team,data\datasets\splunk_attack_data\datasets\attack_techniques\T1059.001\atomic_red_team\windows-sysmon.log
win-dc-228.attackrange.local,{5ABCFE62-EA3A-6040-614E-00000000AD01},2021-03-04 14:10:00+00:00,1,1,0,0,0,0,0,0,0,1,0,0,0,0,0,0,0,1,T1059.001,atomic_red_team,data\datasets\splunk_attack_data\datasets\attack_techniques\T1059.001\atomic_red_team\windows-sysmon.log
win-dc-228.attackrange.local,{5ABCFE62-EA3A-6040-624E-00000000AD01},2021-03-04 14:10:00+00:00,1,1,0,0,0,0,0,0,0,1,0,0,0,0,0,0,0,1,T1059.001,atomic_red_team,data\datasets\splunk_attack_data\datasets\attack_techniques\T1059.001\atomic_red_team\windows-sysmon.log
win-dc-228.attackrange.local,{5ABCFE62-EA3B-6040-634E-00000000AD01},2021-03-04 14:10:00+00:00,1,1,0,0,0,0,0,0,0,1,0,0,0,0,0,0,0,1,T1059.001,atomic_red_team,data\datasets\splunk_attack_data\datasets\attack_techniques\T1059.001\atomic_red_team\windows-sysmon.log
win-dc-228.attackrange.local,{5ABCFE62-EA3C-6040-654E-00000000AD01},2021-03-04 14:10:00+00:00,4,1,2,2,0,3,3,0,0,1,0,0,1,0,0,2,0,1,T1059.001,atomic_red_team,data\datasets\splunk_attack_data\datasets\attack_techniques\T1059.001\atomic_red_team\windows-sysmon.log
win-dc-228.attackrange.local,{5ABCFE62-EA3C-6040-664E-00000000AD01},2021-03-04 14:10:00+00:00,1,1,0,0,0,0,0,0,0,1,0,0,0,0,0,0,0,1,T1059.001,atomic_red_team,data\datasets\splunk_attack_data\datasets\attack_techniques\T1059.001\atomic_red_team\windows-sysmon.log
win-dc-228.attackrange.local,{5ABCFE62-EA49-6040-674E-00000000AD01},2021-03-04 14:10:15+00:00,1,1,0,0,0,0,0,0,0,1,0,0,0,0,0,0,0,1,T1059.001,atomic_red_team,data\datasets\splunk_attack_data\datasets\attack_techniques\T1059.001\atomic_red_team\windows-sysmon.log
win-dc-228.attackrange.local,{5ABCFE62-EA4A-6040-684E-00000000AD01},2021-03-04 14:10:15+00:00,1,1,0,0,0,0,0,0,0,1,0,0,0,0,0,0,0,1,T1059.001,atomic_red_team,data\datasets\splunk_attack_data\datasets\attack_techniques\T1059.001\atomic_red_team\windows-sysmon.log
win-dc-228.attackrange.local,{5ABCFE62-EA4A-6040-694E-00000000AD01},2021-03-04 14:10:15+00:00,1,1,0,0,0,0,0,0,0,1,0,0,0,0,0,0,0,1,T1059.001,atomic_red_team,data\datasets\splunk_attack_data\datasets\attack_techniques\T1059.001\atomic_red_team\windows-sysmon.log
win-dc-228.attackrange.local,{5ABCFE62-EA4B-6040-6A4E-00000000AD01},2021-03-04 14:10:15+00:00,1,1,0,0,0,0,0,0,0,1,0,0,0,0,0,0,0,1,T1059.001,atomic_red_team,data\datasets\splunk_attack_data\datasets\attack_techniques\T1059.001\atomic_red_team\windows-sysmon.log
win-dc-228.attackrange.local,{5ABCFE62-EA76-6040-6B4E-00000000AD01},2021-03-04 14:11:00+00:00,1,1,0,0,0,0,0,0,0,1,0,0,0,0,0,0,0,1,T1059.001,atomic_red_team,data\datasets\splunk_attack_data\datasets\attack_techniques\T1059.001\atomic_red_team\windows-sysmon.log
win-dc-228.attackrange.local,{5ABCFE62-EA76-6040-6C4E-00000000AD01},2021-03-04 14:11:00+00:00,1,1,0,0,0,0,0,0,0,1,0,0,0,0,0,0,0,1,T1059.001,atomic_red_team,data\datasets\splunk_attack_data\datasets\attack_techniques\T1059.001\atomic_red_team\windows-sysmon.log
win-dc-228.attackrange.local,{5ABCFE62-EA77-6040-6D4E-00000000AD01},2021-03-04 14:11:00+00:00,1,1,0,0,0,0,0,0,0,1,0,0,0,0,0,0,0,1,T1059.001,atomic_red_team,data\datasets\splunk_attack_data\datasets\attack_techniques\T1059.001\atomic_red_team\windows-sysmon.log
win-dc-228.attackrange.local,{5ABCFE62-EA85-6040-6E4E-00000000AD01},2021-03-04 14:11:15+00:00,1,1,0,0,0,0,0,0,0,1,0,0,0,0,0,0,0,1,T1059.001,atomic_red_team,data\datasets\splunk_attack_data\datasets\attack_techniques\T1059.001\atomic_red_team\windows-sysmon.log
win-dc-228.attackrange.local,{5ABCFE62-EA86-6040-6F4E-00000000AD01},2021-03-04 14:11:15+00:00,1,1,0,0,0,0,0,0,0,1,0,0,0,0,0,0,0,1,T1059.001,atomic_red_team,data\datasets\splunk_attack_data\datasets\attack_techniques\T1059.001\atomic_red_team\windows-sysmon.log
win-dc-228.attackrange.local,{5ABCFE62-EA86-6040-704E-00000000AD01},2021-03-04 14:11:15+00:00,1,1,0,0,0,0,0,0,0,1,0,0,0,0,0,0,0,1,T1059.001,atomic_red_team,data\datasets\splunk_attack_data\datasets\attack_techniques\T1059.001\atomic_red_team\windows-sysmon.log
win-dc-228.attackrange.local,{5ABCFE62-EA87-6040-714E-00000000AD01},2021-03-04 14:11:15+00:00,1,1,0,0,0,0,0,0,0,1,0,0,0,0,0,0,0,1,T1059.001,atomic_red_team,data\datasets\splunk_attack_data\datasets\attack_techniques\T1059.001\atomic_red_team\windows-sysmon.log
win-dc-725.attackrange.local,{CB3070D7-7995-6042-0100-00000000AD01},2021-03-05 20:02:25+00:00,2,1,0,0,1,0,0,0,2,0,2,0,0,0,0,0,0,1,T1059.001,atomic_red_team,data\datasets\splunk_attack_data\datasets\attack_techniques\T1059.001\atomic_red_team\windows-sysmon.log
win-dc-725.attackrange.local,{CB3070D7-7997-6042-0B00-00000000AD01},2021-03-05 20:02:25+00:00,2,1,0,0,2,0,0,0,2,0,2,0,0,0,0,0,0,1,T1059.001,atomic_red_team,data\datasets\splunk_attack_data\datasets\attack_techniques\T1059.001\atomic_red_team\windows-sysmon.log
win-dc-725.attackrange.local,{CB3070D7-7997-6042-0B00-00000000AD01},2021-03-05 20:02:30+00:00,1,1,0,0,1,0,0,0,1,0,1,0,0,0,0,0,0,1,T1059.001,atomic_red_team,data\datasets\splunk_attack_data\datasets\attack_techniques\T1059.001\atomic_red_team\windows-sysmon.log
win-dc-725.attackrange.local,{CB3070D7-7997-6042-0B00-00000000AD01},2021-03-05 20:03:30+00:00,1,1,0,0,1,0,0,0,1,0,1,0,0,0,0,0,0,1,T1059.001,atomic_red_team,data\datasets\splunk_attack_data\datasets\attack_techniques\T1059.001\atomic_red_team\windows-sysmon.log
win-dc-725.attackrange.local,{CB3070D7-7998-6042-1000-00000000AD01},2021-03-05 20:02:25+00:00,2,1,0,0,2,0,0,0,2,0,2,0,0,0,0,0,0,1,T1059.001,atomic_red_team,data\datasets\splunk_attack_data\datasets\attack_techniques\T1059.001\atomic_red_team\windows-sysmon.log
win-dc-725.attackrange.local,{CB3070D7-7998-6042-1200-00000000AD01},2021-03-05 20:03:00+00:00,1,1,1,1,0,1,1,0,0,0,0,0,0,0,0,1,0,1,T1059.001,atomic_red_team,data\datasets\splunk_attack_data\datasets\attack_techniques\T1059.001\atomic_red_team\windows-sysmon.log
win-dc-725.attackrange.local,{CB3070D7-79A8-6042-2600-00000000AD01},2021-03-05 20:02:55+00:00,3,1,0,0,1,0,0,0,3,0,3,0,0,0,0,0,0,1,T1059.001,atomic_red_team,data\datasets\splunk_attack_data\datasets\attack_techniques\T1059.001\atomic_red_team\windows-sysmon.log
win-dc-725.attackrange.local,{CB3070D7-79A8-6042-2A00-00000000AD01},2021-03-05 20:02:30+00:00,1,1,0,0,1,0,0,0,1,0,1,0,0,0,0,0,0,1,T1059.001,atomic_red_team,data\datasets\splunk_attack_data\datasets\attack_techniques\T1059.001\atomic_red_team\windows-sysmon.log
win-dc-725.attackrange.local,{CB3070D7-79A8-6042-2A00-00000000AD01},2021-03-05 20:03:30+00:00,1,1,0,0,1,0,0,0,1,0,1,0,0,0,0,0,0,1,T1059.001,atomic_red_team,data\datasets\splunk_attack_data\datasets\attack_techniques\T1059.001\atomic_red_team\windows-sysmon.log
win-dc-725.attackrange.local,{CB3070D7-7A31-6042-B100-00000000AD01},2021-03-05 20:03:00+00:00,1,1,0,0,1,0,0,0,1,0,1,0,0,0,0,0,0,1,T1059.001,atomic_red_team,data\datasets\splunk_attack_data\datasets\attack_techniques\T1059.001\atomic_red_team\windows-sysmon.log
win-dc-725.attackrange.local,{CB3070D7-7A31-6042-B100-00000000AD01},2021-03-05 20:03:05+00:00,1,1,1,1,0,0,1,0,0,0,0,0,0,0,0,1,0,1,T1059.001,atomic_red_team,data\datasets\splunk_attack_data\datasets\attack_techniques\T1059.001\atomic_red_team\windows-sysmon.log
win-dc-725.attackrange.local,{CB3070D7-7A38-6042-DF00-00000000AD01},2021-03-05 20:02:10+00:00,1,1,0,0,1,0,0,0,1,0,1,0,0,0,0,0,0,1,T1059.001,atomic_red_team,data\datasets\splunk_attack_data\datasets\attack_techniques\T1059.001\atomic_red_team\windows-sysmon.log
win-dc-725.attackrange.local,{CB3070D7-7A38-6042-DF00-00000000AD01},2021-03-05 20:02:20+00:00,1,1,0,0,1,0,0,0,1,0,1,0,0,0,0,0,0,1,T1059.001,atomic_red_team,data\datasets\splunk_attack_data\datasets\attack_techniques\T1059.001\atomic_red_team\windows-sysmon.log
win-dc-725.attackrange.local,{CB3070D7-7A38-6042-DF00-00000000AD01},2021-03-05 20:02:25+00:00,1,1,0,0,1,0,0,0,1,0,1,0,0,0,0,0,0,1,T1059.001,atomic_red_team,data\datasets\splunk_attack_data\datasets\attack_techniques\T1059.001\atomic_red_team\windows-sysmon.log
win-dc-725.attackrange.local,{CB3070D7-7A38-6042-DF00-00000000AD01},2021-03-05 20:02:30+00:00,1,1,0,0,1,0,0,0,1,0,1,0,0,0,0,0,0,1,T1059.001,atomic_red_team,data\datasets\splunk_attack_data\datasets\attack_techniques\T1059.001\atomic_red_team\windows-sysmon.log
win-dc-725.attackrange.local,{CB3070D7-7A38-6042-DF00-00000000AD01},2021-03-05 20:02:35+00:00,1,1,0,0,1,0,0,0,1,0,1,0,0,0,0,0,0,1,T1059.001,atomic_red_team,data\datasets\splunk_attack_data\datasets\attack_techniques\T1059.001\atomic_red_team\windows-sysmon.log
win-dc-725.attackrange.local,{CB3070D7-7A38-6042-DF00-00000000AD01},2021-03-05 20:02:40+00:00,1,1,0,0,1,0,0,0,1,0,1,0,0,0,0,0,0,1,T1059.001,atomic_red_team,data\datasets\splunk_attack_data\datasets\attack_techniques\T1059.001\atomic_red_team\windows-sysmon.log
win-dc-725.attackrange.local,{CB3070D7-7A38-6042-DF00-00000000AD01},2021-03-05 20:02:45+00:00,1,1,0,0,1,0,0,0,1,0,1,0,0,0,0,0,0,1,T1059.001,atomic_red_team,data\datasets\splunk_attack_data\datasets\attack_techniques\T1059.001\atomic_red_team\windows-sysmon.log
win-dc-725.attackrange.local,{CB3070D7-7A38-6042-DF00-00000000AD01},2021-03-05 20:02:50+00:00,1,1,0,0,1,0,0,0,1,0,1,0,0,0,0,0,0,1,T1059.001,atomic_red_team,data\datasets\splunk_attack_data\datasets\attack_techniques\T1059.001\atomic_red_team\windows-sysmon.log
win-dc-725.attackrange.local,{CB3070D7-7A38-6042-DF00-00000000AD01},2021-03-05 20:02:55+00:00,1,1,0,0,1,0,0,0,1,0,1,0,0,0,0,0,0,1,T1059.001,atomic_red_team,data\datasets\splunk_attack_data\datasets\attack_techniques\T1059.001\atomic_red_team\windows-sysmon.log
win-dc-725.attackrange.local,{CB3070D7-7A38-6042-DF00-00000000AD01},2021-03-05 20:03:00+00:00,1,1,0,0,1,0,0,0,1,0,1,0,0,0,0,0,0,1,T1059.001,atomic_red_team,data\datasets\splunk_attack_data\datasets\attack_techniques\T1059.001\atomic_red_team\windows-sysmon.log
win-dc-725.attackrange.local,{CB3070D7-7A38-6042-DF00-00000000AD01},2021-03-05 20:03:05+00:00,1,1,0,0,1,0,0,0,1,0,1,0,0,0,0,0,0,1,T1059.001,atomic_red_team,data\datasets\splunk_attack_data\datasets\attack_techniques\T1059.001\atomic_red_team\windows-sysmon.log
win-dc-725.attackrange.local,{CB3070D7-7A38-6042-DF00-00000000AD01},2021-03-05 20:03:10+00:00,1,1,0,0,1,0,0,0,1,0,1,0,0,0,0,0,0,1,T1059.001,atomic_red_team,data\datasets\splunk_attack_data\datasets\attack_techniques\T1059.001\atomic_red_team\windows-sysmon.log
win-dc-725.attackrange.local,{CB3070D7-7A38-6042-DF00-00000000AD01},2021-03-05 20:03:15+00:00,1,1,0,0,1,0,0,0,1,0,1,0,0,0,0,0,0,1,T1059.001,atomic_red_team,data\datasets\splunk_attack_data\datasets\attack_techniques\T1059.001\atomic_red_team\windows-sysmon.log
win-dc-725.attackrange.local,{CB3070D7-7A38-6042-DF00-00000000AD01},2021-03-05 20:03:20+00:00,1,1,0,0,1,0,0,0,1,0,1,0,0,0,0,0,0,1,T1059.001,atomic_red_team,data\datasets\splunk_attack_data\datasets\attack_techniques\T1059.001\atomic_red_team\windows-sysmon.log
win-dc-725.attackrange.local,{CB3070D7-7A38-6042-DF00-00000000AD01},2021-03-05 20:03:30+00:00,1,1,0,0,1,0,0,0,1,0,1,0,0,0,0,0,0,1,T1059.001,atomic_red_team,data\datasets\splunk_attack_data\datasets\attack_techniques\T1059.001\atomic_red_team\windows-sysmon.log
win-dc-725.attackrange.local,{CB3070D7-7A38-6042-DF00-00000000AD01},2021-03-05 20:03:35+00:00,1,1,0,0,1,0,0,0,1,0,1,0,0,0,0,0,0,1,T1059.001,atomic_red_team,data\datasets\splunk_attack_data\datasets\attack_techniques\T1059.001\atomic_red_team\windows-sysmon.log
win-dc-725.attackrange.local,{CB3070D7-7A38-6042-DF00-00000000AD01},2021-03-05 20:03:40+00:00,1,1,0,0,1,0,0,0,1,0,1,0,0,0,0,0,0,1,T1059.001,atomic_red_team,data\datasets\splunk_attack_data\datasets\attack_techniques\T1059.001\atomic_red_team\windows-sysmon.log
win-dc-725.attackrange.local,{CB3070D7-7A3E-6042-E800-00000000AD01},2021-03-05 20:02:15+00:00,7,1,3,0,0,0,7,0,0,0,0,0,0,0,0,7,0,1,T1059.001,atomic_red_team,data\datasets\splunk_attack_data\datasets\attack_techniques\T1059.001\atomic_red_team\windows-sysmon.log
win-dc-725.attackrange.local,{CB3070D7-7A3E-6042-E800-00000000AD01},2021-03-05 20:02:20+00:00,8,1,3,0,0,0,8,0,0,0,0,0,0,0,0,8,0,1,T1059.001,atomic_red_team,data\datasets\splunk_attack_data\datasets\attack_techniques\T1059.001\atomic_red_team\windows-sysmon.log
win-dc-725.attackrange.local,{CB3070D7-7A3E-6042-E800-00000000AD01},2021-03-05 20:02:25+00:00,6,1,2,0,0,0,6,0,0,0,0,0,0,0,0,6,0,1,T1059.001,atomic_red_team,data\datasets\splunk_attack_data\datasets\attack_techniques\T1059.001\atomic_red_team\windows-sysmon.log
win-dc-725.attackrange.local,{CB3070D7-7A3E-6042-E800-00000000AD01},2021-03-05 20:02:30+00:00,6,1,3,0,0,0,6,0,0,0,0,0,0,0,0,6,0,1,T1059.001,atomic_red_team,data\datasets\splunk_attack_data\datasets\attack_techniques\T1059.001\atomic_red_team\windows-sysmon.log
win-dc-725.attackrange.local,{CB3070D7-7A3E-6042-E800-00000000AD01},2021-03-05 20:02:35+00:00,6,1,2,0,0,0,6,0,0,0,0,0,0,0,0,6,0,1,T1059.001,atomic_red_team,data\datasets\splunk_attack_data\datasets\attack_techniques\T1059.001\atomic_red_team\windows-sysmon.log
win-dc-725.attackrange.local,{CB3070D7-7A3E-6042-E800-00000000AD01},2021-03-05 20:02:40+00:00,7,1,3,0,0,0,7,0,0,0,0,0,0,0,0,7,0,1,T1059.001,atomic_red_team,data\datasets\splunk_attack_data\datasets\attack_techniques\T1059.001\atomic_red_team\windows-sysmon.log
win-dc-725.attackrange.local,{CB3070D7-7A3E-6042-E800-00000000AD01},2021-03-05 20:02:45+00:00,7,1,3,0,0,0,7,0,0,0,0,0,0,0,0,7,0,1,T1059.001,atomic_red_team,data\datasets\splunk_attack_data\datasets\attack_techniques\T1059.001\atomic_red_team\windows-sysmon.log
win-dc-725.attackrange.local,{CB3070D7-7A3E-6042-E800-00000000AD01},2021-03-05 20:02:50+00:00,11,1,3,0,0,0,11,0,0,0,0,0,0,0,0,11,0,1,T1059.001,atomic_red_team,data\datasets\splunk_attack_data\datasets\attack_techniques\T1059.001\atomic_red_team\windows-sysmon.log
win-dc-725.attackrange.local,{CB3070D7-7A3E-6042-E800-00000000AD01},2021-03-05 20:02:55+00:00,5,1,2,0,0,0,5,0,0,0,0,0,0,0,0,5,0,1,T1059.001,atomic_red_team,data\datasets\splunk_attack_data\datasets\attack_techniques\T1059.001\atomic_red_team\windows-sysmon.log
win-dc-725.attackrange.local,{CB3070D7-7A3E-6042-E800-00000000AD01},2021-03-05 20:03:00+00:00,8,1,3,0,0,0,8,0,0,0,0,0,0,0,0,8,0,1,T1059.001,atomic_red_team,data\datasets\splunk_attack_data\datasets\attack_techniques\T1059.001\atomic_red_team\windows-sysmon.log
win-dc-725.attackrange.local,{CB3070D7-7A3E-6042-E800-00000000AD01},2021-03-05 20:03:05+00:00,7,1,3,0,0,0,7,0,0,0,0,0,0,0,0,7,0,1,T1059.001,atomic_red_team,data\datasets\splunk_attack_data\datasets\attack_techniques\T1059.001\atomic_red_team\windows-sysmon.log
win-dc-725.attackrange.local,{CB3070D7-7A3E-6042-E800-00000000AD01},2021-03-05 20:03:10+00:00,6,1,3,0,0,0,6,0,0,0,0,0,0,0,0,6,0,1,T1059.001,atomic_red_team,data\datasets\splunk_attack_data\datasets\attack_techniques\T1059.001\atomic_red_team\windows-sysmon.log
win-dc-725.attackrange.local,{CB3070D7-7A3E-6042-E800-00000000AD01},2021-03-05 20:03:15+00:00,8,1,3,0,0,0,8,0,0,0,0,0,0,0,0,8,0,1,T1059.001,atomic_red_team,data\datasets\splunk_attack_data\datasets\attack_techniques\T1059.001\atomic_red_team\windows-sysmon.log
win-dc-725.attackrange.local,{CB3070D7-7A3E-6042-E800-00000000AD01},2021-03-05 20:03:20+00:00,6,1,2,0,0,0,6,0,0,0,0,0,0,0,0,6,0,1,T1059.001,atomic_red_team,data\datasets\splunk_attack_data\datasets\attack_techniques\T1059.001\atomic_red_team\windows-sysmon.log
win-dc-725.attackrange.local,{CB3070D7-7A3E-6042-E800-00000000AD01},2021-03-05 20:03:25+00:00,6,1,3,0,0,0,6,0,0,0,0,0,0,0,0,6,0,1,T1059.001,atomic_red_team,data\datasets\splunk_attack_data\datasets\attack_techniques\T1059.001\atomic_red_team\windows-sysmon.log
win-dc-725.attackrange.local,{CB3070D7-7A3E-6042-E800-00000000AD01},2021-03-05 20:03:30+00:00,1,1,1,0,0,0,1,0,0,0,0,0,0,0,0,1,0,1,T1059.001,atomic_red_team,data\datasets\splunk_attack_data\datasets\attack_techniques\T1059.001\atomic_red_team\windows-sysmon.log
win-dc-725.attackrange.local,{CB3070D7-7A3E-6042-E800-00000000AD01},2021-03-05 20:03:35+00:00,8,1,3,0,0,0,8,0,0,0,0,0,0,0,0,8,0,1,T1059.001,atomic_red_team,data\datasets\splunk_attack_data\datasets\attack_techniques\T1059.001\atomic_red_team\windows-sysmon.log
win-dc-725.attackrange.local,{CB3070D7-7A3E-6042-E800-00000000AD01},2021-03-05 20:03:40+00:00,7,1,3,0,0,0,7,0,0,0,0,0,0,0,0,7,0,1,T1059.001,atomic_red_team,data\datasets\splunk_attack_data\datasets\attack_techniques\T1059.001\atomic_red_team\windows-sysmon.log
win-dc-725.attackrange.local,{CB3070D7-7A3E-6042-E800-00000000AD01},2021-03-05 20:03:45+00:00,4,1,1,0,0,0,4,0,0,0,0,0,0,0,0,4,0,1,T1059.001,atomic_red_team,data\datasets\splunk_attack_data\datasets\attack_techniques\T1059.001\atomic_red_team\windows-sysmon.log
win-dc-725.attackrange.local,{CB3070D7-8517-6042-7E06-00000000AD01},2021-03-05 20:03:30+00:00,5,1,0,0,0,0,0,0,0,0,0,5,0,0,0,0,0,1,T1059.001,atomic_red_team,data\datasets\splunk_attack_data\datasets\attack_techniques\T1059.001\atomic_red_team\windows-sysmon.log
win-dc-725.attackrange.local,{CB3070D7-8517-6042-7E06-00000000AD01},2021-03-05 20:03:35+00:00,5,1,0,0,0,0,0,0,0,0,0,5,0,0,0,0,0,1,T1059.001,atomic_red_team,data\datasets\splunk_attack_data\datasets\attack_techniques\T1059.001\atomic_red_team\windows-sysmon.log
win-dc-725.attackrange.local,{CB3070D7-863B-6042-C506-00000000AD01},2021-03-05 20:02:55+00:00,4,1,1,1,2,2,2,0,2,0,2,0,1,0,0,1,0,1,T1059.001,atomic_red_team,data\datasets\splunk_attack_data\datasets\attack_techniques\T1059.001\atomic_red_team\windows-sysmon.log
win-dc-725.attackrange.local,{CB3070D7-863B-6042-C506-00000000AD01},2021-03-05 20:03:00+00:00,2,1,2,2,0,2,2,0,0,0,0,0,0,0,0,2,0,1,T1059.001,atomic_red_team,data\datasets\splunk_attack_data\datasets\attack_techniques\T1059.001\atomic_red_team\windows-sysmon.log
win-dc-725.attackrange.local,{CB3070D7-863B-6042-C506-00000000AD01},2021-03-05 20:03:10+00:00,2,1,2,0,0,2,2,0,0,0,0,0,0,0,0,2,0,1,T1059.001,atomic_red_team,data\datasets\splunk_attack_data\datasets\attack_techniques\T1059.001\atomic_red_team\windows-sysmon.log
win-dc-725.attackrange.local,{CB3070D7-8E6B-6042-E407-00000000AD01},2021-03-05 20:02:50+00:00,1,1,0,0,0,0,0,0,0,1,0,0,0,0,0,0,0,1,T1059.001,atomic_red_team,data\datasets\splunk_attack_data\datasets\attack_techniques\T1059.001\atomic_red_team\windows-sysmon.log
win-dc-725.attackrange.local,{CB3070D7-8E6C-6042-E507-00000000AD01},2021-03-05 20:02:50+00:00,1,1,0,0,0,0,0,0,0,1,0,0,0,0,0,0,0,1,T1059.001,atomic_red_team,data\datasets\splunk_attack_data\datasets\attack_techniques\T1059.001\atomic_red_team\windows-sysmon.log
win-dc-725.attackrange.local,{CB3070D7-8E6C-6042-E607-00000000AD01},2021-03-05 20:02:50+00:00,1,1,0,0,0,0,0,0,0,1,0,0,0,0,0,0,0,1,T1059.001,atomic_red_team,data\datasets\splunk_attack_data\datasets\attack_techniques\T1059.001\atomic_red_team\windows-sysmon.log
win-dc-725.attackrange.local,{CB3070D7-8E6D-6042-E707-00000000AD01},2021-03-05 20:02:50+00:00,1,1,0,0,0,0,0,0,0,1,0,0,0,0,0,0,0,1,T1059.001,atomic_red_team,data\datasets\splunk_attack_data\datasets\attack_techniques\T1059.001\atomic_red_team\windows-sysmon.log
win-dc-725.attackrange.local,{CB3070D7-8E6D-6042-E807-00000000AD01},2021-03-05 20:02:50+00:00,1,1,0,0,0,0,0,0,0,1,0,0,0,0,0,0,0,1,T1059.001,atomic_red_team,data\datasets\splunk_attack_data\datasets\attack_techniques\T1059.001\atomic_red_team\windows-sysmon.log
win-dc-725.attackrange.local,{CB3070D7-8E6E-6042-E907-00000000AD01},2021-03-05 20:02:50+00:00,1,1,0,0,0,0,0,0,0,1,0,0,0,0,0,0,0,1,T1059.001,atomic_red_team,data\datasets\splunk_attack_data\datasets\attack_techniques\T1059.001\atomic_red_team\windows-sysmon.log
win-dc-725.attackrange.local,{CB3070D7-8E6E-6042-EA07-00000000AD01},2021-03-05 20:02:50+00:00,1,1,0,0,0,0,0,0,0,1,0,0,0,0,0,0,0,1,T1059.001,atomic_red_team,data\datasets\splunk_attack_data\datasets\attack_techniques\T1059.001\atomic_red_team\windows-sysmon.log
win-dc-725.attackrange.local,{CB3070D7-8E8E-6042-EB07-00000000AD01},2021-03-05 20:03:25+00:00,1,1,0,0,0,0,0,0,0,1,0,0,0,0,0,0,0,1,T1059.001,atomic_red_team,data\datasets\splunk_attack_data\datasets\attack_techniques\T1059.001\atomic_red_team\windows-sysmon.log
win-dc-725.attackrange.local,{CB3070D7-8E93-6042-EC07-00000000AD01},2021-03-05 20:03:30+00:00,1,1,0,0,0,0,0,0,0,1,0,0,0,0,0,0,0,1,T1059.001,atomic_red_team,data\datasets\splunk_attack_data\datasets\attack_techniques\T1059.001\atomic_red_team\windows-sysmon.log
win-dc-974.attackrange.local,14064:<unknown process>,2021-03-02 16:56:00+00:00,1,1,0,0,1,0,0,0,1,0,1,0,0,0,0,0,0,1,T1059.001,atomic_red_team,data\datasets\splunk_attack_data\datasets\attack_techniques\T1059.001\atomic_red_team\windows-sysmon.log
win-dc-974.attackrange.local,4224:<unknown process>,2021-03-02 16:56:20+00:00,1,1,0,0,1,0,0,0,1,0,1,0,0,0,0,0,0,1,T1059.001,atomic_red_team,data\datasets\splunk_attack_data\datasets\attack_techniques\T1059.001\atomic_red_team\windows-sysmon.log
win-dc-974.attackrange.local,4836:<unknown process>,2021-03-02 16:56:15+00:00,3,1,0,0,2,0,0,0,3,0,3,0,0,0,0,0,0,1,T1059.001,atomic_red_team,data\datasets\splunk_attack_data\datasets\attack_techniques\T1059.001\atomic_red_team\windows-sysmon.log
win-dc-974.attackrange.local,6296:<unknown process>,2021-03-02 16:56:15+00:00,1,1,0,0,1,0,0,0,1,0,1,0,0,0,0,0,0,1,T1059.001,atomic_red_team,data\datasets\splunk_attack_data\datasets\attack_techniques\T1059.001\atomic_red_team\windows-sysmon.log
win-dc-974.attackrange.local,7076:<unknown process>,2021-03-01 22:53:25+00:00,2,1,0,0,2,0,0,0,2,0,2,0,0,0,0,0,0,1,T1059.001,atomic_red_team,data\datasets\splunk_attack_data\datasets\attack_techniques\T1059.001\atomic_red_team\windows-sysmon.log
win-dc-974.attackrange.local,7228:<unknown process>,2021-03-01 22:53:15+00:00,1,1,0,0,1,0,0,0,1,0,1,0,0,0,0,0,0,1,T1059.001,atomic_red_team,data\datasets\splunk_attack_data\datasets\attack_techniques\T1059.001\atomic_red_team\windows-sysmon.log
win-dc-974.attackrange.local,8280:<unknown process>,2021-03-02 16:56:20+00:00,1,1,0,0,1,0,0,0,1,0,1,0,0,0,0,0,0,1,T1059.001,atomic_red_team,data\datasets\splunk_attack_data\datasets\attack_techniques\T1059.001\atomic_red_team\windows-sysmon.log
win-dc-974.attackrange.local,8448:<unknown process>,2021-03-01 22:53:30+00:00,1,1,0,0,1,0,0,0,1,0,1,0,0,0,0,0,0,1,T1059.001,atomic_red_team,data\datasets\splunk_attack_data\datasets\attack_techniques\T1059.001\atomic_red_team\windows-sysmon.log
win-dc-974.attackrange.local,8736:<unknown process>,2021-03-01 22:53:30+00:00,1,1,0,0,1,0,0,0,1,0,1,0,0,0,0,0,0,1,T1059.001,atomic_red_team,data\datasets\splunk_attack_data\datasets\attack_techniques\T1059.001\atomic_red_team\windows-sysmon.log
win-dc-974.attackrange.local,8860:<unknown process>,2021-03-01 22:53:30+00:00,1,1,0,0,1,0,0,0,1,0,1,0,0,0,0,0,0,1,T1059.001,atomic_red_team,data\datasets\splunk_attack_data\datasets\attack_techniques\T1059.001\atomic_red_team\windows-sysmon.log
win-dc-974.attackrange.local,{05ADC7E1-1E7B-603D-D27D-00000000AD01},2021-03-01 22:52:55+00:00,2,1,1,1,0,2,2,0,0,0,0,0,0,0,0,2,0,1,T1059.001,atomic_red_team,data\datasets\splunk_attack_data\datasets\attack_techniques\T1059.001\atomic_red_team\windows-sysmon.log
win-dc-974.attackrange.local,{05ADC7E1-2299-6039-0100-00000000AD01},2021-03-01 22:53:25+00:00,2,1,0,0,1,0,0,0,2,0,2,0,0,0,0,0,0,1,T1059.001,atomic_red_team,data\datasets\splunk_attack_data\datasets\attack_techniques\T1059.001\atomic_red_team\windows-sysmon.log
win-dc-974.attackrange.local,{05ADC7E1-2299-6039-0100-00000000AD01},2021-03-01 22:55:35+00:00,3,1,0,0,1,0,0,0,3,0,3,0,0,0,0,0,0,1,T1059.001,atomic_red_team,data\datasets\splunk_attack_data\datasets\attack_techniques\T1059.001\atomic_red_team\windows-sysmon.log
win-dc-974.attackrange.local,{05ADC7E1-2299-6039-0100-00000000AD01},2021-03-01 22:55:45+00:00,2,1,0,0,1,0,0,0,2,0,2,0,0,0,0,0,0,1,T1059.001,atomic_red_team,data\datasets\splunk_attack_data\datasets\attack_techniques\T1059.001\atomic_red_team\windows-sysmon.log
win-dc-974.attackrange.local,{05ADC7E1-2299-6039-0100-00000000AD01},2021-03-02 16:51:15+00:00,2,1,0,0,1,0,0,0,2,0,2,0,0,0,0,0,0,1,T1059.001,atomic_red_team,data\datasets\splunk_attack_data\datasets\attack_techniques\T1059.001\atomic_red_team\windows-sysmon.log
win-dc-974.attackrange.local,{05ADC7E1-2299-6039-0100-00000000AD01},2021-03-02 16:52:10+00:00,2,1,0,0,2,0,0,0,2,0,2,0,0,0,0,0,0,1,T1059.001,atomic_red_team,data\datasets\splunk_attack_data\datasets\attack_techniques\T1059.001\atomic_red_team\windows-sysmon.log
win-dc-974.attackrange.local,{05ADC7E1-2299-6039-0100-00000000AD01},2021-03-02 16:52:30+00:00,2,1,0,0,1,0,0,0,2,0,2,0,0,0,0,0,0,1,T1059.001,atomic_red_team,data\datasets\splunk_attack_data\datasets\attack_techniques\T1059.001\atomic_red_team\windows-sysmon.log
win-dc-974.attackrange.local,{05ADC7E1-2299-6039-0100-00000000AD01},2021-03-02 16:56:15+00:00,4,1,0,0,2,0,0,0,4,0,4,0,0,0,0,0,0,1,T1059.001,atomic_red_team,data\datasets\splunk_attack_data\datasets\attack_techniques\T1059.001\atomic_red_team\windows-sysmon.log
win-dc-974.attackrange.local,{05ADC7E1-229D-6039-0B00-00000000AD01},2021-03-01 22:53:20+00:00,1,1,0,0,1,0,0,0,1,0,1,0,0,0,0,0,0,1,T1059.001,atomic_red_team,data\datasets\splunk_attack_data\datasets\attack_techniques\T1059.001\atomic_red_team\windows-sysmon.log
win-dc-974.attackrange.local,{05ADC7E1-229D-6039-0B00-00000000AD01},2021-03-01 22:53:25+00:00,1,1,0,0,1,0,0,0,1,0,1,0,0,0,0,0,0,1,T1059.001,atomic_red_team,data\datasets\splunk_attack_data\datasets\attack_techniques\T1059.001\atomic_red_team\windows-sysmon.log
win-dc-974.attackrange.local,{05ADC7E1-229D-6039-0B00-00000000AD01},2021-03-01 22:53:50+00:00,10,1,0,0,0,0,0,10,0,0,0,0,0,0,10,0,0,1,T1059.001,atomic_red_team,data\datasets\splunk_attack_data\datasets\attack_techniques\T1059.001\atomic_red_team\windows-sysmon.log
win-dc-974.attackrange.local,{05ADC7E1-229D-6039-0B00-00000000AD01},2021-03-01 22:54:20+00:00,1,1,0,0,1,0,0,0,1,0,1,0,0,0,0,0,0,1,T1059.001,atomic_red_team,data\datasets\splunk_attack_data\datasets\attack_techniques\T1059.001\atomic_red_team\windows-sysmon.log
win-dc-974.attackrange.local,{05ADC7E1-229D-6039-0B00-00000000AD01},2021-03-01 22:55:20+00:00,1,1,0,0,1,0,0,0,1,0,1,0,0,0,0,0,0,1,T1059.001,atomic_red_team,data\datasets\splunk_attack_data\datasets\attack_techniques\T1059.001\atomic_red_team\windows-sysmon.log
win-dc-974.attackrange.local,{05ADC7E1-229D-6039-0B00-00000000AD01},2021-03-01 22:55:45+00:00,2,1,0,0,2,0,0,0,2,0,2,0,0,0,0,0,0,1,T1059.001,atomic_red_team,data\datasets\splunk_attack_data\datasets\attack_techniques\T1059.001\atomic_red_team\windows-sysmon.log
win-dc-974.attackrange.local,{05ADC7E1-229D-6039-0B00-00000000AD01},2021-03-02 16:51:15+00:00,3,1,0,0,2,0,0,0,3,0,3,0,0,0,0,0,0,1,T1059.001,atomic_red_team,data\datasets\splunk_attack_data\datasets\attack_techniques\T1059.001\atomic_red_team\windows-sysmon.log
win-dc-974.attackrange.local,{05ADC7E1-229D-6039-0B00-00000000AD01},2021-03-02 16:51:40+00:00,1,1,0,0,1,0,0,0,1,0,1,0,0,0,0,0,0,1,T1059.001,atomic_red_team,data\datasets\splunk_attack_data\datasets\attack_techniques\T1059.001\atomic_red_team\windows-sysmon.log
win-dc-974.attackrange.local,{05ADC7E1-229D-6039-0B00-00000000AD01},2021-03-02 16:52:40+00:00,1,1,0,0,1,0,0,0,1,0,1,0,0,0,0,0,0,1,T1059.001,atomic_red_team,data\datasets\splunk_attack_data\datasets\attack_techniques\T1059.001\atomic_red_team\windows-sysmon.log
win-dc-974.attackrange.local,{05ADC7E1-229D-6039-0B00-00000000AD01},2021-03-02 16:53:40+00:00,1,1,0,0,1,0,0,0,1,0,1,0,0,0,0,0,0,1,T1059.001,atomic_red_team,data\datasets\splunk_attack_data\datasets\attack_techniques\T1059.001\atomic_red_team\windows-sysmon.log
win-dc-974.attackrange.local,{05ADC7E1-229D-6039-0B00-00000000AD01},2021-03-02 16:53:55+00:00,10,1,0,0,0,0,0,10,0,0,0,0,0,0,10,0,0,1,T1059.001,atomic_red_team,data\datasets\splunk_attack_data\datasets\attack_techniques\T1059.001\atomic_red_team\windows-sysmon.log
win-dc-974.attackrange.local,{05ADC7E1-229D-6039-0B00-00000000AD01},2021-03-02 16:54:40+00:00,1,1,0,0,1,0,0,0,1,0,1,0,0,0,0,0,0,1,T1059.001,atomic_red_team,data\datasets\splunk_attack_data\datasets\attack_techniques\T1059.001\atomic_red_team\windows-sysmon.log
win-dc-974.attackrange.local,{05ADC7E1-229D-6039-0B00-00000000AD01},2021-03-02 16:54:45+00:00,2,1,0,0,1,0,0,0,2,0,2,0,0,0,0,0,0,1,T1059.001,atomic_red_team,data\datasets\splunk_attack_data\datasets\attack_techniques\T1059.001\atomic_red_team\windows-sysmon.log
win-dc-974.attackrange.local,{05ADC7E1-229D-6039-0B00-00000000AD01},2021-03-02 16:55:40+00:00,1,1,0,0,1,0,0,0,1,0,1,0,0,0,0,0,0,1,T1059.001,atomic_red_team,data\datasets\splunk_attack_data\datasets\attack_techniques\T1059.001\atomic_red_team\windows-sysmon.log
win-dc-974.attackrange.local,{05ADC7E1-229D-6039-0B00-00000000AD01},2021-03-02 16:56:15+00:00,3,1,0,0,2,0,0,0,3,0,3,0,0,0,0,0,0,1,T1059.001,atomic_red_team,data\datasets\splunk_attack_data\datasets\attack_techniques\T1059.001\atomic_red_team\windows-sysmon.log
win-dc-974.attackrange.local,{05ADC7E1-229D-6039-0B00-00000000AD01},2021-03-02 16:56:40+00:00,1,1,0,0,1,0,0,0,1,0,1,0,0,0,0,0,0,1,T1059.001,atomic_red_team,data\datasets\splunk_attack_data\datasets\attack_techniques\T1059.001\atomic_red_team\windows-sysmon.log
win-dc-974.attackrange.local,{05ADC7E1-229D-6039-0B00-00000000AD01},2021-03-02 16:57:40+00:00,1,1,0,0,1,0,0,0,1,0,1,0,0,0,0,0,0,1,T1059.001,atomic_red_team,data\datasets\splunk_attack_data\datasets\attack_techniques\T1059.001\atomic_red_team\windows-sysmon.log
win-dc-974.attackrange.local,{05ADC7E1-229D-6039-0B00-00000000AD01},2021-03-02 16:58:40+00:00,1,1,0,0,1,0,0,0,1,0,1,0,0,0,0,0,0,1,T1059.001,atomic_red_team,data\datasets\splunk_attack_data\datasets\attack_techniques\T1059.001\atomic_red_team\windows-sysmon.log
win-dc-974.attackrange.local,{05ADC7E1-229D-6039-0B00-00000000AD01},2021-03-02 16:58:55+00:00,10,1,0,0,0,0,0,10,0,0,0,0,0,0,10,0,0,1,T1059.001,atomic_red_team,data\datasets\splunk_attack_data\datasets\attack_techniques\T1059.001\atomic_red_team\windows-sysmon.log
win-dc-974.attackrange.local,{05ADC7E1-229F-6039-0D00-00000000AD01},2021-03-02 16:51:15+00:00,1,1,0,0,1,0,0,0,1,0,1,0,0,0,0,0,0,1,T1059.001,atomic_red_team,data\datasets\splunk_attack_data\datasets\attack_techniques\T1059.001\atomic_red_team\windows-sysmon.log
win-dc-974.attackrange.local,{05ADC7E1-229F-6039-0D00-00000000AD01},2021-03-02 16:54:45+00:00,1,1,0,0,1,0,0,0,1,0,1,0,0,0,0,0,0,1,T1059.001,atomic_red_team,data\datasets\splunk_attack_data\datasets\attack_techniques\T1059.001\atomic_red_team\windows-sysmon.log
win-dc-974.attackrange.local,{05ADC7E1-229F-6039-1100-00000000AD01},2021-03-01 22:52:50+00:00,1,1,1,1,0,1,1,0,0,0,0,0,0,0,0,1,0,1,T1059.001,atomic_red_team,data\datasets\splunk_attack_data\datasets\attack_techniques\T1059.001\atomic_red_team\windows-sysmon.log
win-dc-974.attackrange.local,{05ADC7E1-229F-6039-1100-00000000AD01},2021-03-01 22:53:50+00:00,1,1,1,1,0,1,1,0,0,0,0,0,0,0,0,1,0,1,T1059.001,atomic_red_team,data\datasets\splunk_attack_data\datasets\attack_techniques\T1059.001\atomic_red_team\windows-sysmon.log
win-dc-974.attackrange.local,{05ADC7E1-229F-6039-1100-00000000AD01},2021-03-01 22:54:50+00:00,1,1,1,1,0,1,1,0,0,0,0,0,0,0,0,1,0,1,T1059.001,atomic_red_team,data\datasets\splunk_attack_data\datasets\attack_techniques\T1059.001\atomic_red_team\windows-sysmon.log
win-dc-974.attackrange.local,{05ADC7E1-229F-6039-1100-00000000AD01},2021-03-01 22:55:50+00:00,1,1,1,1,0,1,1,0,0,0,0,0,0,0,0,1,0,1,T1059.001,atomic_red_team,data\datasets\splunk_attack_data\datasets\attack_techniques\T1059.001\atomic_red_team\windows-sysmon.log
win-dc-974.attackrange.local,{05ADC7E1-229F-6039-1100-00000000AD01},2021-03-02 16:52:10+00:00,1,1,1,1,0,1,1,0,0,0,0,0,0,0,0,1,0,1,T1059.001,atomic_red_team,data\datasets\splunk_attack_data\datasets\attack_techniques\T1059.001\atomic_red_team\windows-sysmon.log
win-dc-974.attackrange.local,{05ADC7E1-229F-6039-1100-00000000AD01},2021-03-02 16:53:10+00:00,1,1,1,1,0,1,1,0,0,0,0,0,0,0,0,1,0,1,T1059.001,atomic_red_team,data\datasets\splunk_attack_data\datasets\attack_techniques\T1059.001\atomic_red_team\windows-sysmon.log
win-dc-974.attackrange.local,{05ADC7E1-229F-6039-1100-00000000AD01},2021-03-02 16:54:10+00:00,1,1,1,1,0,1,1,0,0,0,0,0,0,0,0,1,0,1,T1059.001,atomic_red_team,data\datasets\splunk_attack_data\datasets\attack_techniques\T1059.001\atomic_red_team\windows-sysmon.log
win-dc-974.attackrange.local,{05ADC7E1-229F-6039-1100-00000000AD01},2021-03-02 16:55:10+00:00,1,1,1,1,0,1,1,0,0,0,0,0,0,0,0,1,0,1,T1059.001,atomic_red_team,data\datasets\splunk_attack_data\datasets\attack_techniques\T1059.001\atomic_red_team\windows-sysmon.log
win-dc-974.attackrange.local,{05ADC7E1-229F-6039-1100-00000000AD01},2021-03-02 16:56:10+00:00,1,1,1,1,0,1,1,0,0,0,0,0,0,0,0,1,0,1,T1059.001,atomic_red_team,data\datasets\splunk_attack_data\datasets\attack_techniques\T1059.001\atomic_red_team\windows-sysmon.log
win-dc-974.attackrange.local,{05ADC7E1-229F-6039-1100-00000000AD01},2021-03-02 16:57:10+00:00,1,1,1,1,0,1,1,0,0,0,0,0,0,0,0,1,0,1,T1059.001,atomic_red_team,data\datasets\splunk_attack_data\datasets\attack_techniques\T1059.001\atomic_red_team\windows-sysmon.log
win-dc-974.attackrange.local,{05ADC7E1-229F-6039-1100-00000000AD01},2021-03-02 16:58:10+00:00,1,1,1,1,0,1,1,0,0,0,0,0,0,0,0,1,0,1,T1059.001,atomic_red_team,data\datasets\splunk_attack_data\datasets\attack_techniques\T1059.001\atomic_red_team\windows-sysmon.log
win-dc-974.attackrange.local,{05ADC7E1-229F-6039-1100-00000000AD01},2021-03-02 16:59:10+00:00,1,1,1,1,0,1,1,0,0,0,0,0,0,0,0,1,0,1,T1059.001,atomic_red_team,data\datasets\splunk_attack_data\datasets\attack_techniques\T1059.001\atomic_red_team\windows-sysmon.log
win-dc-974.attackrange.local,{05ADC7E1-229F-6039-1200-00000000AD01},2021-03-02 16:53:40+00:00,1,1,0,0,0,0,0,1,0,0,0,0,0,0,1,0,0,1,T1059.001,atomic_red_team,data\datasets\splunk_attack_data\datasets\attack_techniques\T1059.001\atomic_red_team\windows-sysmon.log
win-dc-974.attackrange.local,{05ADC7E1-229F-6039-1200-00000000AD01},2021-03-02 16:54:35+00:00,1,1,0,0,1,0,0,0,1,0,1,0,0,0,0,0,0,1,T1059.001,atomic_red_team,data\datasets\splunk_attack_data\datasets\attack_techniques\T1059.001\atomic_red_team\windows-sysmon.log
win-dc-974.attackrange.local,{05ADC7E1-229F-6039-1200-00000000AD01},2021-03-02 16:54:45+00:00,1,1,0,0,0,0,0,1,0,0,0,0,0,0,1,0,0,1,T1059.001,atomic_red_team,data\datasets\splunk_attack_data\datasets\attack_techniques\T1059.001\atomic_red_team\windows-sysmon.log
win-dc-974.attackrange.local,{05ADC7E1-229F-6039-1400-00000000AD01},2021-03-01 22:54:15+00:00,1,1,0,0,1,0,0,0,1,0,1,0,0,0,0,0,0,1,T1059.001,atomic_red_team,data\datasets\splunk_attack_data\datasets\attack_techniques\T1059.001\atomic_red_team\windows-sysmon.log
win-dc-974.attackrange.local,{05ADC7E1-229F-6039-1400-00000000AD01},2021-03-01 22:54:30+00:00,1,1,0,0,1,0,0,0,1,0,1,0,0,0,0,0,0,1,T1059.001,atomic_red_team,data\datasets\splunk_attack_data\datasets\attack_techniques\T1059.001\atomic_red_team\windows-sysmon.log
win-dc-974.attackrange.local,{05ADC7E1-229F-6039-1400-00000000AD01},2021-03-02 16:51:15+00:00,2,1,0,0,1,0,0,0,2,0,2,0,0,0,0,0,0,1,T1059.001,atomic_red_team,data\datasets\splunk_attack_data\datasets\attack_techniques\T1059.001\atomic_red_team\windows-sysmon.log
win-dc-974.attackrange.local,{05ADC7E1-229F-6039-1400-00000000AD01},2021-03-02 16:54:20+00:00,1,1,0,0,1,0,0,0,1,0,1,0,0,0,0,0,0,1,T1059.001,atomic_red_team,data\datasets\splunk_attack_data\datasets\attack_techniques\T1059.001\atomic_red_team\windows-sysmon.log
win-dc-974.attackrange.local,{05ADC7E1-229F-6039-1600-00000000AD01},2021-03-01 22:55:45+00:00,2,1,0,0,2,0,0,0,2,0,2,0,0,0,0,0,0,1,T1059.001,atomic_red_team,data\datasets\splunk_attack_data\datasets\attack_techniques\T1059.001\atomic_red_team\windows-sysmon.log
win-dc-974.attackrange.local,{05ADC7E1-229F-6039-1600-00000000AD01},2021-03-02 16:51:15+00:00,2,1,0,0,2,0,0,0,2,0,2,0,0,0,0,0,0,1,T1059.001,atomic_red_team,data\datasets\splunk_attack_data\datasets\attack_techniques\T1059.001\atomic_red_team\windows-sysmon.log
win-dc-974.attackrange.local,{05ADC7E1-229F-6039-1600-00000000AD01},2021-03-02 16:56:15+00:00,2,1,0,0,2,0,0,0,2,0,2,0,0,0,0,0,0,1,T1059.001,atomic_red_team,data\datasets\splunk_attack_data\datasets\attack_techniques\T1059.001\atomic_red_team\windows-sysmon.log
win-dc-974.attackrange.local,{05ADC7E1-22AF-6039-2C00-00000000AD01},2021-03-02 16:54:45+00:00,3,1,0,0,1,0,0,0,3,0,3,0,0,0,0,0,0,1,T1059.001,atomic_red_team,data\datasets\splunk_attack_data\datasets\attack_techniques\T1059.001\atomic_red_team\windows-sysmon.log
win-dc-974.attackrange.local,{05ADC7E1-22AF-6039-2C00-00000000AD01},2021-03-02 16:54:55+00:00,3,1,0,0,0,0,0,3,0,0,0,0,0,0,3,0,0,1,T1059.001,atomic_red_team,data\datasets\splunk_attack_data\datasets\attack_techniques\T1059.001\atomic_red_team\windows-sysmon.log
win-dc-974.attackrange.local,{05ADC7E1-22AF-6039-2D00-00000000AD01},2021-03-01 22:52:40+00:00,4,1,0,0,3,0,0,0,4,0,4,0,0,0,0,0,0,1,T1059.001,atomic_red_team,data\datasets\splunk_attack_data\datasets\attack_techniques\T1059.001\atomic_red_team\windows-sysmon.log
win-dc-974.attackrange.local,{05ADC7E1-22AF-6039-2D00-00000000AD01},2021-03-01 22:52:45+00:00,1,1,0,0,1,0,0,0,1,0,1,0,0,0,0,0,0,1,T1059.001,atomic_red_team,data\datasets\splunk_attack_data\datasets\attack_techniques\T1059.001\atomic_red_team\windows-sysmon.log
win-dc-974.attackrange.local,{05ADC7E1-22AF-6039-2D00-00000000AD01},2021-03-01 22:52:50+00:00,1,1,0,0,1,0,0,0,1,0,1,0,0,0,0,0,0,1,T1059.001,atomic_red_team,data\datasets\splunk_attack_data\datasets\attack_techniques\T1059.001\atomic_red_team\windows-sysmon.log
win-dc-974.attackrange.local,{05ADC7E1-22AF-6039-2D00-00000000AD01},2021-03-01 22:52:55+00:00,1,1,0,0,1,0,0,0,1,0,1,0,0,0,0,0,0,1,T1059.001,atomic_red_team,data\datasets\splunk_attack_data\datasets\attack_techniques\T1059.001\atomic_red_team\windows-sysmon.log
win-dc-974.attackrange.local,{05ADC7E1-22AF-6039-2D00-00000000AD01},2021-03-01 22:53:10+00:00,2,1,0,0,2,0,0,0,2,0,2,0,0,0,0,0,0,1,T1059.001,atomic_red_team,data\datasets\splunk_attack_data\datasets\attack_techniques\T1059.001\atomic_red_team\windows-sysmon.log
win-dc-974.attackrange.local,{05ADC7E1-22AF-6039-2D00-00000000AD01},2021-03-01 22:53:25+00:00,4,1,0,0,2,0,0,0,4,0,4,0,0,0,0,0,0,1,T1059.001,atomic_red_team,data\datasets\splunk_attack_data\datasets\attack_techniques\T1059.001\atomic_red_team\windows-sysmon.log
win-dc-974.attackrange.local,{05ADC7E1-22AF-6039-2D00-00000000AD01},2021-03-01 22:53:40+00:00,2,1,0,0,2,0,0,0,2,0,2,0,0,0,0,0,0,1,T1059.001,atomic_red_team,data\datasets\splunk_attack_data\datasets\attack_techniques\T1059.001\atomic_red_team\windows-sysmon.log
win-dc-974.attackrange.local,{05ADC7E1-22AF-6039-2D00-00000000AD01},2021-03-01 22:53:55+00:00,2,1,0,0,2,0,0,0,2,0,2,0,0,0,0,0,0,1,T1059.001,atomic_red_team,data\datasets\splunk_attack_data\datasets\attack_techniques\T1059.001\atomic_red_team\windows-sysmon.log
win-dc-974.attackrange.local,{05ADC7E1-22AF-6039-2D00-00000000AD01},2021-03-01 22:54:10+00:00,2,1,0,0,2,0,0,0,2,0,2,0,0,0,0,0,0,1,T1059.001,atomic_red_team,data\datasets\splunk_attack_data\datasets\attack_techniques\T1059.001\atomic_red_team\windows-sysmon.log
win-dc-974.attackrange.local,{05ADC7E1-22AF-6039-2D00-00000000AD01},2021-03-01 22:54:15+00:00,1,1,0,0,1,0,0,0,1,0,1,0,0,0,0,0,0,1,T1059.001,atomic_red_team,data\datasets\splunk_attack_data\datasets\attack_techniques\T1059.001\atomic_red_team\windows-sysmon.log
win-dc-974.attackrange.local,{05ADC7E1-22AF-6039-2D00-00000000AD01},2021-03-01 22:54:25+00:00,2,1,0,0,2,0,0,0,2,0,2,0,0,0,0,0,0,1,T1059.001,atomic_red_team,data\datasets\splunk_attack_data\datasets\attack_techniques\T1059.001\atomic_red_team\windows-sysmon.log
win-dc-974.attackrange.local,{05ADC7E1-22AF-6039-2D00-00000000AD01},2021-03-01 22:54:40+00:00,4,1,0,0,2,0,0,0,4,0,4,0,0,0,0,0,0,1,T1059.001,atomic_red_team,data\datasets\splunk_attack_data\datasets\attack_techniques\T1059.001\atomic_red_team\windows-sysmon.log
win-dc-974.attackrange.local,{05ADC7E1-22AF-6039-2D00-00000000AD01},2021-03-01 22:54:50+00:00,2,1,0,0,2,0,0,0,2,0,2,0,0,0,0,0,0,1,T1059.001,atomic_red_team,data\datasets\splunk_attack_data\datasets\attack_techniques\T1059.001\atomic_red_team\windows-sysmon.log
win-dc-974.attackrange.local,{05ADC7E1-22AF-6039-2D00-00000000AD01},2021-03-01 22:54:55+00:00,2,1,0,0,2,0,0,0,2,0,2,0,0,0,0,0,0,1,T1059.001,atomic_red_team,data\datasets\splunk_attack_data\datasets\attack_techniques\T1059.001\atomic_red_team\windows-sysmon.log
win-dc-974.attackrange.local,{05ADC7E1-22AF-6039-2D00-00000000AD01},2021-03-01 22:55:00+00:00,1,1,0,0,1,0,0,0,1,0,1,0,0,0,0,0,0,1,T1059.001,atomic_red_team,data\datasets\splunk_attack_data\datasets\attack_techniques\T1059.001\atomic_red_team\windows-sysmon.log
win-dc-974.attackrange.local,{05ADC7E1-22AF-6039-2D00-00000000AD01},2021-03-01 22:55:05+00:00,1,1,0,0,1,0,0,0,1,0,1,0,0,0,0,0,0,1,T1059.001,atomic_red_team,data\datasets\splunk_attack_data\datasets\attack_techniques\T1059.001\atomic_red_team\windows-sysmon.log
win-dc-974.attackrange.local,{05ADC7E1-22AF-6039-2D00-00000000AD01},2021-03-01 22:55:20+00:00,2,1,0,0,2,0,0,0,2,0,2,0,0,0,0,0,0,1,T1059.001,atomic_red_team,data\datasets\splunk_attack_data\datasets\attack_techniques\T1059.001\atomic_red_team\windows-sysmon.log
win-dc-974.attackrange.local,{05ADC7E1-22AF-6039-2D00-00000000AD01},2021-03-01 22:55:30+00:00,1,1,0,0,1,0,0,0,1,0,1,0,0,0,0,0,0,1,T1059.001,atomic_red_team,data\datasets\splunk_attack_data\datasets\attack_techniques\T1059.001\atomic_red_team\windows-sysmon.log
win-dc-974.attackrange.local,{05ADC7E1-22AF-6039-2D00-00000000AD01},2021-03-01 22:55:35+00:00,2,1,0,0,2,0,0,0,2,0,2,0,0,0,0,0,0,1,T1059.001,atomic_red_team,data\datasets\splunk_attack_data\datasets\attack_techniques\T1059.001\atomic_red_team\windows-sysmon.log
win-dc-974.attackrange.local,{05ADC7E1-22AF-6039-2D00-00000000AD01},2021-03-01 22:55:45+00:00,1,1,0,0,1,0,0,0,1,0,1,0,0,0,0,0,0,1,T1059.001,atomic_red_team,data\datasets\splunk_attack_data\datasets\attack_techniques\T1059.001\atomic_red_team\windows-sysmon.log
win-dc-974.attackrange.local,{05ADC7E1-22AF-6039-2D00-00000000AD01},2021-03-02 16:51:05+00:00,1,1,0,0,1,0,0,0,1,0,1,0,0,0,0,0,0,1,T1059.001,atomic_red_team,data\datasets\splunk_attack_data\datasets\attack_techniques\T1059.001\atomic_red_team\windows-sysmon.log
win-dc-974.attackrange.local,{05ADC7E1-22AF-6039-2D00-00000000AD01},2021-03-02 16:51:15+00:00,2,1,0,0,2,0,0,0,2,0,2,0,0,0,0,0,0,1,T1059.001,atomic_red_team,data\datasets\splunk_attack_data\datasets\attack_techniques\T1059.001\atomic_red_team\windows-sysmon.log
win-dc-974.attackrange.local,{05ADC7E1-22AF-6039-2D00-00000000AD01},2021-03-02 16:51:30+00:00,1,1,0,0,1,0,0,0,1,0,1,0,0,0,0,0,0,1,T1059.001,atomic_red_team,data\datasets\splunk_attack_data\datasets\attack_techniques\T1059.001\atomic_red_team\windows-sysmon.log
win-dc-974.attackrange.local,{05ADC7E1-22AF-6039-2D00-00000000AD01},2021-03-02 16:51:45+00:00,2,1,0,0,2,0,0,0,2,0,2,0,0,0,0,0,0,1,T1059.001,atomic_red_team,data\datasets\splunk_attack_data\datasets\attack_techniques\T1059.001\atomic_red_team\windows-sysmon.log
win-dc-974.attackrange.local,{05ADC7E1-22AF-6039-2D00-00000000AD01},2021-03-02 16:51:50+00:00,1,1,0,0,1,0,0,0,1,0,1,0,0,0,0,0,0,1,T1059.001,atomic_red_team,data\datasets\splunk_attack_data\datasets\attack_techniques\T1059.001\atomic_red_team\windows-sysmon.log
win-dc-974.attackrange.local,{05ADC7E1-22AF-6039-2D00-00000000AD01},2021-03-02 16:51:55+00:00,1,1,0,0,1,0,0,0,1,0,1,0,0,0,0,0,0,1,T1059.001,atomic_red_team,data\datasets\splunk_attack_data\datasets\attack_techniques\T1059.001\atomic_red_team\windows-sysmon.log
win-dc-974.attackrange.local,{05ADC7E1-22AF-6039-2D00-00000000AD01},2021-03-02 16:52:15+00:00,2,1,0,0,2,0,0,0,2,0,2,0,0,0,0,0,0,1,T1059.001,atomic_red_team,data\datasets\splunk_attack_data\datasets\attack_techniques\T1059.001\atomic_red_team\windows-sysmon.log
win-dc-974.attackrange.local,{05ADC7E1-22AF-6039-2D00-00000000AD01},2021-03-02 16:52:20+00:00,1,1,0,0,1,0,0,0,1,0,1,0,0,0,0,0,0,1,T1059.001,atomic_red_team,data\datasets\splunk_attack_data\datasets\attack_techniques\T1059.001\atomic_red_team\windows-sysmon.log
win-dc-974.attackrange.local,{05ADC7E1-22AF-6039-2D00-00000000AD01},2021-03-02 16:52:30+00:00,3,1,0,0,3,0,0,0,3,0,3,0,0,0,0,0,0,1,T1059.001,atomic_red_team,data\datasets\splunk_attack_data\datasets\attack_techniques\T1059.001\atomic_red_team\windows-sysmon.log
win-dc-974.attackrange.local,{05ADC7E1-22AF-6039-2D00-00000000AD01},2021-03-02 16:52:35+00:00,2,1,0,0,2,0,0,0,2,0,2,0,0,0,0,0,0,1,T1059.001,atomic_red_team,data\datasets\splunk_attack_data\datasets\attack_techniques\T1059.001\atomic_red_team\windows-sysmon.log
win-dc-974.attackrange.local,{05ADC7E1-22AF-6039-2D00-00000000AD01},2021-03-02 16:52:40+00:00,1,1,0,0,1,0,0,0,1,0,1,0,0,0,0,0,0,1,T1059.001,atomic_red_team,data\datasets\splunk_attack_data\datasets\attack_techniques\T1059.001\atomic_red_team\windows-sysmon.log
win-dc-974.attackrange.local,{05ADC7E1-22AF-6039-2D00-00000000AD01},2021-03-02 16:52:45+00:00,1,1,0,0,1,0,0,0,1,0,1,0,0,0,0,0,0,1,T1059.001,atomic_red_team,data\datasets\splunk_attack_data\datasets\attack_techniques\T1059.001\atomic_red_team\windows-sysmon.log
win-dc-974.attackrange.local,{05ADC7E1-22AF-6039-2D00-00000000AD01},2021-03-02 16:52:50+00:00,1,1,0,0,1,0,0,0,1,0,1,0,0,0,0,0,0,1,T1059.001,atomic_red_team,data\datasets\splunk_attack_data\datasets\attack_techniques\T1059.001\atomic_red_team\windows-sysmon.log
win-dc-974.attackrange.local,{05ADC7E1-22AF-6039-2D00-00000000AD01},2021-03-02 16:53:05+00:00,4,1,0,0,3,0,0,0,4,0,4,0,0,0,0,0,0,1,T1059.001,atomic_red_team,data\datasets\splunk_attack_data\datasets\attack_techniques\T1059.001\atomic_red_team\windows-sysmon.log
win-dc-974.attackrange.local,{05ADC7E1-22AF-6039-2D00-00000000AD01},2021-03-02 16:53:10+00:00,1,1,0,0,1,0,0,0,1,0,1,0,0,0,0,0,0,1,T1059.001,atomic_red_team,data\datasets\splunk_attack_data\datasets\attack_techniques\T1059.001\atomic_red_team\windows-sysmon.log
win-dc-974.attackrange.local,{05ADC7E1-22AF-6039-2D00-00000000AD01},2021-03-02 16:53:15+00:00,1,1,0,0,1,0,0,0,1,0,1,0,0,0,0,0,0,1,T1059.001,atomic_red_team,data\datasets\splunk_attack_data\datasets\attack_techniques\T1059.001\atomic_red_team\windows-sysmon.log
win-dc-974.attackrange.local,{05ADC7E1-22AF-6039-2D00-00000000AD01},2021-03-02 16:53:20+00:00,1,1,0,0,1,0,0,0,1,0,1,0,0,0,0,0,0,1,T1059.001,atomic_red_team,data\datasets\splunk_attack_data\datasets\attack_techniques\T1059.001\atomic_red_team\windows-sysmon.log
win-dc-974.attackrange.local,{05ADC7E1-22AF-6039-2D00-00000000AD01},2021-03-02 16:53:25+00:00,2,1,0,0,2,0,0,0,2,0,2,0,0,0,0,0,0,1,T1059.001,atomic_red_team,data\datasets\splunk_attack_data\datasets\attack_techniques\T1059.001\atomic_red_team\windows-sysmon.log
win-dc-974.attackrange.local,{05ADC7E1-22AF-6039-2D00-00000000AD01},2021-03-02 16:53:40+00:00,3,1,0,0,2,0,0,0,3,0,3,0,0,0,0,0,0,1,T1059.001,atomic_red_team,data\datasets\splunk_attack_data\datasets\attack_techniques\T1059.001\atomic_red_team\windows-sysmon.log
win-dc-974.attackrange.local,{05ADC7E1-22AF-6039-2D00-00000000AD01},2021-03-02 16:53:45+00:00,1,1,0,0,1,0,0,0,1,0,1,0,0,0,0,0,0,1,T1059.001,atomic_red_team,data\datasets\splunk_attack_data\datasets\attack_techniques\T1059.001\atomic_red_team\windows-sysmon.log
win-dc-974.attackrange.local,{05ADC7E1-22AF-6039-2D00-00000000AD01},2021-03-02 16:53:55+00:00,4,1,0,0,2,0,0,0,4,0,4,0,0,0,0,0,0,1,T1059.001,atomic_red_team,data\datasets\splunk_attack_data\datasets\attack_techniques\T1059.001\atomic_red_team\windows-sysmon.log
win-dc-974.attackrange.local,{05ADC7E1-22AF-6039-2D00-00000000AD01},2021-03-02 16:54:30+00:00,2,1,0,0,2,0,0,0,2,0,2,0,0,0,0,0,0,1,T1059.001,atomic_red_team,data\datasets\splunk_attack_data\datasets\attack_techniques\T1059.001\atomic_red_team\windows-sysmon.log
win-dc-974.attackrange.local,{05ADC7E1-22AF-6039-2D00-00000000AD01},2021-03-02 16:54:35+00:00,1,1,0,0,1,0,0,0,1,0,1,0,0,0,0,0,0,1,T1059.001,atomic_red_team,data\datasets\splunk_attack_data\datasets\attack_techniques\T1059.001\atomic_red_team\windows-sysmon.log
win-dc-974.attackrange.local,{05ADC7E1-22AF-6039-2D00-00000000AD01},2021-03-02 16:54:40+00:00,1,1,0,0,1,0,0,0,1,0,1,0,0,0,0,0,0,1,T1059.001,atomic_red_team,data\datasets\splunk_attack_data\datasets\attack_techniques\T1059.001\atomic_red_team\windows-sysmon.log
win-dc-974.attackrange.local,{05ADC7E1-22AF-6039-2D00-00000000AD01},2021-03-02 16:54:45+00:00,1,1,0,0,1,0,0,0,1,0,1,0,0,0,0,0,0,1,T1059.001,atomic_red_team,data\datasets\splunk_attack_data\datasets\attack_techniques\T1059.001\atomic_red_team\windows-sysmon.log
win-dc-974.attackrange.local,{05ADC7E1-22AF-6039-2D00-00000000AD01},2021-03-02 16:54:50+00:00,3,1,0,0,2,0,0,0,3,0,3,0,0,0,0,0,0,1,T1059.001,atomic_red_team,data\datasets\splunk_attack_data\datasets\attack_techniques\T1059.001\atomic_red_team\windows-sysmon.log
win-dc-974.attackrange.local,{05ADC7E1-22AF-6039-2D00-00000000AD01},2021-03-02 16:55:00+00:00,1,1,0,0,1,0,0,0,1,0,1,0,0,0,0,0,0,1,T1059.001,atomic_red_team,data\datasets\splunk_attack_data\datasets\attack_techniques\T1059.001\atomic_red_team\windows-sysmon.log
win-dc-974.attackrange.local,{05ADC7E1-22AF-6039-2D00-00000000AD01},2021-03-02 16:55:05+00:00,1,1,0,0,1,0,0,0,1,0,1,0,0,0,0,0,0,1,T1059.001,atomic_red_team,data\datasets\splunk_attack_data\datasets\attack_techniques\T1059.001\atomic_red_team\windows-sysmon.log
win-dc-974.attackrange.local,{05ADC7E1-22AF-6039-2D00-00000000AD01},2021-03-02 16:55:15+00:00,2,1,0,0,2,0,0,0,2,0,2,0,0,0,0,0,0,1,T1059.001,atomic_red_team,data\datasets\splunk_attack_data\datasets\attack_techniques\T1059.001\atomic_red_team\windows-sysmon.log
win-dc-974.attackrange.local,{05ADC7E1-22AF-6039-2D00-00000000AD01},2021-03-02 16:55:20+00:00,2,1,0,0,2,0,0,0,2,0,2,0,0,0,0,0,0,1,T1059.001,atomic_red_team,data\datasets\splunk_attack_data\datasets\attack_techniques\T1059.001\atomic_red_team\windows-sysmon.log
win-dc-974.attackrange.local,{05ADC7E1-22AF-6039-2D00-00000000AD01},2021-03-02 16:55:30+00:00,2,1,0,0,2,0,0,0,2,0,2,0,0,0,0,0,0,1,T1059.001,atomic_red_team,data\datasets\splunk_attack_data\datasets\attack_techniques\T1059.001\atomic_red_team\windows-sysmon.log
win-dc-974.attackrange.local,{05ADC7E1-22AF-6039-2D00-00000000AD01},2021-03-02 16:55:45+00:00,4,1,0,0,2,0,0,0,4,0,4,0,0,0,0,0,0,1,T1059.001,atomic_red_team,data\datasets\splunk_attack_data\datasets\attack_techniques\T1059.001\atomic_red_team\windows-sysmon.log
win-dc-974.attackrange.local,{05ADC7E1-22AF-6039-2D00-00000000AD01},2021-03-02 16:56:00+00:00,5,1,0,0,2,0,0,0,5,0,5,0,0,0,0,0,0,1,T1059.001,atomic_red_team,data\datasets\splunk_attack_data\datasets\attack_techniques\T1059.001\atomic_red_team\windows-sysmon.log
win-dc-974.attackrange.local,{05ADC7E1-22AF-6039-2D00-00000000AD01},2021-03-02 16:56:10+00:00,1,1,0,0,1,0,0,0,1,0,1,0,0,0,0,0,0,1,T1059.001,atomic_red_team,data\datasets\splunk_attack_data\datasets\attack_techniques\T1059.001\atomic_red_team\windows-sysmon.log
win-dc-974.attackrange.local,{05ADC7E1-22AF-6039-2D00-00000000AD01},2021-03-02 16:56:15+00:00,3,1,0,0,2,0,0,0,3,0,3,0,0,0,0,0,0,1,T1059.001,atomic_red_team,data\datasets\splunk_attack_data\datasets\attack_techniques\T1059.001\atomic_red_team\windows-sysmon.log
win-dc-974.attackrange.local,{05ADC7E1-22AF-6039-2D00-00000000AD01},2021-03-02 16:56:30+00:00,2,1,0,0,2,0,0,0,2,0,2,0,0,0,0,0,0,1,T1059.001,atomic_red_team,data\datasets\splunk_attack_data\datasets\attack_techniques\T1059.001\atomic_red_team\windows-sysmon.log
win-dc-974.attackrange.local,{05ADC7E1-22AF-6039-2D00-00000000AD01},2021-03-02 16:56:35+00:00,2,1,0,0,2,0,0,0,2,0,2,0,0,0,0,0,0,1,T1059.001,atomic_red_team,data\datasets\splunk_attack_data\datasets\attack_techniques\T1059.001\atomic_red_team\windows-sysmon.log
win-dc-974.attackrange.local,{05ADC7E1-22AF-6039-2D00-00000000AD01},2021-03-02 16:56:45+00:00,2,1,0,0,2,0,0,0,2,0,2,0,0,0,0,0,0,1,T1059.001,atomic_red_team,data\datasets\splunk_attack_data\datasets\attack_techniques\T1059.001\atomic_red_team\windows-sysmon.log
win-dc-974.attackrange.local,{05ADC7E1-22AF-6039-2D00-00000000AD01},2021-03-02 16:56:55+00:00,2,1,0,0,2,0,0,0,2,0,2,0,0,0,0,0,0,1,T1059.001,atomic_red_team,data\datasets\splunk_attack_data\datasets\attack_techniques\T1059.001\atomic_red_team\windows-sysmon.log
win-dc-974.attackrange.local,{05ADC7E1-22AF-6039-2D00-00000000AD01},2021-03-02 16:57:05+00:00,2,1,0,0,2,0,0,0,2,0,2,0,0,0,0,0,0,1,T1059.001,atomic_red_team,data\datasets\splunk_attack_data\datasets\attack_techniques\T1059.001\atomic_red_team\windows-sysmon.log
win-dc-974.attackrange.local,{05ADC7E1-22AF-6039-2D00-00000000AD01},2021-03-02 16:57:20+00:00,3,1,0,0,2,0,0,0,3,0,3,0,0,0,0,0,0,1,T1059.001,atomic_red_team,data\datasets\splunk_attack_data\datasets\attack_techniques\T1059.001\atomic_red_team\windows-sysmon.log
win-dc-974.attackrange.local,{05ADC7E1-22AF-6039-2D00-00000000AD01},2021-03-02 16:57:25+00:00,1,1,0,0,1,0,0,0,1,0,1,0,0,0,0,0,0,1,T1059.001,atomic_red_team,data\datasets\splunk_attack_data\datasets\attack_techniques\T1059.001\atomic_red_team\windows-sysmon.log
win-dc-974.attackrange.local,{05ADC7E1-22AF-6039-2D00-00000000AD01},2021-03-02 16:57:30+00:00,4,1,0,0,2,0,0,0,4,0,4,0,0,0,0,0,0,1,T1059.001,atomic_red_team,data\datasets\splunk_attack_data\datasets\attack_techniques\T1059.001\atomic_red_team\windows-sysmon.log
win-dc-974.attackrange.local,{05ADC7E1-22AF-6039-2D00-00000000AD01},2021-03-02 16:57:35+00:00,1,1,0,0,1,0,0,0,1,0,1,0,0,0,0,0,0,1,T1059.001,atomic_red_team,data\datasets\splunk_attack_data\datasets\attack_techniques\T1059.001\atomic_red_team\windows-sysmon.log
win-dc-974.attackrange.local,{05ADC7E1-22AF-6039-2D00-00000000AD01},2021-03-02 16:57:45+00:00,4,1,0,0,2,0,0,0,4,0,4,0,0,0,0,0,0,1,T1059.001,atomic_red_team,data\datasets\splunk_attack_data\datasets\attack_techniques\T1059.001\atomic_red_team\windows-sysmon.log
win-dc-974.attackrange.local,{05ADC7E1-22AF-6039-2D00-00000000AD01},2021-03-02 16:57:55+00:00,1,1,0,0,1,0,0,0,1,0,1,0,0,0,0,0,0,1,T1059.001,atomic_red_team,data\datasets\splunk_attack_data\datasets\attack_techniques\T1059.001\atomic_red_team\windows-sysmon.log
win-dc-974.attackrange.local,{05ADC7E1-22AF-6039-2D00-00000000AD01},2021-03-02 16:58:00+00:00,1,1,0,0,1,0,0,0,1,0,1,0,0,0,0,0,0,1,T1059.001,atomic_red_team,data\datasets\splunk_attack_data\datasets\attack_techniques\T1059.001\atomic_red_team\windows-sysmon.log
win-dc-974.attackrange.local,{05ADC7E1-22AF-6039-2D00-00000000AD01},2021-03-02 16:58:15+00:00,2,1,0,0,2,0,0,0,2,0,2,0,0,0,0,0,0,1,T1059.001,atomic_red_team,data\datasets\splunk_attack_data\datasets\attack_techniques\T1059.001\atomic_red_team\windows-sysmon.log
win-dc-974.attackrange.local,{05ADC7E1-22AF-6039-2D00-00000000AD01},2021-03-02 16:58:30+00:00,2,1,0,0,2,0,0,0,2,0,2,0,0,0,0,0,0,1,T1059.001,atomic_red_team,data\datasets\splunk_attack_data\datasets\attack_techniques\T1059.001\atomic_red_team\windows-sysmon.log
win-dc-974.attackrange.local,{05ADC7E1-22AF-6039-2D00-00000000AD01},2021-03-02 16:58:40+00:00,4,1,0,0,3,0,0,0,4,0,4,0,0,0,0,0,0,1,T1059.001,atomic_red_team,data\datasets\splunk_attack_data\datasets\attack_techniques\T1059.001\atomic_red_team\windows-sysmon.log
win-dc-974.attackrange.local,{05ADC7E1-22AF-6039-2D00-00000000AD01},2021-03-02 16:58:45+00:00,1,1,0,0,1,0,0,0,1,0,1,0,0,0,0,0,0,1,T1059.001,atomic_red_team,data\datasets\splunk_attack_data\datasets\attack_techniques\T1059.001\atomic_red_team\windows-sysmon.log
win-dc-974.attackrange.local,{05ADC7E1-22AF-6039-2D00-00000000AD01},2021-03-02 16:58:55+00:00,4,1,0,0,2,0,0,0,4,0,4,0,0,0,0,0,0,1,T1059.001,atomic_red_team,data\datasets\splunk_attack_data\datasets\attack_techniques\T1059.001\atomic_red_team\windows-sysmon.log
win-dc-974.attackrange.local,{05ADC7E1-22AF-6039-2D00-00000000AD01},2021-03-02 16:59:05+00:00,1,1,0,0,1,0,0,0,1,0,1,0,0,0,0,0,0,1,T1059.001,atomic_red_team,data\datasets\splunk_attack_data\datasets\attack_techniques\T1059.001\atomic_red_team\windows-sysmon.log
win-dc-974.attackrange.local,{05ADC7E1-22AF-6039-2D00-00000000AD01},2021-03-02 16:59:10+00:00,2,1,0,0,1,0,0,0,2,0,2,0,0,0,0,0,0,1,T1059.001,atomic_red_team,data\datasets\splunk_attack_data\datasets\attack_techniques\T1059.001\atomic_red_team\windows-sysmon.log
win-dc-974.attackrange.local,{05ADC7E1-22AF-6039-2D00-00000000AD01},2021-03-02 16:59:20+00:00,2,1,0,0,2,0,0,0,2,0,2,0,0,0,0,0,0,1,T1059.001,atomic_red_team,data\datasets\splunk_attack_data\datasets\attack_techniques\T1059.001\atomic_red_team\windows-sysmon.log
win-dc-974.attackrange.local,{05ADC7E1-22AF-6039-2D00-00000000AD01},2021-03-02 16:59:25+00:00,2,1,0,0,2,0,0,0,2,0,2,0,0,0,0,0,0,1,T1059.001,atomic_red_team,data\datasets\splunk_attack_data\datasets\attack_techniques\T1059.001\atomic_red_team\windows-sysmon.log
win-dc-974.attackrange.local,{05ADC7E1-22AF-6039-2E00-00000000AD01},2021-03-01 22:53:20+00:00,1,1,0,0,1,0,0,0,1,0,1,0,0,0,0,0,0,1,T1059.001,atomic_red_team,data\datasets\splunk_attack_data\datasets\attack_techniques\T1059.001\atomic_red_team\windows-sysmon.log
win-dc-974.attackrange.local,{05ADC7E1-22AF-6039-2E00-00000000AD01},2021-03-01 22:54:20+00:00,1,1,0,0,1,0,0,0,1,0,1,0,0,0,0,0,0,1,T1059.001,atomic_red_team,data\datasets\splunk_attack_data\datasets\attack_techniques\T1059.001\atomic_red_team\windows-sysmon.log
win-dc-974.attackrange.local,{05ADC7E1-22AF-6039-2E00-00000000AD01},2021-03-01 22:55:20+00:00,1,1,0,0,1,0,0,0,1,0,1,0,0,0,0,0,0,1,T1059.001,atomic_red_team,data\datasets\splunk_attack_data\datasets\attack_techniques\T1059.001\atomic_red_team\windows-sysmon.log
win-dc-974.attackrange.local,{05ADC7E1-22AF-6039-2E00-00000000AD01},2021-03-02 16:51:40+00:00,1,1,0,0,1,0,0,0,1,0,1,0,0,0,0,0,0,1,T1059.001,atomic_red_team,data\datasets\splunk_attack_data\datasets\attack_techniques\T1059.001\atomic_red_team\windows-sysmon.log
win-dc-974.attackrange.local,{05ADC7E1-22AF-6039-2E00-00000000AD01},2021-03-02 16:52:40+00:00,1,1,0,0,1,0,0,0,1,0,1,0,0,0,0,0,0,1,T1059.001,atomic_red_team,data\datasets\splunk_attack_data\datasets\attack_techniques\T1059.001\atomic_red_team\windows-sysmon.log
win-dc-974.attackrange.local,{05ADC7E1-22AF-6039-2E00-00000000AD01},2021-03-02 16:53:40+00:00,1,1,0,0,1,0,0,0,1,0,1,0,0,0,0,0,0,1,T1059.001,atomic_red_team,data\datasets\splunk_attack_data\datasets\attack_techniques\T1059.001\atomic_red_team\windows-sysmon.log
win-dc-974.attackrange.local,{05ADC7E1-22AF-6039-2E00-00000000AD01},2021-03-02 16:54:40+00:00,1,1,0,0,1,0,0,0,1,0,1,0,0,0,0,0,0,1,T1059.001,atomic_red_team,data\datasets\splunk_attack_data\datasets\attack_techniques\T1059.001\atomic_red_team\windows-sysmon.log
win-dc-974.attackrange.local,{05ADC7E1-22AF-6039-2E00-00000000AD01},2021-03-02 16:55:40+00:00,1,1,0,0,1,0,0,0,1,0,1,0,0,0,0,0,0,1,T1059.001,atomic_red_team,data\datasets\splunk_attack_data\datasets\attack_techniques\T1059.001\atomic_red_team\windows-sysmon.log
win-dc-974.attackrange.local,{05ADC7E1-22AF-6039-2E00-00000000AD01},2021-03-02 16:56:40+00:00,1,1,0,0,1,0,0,0,1,0,1,0,0,0,0,0,0,1,T1059.001,atomic_red_team,data\datasets\splunk_attack_data\datasets\attack_techniques\T1059.001\atomic_red_team\windows-sysmon.log
win-dc-974.attackrange.local,{05ADC7E1-22AF-6039-2E00-00000000AD01},2021-03-02 16:57:40+00:00,1,1,0,0,1,0,0,0,1,0,1,0,0,0,0,0,0,1,T1059.001,atomic_red_team,data\datasets\splunk_attack_data\datasets\attack_techniques\T1059.001\atomic_red_team\windows-sysmon.log
win-dc-974.attackrange.local,{05ADC7E1-22AF-6039-2E00-00000000AD01},2021-03-02 16:58:40+00:00,1,1,0,0,1,0,0,0,1,0,1,0,0,0,0,0,0,1,T1059.001,atomic_red_team,data\datasets\splunk_attack_data\datasets\attack_techniques\T1059.001\atomic_red_team\windows-sysmon.log
win-dc-974.attackrange.local,{05ADC7E1-22AF-6039-2F00-00000000AD01},2021-03-01 22:53:25+00:00,1,1,0,0,1,0,0,0,1,0,1,0,0,0,0,0,0,1,T1059.001,atomic_red_team,data\datasets\splunk_attack_data\datasets\attack_techniques\T1059.001\atomic_red_team\windows-sysmon.log
win-dc-974.attackrange.local,{05ADC7E1-22AF-6039-2F00-00000000AD01},2021-03-02 16:56:15+00:00,1,1,0,0,1,0,0,0,1,0,1,0,0,0,0,0,0,1,T1059.001,atomic_red_team,data\datasets\splunk_attack_data\datasets\attack_techniques\T1059.001\atomic_red_team\windows-sysmon.log
win-dc-974.attackrange.local,{05ADC7E1-29F2-6039-CE05-00000000AD01},2021-03-02 16:56:30+00:00,3,1,3,0,0,3,3,0,0,0,0,0,0,0,0,3,0,1,T1059.001,atomic_red_team,data\datasets\splunk_attack_data\datasets\attack_techniques\T1059.001\atomic_red_team\windows-sysmon.log
win-dc-974.attackrange.local,{05ADC7E1-6CB1-603E-34AA-00000000AD01},2021-03-02 16:54:15+00:00,2,1,1,1,0,2,2,0,0,0,0,0,0,0,0,2,0,1,T1059.001,atomic_red_team,data\datasets\splunk_attack_data\datasets\attack_techniques\T1059.001\atomic_red_team\windows-sysmon.log
win-dc-974.attackrange.local,{05ADC7E1-6CB1-603E-34AA-00000000AD01},2021-03-02 16:56:10+00:00,11,1,7,5,0,11,11,0,0,0,0,0,6,0,0,5,0,1,T1059.001,atomic_red_team,data\datasets\splunk_attack_data\datasets\attack_techniques\T1059.001\atomic_red_team\windows-sysmon.log
win-dc-974.attackrange.local,{05ADC7E1-6CB1-603E-34AA-00000000AD01},2021-03-02 16:56:15+00:00,4,1,4,1,0,4,4,0,0,0,0,0,2,0,0,2,0,1,T1059.001,atomic_red_team,data\datasets\splunk_attack_data\datasets\attack_techniques\T1059.001\atomic_red_team\windows-sysmon.log
win-dc-974.attackrange.local,{05ADC7E1-6CB1-603E-34AA-00000000AD01},2021-03-02 16:56:20+00:00,4,1,4,1,0,4,4,0,0,0,0,0,2,0,0,2,0,1,T1059.001,atomic_red_team,data\datasets\splunk_attack_data\datasets\attack_techniques\T1059.001\atomic_red_team\windows-sysmon.log
win-dc-974.attackrange.local,{05ADC7E1-6CB1-603E-34AA-00000000AD01},2021-03-02 16:56:25+00:00,12,1,4,1,0,12,12,0,0,0,0,0,10,0,0,2,0,1,T1059.001,atomic_red_team,data\datasets\splunk_attack_data\datasets\attack_techniques\T1059.001\atomic_red_team\windows-sysmon.log
win-dc-974.attackrange.local,{05ADC7E1-6CB1-603E-34AA-00000000AD01},2021-03-02 16:58:30+00:00,3,1,3,1,0,3,3,0,0,0,0,0,2,0,0,1,0,1,T1059.001,atomic_red_team,data\datasets\splunk_attack_data\datasets\attack_techniques\T1059.001\atomic_red_team\windows-sysmon.log
win-dc-974.attackrange.local,{05ADC7E1-6D1D-603E-4EAA-00000000AD01},2021-03-02 16:51:40+00:00,5,1,3,2,0,4,4,0,0,1,0,0,1,0,0,3,0,1,T1059.001,atomic_red_team,data\datasets\splunk_attack_data\datasets\attack_techniques\T1059.001\atomic_red_team\windows-sysmon.log
win-dc-974.attackrange.local,{05ADC7E1-6D1D-603E-4FAA-00000000AD01},2021-03-02 16:51:40+00:00,5,1,3,2,0,4,4,0,0,1,0,0,1,0,0,3,0,1,T1059.001,atomic_red_team,data\datasets\splunk_attack_data\datasets\attack_techniques\T1059.001\atomic_red_team\windows-sysmon.log
win-dc-974.attackrange.local,{05ADC7E1-6D1D-603E-50AA-00000000AD01},2021-03-02 16:51:40+00:00,5,1,3,2,0,4,4,0,0,1,0,0,1,0,0,3,0,1,T1059.001,atomic_red_team,data\datasets\splunk_attack_data\datasets\attack_techniques\T1059.001\atomic_red_team\windows-sysmon.log
win-dc-974.attackrange.local,{05ADC7E1-6D1D-603E-51AA-00000000AD01},2021-03-02 16:51:40+00:00,5,1,3,2,0,4,4,0,0,1,0,0,1,0,0,3,0,1,T1059.001,atomic_red_team,data\datasets\splunk_attack_data\datasets\attack_techniques\T1059.001\atomic_red_team\windows-sysmon.log
win-dc-974.attackrange.local,{05ADC7E1-6D1E-603E-52AA-00000000AD01},2021-03-02 16:51:40+00:00,5,1,3,2,0,4,4,0,0,1,0,0,1,0,0,3,0,1,T1059.001,atomic_red_team,data\datasets\splunk_attack_data\datasets\attack_techniques\T1059.001\atomic_red_team\windows-sysmon.log
win-dc-974.attackrange.local,{05ADC7E1-6D1E-603E-53AA-00000000AD01},2021-03-02 16:51:40+00:00,5,1,3,2,0,4,4,0,0,1,0,0,1,0,0,3,0,1,T1059.001,atomic_red_team,data\datasets\splunk_attack_data\datasets\attack_techniques\T1059.001\atomic_red_team\windows-sysmon.log
win-dc-974.attackrange.local,{05ADC7E1-6D1E-603E-54AA-00000000AD01},2021-03-02 16:51:40+00:00,5,1,3,2,0,4,4,0,0,1,0,0,1,0,0,3,0,1,T1059.001,atomic_red_team,data\datasets\splunk_attack_data\datasets\attack_techniques\T1059.001\atomic_red_team\windows-sysmon.log
win-dc-974.attackrange.local,{05ADC7E1-6D2A-603E-55AA-00000000AD01},2021-03-02 16:51:50+00:00,1,1,0,0,0,0,0,0,0,1,0,0,0,0,0,0,0,1,T1059.001,atomic_red_team,data\datasets\splunk_attack_data\datasets\attack_techniques\T1059.001\atomic_red_team\windows-sysmon.log
win-dc-974.attackrange.local,{05ADC7E1-6D2B-603E-56AA-00000000AD01},2021-03-02 16:51:55+00:00,1,1,0,0,0,0,0,0,0,1,0,0,0,0,0,0,0,1,T1059.001,atomic_red_team,data\datasets\splunk_attack_data\datasets\attack_techniques\T1059.001\atomic_red_team\windows-sysmon.log
win-dc-974.attackrange.local,{05ADC7E1-6D2B-603E-57AA-00000000AD01},2021-03-02 16:51:55+00:00,1,1,0,0,0,0,0,0,0,1,0,0,0,0,0,0,0,1,T1059.001,atomic_red_team,data\datasets\splunk_attack_data\datasets\attack_techniques\T1059.001\atomic_red_team\windows-sysmon.log
win-dc-974.attackrange.local,{05ADC7E1-6D32-603E-58AA-00000000AD01},2021-03-02 16:52:00+00:00,1,1,0,0,0,0,0,0,0,1,0,0,0,0,0,0,0,1,T1059.001,atomic_red_team,data\datasets\splunk_attack_data\datasets\attack_techniques\T1059.001\atomic_red_team\windows-sysmon.log
win-dc-974.attackrange.local,{05ADC7E1-6D33-603E-59AA-00000000AD01},2021-03-02 16:52:00+00:00,1,1,0,0,0,0,0,0,0,1,0,0,0,0,0,0,0,1,T1059.001,atomic_red_team,data\datasets\splunk_attack_data\datasets\attack_techniques\T1059.001\atomic_red_team\windows-sysmon.log
win-dc-974.attackrange.local,{05ADC7E1-6D34-603E-5AAA-00000000AD01},2021-03-02 16:52:00+00:00,1,1,0,0,0,0,0,0,0,1,0,0,0,0,0,0,0,1,T1059.001,atomic_red_team,data\datasets\splunk_attack_data\datasets\attack_techniques\T1059.001\atomic_red_team\windows-sysmon.log
win-dc-974.attackrange.local,{05ADC7E1-6D34-603E-5BAA-00000000AD01},2021-03-02 16:52:00+00:00,1,1,0,0,0,0,0,0,0,1,0,0,0,0,0,0,0,1,T1059.001,atomic_red_team,data\datasets\splunk_attack_data\datasets\attack_techniques\T1059.001\atomic_red_team\windows-sysmon.log
win-dc-974.attackrange.local,{05ADC7E1-6D43-603E-5CAA-00000000AD01},2021-03-02 16:52:15+00:00,5,1,3,2,0,4,4,0,0,1,0,0,1,0,0,3,0,1,T1059.001,atomic_red_team,data\datasets\splunk_attack_data\datasets\attack_techniques\T1059.001\atomic_red_team\windows-sysmon.log
win-dc-974.attackrange.local,{05ADC7E1-6D43-603E-5DAA-00000000AD01},2021-03-02 16:52:15+00:00,5,1,3,2,0,4,4,0,0,1,0,0,1,0,0,3,0,1,T1059.001,atomic_red_team,data\datasets\splunk_attack_data\datasets\attack_techniques\T1059.001\atomic_red_team\windows-sysmon.log
win-dc-974.attackrange.local,{05ADC7E1-6D43-603E-5EAA-00000000AD01},2021-03-02 16:52:15+00:00,1,1,0,0,0,0,0,0,0,1,0,0,0,0,0,0,0,1,T1059.001,atomic_red_team,data\datasets\splunk_attack_data\datasets\attack_techniques\T1059.001\atomic_red_team\windows-sysmon.log
win-dc-974.attackrange.local,{05ADC7E1-6D43-603E-5EAA-00000000AD01},2021-03-02 16:52:20+00:00,4,1,3,2,0,4,4,0,0,0,0,0,1,0,0,3,0,1,T1059.001,atomic_red_team,data\datasets\splunk_attack_data\datasets\attack_techniques\T1059.001\atomic_red_team\windows-sysmon.log
win-dc-974.attackrange.local,{05ADC7E1-6D44-603E-5FAA-00000000AD01},2021-03-02 16:52:20+00:00,5,1,3,2,0,4,4,0,0,1,0,0,1,0,0,3,0,1,T1059.001,atomic_red_team,data\datasets\splunk_attack_data\datasets\attack_techniques\T1059.001\atomic_red_team\windows-sysmon.log
win-dc-974.attackrange.local,{05ADC7E1-6D44-603E-60AA-00000000AD01},2021-03-02 16:52:20+00:00,5,1,3,2,0,4,4,0,0,1,0,0,1,0,0,3,0,1,T1059.001,atomic_red_team,data\datasets\splunk_attack_data\datasets\attack_techniques\T1059.001\atomic_red_team\windows-sysmon.log
win-dc-974.attackrange.local,{05ADC7E1-6D44-603E-61AA-00000000AD01},2021-03-02 16:52:20+00:00,5,1,3,2,0,4,4,0,0,1,0,0,1,0,0,3,0,1,T1059.001,atomic_red_team,data\datasets\splunk_attack_data\datasets\attack_techniques\T1059.001\atomic_red_team\windows-sysmon.log
win-dc-974.attackrange.local,{05ADC7E1-6D45-603E-62AA-00000000AD01},2021-03-02 16:52:20+00:00,5,1,3,2,0,4,4,0,0,1,0,0,1,0,0,3,0,1,T1059.001,atomic_red_team,data\datasets\splunk_attack_data\datasets\attack_techniques\T1059.001\atomic_red_team\windows-sysmon.log
win-dc-974.attackrange.local,{05ADC7E1-6D45-603E-63AA-00000000AD01},2021-03-02 16:52:20+00:00,5,1,3,2,0,4,4,0,0,1,0,0,1,0,0,3,0,1,T1059.001,atomic_red_team,data\datasets\splunk_attack_data\datasets\attack_techniques\T1059.001\atomic_red_team\windows-sysmon.log
win-dc-974.attackrange.local,{05ADC7E1-6D45-603E-64AA-00000000AD01},2021-03-02 16:52:20+00:00,5,1,3,2,0,4,4,0,0,1,0,0,1,0,0,3,0,1,T1059.001,atomic_red_team,data\datasets\splunk_attack_data\datasets\attack_techniques\T1059.001\atomic_red_team\windows-sysmon.log
win-dc-974.attackrange.local,{05ADC7E1-6D46-603E-65AA-00000000AD01},2021-03-02 16:52:20+00:00,5,1,3,2,0,4,4,0,0,1,0,0,1,0,0,3,0,1,T1059.001,atomic_red_team,data\datasets\splunk_attack_data\datasets\attack_techniques\T1059.001\atomic_red_team\windows-sysmon.log
win-dc-974.attackrange.local,{05ADC7E1-6D46-603E-66AA-00000000AD01},2021-03-02 16:52:20+00:00,5,1,3,2,0,4,4,0,0,1,0,0,1,0,0,3,0,1,T1059.001,atomic_red_team,data\datasets\splunk_attack_data\datasets\attack_techniques\T1059.001\atomic_red_team\windows-sysmon.log
win-dc-974.attackrange.local,{05ADC7E1-6D46-603E-67AA-00000000AD01},2021-03-02 16:52:20+00:00,5,1,3,2,0,4,4,0,0,1,0,0,1,0,0,3,0,1,T1059.001,atomic_red_team,data\datasets\splunk_attack_data\datasets\attack_techniques\T1059.001\atomic_red_team\windows-sysmon.log
win-dc-974.attackrange.local,{05ADC7E1-6D46-603E-68AA-00000000AD01},2021-03-02 16:52:20+00:00,5,1,3,2,0,4,4,0,0,1,0,0,1,0,0,3,0,1,T1059.001,atomic_red_team,data\datasets\splunk_attack_data\datasets\attack_techniques\T1059.001\atomic_red_team\windows-sysmon.log
win-dc-974.attackrange.local,{05ADC7E1-6D47-603E-69AA-00000000AD01},2021-03-02 16:52:20+00:00,5,1,3,2,0,4,4,0,0,1,0,0,1,0,0,3,0,1,T1059.001,atomic_red_team,data\datasets\splunk_attack_data\datasets\attack_techniques\T1059.001\atomic_red_team\windows-sysmon.log
win-dc-974.attackrange.local,{05ADC7E1-6D47-603E-6AAA-00000000AD01},2021-03-02 16:52:20+00:00,5,1,3,2,0,4,4,0,0,1,0,0,1,0,0,3,0,1,T1059.001,atomic_red_team,data\datasets\splunk_attack_data\datasets\attack_techniques\T1059.001\atomic_red_team\windows-sysmon.log
win-dc-974.attackrange.local,{05ADC7E1-6D63-603E-6CAA-00000000AD01},2021-03-02 16:52:50+00:00,5,1,3,2,0,4,4,0,0,1,0,0,1,0,0,3,0,1,T1059.001,atomic_red_team,data\datasets\splunk_attack_data\datasets\attack_techniques\T1059.001\atomic_red_team\windows-sysmon.log
win-dc-974.attackrange.local,{05ADC7E1-6D63-603E-6EAA-00000000AD01},2021-03-02 16:52:50+00:00,5,1,3,2,0,4,4,0,0,1,0,0,1,0,0,3,0,1,T1059.001,atomic_red_team,data\datasets\splunk_attack_data\datasets\attack_techniques\T1059.001\atomic_red_team\windows-sysmon.log
win-dc-974.attackrange.local,{05ADC7E1-6D63-603E-70AA-00000000AD01},2021-03-02 16:52:50+00:00,5,1,3,2,0,4,4,0,0,1,0,0,1,0,0,3,0,1,T1059.001,atomic_red_team,data\datasets\splunk_attack_data\datasets\attack_techniques\T1059.001\atomic_red_team\windows-sysmon.log
win-dc-974.attackrange.local,{05ADC7E1-6D63-603E-72AA-00000000AD01},2021-03-02 16:52:50+00:00,5,1,3,2,0,4,4,0,0,1,0,0,1,0,0,3,0,1,T1059.001,atomic_red_team,data\datasets\splunk_attack_data\datasets\attack_techniques\T1059.001\atomic_red_team\windows-sysmon.log
win-dc-974.attackrange.local,{05ADC7E1-6D64-603E-74AA-00000000AD01},2021-03-02 16:52:50+00:00,5,1,3,2,0,4,4,0,0,1,0,0,1,0,0,3,0,1,T1059.001,atomic_red_team,data\datasets\splunk_attack_data\datasets\attack_techniques\T1059.001\atomic_red_team\windows-sysmon.log
win-dc-974.attackrange.local,{05ADC7E1-6D64-603E-76AA-00000000AD01},2021-03-02 16:52:50+00:00,5,1,3,2,0,4,4,0,0,1,0,0,1,0,0,3,0,1,T1059.001,atomic_red_team,data\datasets\splunk_attack_data\datasets\attack_techniques\T1059.001\atomic_red_team\windows-sysmon.log
win-dc-974.attackrange.local,{05ADC7E1-6D64-603E-78AA-00000000AD01},2021-03-02 16:52:50+00:00,5,1,3,2,0,4,4,0,0,1,0,0,1,0,0,3,0,1,T1059.001,atomic_red_team,data\datasets\splunk_attack_data\datasets\attack_techniques\T1059.001\atomic_red_team\windows-sysmon.log
win-dc-974.attackrange.local,{05ADC7E1-6D64-603E-7AAA-00000000AD01},2021-03-02 16:52:50+00:00,5,1,3,2,0,4,4,0,0,1,0,0,1,0,0,3,0,1,T1059.001,atomic_red_team,data\datasets\splunk_attack_data\datasets\attack_techniques\T1059.001\atomic_red_team\windows-sysmon.log
win-dc-974.attackrange.local,{05ADC7E1-6D64-603E-7CAA-00000000AD01},2021-03-02 16:52:50+00:00,5,1,3,2,0,4,4,0,0,1,0,0,1,0,0,3,0,1,T1059.001,atomic_red_team,data\datasets\splunk_attack_data\datasets\attack_techniques\T1059.001\atomic_red_team\windows-sysmon.log
win-dc-974.attackrange.local,{05ADC7E1-6D64-603E-7EAA-00000000AD01},2021-03-02 16:52:50+00:00,5,1,3,2,0,4,4,0,0,1,0,0,1,0,0,3,0,1,T1059.001,atomic_red_team,data\datasets\splunk_attack_data\datasets\attack_techniques\T1059.001\atomic_red_team\windows-sysmon.log
win-dc-974.attackrange.local,{05ADC7E1-6D64-603E-80AA-00000000AD01},2021-03-02 16:52:50+00:00,5,1,3,2,0,4,4,0,0,1,0,0,1,0,0,3,0,1,T1059.001,atomic_red_team,data\datasets\splunk_attack_data\datasets\attack_techniques\T1059.001\atomic_red_team\windows-sysmon.log
win-dc-974.attackrange.local,{05ADC7E1-6D64-603E-82AA-00000000AD01},2021-03-02 16:52:50+00:00,5,1,3,2,0,4,4,0,0,1,0,0,1,0,0,3,0,1,T1059.001,atomic_red_team,data\datasets\splunk_attack_data\datasets\attack_techniques\T1059.001\atomic_red_team\windows-sysmon.log
win-dc-974.attackrange.local,{05ADC7E1-6D64-603E-84AA-00000000AD01},2021-03-02 16:52:50+00:00,5,1,3,2,0,4,4,0,0,1,0,0,1,0,0,3,0,1,T1059.001,atomic_red_team,data\datasets\splunk_attack_data\datasets\attack_techniques\T1059.001\atomic_red_team\windows-sysmon.log
win-dc-974.attackrange.local,{05ADC7E1-6D65-603E-86AA-00000000AD01},2021-03-02 16:52:50+00:00,5,1,3,2,0,4,4,0,0,1,0,0,1,0,0,3,0,1,T1059.001,atomic_red_team,data\datasets\splunk_attack_data\datasets\attack_techniques\T1059.001\atomic_red_team\windows-sysmon.log
win-dc-974.attackrange.local,{05ADC7E1-6D65-603E-88AA-00000000AD01},2021-03-02 16:52:50+00:00,5,1,3,2,0,4,4,0,0,1,0,0,1,0,0,3,0,1,T1059.001,atomic_red_team,data\datasets\splunk_attack_data\datasets\attack_techniques\T1059.001\atomic_red_team\windows-sysmon.log
win-dc-974.attackrange.local,{05ADC7E1-6D66-603E-8AAA-00000000AD01},2021-03-02 16:52:50+00:00,1,1,0,0,0,0,0,0,0,1,0,0,0,0,0,0,0,1,T1059.001,atomic_red_team,data\datasets\splunk_attack_data\datasets\attack_techniques\T1059.001\atomic_red_team\windows-sysmon.log
win-dc-974.attackrange.local,{05ADC7E1-6D67-603E-8BAA-00000000AD01},2021-03-02 16:52:55+00:00,1,1,0,0,0,0,0,0,0,1,0,0,0,0,0,0,0,1,T1059.001,atomic_red_team,data\datasets\splunk_attack_data\datasets\attack_techniques\T1059.001\atomic_red_team\windows-sysmon.log
win-dc-974.attackrange.local,{05ADC7E1-6D67-603E-8CAA-00000000AD01},2021-03-02 16:52:55+00:00,1,1,0,0,0,0,0,0,0,1,0,0,0,0,0,0,0,1,T1059.001,atomic_red_team,data\datasets\splunk_attack_data\datasets\attack_techniques\T1059.001\atomic_red_team\windows-sysmon.log
win-dc-974.attackrange.local,{05ADC7E1-6D6E-603E-8DAA-00000000AD01},2021-03-02 16:53:00+00:00,1,1,0,0,0,0,0,0,0,1,0,0,0,0,0,0,0,1,T1059.001,atomic_red_team,data\datasets\splunk_attack_data\datasets\attack_techniques\T1059.001\atomic_red_team\windows-sysmon.log
win-dc-974.attackrange.local,{05ADC7E1-6D6F-603E-8EAA-00000000AD01},2021-03-02 16:53:00+00:00,1,1,0,0,0,0,0,0,0,1,0,0,0,0,0,0,0,1,T1059.001,atomic_red_team,data\datasets\splunk_attack_data\datasets\attack_techniques\T1059.001\atomic_red_team\windows-sysmon.log
win-dc-974.attackrange.local,{05ADC7E1-6D70-603E-8FAA-00000000AD01},2021-03-02 16:53:00+00:00,1,1,0,0,0,0,0,0,0,1,0,0,0,0,0,0,0,1,T1059.001,atomic_red_team,data\datasets\splunk_attack_data\datasets\attack_techniques\T1059.001\atomic_red_team\windows-sysmon.log
win-dc-974.attackrange.local,{05ADC7E1-6D70-603E-90AA-00000000AD01},2021-03-02 16:53:00+00:00,1,1,0,0,0,0,0,0,0,1,0,0,0,0,0,0,0,1,T1059.001,atomic_red_team,data\datasets\splunk_attack_data\datasets\attack_techniques\T1059.001\atomic_red_team\windows-sysmon.log
win-dc-974.attackrange.local,{05ADC7E1-6D97-603E-91AA-00000000AD01},2021-03-02 16:53:40+00:00,5,1,3,2,0,4,4,0,0,1,0,0,1,0,0,3,0,1,T1059.001,atomic_red_team,data\datasets\splunk_attack_data\datasets\attack_techniques\T1059.001\atomic_red_team\windows-sysmon.log
win-dc-974.attackrange.local,{05ADC7E1-6D98-603E-93AA-00000000AD01},2021-03-02 16:53:40+00:00,5,1,3,2,0,4,4,0,0,1,0,0,1,0,0,3,0,1,T1059.001,atomic_red_team,data\datasets\splunk_attack_data\datasets\attack_techniques\T1059.001\atomic_red_team\windows-sysmon.log
win-dc-974.attackrange.local,{05ADC7E1-6D98-603E-95AA-00000000AD01},2021-03-02 16:53:40+00:00,5,1,3,2,0,4,4,0,0,1,0,0,1,0,0,3,0,1,T1059.001,atomic_red_team,data\datasets\splunk_attack_data\datasets\attack_techniques\T1059.001\atomic_red_team\windows-sysmon.log
win-dc-974.attackrange.local,{05ADC7E1-6D98-603E-97AA-00000000AD01},2021-03-02 16:53:40+00:00,5,1,3,2,0,4,4,0,0,1,0,0,1,0,0,3,0,1,T1059.001,atomic_red_team,data\datasets\splunk_attack_data\datasets\attack_techniques\T1059.001\atomic_red_team\windows-sysmon.log
win-dc-974.attackrange.local,{05ADC7E1-6D98-603E-99AA-00000000AD01},2021-03-02 16:53:40+00:00,5,1,3,2,0,4,4,0,0,1,0,0,1,0,0,3,0,1,T1059.001,atomic_red_team,data\datasets\splunk_attack_data\datasets\attack_techniques\T1059.001\atomic_red_team\windows-sysmon.log
win-dc-974.attackrange.local,{05ADC7E1-6D98-603E-9BAA-00000000AD01},2021-03-02 16:53:40+00:00,5,1,3,2,0,4,4,0,0,1,0,0,1,0,0,3,0,1,T1059.001,atomic_red_team,data\datasets\splunk_attack_data\datasets\attack_techniques\T1059.001\atomic_red_team\windows-sysmon.log
win-dc-974.attackrange.local,{05ADC7E1-6D98-603E-9DAA-00000000AD01},2021-03-02 16:53:40+00:00,5,1,3,2,0,4,4,0,0,1,0,0,1,0,0,3,0,1,T1059.001,atomic_red_team,data\datasets\splunk_attack_data\datasets\attack_techniques\T1059.001\atomic_red_team\windows-sysmon.log
win-dc-974.attackrange.local,{05ADC7E1-6D98-603E-9FAA-00000000AD01},2021-03-02 16:53:40+00:00,4,1,2,2,0,3,3,0,0,1,0,0,1,0,0,2,0,1,T1059.001,atomic_red_team,data\datasets\splunk_attack_data\datasets\attack_techniques\T1059.001\atomic_red_team\windows-sysmon.log
win-dc-974.attackrange.local,{05ADC7E1-6D98-603E-9FAA-00000000AD01},2021-03-02 16:53:45+00:00,1,1,1,0,0,1,1,0,0,0,0,0,0,0,0,1,0,1,T1059.001,atomic_red_team,data\datasets\splunk_attack_data\datasets\attack_techniques\T1059.001\atomic_red_team\windows-sysmon.log
win-dc-974.attackrange.local,{05ADC7E1-6D98-603E-A1AA-00000000AD01},2021-03-02 16:53:40+00:00,4,1,2,2,0,3,3,0,0,1,0,0,1,0,0,2,0,1,T1059.001,atomic_red_team,data\datasets\splunk_attack_data\datasets\attack_techniques\T1059.001\atomic_red_team\windows-sysmon.log
win-dc-974.attackrange.local,{05ADC7E1-6D98-603E-A1AA-00000000AD01},2021-03-02 16:53:45+00:00,1,1,1,0,0,1,1,0,0,0,0,0,0,0,0,1,0,1,T1059.001,atomic_red_team,data\datasets\splunk_attack_data\datasets\attack_techniques\T1059.001\atomic_red_team\windows-sysmon.log
win-dc-974.attackrange.local,{05ADC7E1-6D98-603E-A3AA-00000000AD01},2021-03-02 16:53:40+00:00,2,1,1,1,0,1,1,0,0,1,0,0,1,0,0,0,0,1,T1059.001,atomic_red_team,data\datasets\splunk_attack_data\datasets\attack_techniques\T1059.001\atomic_red_team\windows-sysmon.log
win-dc-974.attackrange.local,{05ADC7E1-6D98-603E-A3AA-00000000AD01},2021-03-02 16:53:45+00:00,3,1,3,2,0,3,3,0,0,0,0,0,0,0,0,3,0,1,T1059.001,atomic_red_team,data\datasets\splunk_attack_data\datasets\attack_techniques\T1059.001\atomic_red_team\windows-sysmon.log
win-dc-974.attackrange.local,{05ADC7E1-6D98-603E-A5AA-00000000AD01},2021-03-02 16:53:40+00:00,1,1,0,0,0,0,0,0,0,1,0,0,0,0,0,0,0,1,T1059.001,atomic_red_team,data\datasets\splunk_attack_data\datasets\attack_techniques\T1059.001\atomic_red_team\windows-sysmon.log
win-dc-974.attackrange.local,{05ADC7E1-6D98-603E-A5AA-00000000AD01},2021-03-02 16:53:45+00:00,4,1,3,2,0,4,4,0,0,0,0,0,1,0,0,3,0,1,T1059.001,atomic_red_team,data\datasets\splunk_attack_data\datasets\attack_techniques\T1059.001\atomic_red_team\windows-sysmon.log
win-dc-974.attackrange.local,{05ADC7E1-6D99-603E-A7AA-00000000AD01},2021-03-02 16:53:45+00:00,5,1,3,2,0,4,4,0,0,1,0,0,1,0,0,3,0,1,T1059.001,atomic_red_team,data\datasets\splunk_attack_data\datasets\attack_techniques\T1059.001\atomic_red_team\windows-sysmon.log
win-dc-974.attackrange.local,{05ADC7E1-6D99-603E-A9AA-00000000AD01},2021-03-02 16:53:45+00:00,5,1,3,2,0,4,4,0,0,1,0,0,1,0,0,3,0,1,T1059.001,atomic_red_team,data\datasets\splunk_attack_data\datasets\attack_techniques\T1059.001\atomic_red_team\windows-sysmon.log
win-dc-974.attackrange.local,{05ADC7E1-6D99-603E-ABAA-00000000AD01},2021-03-02 16:53:45+00:00,5,1,3,2,0,4,4,0,0,1,0,0,1,0,0,3,0,1,T1059.001,atomic_red_team,data\datasets\splunk_attack_data\datasets\attack_techniques\T1059.001\atomic_red_team\windows-sysmon.log
win-dc-974.attackrange.local,{05ADC7E1-6D99-603E-ADAA-00000000AD01},2021-03-02 16:53:45+00:00,5,1,3,2,0,4,4,0,0,1,0,0,1,0,0,3,0,1,T1059.001,atomic_red_team,data\datasets\splunk_attack_data\datasets\attack_techniques\T1059.001\atomic_red_team\windows-sysmon.log
win-dc-974.attackrange.local,{05ADC7E1-6DA2-603E-AFAA-00000000AD01},2021-03-02 16:53:50+00:00,1,1,0,0,0,0,0,0,0,1,0,0,0,0,0,0,0,1,T1059.001,atomic_red_team,data\datasets\splunk_attack_data\datasets\attack_techniques\T1059.001\atomic_red_team\windows-sysmon.log
win-dc-974.attackrange.local,{05ADC7E1-6DA3-603E-B0AA-00000000AD01},2021-03-02 16:53:55+00:00,1,1,0,0,0,0,0,0,0,1,0,0,0,0,0,0,0,1,T1059.001,atomic_red_team,data\datasets\splunk_attack_data\datasets\attack_techniques\T1059.001\atomic_red_team\windows-sysmon.log
win-dc-974.attackrange.local,{05ADC7E1-6DA4-603E-B1AA-00000000AD01},2021-03-02 16:53:55+00:00,1,1,0,0,0,0,0,0,0,1,0,0,0,0,0,0,0,1,T1059.001,atomic_red_team,data\datasets\splunk_attack_data\datasets\attack_techniques\T1059.001\atomic_red_team\windows-sysmon.log
win-dc-974.attackrange.local,{05ADC7E1-6DAA-603E-B2AA-00000000AD01},2021-03-02 16:54:00+00:00,5,1,3,2,0,4,4,0,0,1,0,0,1,0,0,3,0,1,T1059.001,atomic_red_team,data\datasets\splunk_attack_data\datasets\attack_techniques\T1059.001\atomic_red_team\windows-sysmon.log
win-dc-974.attackrange.local,{05ADC7E1-6DAB-603E-B4AA-00000000AD01},2021-03-02 16:54:00+00:00,1,1,0,0,0,0,0,0,0,1,0,0,0,0,0,0,0,1,T1059.001,atomic_red_team,data\datasets\splunk_attack_data\datasets\attack_techniques\T1059.001\atomic_red_team\windows-sysmon.log
win-dc-974.attackrange.local,{05ADC7E1-6DAB-603E-B5AA-00000000AD01},2021-03-02 16:54:00+00:00,5,1,3,2,0,4,4,0,0,1,0,0,1,0,0,3,0,1,T1059.001,atomic_red_team,data\datasets\splunk_attack_data\datasets\attack_techniques\T1059.001\atomic_red_team\windows-sysmon.log
win-dc-974.attackrange.local,{05ADC7E1-6DAB-603E-B7AA-00000000AD01},2021-03-02 16:54:00+00:00,5,1,3,2,0,4,4,0,0,1,0,0,1,0,0,3,0,1,T1059.001,atomic_red_team,data\datasets\splunk_attack_data\datasets\attack_techniques\T1059.001\atomic_red_team\windows-sysmon.log
win-dc-974.attackrange.local,{05ADC7E1-6DAB-603E-B9AA-00000000AD01},2021-03-02 16:54:00+00:00,5,1,3,2,0,4,4,0,0,1,0,0,1,0,0,3,0,1,T1059.001,atomic_red_team,data\datasets\splunk_attack_data\datasets\attack_techniques\T1059.001\atomic_red_team\windows-sysmon.log
win-dc-974.attackrange.local,{05ADC7E1-6DAB-603E-BBAA-00000000AD01},2021-03-02 16:54:00+00:00,5,1,3,2,0,4,4,0,0,1,0,0,1,0,0,3,0,1,T1059.001,atomic_red_team,data\datasets\splunk_attack_data\datasets\attack_techniques\T1059.001\atomic_red_team\windows-sysmon.log
win-dc-974.attackrange.local,{05ADC7E1-6DAB-603E-BDAA-00000000AD01},2021-03-02 16:54:00+00:00,5,1,3,2,0,4,4,0,0,1,0,0,1,0,0,3,0,1,T1059.001,atomic_red_team,data\datasets\splunk_attack_data\datasets\attack_techniques\T1059.001\atomic_red_team\windows-sysmon.log
win-dc-974.attackrange.local,{05ADC7E1-6DAB-603E-BFAA-00000000AD01},2021-03-02 16:54:00+00:00,1,1,0,0,0,0,0,0,0,1,0,0,0,0,0,0,0,1,T1059.001,atomic_red_team,data\datasets\splunk_attack_data\datasets\attack_techniques\T1059.001\atomic_red_team\windows-sysmon.log
win-dc-974.attackrange.local,{05ADC7E1-6DAB-603E-C0AA-00000000AD01},2021-03-02 16:54:00+00:00,5,1,3,2,0,4,4,0,0,1,0,0,1,0,0,3,0,1,T1059.001,atomic_red_team,data\datasets\splunk_attack_data\datasets\attack_techniques\T1059.001\atomic_red_team\windows-sysmon.log
win-dc-974.attackrange.local,{05ADC7E1-6DAC-603E-C2AA-00000000AD01},2021-03-02 16:54:00+00:00,1,1,0,0,0,0,0,0,0,1,0,0,0,0,0,0,0,1,T1059.001,atomic_red_team,data\datasets\splunk_attack_data\datasets\attack_techniques\T1059.001\atomic_red_team\windows-sysmon.log
win-dc-974.attackrange.local,{05ADC7E1-6DAC-603E-C3AA-00000000AD01},2021-03-02 16:54:00+00:00,1,1,0,0,0,0,0,0,0,1,0,0,0,0,0,0,0,1,T1059.001,atomic_red_team,data\datasets\splunk_attack_data\datasets\attack_techniques\T1059.001\atomic_red_team\windows-sysmon.log
win-dc-974.attackrange.local,{05ADC7E1-6DB7-603E-C4AA-00000000AD01},2021-03-02 16:54:15+00:00,5,1,3,2,0,4,4,0,0,1,0,0,1,0,0,3,0,1,T1059.001,atomic_red_team,data\datasets\splunk_attack_data\datasets\attack_techniques\T1059.001\atomic_red_team\windows-sysmon.log
win-dc-974.attackrange.local,{05ADC7E1-6DD2-603E-C6AA-00000000AD01},2021-03-02 16:54:40+00:00,5,1,3,2,0,4,4,0,0,1,0,0,1,0,0,3,0,1,T1059.001,atomic_red_team,data\datasets\splunk_attack_data\datasets\attack_techniques\T1059.001\atomic_red_team\windows-sysmon.log
win-dc-974.attackrange.local,{05ADC7E1-6DD2-603E-C8AA-00000000AD01},2021-03-02 16:54:40+00:00,5,1,3,2,0,4,4,0,0,1,0,0,1,0,0,3,0,1,T1059.001,atomic_red_team,data\datasets\splunk_attack_data\datasets\attack_techniques\T1059.001\atomic_red_team\windows-sysmon.log
win-dc-974.attackrange.local,{05ADC7E1-6DD2-603E-CAAA-00000000AD01},2021-03-02 16:54:40+00:00,5,1,3,2,0,4,4,0,0,1,0,0,1,0,0,3,0,1,T1059.001,atomic_red_team,data\datasets\splunk_attack_data\datasets\attack_techniques\T1059.001\atomic_red_team\windows-sysmon.log
win-dc-974.attackrange.local,{05ADC7E1-6DD2-603E-CCAA-00000000AD01},2021-03-02 16:54:40+00:00,5,1,3,2,0,4,4,0,0,1,0,0,1,0,0,3,0,1,T1059.001,atomic_red_team,data\datasets\splunk_attack_data\datasets\attack_techniques\T1059.001\atomic_red_team\windows-sysmon.log
win-dc-974.attackrange.local,{05ADC7E1-6DD2-603E-CEAA-00000000AD01},2021-03-02 16:54:40+00:00,5,1,3,2,0,4,4,0,0,1,0,0,1,0,0,3,0,1,T1059.001,atomic_red_team,data\datasets\splunk_attack_data\datasets\attack_techniques\T1059.001\atomic_red_team\windows-sysmon.log
win-dc-974.attackrange.local,{05ADC7E1-6DD2-603E-D0AA-00000000AD01},2021-03-02 16:54:40+00:00,5,1,3,2,0,4,4,0,0,1,0,0,1,0,0,3,0,1,T1059.001,atomic_red_team,data\datasets\splunk_attack_data\datasets\attack_techniques\T1059.001\atomic_red_team\windows-sysmon.log
win-dc-974.attackrange.local,{05ADC7E1-6DD2-603E-D2AA-00000000AD01},2021-03-02 16:54:40+00:00,5,1,3,2,0,4,4,0,0,1,0,0,1,0,0,3,0,1,T1059.001,atomic_red_team,data\datasets\splunk_attack_data\datasets\attack_techniques\T1059.001\atomic_red_team\windows-sysmon.log
win-dc-974.attackrange.local,{05ADC7E1-6DD2-603E-D4AA-00000000AD01},2021-03-02 16:54:40+00:00,5,1,3,2,0,4,4,0,0,1,0,0,1,0,0,3,0,1,T1059.001,atomic_red_team,data\datasets\splunk_attack_data\datasets\attack_techniques\T1059.001\atomic_red_team\windows-sysmon.log
win-dc-974.attackrange.local,{05ADC7E1-6DD3-603E-D6AA-00000000AD01},2021-03-02 16:54:40+00:00,5,1,3,2,0,4,4,0,0,1,0,0,1,0,0,3,0,1,T1059.001,atomic_red_team,data\datasets\splunk_attack_data\datasets\attack_techniques\T1059.001\atomic_red_team\windows-sysmon.log
win-dc-974.attackrange.local,{05ADC7E1-6DD3-603E-D8AA-00000000AD01},2021-03-02 16:54:40+00:00,5,1,3,2,0,4,4,0,0,1,0,0,1,0,0,3,0,1,T1059.001,atomic_red_team,data\datasets\splunk_attack_data\datasets\attack_techniques\T1059.001\atomic_red_team\windows-sysmon.log
win-dc-974.attackrange.local,{05ADC7E1-6DD3-603E-DAAA-00000000AD01},2021-03-02 16:54:40+00:00,5,1,3,2,0,4,4,0,0,1,0,0,1,0,0,3,0,1,T1059.001,atomic_red_team,data\datasets\splunk_attack_data\datasets\attack_techniques\T1059.001\atomic_red_team\windows-sysmon.log
win-dc-974.attackrange.local,{05ADC7E1-6DD3-603E-DCAA-00000000AD01},2021-03-02 16:54:40+00:00,5,1,3,2,0,4,4,0,0,1,0,0,1,0,0,3,0,1,T1059.001,atomic_red_team,data\datasets\splunk_attack_data\datasets\attack_techniques\T1059.001\atomic_red_team\windows-sysmon.log
win-dc-974.attackrange.local,{05ADC7E1-6DD3-603E-DEAA-00000000AD01},2021-03-02 16:54:40+00:00,5,1,3,2,0,4,4,0,0,1,0,0,1,0,0,3,0,1,T1059.001,atomic_red_team,data\datasets\splunk_attack_data\datasets\attack_techniques\T1059.001\atomic_red_team\windows-sysmon.log
win-dc-974.attackrange.local,{05ADC7E1-6DD3-603E-E0AA-00000000AD01},2021-03-02 16:54:40+00:00,5,1,3,2,0,4,4,0,0,1,0,0,1,0,0,3,0,1,T1059.001,atomic_red_team,data\datasets\splunk_attack_data\datasets\attack_techniques\T1059.001\atomic_red_team\windows-sysmon.log
win-dc-974.attackrange.local,{05ADC7E1-6DD3-603E-E2AA-00000000AD01},2021-03-02 16:54:40+00:00,5,1,3,2,0,4,4,0,0,1,0,0,1,0,0,3,0,1,T1059.001,atomic_red_team,data\datasets\splunk_attack_data\datasets\attack_techniques\T1059.001\atomic_red_team\windows-sysmon.log
win-dc-974.attackrange.local,{05ADC7E1-6DDE-603E-E4AA-00000000AD01},2021-03-02 16:54:50+00:00,1,1,0,0,0,0,0,0,0,1,0,0,0,0,0,0,0,1,T1059.001,atomic_red_team,data\datasets\splunk_attack_data\datasets\attack_techniques\T1059.001\atomic_red_team\windows-sysmon.log
win-dc-974.attackrange.local,{05ADC7E1-6DDF-603E-E5AA-00000000AD01},2021-03-02 16:54:55+00:00,1,1,0,0,0,0,0,0,0,1,0,0,0,0,0,0,0,1,T1059.001,atomic_red_team,data\datasets\splunk_attack_data\datasets\attack_techniques\T1059.001\atomic_red_team\windows-sysmon.log
win-dc-974.attackrange.local,{05ADC7E1-6DDF-603E-E6AA-00000000AD01},2021-03-02 16:54:55+00:00,1,1,0,0,0,0,0,0,0,1,0,0,0,0,0,0,0,1,T1059.001,atomic_red_team,data\datasets\splunk_attack_data\datasets\attack_techniques\T1059.001\atomic_red_team\windows-sysmon.log
win-dc-974.attackrange.local,{05ADC7E1-6DE7-603E-E7AA-00000000AD01},2021-03-02 16:55:00+00:00,1,1,0,0,0,0,0,0,0,1,0,0,0,0,0,0,0,1,T1059.001,atomic_red_team,data\datasets\splunk_attack_data\datasets\attack_techniques\T1059.001\atomic_red_team\windows-sysmon.log
win-dc-974.attackrange.local,{05ADC7E1-6DE7-603E-E8AA-00000000AD01},2021-03-02 16:55:00+00:00,1,1,0,0,0,0,0,0,0,1,0,0,0,0,0,0,0,1,T1059.001,atomic_red_team,data\datasets\splunk_attack_data\datasets\attack_techniques\T1059.001\atomic_red_team\windows-sysmon.log
win-dc-974.attackrange.local,{05ADC7E1-6DE8-603E-E9AA-00000000AD01},2021-03-02 16:55:00+00:00,1,1,0,0,0,0,0,0,0,1,0,0,0,0,0,0,0,1,T1059.001,atomic_red_team,data\datasets\splunk_attack_data\datasets\attack_techniques\T1059.001\atomic_red_team\windows-sysmon.log
win-dc-974.attackrange.local,{05ADC7E1-6DE8-603E-EAAA-00000000AD01},2021-03-02 16:55:00+00:00,1,1,0,0,0,0,0,0,0,1,0,0,0,0,0,0,0,1,T1059.001,atomic_red_team,data\datasets\splunk_attack_data\datasets\attack_techniques\T1059.001\atomic_red_team\windows-sysmon.log
win-dc-974.attackrange.local,{05ADC7E1-6E1A-603E-EBAA-00000000AD01},2021-03-02 16:55:50+00:00,1,1,0,0,0,0,0,0,0,1,0,0,0,0,0,0,0,1,T1059.001,atomic_red_team,data\datasets\splunk_attack_data\datasets\attack_techniques\T1059.001\atomic_red_team\windows-sysmon.log
win-dc-974.attackrange.local,{05ADC7E1-6E1A-603E-ECAA-00000000AD01},2021-03-02 16:55:50+00:00,1,1,0,0,0,0,0,0,0,1,0,0,0,0,0,0,0,1,T1059.001,atomic_red_team,data\datasets\splunk_attack_data\datasets\attack_techniques\T1059.001\atomic_red_team\windows-sysmon.log
win-dc-974.attackrange.local,{05ADC7E1-6E1B-603E-EDAA-00000000AD01},2021-03-02 16:55:55+00:00,1,1,0,0,0,0,0,0,0,1,0,0,0,0,0,0,0,1,T1059.001,atomic_red_team,data\datasets\splunk_attack_data\datasets\attack_techniques\T1059.001\atomic_red_team\windows-sysmon.log
win-dc-974.attackrange.local,{05ADC7E1-6E22-603E-EEAA-00000000AD01},2021-03-02 16:56:00+00:00,1,1,0,0,0,0,0,0,0,1,0,0,0,0,0,0,0,1,T1059.001,atomic_red_team,data\datasets\splunk_attack_data\datasets\attack_techniques\T1059.001\atomic_red_team\windows-sysmon.log
win-dc-974.attackrange.local,{05ADC7E1-6E23-603E-EFAA-00000000AD01},2021-03-02 16:56:00+00:00,1,1,0,0,0,0,0,0,0,1,0,0,0,0,0,0,0,1,T1059.001,atomic_red_team,data\datasets\splunk_attack_data\datasets\attack_techniques\T1059.001\atomic_red_team\windows-sysmon.log
win-dc-974.attackrange.local,{05ADC7E1-6E24-603E-F0AA-00000000AD01},2021-03-02 16:56:00+00:00,1,1,0,0,0,0,0,0,0,1,0,0,0,0,0,0,0,1,T1059.001,atomic_red_team,data\datasets\splunk_attack_data\datasets\attack_techniques\T1059.001\atomic_red_team\windows-sysmon.log
win-dc-974.attackrange.local,{05ADC7E1-6E24-603E-F1AA-00000000AD01},2021-03-02 16:56:00+00:00,1,1,0,0,0,0,0,0,0,1,0,0,0,0,0,0,0,1,T1059.001,atomic_red_team,data\datasets\splunk_attack_data\datasets\attack_techniques\T1059.001\atomic_red_team\windows-sysmon.log
win-dc-974.attackrange.local,{05ADC7E1-6E2A-603E-F2AA-00000000AD01},2021-03-02 16:56:10+00:00,1,1,0,0,0,0,0,0,0,1,0,0,0,0,0,0,0,1,T1059.001,atomic_red_team,data\datasets\splunk_attack_data\datasets\attack_techniques\T1059.001\atomic_red_team\windows-sysmon.log
win-dc-974.attackrange.local,{05ADC7E1-6E2A-603E-F3AA-00000000AD01},2021-03-02 16:56:10+00:00,1,1,0,0,0,0,0,0,0,1,0,0,0,0,0,0,0,1,T1059.001,atomic_red_team,data\datasets\splunk_attack_data\datasets\attack_techniques\T1059.001\atomic_red_team\windows-sysmon.log
win-dc-974.attackrange.local,{05ADC7E1-6E2A-603E-F4AA-00000000AD01},2021-03-02 16:56:10+00:00,5,1,3,2,0,4,4,0,0,1,0,0,1,0,0,3,0,1,T1059.001,atomic_red_team,data\datasets\splunk_attack_data\datasets\attack_techniques\T1059.001\atomic_red_team\windows-sysmon.log
win-dc-974.attackrange.local,{05ADC7E1-6E2B-603E-F5AA-00000000AD01},2021-03-02 16:56:10+00:00,2,1,1,1,0,1,1,0,0,1,0,0,0,0,0,1,0,1,T1059.001,atomic_red_team,data\datasets\splunk_attack_data\datasets\attack_techniques\T1059.001\atomic_red_team\windows-sysmon.log
win-dc-974.attackrange.local,{05ADC7E1-6E2B-603E-F6AA-00000000AD01},2021-03-02 16:56:10+00:00,1,1,0,0,0,0,0,0,0,1,0,0,0,0,0,0,0,1,T1059.001,atomic_red_team,data\datasets\splunk_attack_data\datasets\attack_techniques\T1059.001\atomic_red_team\windows-sysmon.log
win-dc-974.attackrange.local,{05ADC7E1-6E2B-603E-F7AA-00000000AD01},2021-03-02 16:56:10+00:00,5,1,3,2,0,4,4,0,0,1,0,0,1,0,0,3,0,1,T1059.001,atomic_red_team,data\datasets\splunk_attack_data\datasets\attack_techniques\T1059.001\atomic_red_team\windows-sysmon.log
win-dc-974.attackrange.local,{05ADC7E1-6E2C-603E-F8AA-00000000AD01},2021-03-02 16:56:10+00:00,4,1,2,2,0,3,3,0,0,1,0,0,1,0,0,2,0,1,T1059.001,atomic_red_team,data\datasets\splunk_attack_data\datasets\attack_techniques\T1059.001\atomic_red_team\windows-sysmon.log
win-dc-974.attackrange.local,{05ADC7E1-6E2C-603E-F8AA-00000000AD01},2021-03-02 16:56:15+00:00,1,1,1,0,0,1,1,0,0,0,0,0,0,0,0,1,0,1,T1059.001,atomic_red_team,data\datasets\splunk_attack_data\datasets\attack_techniques\T1059.001\atomic_red_team\windows-sysmon.log
win-dc-974.attackrange.local,{05ADC7E1-6E32-603E-F9AA-00000000AD01},2021-03-02 16:56:05+00:00,1,1,0,0,1,0,0,0,1,0,1,0,0,0,0,0,0,1,T1059.001,atomic_red_team,data\datasets\splunk_attack_data\datasets\attack_techniques\T1059.001\atomic_red_team\windows-sysmon.log
win-dc-974.attackrange.local,{05ADC7E1-6E32-603E-F9AA-00000000AD01},2021-03-02 16:56:15+00:00,4,1,2,2,0,3,3,0,0,1,0,0,1,0,0,2,0,1,T1059.001,atomic_red_team,data\datasets\splunk_attack_data\datasets\attack_techniques\T1059.001\atomic_red_team\windows-sysmon.log
win-dc-974.attackrange.local,{05ADC7E1-6E32-603E-F9AA-00000000AD01},2021-03-02 16:56:20+00:00,1,1,1,0,0,1,1,0,0,0,0,0,0,0,0,1,0,1,T1059.001,atomic_red_team,data\datasets\splunk_attack_data\datasets\attack_techniques\T1059.001\atomic_red_team\windows-sysmon.log
win-dc-974.attackrange.local,{05ADC7E1-6E37-603E-FAAA-00000000AD01},2021-03-02 16:56:20+00:00,8,1,3,2,0,7,7,0,0,1,0,0,3,0,0,4,0,1,T1059.001,atomic_red_team,data\datasets\splunk_attack_data\datasets\attack_techniques\T1059.001\atomic_red_team\windows-sysmon.log
win-dc-974.attackrange.local,{05ADC7E1-6E37-603E-FAAA-00000000AD01},2021-03-02 16:56:25+00:00,3,1,2,1,0,3,3,0,0,0,0,0,1,0,0,2,0,1,T1059.001,atomic_red_team,data\datasets\splunk_attack_data\datasets\attack_techniques\T1059.001\atomic_red_team\windows-sysmon.log
win-dc-974.attackrange.local,{05ADC7E1-6E39-603E-FBAA-00000000AD01},2021-03-02 16:56:25+00:00,5,1,3,2,0,4,4,0,0,1,0,0,1,0,0,3,0,1,T1059.001,atomic_red_team,data\datasets\splunk_attack_data\datasets\attack_techniques\T1059.001\atomic_red_team\windows-sysmon.log
win-dc-974.attackrange.local,{05ADC7E1-6E39-603E-FCAA-00000000AD01},2021-03-02 16:56:25+00:00,1,1,0,0,0,0,0,0,0,1,0,0,0,0,0,0,0,1,T1059.001,atomic_red_team,data\datasets\splunk_attack_data\datasets\attack_techniques\T1059.001\atomic_red_team\windows-sysmon.log
win-dc-974.attackrange.local,{05ADC7E1-6E3B-603E-FDAA-00000000AD01},2021-03-02 16:56:25+00:00,1,1,0,0,0,0,0,0,0,1,0,0,0,0,0,0,0,1,T1059.001,atomic_red_team,data\datasets\splunk_attack_data\datasets\attack_techniques\T1059.001\atomic_red_team\windows-sysmon.log
win-dc-974.attackrange.local,{05ADC7E1-6E3B-603E-FEAA-00000000AD01},2021-03-02 16:56:25+00:00,5,1,3,2,0,4,4,0,0,1,0,0,1,0,0,3,0,1,T1059.001,atomic_red_team,data\datasets\splunk_attack_data\datasets\attack_techniques\T1059.001\atomic_red_team\windows-sysmon.log
win-dc-974.attackrange.local,{05ADC7E1-6E3C-603E-00AB-00000000AD01},2021-03-02 16:56:25+00:00,5,1,3,2,0,4,4,0,0,1,0,0,1,0,0,3,0,1,T1059.001,atomic_red_team,data\datasets\splunk_attack_data\datasets\attack_techniques\T1059.001\atomic_red_team\windows-sysmon.log
win-dc-974.attackrange.local,{05ADC7E1-6E3C-603E-FFAA-00000000AD01},2021-03-02 16:56:25+00:00,1,1,0,0,0,0,0,0,0,1,0,0,0,0,0,0,0,1,T1059.001,atomic_red_team,data\datasets\splunk_attack_data\datasets\attack_techniques\T1059.001\atomic_red_team\windows-sysmon.log
win-dc-974.attackrange.local,{05ADC7E1-6E3D-603E-01AB-00000000AD01},2021-03-02 16:56:25+00:00,1,1,0,0,0,0,0,0,0,1,0,0,0,0,0,0,0,1,T1059.001,atomic_red_team,data\datasets\splunk_attack_data\datasets\attack_techniques\T1059.001\atomic_red_team\windows-sysmon.log
win-dc-974.attackrange.local,{05ADC7E1-6E3D-603E-02AB-00000000AD01},2021-03-02 16:56:25+00:00,5,1,3,2,0,4,4,0,0,1,0,0,1,0,0,3,0,1,T1059.001,atomic_red_team,data\datasets\splunk_attack_data\datasets\attack_techniques\T1059.001\atomic_red_team\windows-sysmon.log
win-dc-974.attackrange.local,{05ADC7E1-6E3D-603E-03AB-00000000AD01},2021-03-02 16:56:25+00:00,1,1,0,0,0,0,0,0,0,1,0,0,0,0,0,0,0,1,T1059.001,atomic_red_team,data\datasets\splunk_attack_data\datasets\attack_techniques\T1059.001\atomic_red_team\windows-sysmon.log
win-dc-974.attackrange.local,{05ADC7E1-6E3D-603E-04AB-00000000AD01},2021-03-02 16:56:25+00:00,1,1,0,0,0,0,0,0,0,1,0,0,0,0,0,0,0,1,T1059.001,atomic_red_team,data\datasets\splunk_attack_data\datasets\attack_techniques\T1059.001\atomic_red_team\windows-sysmon.log
win-dc-974.attackrange.local,{05ADC7E1-6E3E-603E-05AB-00000000AD01},2021-03-02 16:56:20+00:00,1,1,0,0,1,0,0,0,1,0,1,0,0,0,0,0,0,1,T1059.001,atomic_red_team,data\datasets\splunk_attack_data\datasets\attack_techniques\T1059.001\atomic_red_team\windows-sysmon.log
win-dc-974.attackrange.local,{05ADC7E1-6E3E-603E-05AB-00000000AD01},2021-03-02 16:56:30+00:00,4,2,3,0,0,3,3,0,0,1,0,0,0,0,0,3,0,1,T1059.001,atomic_red_team,data\datasets\splunk_attack_data\datasets\attack_techniques\T1059.001\atomic_red_team\windows-sysmon.log
win-dc-974.attackrange.local,{05ADC7E1-6E56-603E-06AB-00000000AD01},2021-03-02 16:56:50+00:00,1,1,0,0,0,0,0,0,0,1,0,0,0,0,0,0,0,1,T1059.001,atomic_red_team,data\datasets\splunk_attack_data\datasets\attack_techniques\T1059.001\atomic_red_team\windows-sysmon.log
win-dc-974.attackrange.local,{05ADC7E1-6E56-603E-07AB-00000000AD01},2021-03-02 16:56:50+00:00,1,1,0,0,0,0,0,0,0,1,0,0,0,0,0,0,0,1,T1059.001,atomic_red_team,data\datasets\splunk_attack_data\datasets\attack_techniques\T1059.001\atomic_red_team\windows-sysmon.log
win-dc-974.attackrange.local,{05ADC7E1-6E57-603E-08AB-00000000AD01},2021-03-02 16:56:55+00:00,1,1,0,0,0,0,0,0,0,1,0,0,0,0,0,0,0,1,T1059.001,atomic_red_team,data\datasets\splunk_attack_data\datasets\attack_techniques\T1059.001\atomic_red_team\windows-sysmon.log
win-dc-974.attackrange.local,{05ADC7E1-6E5E-603E-09AB-00000000AD01},2021-03-02 16:57:00+00:00,1,1,0,0,0,0,0,0,0,1,0,0,0,0,0,0,0,1,T1059.001,atomic_red_team,data\datasets\splunk_attack_data\datasets\attack_techniques\T1059.001\atomic_red_team\windows-sysmon.log
win-dc-974.attackrange.local,{05ADC7E1-6E5F-603E-0AAB-00000000AD01},2021-03-02 16:57:00+00:00,1,1,0,0,0,0,0,0,0,1,0,0,0,0,0,0,0,1,T1059.001,atomic_red_team,data\datasets\splunk_attack_data\datasets\attack_techniques\T1059.001\atomic_red_team\windows-sysmon.log
win-dc-974.attackrange.local,{05ADC7E1-6E60-603E-0BAB-00000000AD01},2021-03-02 16:57:00+00:00,1,1,0,0,0,0,0,0,0,1,0,0,0,0,0,0,0,1,T1059.001,atomic_red_team,data\datasets\splunk_attack_data\datasets\attack_techniques\T1059.001\atomic_red_team\windows-sysmon.log
win-dc-974.attackrange.local,{05ADC7E1-6E60-603E-0CAB-00000000AD01},2021-03-02 16:57:00+00:00,1,1,0,0,0,0,0,0,0,1,0,0,0,0,0,0,0,1,T1059.001,atomic_red_team,data\datasets\splunk_attack_data\datasets\attack_techniques\T1059.001\atomic_red_team\windows-sysmon.log
win-dc-974.attackrange.local,{05ADC7E1-6E92-603E-0DAB-00000000AD01},2021-03-02 16:57:50+00:00,1,1,0,0,0,0,0,0,0,1,0,0,0,0,0,0,0,1,T1059.001,atomic_red_team,data\datasets\splunk_attack_data\datasets\attack_techniques\T1059.001\atomic_red_team\windows-sysmon.log
win-dc-974.attackrange.local,{05ADC7E1-6E92-603E-0EAB-00000000AD01},2021-03-02 16:57:50+00:00,1,1,0,0,0,0,0,0,0,1,0,0,0,0,0,0,0,1,T1059.001,atomic_red_team,data\datasets\splunk_attack_data\datasets\attack_techniques\T1059.001\atomic_red_team\windows-sysmon.log
win-dc-974.attackrange.local,{05ADC7E1-6E93-603E-0FAB-00000000AD01},2021-03-02 16:57:55+00:00,1,1,0,0,0,0,0,0,0,1,0,0,0,0,0,0,0,1,T1059.001,atomic_red_team,data\datasets\splunk_attack_data\datasets\attack_techniques\T1059.001\atomic_red_team\windows-sysmon.log
win-dc-974.attackrange.local,{05ADC7E1-6E9A-603E-10AB-00000000AD01},2021-03-02 16:58:00+00:00,1,1,0,0,0,0,0,0,0,1,0,0,0,0,0,0,0,1,T1059.001,atomic_red_team,data\datasets\splunk_attack_data\datasets\attack_techniques\T1059.001\atomic_red_team\windows-sysmon.log
win-dc-974.attackrange.local,{05ADC7E1-6E9B-603E-11AB-00000000AD01},2021-03-02 16:58:00+00:00,1,1,0,0,0,0,0,0,0,1,0,0,0,0,0,0,0,1,T1059.001,atomic_red_team,data\datasets\splunk_attack_data\datasets\attack_techniques\T1059.001\atomic_red_team\windows-sysmon.log
win-dc-974.attackrange.local,{05ADC7E1-6E9C-603E-12AB-00000000AD01},2021-03-02 16:58:00+00:00,1,1,0,0,0,0,0,0,0,1,0,0,0,0,0,0,0,1,T1059.001,atomic_red_team,data\datasets\splunk_attack_data\datasets\attack_techniques\T1059.001\atomic_red_team\windows-sysmon.log
win-dc-974.attackrange.local,{05ADC7E1-6E9D-603E-13AB-00000000AD01},2021-03-02 16:58:05+00:00,1,1,0,0,0,0,0,0,0,1,0,0,0,0,0,0,0,1,T1059.001,atomic_red_team,data\datasets\splunk_attack_data\datasets\attack_techniques\T1059.001\atomic_red_team\windows-sysmon.log
win-dc-974.attackrange.local,{05ADC7E1-6EB6-603E-15AB-00000000AD01},2021-03-02 16:58:30+00:00,4,1,2,2,0,3,3,0,0,1,0,0,1,0,0,2,0,1,T1059.001,atomic_red_team,data\datasets\splunk_attack_data\datasets\attack_techniques\T1059.001\atomic_red_team\windows-sysmon.log
win-dc-974.attackrange.local,{05ADC7E1-6EB6-603E-16AB-00000000AD01},2021-03-02 16:58:30+00:00,1,1,0,0,0,0,0,0,0,1,0,0,0,0,0,0,0,1,T1059.001,atomic_red_team,data\datasets\splunk_attack_data\datasets\attack_techniques\T1059.001\atomic_red_team\windows-sysmon.log
win-dc-974.attackrange.local,{05ADC7E1-6ECE-603E-17AB-00000000AD01},2021-03-02 16:58:50+00:00,1,1,0,0,0,0,0,0,0,1,0,0,0,0,0,0,0,1,T1059.001,atomic_red_team,data\datasets\splunk_attack_data\datasets\attack_techniques\T1059.001\atomic_red_team\windows-sysmon.log
win-dc-974.attackrange.local,{05ADC7E1-6ECF-603E-18AB-00000000AD01},2021-03-02 16:58:55+00:00,1,1,0,0,0,0,0,0,0,1,0,0,0,0,0,0,0,1,T1059.001,atomic_red_team,data\datasets\splunk_attack_data\datasets\attack_techniques\T1059.001\atomic_red_team\windows-sysmon.log
win-dc-974.attackrange.local,{05ADC7E1-6ECF-603E-19AB-00000000AD01},2021-03-02 16:58:55+00:00,1,1,0,0,0,0,0,0,0,1,0,0,0,0,0,0,0,1,T1059.001,atomic_red_team,data\datasets\splunk_attack_data\datasets\attack_techniques\T1059.001\atomic_red_team\windows-sysmon.log
win-dc-974.attackrange.local,{05ADC7E1-6ED6-603E-1AAB-00000000AD01},2021-03-02 16:59:00+00:00,1,1,0,0,0,0,0,0,0,1,0,0,0,0,0,0,0,1,T1059.001,atomic_red_team,data\datasets\splunk_attack_data\datasets\attack_techniques\T1059.001\atomic_red_team\windows-sysmon.log
win-dc-974.attackrange.local,{05ADC7E1-6ED7-603E-1BAB-00000000AD01},2021-03-02 16:59:00+00:00,1,1,0,0,0,0,0,0,0,1,0,0,0,0,0,0,0,1,T1059.001,atomic_red_team,data\datasets\splunk_attack_data\datasets\attack_techniques\T1059.001\atomic_red_team\windows-sysmon.log
win-dc-974.attackrange.local,{05ADC7E1-6ED8-603E-1CAB-00000000AD01},2021-03-02 16:59:00+00:00,1,1,0,0,0,0,0,0,0,1,0,0,0,0,0,0,0,1,T1059.001,atomic_red_team,data\datasets\splunk_attack_data\datasets\attack_techniques\T1059.001\atomic_red_team\windows-sysmon.log
win-dc-974.attackrange.local,{05ADC7E1-6ED8-603E-1DAB-00000000AD01},2021-03-02 16:59:00+00:00,1,1,0,0,0,0,0,0,0,1,0,0,0,0,0,0,0,1,T1059.001,atomic_red_team,data\datasets\splunk_attack_data\datasets\attack_techniques\T1059.001\atomic_red_team\windows-sysmon.log
win-dc-974.attackrange.local,{05ADC7E1-7049-603D-4188-00000000AD01},2021-03-01 22:52:55+00:00,5,1,3,3,0,4,4,0,0,1,0,0,1,0,0,3,0,1,T1059.001,atomic_red_team,data\datasets\splunk_attack_data\datasets\attack_techniques\T1059.001\atomic_red_team\windows-sysmon.log
win-dc-974.attackrange.local,{05ADC7E1-7049-603D-4188-00000000AD01},2021-03-01 22:53:20+00:00,11,1,7,5,0,11,11,0,0,0,0,0,6,0,0,5,0,1,T1059.001,atomic_red_team,data\datasets\splunk_attack_data\datasets\attack_techniques\T1059.001\atomic_red_team\windows-sysmon.log
win-dc-974.attackrange.local,{05ADC7E1-7049-603D-4188-00000000AD01},2021-03-01 22:53:25+00:00,4,1,4,1,0,4,4,0,0,0,0,0,2,0,0,2,0,1,T1059.001,atomic_red_team,data\datasets\splunk_attack_data\datasets\attack_techniques\T1059.001\atomic_red_team\windows-sysmon.log
win-dc-974.attackrange.local,{05ADC7E1-7049-603D-4188-00000000AD01},2021-03-01 22:53:30+00:00,4,1,4,1,0,4,4,0,0,0,0,0,2,0,0,2,0,1,T1059.001,atomic_red_team,data\datasets\splunk_attack_data\datasets\attack_techniques\T1059.001\atomic_red_team\windows-sysmon.log
win-dc-974.attackrange.local,{05ADC7E1-7049-603D-4188-00000000AD01},2021-03-01 22:53:35+00:00,11,1,3,1,0,11,11,0,0,0,0,0,10,0,0,1,0,1,T1059.001,atomic_red_team,data\datasets\splunk_attack_data\datasets\attack_techniques\T1059.001\atomic_red_team\windows-sysmon.log
win-dc-974.attackrange.local,{05ADC7E1-7049-603D-4188-00000000AD01},2021-03-01 22:55:40+00:00,12,1,4,1,0,12,12,0,0,0,0,0,8,0,0,4,0,1,T1059.001,atomic_red_team,data\datasets\splunk_attack_data\datasets\attack_techniques\T1059.001\atomic_red_team\windows-sysmon.log
win-dc-974.attackrange.local,{05ADC7E1-7049-603D-4188-00000000AD01},2021-03-01 22:55:45+00:00,12,1,3,1,0,12,12,0,0,0,0,0,8,0,0,4,0,1,T1059.001,atomic_red_team,data\datasets\splunk_attack_data\datasets\attack_techniques\T1059.001\atomic_red_team\windows-sysmon.log
win-dc-974.attackrange.local,{05ADC7E1-7049-603D-4188-00000000AD01},2021-03-01 22:55:50+00:00,1,1,1,1,0,1,1,0,0,0,0,0,0,0,0,1,0,1,T1059.001,atomic_red_team,data\datasets\splunk_attack_data\datasets\attack_techniques\T1059.001\atomic_red_team\windows-sysmon.log
win-dc-974.attackrange.local,{05ADC7E1-704C-603D-4488-00000000AD01},2021-03-01 22:53:00+00:00,1,1,0,0,0,0,0,0,0,1,0,0,0,0,0,0,0,1,T1059.001,atomic_red_team,data\datasets\splunk_attack_data\datasets\attack_techniques\T1059.001\atomic_red_team\windows-sysmon.log
win-dc-974.attackrange.local,{05ADC7E1-7051-603D-4588-00000000AD01},2021-03-01 22:53:05+00:00,1,1,0,0,0,0,0,0,0,1,0,0,0,0,0,0,0,1,T1059.001,atomic_red_team,data\datasets\splunk_attack_data\datasets\attack_techniques\T1059.001\atomic_red_team\windows-sysmon.log
win-dc-974.attackrange.local,{05ADC7E1-7052-603D-4688-00000000AD01},2021-03-01 22:53:05+00:00,1,1,0,0,0,0,0,0,0,1,0,0,0,0,0,0,0,1,T1059.001,atomic_red_team,data\datasets\splunk_attack_data\datasets\attack_techniques\T1059.001\atomic_red_team\windows-sysmon.log
win-dc-974.attackrange.local,{05ADC7E1-7052-603D-4788-00000000AD01},2021-03-01 22:53:05+00:00,1,1,0,0,0,0,0,0,0,1,0,0,0,0,0,0,0,1,T1059.001,atomic_red_team,data\datasets\splunk_attack_data\datasets\attack_techniques\T1059.001\atomic_red_team\windows-sysmon.log
win-dc-974.attackrange.local,{05ADC7E1-7055-603D-4888-00000000AD01},2021-03-01 22:53:05+00:00,1,1,0,0,0,0,0,0,0,1,0,0,0,0,0,0,0,1,T1059.001,atomic_red_team,data\datasets\splunk_attack_data\datasets\attack_techniques\T1059.001\atomic_red_team\windows-sysmon.log
win-dc-974.attackrange.local,{05ADC7E1-7058-603D-4988-00000000AD01},2021-03-01 22:53:10+00:00,1,1,0,0,0,0,0,0,0,1,0,0,0,0,0,0,0,1,T1059.001,atomic_red_team,data\datasets\splunk_attack_data\datasets\attack_techniques\T1059.001\atomic_red_team\windows-sysmon.log
win-dc-974.attackrange.local,{05ADC7E1-7058-603D-4A88-00000000AD01},2021-03-01 22:53:10+00:00,1,1,0,0,0,0,0,0,0,1,0,0,0,0,0,0,0,1,T1059.001,atomic_red_team,data\datasets\splunk_attack_data\datasets\attack_techniques\T1059.001\atomic_red_team\windows-sysmon.log
win-dc-974.attackrange.local,{05ADC7E1-7059-603D-4B88-00000000AD01},2021-03-01 22:53:10+00:00,1,1,0,0,0,0,0,0,0,1,0,0,0,0,0,0,0,1,T1059.001,atomic_red_team,data\datasets\splunk_attack_data\datasets\attack_techniques\T1059.001\atomic_red_team\windows-sysmon.log
win-dc-974.attackrange.local,{05ADC7E1-7060-603D-4C88-00000000AD01},2021-03-01 22:53:20+00:00,1,1,0,0,0,0,0,0,0,1,0,0,0,0,0,0,0,1,T1059.001,atomic_red_team,data\datasets\splunk_attack_data\datasets\attack_techniques\T1059.001\atomic_red_team\windows-sysmon.log
win-dc-974.attackrange.local,{05ADC7E1-7060-603D-4D88-00000000AD01},2021-03-01 22:53:20+00:00,1,1,0,0,0,0,0,0,0,1,0,0,0,0,0,0,0,1,T1059.001,atomic_red_team,data\datasets\splunk_attack_data\datasets\attack_techniques\T1059.001\atomic_red_team\windows-sysmon.log
win-dc-974.attackrange.local,{05ADC7E1-7060-603D-4E88-00000000AD01},2021-03-01 22:53:20+00:00,5,1,3,2,0,4,4,0,0,1,0,0,1,0,0,3,0,1,T1059.001,atomic_red_team,data\datasets\splunk_attack_data\datasets\attack_techniques\T1059.001\atomic_red_team\windows-sysmon.log
win-dc-974.attackrange.local,{05ADC7E1-7060-603D-4F88-00000000AD01},2021-03-01 22:53:20+00:00,2,1,1,1,0,1,1,0,0,1,0,0,0,0,0,1,0,1,T1059.001,atomic_red_team,data\datasets\splunk_attack_data\datasets\attack_techniques\T1059.001\atomic_red_team\windows-sysmon.log
win-dc-974.attackrange.local,{05ADC7E1-7061-603D-5088-00000000AD01},2021-03-01 22:53:20+00:00,1,1,0,0,0,0,0,0,0,1,0,0,0,0,0,0,0,1,T1059.001,atomic_red_team,data\datasets\splunk_attack_data\datasets\attack_techniques\T1059.001\atomic_red_team\windows-sysmon.log
win-dc-974.attackrange.local,{05ADC7E1-7061-603D-5188-00000000AD01},2021-03-01 22:53:20+00:00,5,1,3,2,0,4,4,0,0,1,0,0,1,0,0,3,0,1,T1059.001,atomic_red_team,data\datasets\splunk_attack_data\datasets\attack_techniques\T1059.001\atomic_red_team\windows-sysmon.log
win-dc-974.attackrange.local,{05ADC7E1-7062-603D-5288-00000000AD01},2021-03-01 22:53:20+00:00,4,1,2,2,0,3,3,0,0,1,0,0,1,0,0,2,0,1,T1059.001,atomic_red_team,data\datasets\splunk_attack_data\datasets\attack_techniques\T1059.001\atomic_red_team\windows-sysmon.log
win-dc-974.attackrange.local,{05ADC7E1-7062-603D-5288-00000000AD01},2021-03-01 22:53:25+00:00,1,1,1,0,0,1,1,0,0,0,0,0,0,0,0,1,0,1,T1059.001,atomic_red_team,data\datasets\splunk_attack_data\datasets\attack_techniques\T1059.001\atomic_red_team\windows-sysmon.log
win-dc-974.attackrange.local,{05ADC7E1-7067-603D-5388-00000000AD01},2021-03-01 22:53:20+00:00,1,1,0,0,1,0,0,0,1,0,1,0,0,0,0,0,0,1,T1059.001,atomic_red_team,data\datasets\splunk_attack_data\datasets\attack_techniques\T1059.001\atomic_red_team\windows-sysmon.log
win-dc-974.attackrange.local,{05ADC7E1-7067-603D-5388-00000000AD01},2021-03-01 22:53:25+00:00,4,1,2,2,0,3,3,0,0,1,0,0,1,0,0,2,0,1,T1059.001,atomic_red_team,data\datasets\splunk_attack_data\datasets\attack_techniques\T1059.001\atomic_red_team\windows-sysmon.log
win-dc-974.attackrange.local,{05ADC7E1-7067-603D-5388-00000000AD01},2021-03-01 22:53:30+00:00,1,1,1,0,0,1,1,0,0,0,0,0,0,0,0,1,0,1,T1059.001,atomic_red_team,data\datasets\splunk_attack_data\datasets\attack_techniques\T1059.001\atomic_red_team\windows-sysmon.log
win-dc-974.attackrange.local,{05ADC7E1-706D-603D-5488-00000000AD01},2021-03-01 22:53:25+00:00,1,1,0,0,1,0,0,0,1,0,1,0,0,0,0,0,0,1,T1059.001,atomic_red_team,data\datasets\splunk_attack_data\datasets\attack_techniques\T1059.001\atomic_red_team\windows-sysmon.log
win-dc-974.attackrange.local,{05ADC7E1-706D-603D-5488-00000000AD01},2021-03-01 22:53:30+00:00,9,1,3,2,0,8,8,0,0,1,0,0,4,0,0,4,0,1,T1059.001,atomic_red_team,data\datasets\splunk_attack_data\datasets\attack_techniques\T1059.001\atomic_red_team\windows-sysmon.log
win-dc-974.attackrange.local,{05ADC7E1-706D-603D-5488-00000000AD01},2021-03-01 22:53:35+00:00,1,1,1,0,0,1,1,0,0,0,0,0,0,0,0,1,0,1,T1059.001,atomic_red_team,data\datasets\splunk_attack_data\datasets\attack_techniques\T1059.001\atomic_red_team\windows-sysmon.log
win-dc-974.attackrange.local,{05ADC7E1-706F-603D-5588-00000000AD01},2021-03-01 22:53:35+00:00,5,1,3,2,0,4,4,0,0,1,0,0,1,0,0,3,0,1,T1059.001,atomic_red_team,data\datasets\splunk_attack_data\datasets\attack_techniques\T1059.001\atomic_red_team\windows-sysmon.log
win-dc-974.attackrange.local,{05ADC7E1-706F-603D-5688-00000000AD01},2021-03-01 22:53:35+00:00,1,1,0,0,0,0,0,0,0,1,0,0,0,0,0,0,0,1,T1059.001,atomic_red_team,data\datasets\splunk_attack_data\datasets\attack_techniques\T1059.001\atomic_red_team\windows-sysmon.log
win-dc-974.attackrange.local,{05ADC7E1-7071-603D-5788-00000000AD01},2021-03-01 22:53:35+00:00,1,1,0,0,0,0,0,0,0,1,0,0,0,0,0,0,0,1,T1059.001,atomic_red_team,data\datasets\splunk_attack_data\datasets\attack_techniques\T1059.001\atomic_red_team\windows-sysmon.log
win-dc-974.attackrange.local,{05ADC7E1-7071-603D-5888-00000000AD01},2021-03-01 22:53:35+00:00,5,1,3,2,0,4,4,0,0,1,0,0,1,0,0,3,0,1,T1059.001,atomic_red_team,data\datasets\splunk_attack_data\datasets\attack_techniques\T1059.001\atomic_red_team\windows-sysmon.log
win-dc-974.attackrange.local,{05ADC7E1-7072-603D-5988-00000000AD01},2021-03-01 22:53:35+00:00,1,1,0,0,0,0,0,0,0,1,0,0,0,0,0,0,0,1,T1059.001,atomic_red_team,data\datasets\splunk_attack_data\datasets\attack_techniques\T1059.001\atomic_red_team\windows-sysmon.log
win-dc-974.attackrange.local,{05ADC7E1-7072-603D-5A88-00000000AD01},2021-03-01 22:53:35+00:00,5,1,3,2,0,4,4,0,0,1,0,0,1,0,0,3,0,1,T1059.001,atomic_red_team,data\datasets\splunk_attack_data\datasets\attack_techniques\T1059.001\atomic_red_team\windows-sysmon.log
win-dc-974.attackrange.local,{05ADC7E1-7072-603D-5B88-00000000AD01},2021-03-01 22:53:35+00:00,1,1,0,0,0,0,0,0,0,1,0,0,0,0,0,0,0,1,T1059.001,atomic_red_team,data\datasets\splunk_attack_data\datasets\attack_techniques\T1059.001\atomic_red_team\windows-sysmon.log
win-dc-974.attackrange.local,{05ADC7E1-7072-603D-5C88-00000000AD01},2021-03-01 22:53:35+00:00,5,1,3,2,0,4,4,0,0,1,0,0,1,0,0,3,0,1,T1059.001,atomic_red_team,data\datasets\splunk_attack_data\datasets\attack_techniques\T1059.001\atomic_red_team\windows-sysmon.log
win-dc-974.attackrange.local,{05ADC7E1-7073-603D-5D88-00000000AD01},2021-03-01 22:53:35+00:00,1,1,0,0,0,0,0,0,0,1,0,0,0,0,0,0,0,1,T1059.001,atomic_red_team,data\datasets\splunk_attack_data\datasets\attack_techniques\T1059.001\atomic_red_team\windows-sysmon.log
win-dc-974.attackrange.local,{05ADC7E1-7073-603D-5E88-00000000AD01},2021-03-01 22:53:35+00:00,1,1,0,0,0,0,0,0,0,1,0,0,0,0,0,0,0,1,T1059.001,atomic_red_team,data\datasets\splunk_attack_data\datasets\attack_techniques\T1059.001\atomic_red_team\windows-sysmon.log
win-dc-974.attackrange.local,{05ADC7E1-7073-603D-5F88-00000000AD01},2021-03-01 22:53:30+00:00,1,1,0,0,1,0,0,0,1,0,1,0,0,0,0,0,0,1,T1059.001,atomic_red_team,data\datasets\splunk_attack_data\datasets\attack_techniques\T1059.001\atomic_red_team\windows-sysmon.log
win-dc-974.attackrange.local,{05ADC7E1-7073-603D-5F88-00000000AD01},2021-03-01 22:53:35+00:00,2,2,1,0,0,1,1,0,0,1,0,0,0,0,0,1,0,1,T1059.001,atomic_red_team,data\datasets\splunk_attack_data\datasets\attack_techniques\T1059.001\atomic_red_team\windows-sysmon.log
win-dc-974.attackrange.local,{05ADC7E1-7073-603D-5F88-00000000AD01},2021-03-01 22:53:40+00:00,2,1,2,0,0,2,2,0,0,0,0,0,0,0,0,2,0,1,T1059.001,atomic_red_team,data\datasets\splunk_attack_data\datasets\attack_techniques\T1059.001\atomic_red_team\windows-sysmon.log
win-dc-974.attackrange.local,{05ADC7E1-708D-603D-6088-00000000AD01},2021-03-01 22:54:05+00:00,1,1,0,0,0,0,0,0,0,1,0,0,0,0,0,0,0,1,T1059.001,atomic_red_team,data\datasets\splunk_attack_data\datasets\attack_techniques\T1059.001\atomic_red_team\windows-sysmon.log
win-dc-974.attackrange.local,{05ADC7E1-708E-603D-6188-00000000AD01},2021-03-01 22:54:05+00:00,1,1,0,0,0,0,0,0,0,1,0,0,0,0,0,0,0,1,T1059.001,atomic_red_team,data\datasets\splunk_attack_data\datasets\attack_techniques\T1059.001\atomic_red_team\windows-sysmon.log
win-dc-974.attackrange.local,{05ADC7E1-708E-603D-6288-00000000AD01},2021-03-01 22:54:05+00:00,1,1,0,0,0,0,0,0,0,1,0,0,0,0,0,0,0,1,T1059.001,atomic_red_team,data\datasets\splunk_attack_data\datasets\attack_techniques\T1059.001\atomic_red_team\windows-sysmon.log
win-dc-974.attackrange.local,{05ADC7E1-7091-603D-6388-00000000AD01},2021-03-01 22:54:05+00:00,1,1,0,0,0,0,0,0,0,1,0,0,0,0,0,0,0,1,T1059.001,atomic_red_team,data\datasets\splunk_attack_data\datasets\attack_techniques\T1059.001\atomic_red_team\windows-sysmon.log
win-dc-974.attackrange.local,{05ADC7E1-7094-603D-6488-00000000AD01},2021-03-01 22:54:10+00:00,1,1,0,0,0,0,0,0,0,1,0,0,0,0,0,0,0,1,T1059.001,atomic_red_team,data\datasets\splunk_attack_data\datasets\attack_techniques\T1059.001\atomic_red_team\windows-sysmon.log
win-dc-974.attackrange.local,{05ADC7E1-7094-603D-6588-00000000AD01},2021-03-01 22:54:10+00:00,1,1,0,0,0,0,0,0,0,1,0,0,0,0,0,0,0,1,T1059.001,atomic_red_team,data\datasets\splunk_attack_data\datasets\attack_techniques\T1059.001\atomic_red_team\windows-sysmon.log
win-dc-974.attackrange.local,{05ADC7E1-7095-603D-6688-00000000AD01},2021-03-01 22:54:10+00:00,1,1,0,0,0,0,0,0,0,1,0,0,0,0,0,0,0,1,T1059.001,atomic_red_team,data\datasets\splunk_attack_data\datasets\attack_techniques\T1059.001\atomic_red_team\windows-sysmon.log
win-dc-974.attackrange.local,{05ADC7E1-70C9-603D-6788-00000000AD01},2021-03-01 22:55:05+00:00,1,1,0,0,0,0,0,0,0,1,0,0,0,0,0,0,0,1,T1059.001,atomic_red_team,data\datasets\splunk_attack_data\datasets\attack_techniques\T1059.001\atomic_red_team\windows-sysmon.log
win-dc-974.attackrange.local,{05ADC7E1-70CA-603D-6888-00000000AD01},2021-03-01 22:55:05+00:00,1,1,0,0,0,0,0,0,0,1,0,0,0,0,0,0,0,1,T1059.001,atomic_red_team,data\datasets\splunk_attack_data\datasets\attack_techniques\T1059.001\atomic_red_team\windows-sysmon.log
win-dc-974.attackrange.local,{05ADC7E1-70CA-603D-6988-00000000AD01},2021-03-01 22:55:05+00:00,1,1,0,0,0,0,0,0,0,1,0,0,0,0,0,0,0,1,T1059.001,atomic_red_team,data\datasets\splunk_attack_data\datasets\attack_techniques\T1059.001\atomic_red_team\windows-sysmon.log
win-dc-974.attackrange.local,{05ADC7E1-70CD-603D-6A88-00000000AD01},2021-03-01 22:55:05+00:00,1,1,0,0,0,0,0,0,0,1,0,0,0,0,0,0,0,1,T1059.001,atomic_red_team,data\datasets\splunk_attack_data\datasets\attack_techniques\T1059.001\atomic_red_team\windows-sysmon.log
win-dc-974.attackrange.local,{05ADC7E1-70D0-603D-6B88-00000000AD01},2021-03-01 22:55:10+00:00,1,1,0,0,0,0,0,0,0,1,0,0,0,0,0,0,0,1,T1059.001,atomic_red_team,data\datasets\splunk_attack_data\datasets\attack_techniques\T1059.001\atomic_red_team\windows-sysmon.log
win-dc-974.attackrange.local,{05ADC7E1-70D0-603D-6C88-00000000AD01},2021-03-01 22:55:10+00:00,1,1,0,0,0,0,0,0,0,1,0,0,0,0,0,0,0,1,T1059.001,atomic_red_team,data\datasets\splunk_attack_data\datasets\attack_techniques\T1059.001\atomic_red_team\windows-sysmon.log
win-dc-974.attackrange.local,{05ADC7E1-70D1-603D-6D88-00000000AD01},2021-03-01 22:55:10+00:00,1,1,0,0,0,0,0,0,0,1,0,0,0,0,0,0,0,1,T1059.001,atomic_red_team,data\datasets\splunk_attack_data\datasets\attack_techniques\T1059.001\atomic_red_team\windows-sysmon.log
win-dc-974.attackrange.local,{05ADC7E1-70EC-603D-6F88-00000000AD01},2021-03-01 22:55:40+00:00,6,1,4,3,0,5,5,0,0,1,0,0,2,0,0,3,0,1,T1059.001,atomic_red_team,data\datasets\splunk_attack_data\datasets\attack_techniques\T1059.001\atomic_red_team\windows-sysmon.log
win-dc-974.attackrange.local,{05ADC7E1-70EC-603D-7088-00000000AD01},2021-03-01 22:55:40+00:00,1,1,0,0,0,0,0,0,0,1,0,0,0,0,0,0,0,1,T1059.001,atomic_red_team,data\datasets\splunk_attack_data\datasets\attack_techniques\T1059.001\atomic_red_team\windows-sysmon.log
win-dc-974.attackrange.local,{05ADC7E1-70EC-603D-7188-00000000AD01},2021-03-01 22:55:40+00:00,5,1,3,2,0,4,4,0,0,1,0,0,1,0,0,3,0,1,T1059.001,atomic_red_team,data\datasets\splunk_attack_data\datasets\attack_techniques\T1059.001\atomic_red_team\windows-sysmon.log
win-dc-974.attackrange.local,{05ADC7E1-70EC-603D-7288-00000000AD01},2021-03-01 22:55:40+00:00,1,1,0,0,0,0,0,0,0,1,0,0,0,0,0,0,0,1,T1059.001,atomic_red_team,data\datasets\splunk_attack_data\datasets\attack_techniques\T1059.001\atomic_red_team\windows-sysmon.log
win-dc-974.attackrange.local,{05ADC7E1-70ED-603D-7388-00000000AD01},2021-03-01 22:55:40+00:00,5,1,3,2,0,4,4,0,0,1,0,0,1,0,0,3,0,1,T1059.001,atomic_red_team,data\datasets\splunk_attack_data\datasets\attack_techniques\T1059.001\atomic_red_team\windows-sysmon.log
win-dc-974.attackrange.local,{05ADC7E1-70ED-603D-7488-00000000AD01},2021-03-01 22:55:35+00:00,3,1,0,0,1,0,0,0,3,0,3,0,0,0,0,0,0,1,T1059.001,atomic_red_team,data\datasets\splunk_attack_data\datasets\attack_techniques\T1059.001\atomic_red_team\windows-sysmon.log
win-dc-974.attackrange.local,{05ADC7E1-70ED-603D-7488-00000000AD01},2021-03-01 22:55:40+00:00,5,1,2,2,0,3,3,0,0,1,0,1,1,0,0,2,0,1,T1059.001,atomic_red_team,data\datasets\splunk_attack_data\datasets\attack_techniques\T1059.001\atomic_red_team\windows-sysmon.log
win-dc-974.attackrange.local,{05ADC7E1-70ED-603D-7488-00000000AD01},2021-03-01 22:55:45+00:00,2,1,2,0,0,2,2,0,0,0,0,0,0,0,0,2,0,1,T1059.001,atomic_red_team,data\datasets\splunk_attack_data\datasets\attack_techniques\T1059.001\atomic_red_team\windows-sysmon.log
win-dc-974.attackrange.local,{05ADC7E1-70ED-603D-7688-00000000AD01},2021-03-01 22:55:40+00:00,4,2,2,2,0,3,3,0,0,1,0,0,1,0,0,2,0,1,T1059.001,atomic_red_team,data\datasets\splunk_attack_data\datasets\attack_techniques\T1059.001\atomic_red_team\windows-sysmon.log
win-dc-974.attackrange.local,{05ADC7E1-70F2-603D-7788-00000000AD01},2021-03-01 22:55:45+00:00,11,1,7,6,0,10,10,0,0,1,0,0,3,0,0,7,0,1,T1059.001,atomic_red_team,data\datasets\splunk_attack_data\datasets\attack_techniques\T1059.001\atomic_red_team\windows-sysmon.log
win-dc-974.attackrange.local,{05ADC7E1-70F2-603D-7888-00000000AD01},2021-03-01 22:55:45+00:00,5,1,3,2,0,4,4,0,0,1,0,0,1,0,0,3,0,1,T1059.001,atomic_red_team,data\datasets\splunk_attack_data\datasets\attack_techniques\T1059.001\atomic_red_team\windows-sysmon.log
win-dc-974.attackrange.local,{05ADC7E1-70F2-603D-7988-00000000AD01},2021-03-01 22:55:45+00:00,2,1,1,1,0,1,1,0,0,1,0,0,0,0,0,1,0,1,T1059.001,atomic_red_team,data\datasets\splunk_attack_data\datasets\attack_techniques\T1059.001\atomic_red_team\windows-sysmon.log
win-dc-974.attackrange.local,{05ADC7E1-70F3-603D-7A88-00000000AD01},2021-03-01 22:55:45+00:00,5,1,3,2,0,4,4,0,0,1,0,0,1,0,0,3,0,1,T1059.001,atomic_red_team,data\datasets\splunk_attack_data\datasets\attack_techniques\T1059.001\atomic_red_team\windows-sysmon.log
win-dc-974.attackrange.local,{05ADC7E1-70F3-603D-7C88-00000000AD01},2021-03-01 22:55:45+00:00,13,1,8,7,0,12,12,0,0,1,0,0,3,0,0,9,0,1,T1059.001,atomic_red_team,data\datasets\splunk_attack_data\datasets\attack_techniques\T1059.001\atomic_red_team\windows-sysmon.log
win-dc-974.attackrange.local,{05ADC7E1-70F3-603D-7D88-00000000AD01},2021-03-01 22:55:45+00:00,5,1,3,2,0,4,4,0,0,1,0,0,1,0,0,3,0,1,T1059.001,atomic_red_team,data\datasets\splunk_attack_data\datasets\attack_techniques\T1059.001\atomic_red_team\windows-sysmon.log
win-dc-974.attackrange.local,{05ADC7E1-70F3-603D-7E88-00000000AD01},2021-03-01 22:55:45+00:00,2,1,1,1,0,1,1,0,0,1,0,0,0,0,0,1,0,1,T1059.001,atomic_red_team,data\datasets\splunk_attack_data\datasets\attack_techniques\T1059.001\atomic_red_team\windows-sysmon.log
win-dc-974.attackrange.local,{05ADC7E1-70F3-603D-7F88-00000000AD01},2021-03-01 22:55:45+00:00,5,1,3,2,0,4,4,0,0,1,0,0,1,0,0,3,0,1,T1059.001,atomic_red_team,data\datasets\splunk_attack_data\datasets\attack_techniques\T1059.001\atomic_red_team\windows-sysmon.log
win-dc-974.attackrange.local,{05ADC7E1-70F4-603D-8188-00000000AD01},2021-03-01 22:55:45+00:00,11,1,7,6,0,10,10,0,0,1,0,0,3,0,0,7,0,1,T1059.001,atomic_red_team,data\datasets\splunk_attack_data\datasets\attack_techniques\T1059.001\atomic_red_team\windows-sysmon.log
win-dc-974.attackrange.local,{05ADC7E1-70F4-603D-8288-00000000AD01},2021-03-01 22:55:45+00:00,5,1,3,2,0,4,4,0,0,1,0,0,1,0,0,3,0,1,T1059.001,atomic_red_team,data\datasets\splunk_attack_data\datasets\attack_techniques\T1059.001\atomic_red_team\windows-sysmon.log
win-dc-974.attackrange.local,{05ADC7E1-70F4-603D-8388-00000000AD01},2021-03-01 22:55:45+00:00,2,1,1,1,0,1,1,0,0,1,0,0,0,0,0,1,0,1,T1059.001,atomic_red_team,data\datasets\splunk_attack_data\datasets\attack_techniques\T1059.001\atomic_red_team\windows-sysmon.log
win-dc-974.attackrange.local,{05ADC7E1-70F4-603D-8488-00000000AD01},2021-03-01 22:55:45+00:00,5,1,3,2,0,4,4,0,0,1,0,0,1,0,0,3,0,1,T1059.001,atomic_red_team,data\datasets\splunk_attack_data\datasets\attack_techniques\T1059.001\atomic_red_team\windows-sysmon.log
win-dc-974.attackrange.local,{05ADC7E1-70F5-603D-8688-00000000AD01},2021-03-01 22:55:45+00:00,12,1,7,7,0,11,11,0,0,1,0,0,3,0,0,8,0,1,T1059.001,atomic_red_team,data\datasets\splunk_attack_data\datasets\attack_techniques\T1059.001\atomic_red_team\windows-sysmon.log
win-dc-974.attackrange.local,{05ADC7E1-70F5-603D-8688-00000000AD01},2021-03-01 22:55:50+00:00,1,1,1,0,0,1,1,0,0,0,0,0,0,0,0,1,0,1,T1059.001,atomic_red_team,data\datasets\splunk_attack_data\datasets\attack_techniques\T1059.001\atomic_red_team\windows-sysmon.log
win-dc-974.attackrange.local,{05ADC7E1-70F5-603D-8788-00000000AD01},2021-03-01 22:55:45+00:00,5,1,3,2,0,4,4,0,0,1,0,0,1,0,0,3,0,1,T1059.001,atomic_red_team,data\datasets\splunk_attack_data\datasets\attack_techniques\T1059.001\atomic_red_team\windows-sysmon.log
win-dc-974.attackrange.local,{05ADC7E1-70F5-603D-8888-00000000AD01},2021-03-01 22:55:45+00:00,2,1,1,1,0,1,1,0,0,1,0,0,0,0,0,1,0,1,T1059.001,atomic_red_team,data\datasets\splunk_attack_data\datasets\attack_techniques\T1059.001\atomic_red_team\windows-sysmon.log
win-dc-974.attackrange.local,{05ADC7E1-70F5-603D-8988-00000000AD01},2021-03-01 22:55:45+00:00,1,1,0,0,0,0,0,0,0,1,0,0,0,0,0,0,0,1,T1059.001,atomic_red_team,data\datasets\splunk_attack_data\datasets\attack_techniques\T1059.001\atomic_red_team\windows-sysmon.log
win-dc-974.attackrange.local,{05ADC7E1-70F5-603D-8988-00000000AD01},2021-03-01 22:55:50+00:00,4,1,3,2,0,4,4,0,0,0,0,0,1,0,0,3,0,1,T1059.001,atomic_red_team,data\datasets\splunk_attack_data\datasets\attack_techniques\T1059.001\atomic_red_team\windows-sysmon.log
win-dc-974.attackrange.local,{05ADC7E1-7946-6039-1610-00000000AD01},2021-03-01 22:52:50+00:00,1,1,1,0,0,1,1,0,0,0,0,0,0,0,0,1,0,1,T1059.001,atomic_red_team,data\datasets\splunk_attack_data\datasets\attack_techniques\T1059.001\atomic_red_team\windows-sysmon.log
win-dc-974.attackrange.local,{05ADC7E1-7946-6039-1610-00000000AD01},2021-03-01 22:54:50+00:00,1,1,1,1,0,1,1,0,0,0,0,0,0,0,0,1,0,1,T1059.001,atomic_red_team,data\datasets\splunk_attack_data\datasets\attack_techniques\T1059.001\atomic_red_team\windows-sysmon.log
win-dc-974.attackrange.local,{05ADC7E1-7946-6039-1610-00000000AD01},2021-03-02 16:52:25+00:00,1,1,1,1,0,1,1,0,0,0,0,0,0,0,0,1,0,1,T1059.001,atomic_red_team,data\datasets\splunk_attack_data\datasets\attack_techniques\T1059.001\atomic_red_team\windows-sysmon.log
win-dc-974.attackrange.local,{05ADC7E1-7946-6039-1610-00000000AD01},2021-03-02 16:52:35+00:00,1,1,1,0,0,1,1,0,0,0,0,0,0,0,0,1,0,1,T1059.001,atomic_red_team,data\datasets\splunk_attack_data\datasets\attack_techniques\T1059.001\atomic_red_team\windows-sysmon.log
win-dc-974.attackrange.local,{05ADC7E1-7946-6039-1610-00000000AD01},2021-03-02 16:53:25+00:00,1,1,1,0,0,1,1,0,0,0,0,0,0,0,0,1,0,1,T1059.001,atomic_red_team,data\datasets\splunk_attack_data\datasets\attack_techniques\T1059.001\atomic_red_team\windows-sysmon.log
win-dc-974.attackrange.local,{05ADC7E1-7946-6039-1610-00000000AD01},2021-03-02 16:54:25+00:00,1,1,1,1,0,1,1,0,0,0,0,0,0,0,0,1,0,1,T1059.001,atomic_red_team,data\datasets\splunk_attack_data\datasets\attack_techniques\T1059.001\atomic_red_team\windows-sysmon.log
win-dc-974.attackrange.local,{05ADC7E1-7946-6039-1610-00000000AD01},2021-03-02 16:56:25+00:00,1,1,1,1,0,1,1,0,0,0,0,0,0,0,0,1,0,1,T1059.001,atomic_red_team,data\datasets\splunk_attack_data\datasets\attack_techniques\T1059.001\atomic_red_team\windows-sysmon.log
win-dc-974.attackrange.local,{05ADC7E1-7946-6039-1610-00000000AD01},2021-03-02 16:57:35+00:00,1,1,1,0,0,1,1,0,0,0,0,0,0,0,0,1,0,1,T1059.001,atomic_red_team,data\datasets\splunk_attack_data\datasets\attack_techniques\T1059.001\atomic_red_team\windows-sysmon.log
win-dc-974.attackrange.local,{05ADC7E1-7946-6039-1610-00000000AD01},2021-03-02 16:58:25+00:00,2,1,2,1,0,2,2,0,0,0,0,0,0,0,0,2,0,1,T1059.001,atomic_red_team,data\datasets\splunk_attack_data\datasets\attack_techniques\T1059.001\atomic_red_team\windows-sysmon.log
win-dc-974.attackrange.local,{05ADC7E1-FB1F-603C-5979-00000000AD01},2021-03-01 22:52:50+00:00,1,1,0,0,1,0,0,0,1,0,1,0,0,0,0,0,0,1,T1059.001,atomic_red_team,data\datasets\splunk_attack_data\datasets\attack_techniques\T1059.001\atomic_red_team\windows-sysmon.log
win-dc-974.attackrange.local,{05ADC7E1-FB1F-603C-5979-00000000AD01},2021-03-01 22:53:00+00:00,1,1,1,1,0,0,1,0,0,0,0,0,0,0,0,1,0,1,T1059.001,atomic_red_team,data\datasets\splunk_attack_data\datasets\attack_techniques\T1059.001\atomic_red_team\windows-sysmon.log
win-dc-974.attackrange.local,{05ADC7E1-FB1F-603C-5979-00000000AD01},2021-03-01 22:53:55+00:00,1,1,0,0,1,0,0,0,1,0,1,0,0,0,0,0,0,1,T1059.001,atomic_red_team,data\datasets\splunk_attack_data\datasets\attack_techniques\T1059.001\atomic_red_team\windows-sysmon.log
win-dc-974.attackrange.local,{05ADC7E1-FB1F-603C-5979-00000000AD01},2021-03-01 22:54:00+00:00,1,1,1,1,0,0,1,0,0,0,0,0,0,0,0,1,0,1,T1059.001,atomic_red_team,data\datasets\splunk_attack_data\datasets\attack_techniques\T1059.001\atomic_red_team\windows-sysmon.log
win-dc-974.attackrange.local,{05ADC7E1-FB1F-603C-5979-00000000AD01},2021-03-01 22:54:55+00:00,1,1,0,0,1,0,0,0,1,0,1,0,0,0,0,0,0,1,T1059.001,atomic_red_team,data\datasets\splunk_attack_data\datasets\attack_techniques\T1059.001\atomic_red_team\windows-sysmon.log
win-dc-974.attackrange.local,{05ADC7E1-FB1F-603C-5979-00000000AD01},2021-03-01 22:55:00+00:00,1,1,1,1,0,0,1,0,0,0,0,0,0,0,0,1,0,1,T1059.001,atomic_red_team,data\datasets\splunk_attack_data\datasets\attack_techniques\T1059.001\atomic_red_team\windows-sysmon.log
win-dc-974.attackrange.local,{05ADC7E1-FB1F-603C-5979-00000000AD01},2021-03-02 16:51:25+00:00,1,1,0,0,1,0,0,0,1,0,1,0,0,0,0,0,0,1,T1059.001,atomic_red_team,data\datasets\splunk_attack_data\datasets\attack_techniques\T1059.001\atomic_red_team\windows-sysmon.log
win-dc-974.attackrange.local,{05ADC7E1-FB1F-603C-5979-00000000AD01},2021-03-02 16:51:35+00:00,1,1,1,1,0,0,1,0,0,0,0,0,0,0,0,1,0,1,T1059.001,atomic_red_team,data\datasets\splunk_attack_data\datasets\attack_techniques\T1059.001\atomic_red_team\windows-sysmon.log
win-dc-974.attackrange.local,{05ADC7E1-FB1F-603C-5979-00000000AD01},2021-03-02 16:52:25+00:00,1,1,0,0,1,0,0,0,1,0,1,0,0,0,0,0,0,1,T1059.001,atomic_red_team,data\datasets\splunk_attack_data\datasets\attack_techniques\T1059.001\atomic_red_team\windows-sysmon.log
win-dc-974.attackrange.local,{05ADC7E1-FB1F-603C-5979-00000000AD01},2021-03-02 16:52:35+00:00,1,1,1,1,0,0,1,0,0,0,0,0,0,0,0,1,0,1,T1059.001,atomic_red_team,data\datasets\splunk_attack_data\datasets\attack_techniques\T1059.001\atomic_red_team\windows-sysmon.log
win-dc-974.attackrange.local,{05ADC7E1-FB1F-603C-5979-00000000AD01},2021-03-02 16:53:25+00:00,1,1,0,0,1,0,0,0,1,0,1,0,0,0,0,0,0,1,T1059.001,atomic_red_team,data\datasets\splunk_attack_data\datasets\attack_techniques\T1059.001\atomic_red_team\windows-sysmon.log
win-dc-974.attackrange.local,{05ADC7E1-FB1F-603C-5979-00000000AD01},2021-03-02 16:53:35+00:00,1,1,1,1,0,0,1,0,0,0,0,0,0,0,0,1,0,1,T1059.001,atomic_red_team,data\datasets\splunk_attack_data\datasets\attack_techniques\T1059.001\atomic_red_team\windows-sysmon.log
win-dc-974.attackrange.local,{05ADC7E1-FB1F-603C-5979-00000000AD01},2021-03-02 16:54:25+00:00,1,1,0,0,1,0,0,0,1,0,1,0,0,0,0,0,0,1,T1059.001,atomic_red_team,data\datasets\splunk_attack_data\datasets\attack_techniques\T1059.001\atomic_red_team\windows-sysmon.log
win-dc-974.attackrange.local,{05ADC7E1-FB1F-603C-5979-00000000AD01},2021-03-02 16:54:35+00:00,1,1,1,1,0,0,1,0,0,0,0,0,0,0,0,1,0,1,T1059.001,atomic_red_team,data\datasets\splunk_attack_data\datasets\attack_techniques\T1059.001\atomic_red_team\windows-sysmon.log
win-dc-974.attackrange.local,{05ADC7E1-FB1F-603C-5979-00000000AD01},2021-03-02 16:55:25+00:00,1,1,0,0,1,0,0,0,1,0,1,0,0,0,0,0,0,1,T1059.001,atomic_red_team,data\datasets\splunk_attack_data\datasets\attack_techniques\T1059.001\atomic_red_team\windows-sysmon.log
win-dc-974.attackrange.local,{05ADC7E1-FB1F-603C-5979-00000000AD01},2021-03-02 16:55:35+00:00,1,1,1,1,0,0,1,0,0,0,0,0,0,0,0,1,0,1,T1059.001,atomic_red_team,data\datasets\splunk_attack_data\datasets\attack_techniques\T1059.001\atomic_red_team\windows-sysmon.log
win-dc-974.attackrange.local,{05ADC7E1-FB1F-603C-5979-00000000AD01},2021-03-02 16:56:25+00:00,1,1,0,0,1,0,0,0,1,0,1,0,0,0,0,0,0,1,T1059.001,atomic_red_team,data\datasets\splunk_attack_data\datasets\attack_techniques\T1059.001\atomic_red_team\windows-sysmon.log
win-dc-974.attackrange.local,{05ADC7E1-FB1F-603C-5979-00000000AD01},2021-03-02 16:56:35+00:00,1,1,1,1,0,0,1,0,0,0,0,0,0,0,0,1,0,1,T1059.001,atomic_red_team,data\datasets\splunk_attack_data\datasets\attack_techniques\T1059.001\atomic_red_team\windows-sysmon.log
win-dc-974.attackrange.local,{05ADC7E1-FB1F-603C-5979-00000000AD01},2021-03-02 16:57:25+00:00,1,1,0,0,1,0,0,0,1,0,1,0,0,0,0,0,0,1,T1059.001,atomic_red_team,data\datasets\splunk_attack_data\datasets\attack_techniques\T1059.001\atomic_red_team\windows-sysmon.log
win-dc-974.attackrange.local,{05ADC7E1-FB1F-603C-5979-00000000AD01},2021-03-02 16:57:35+00:00,1,1,1,1,0,0,1,0,0,0,0,0,0,0,0,1,0,1,T1059.001,atomic_red_team,data\datasets\splunk_attack_data\datasets\attack_techniques\T1059.001\atomic_red_team\windows-sysmon.log
win-dc-974.attackrange.local,{05ADC7E1-FB1F-603C-5979-00000000AD01},2021-03-02 16:58:25+00:00,1,1,0,0,1,0,0,0,1,0,1,0,0,0,0,0,0,1,T1059.001,atomic_red_team,data\datasets\splunk_attack_data\datasets\attack_techniques\T1059.001\atomic_red_team\windows-sysmon.log
win-dc-974.attackrange.local,{05ADC7E1-FB1F-603C-5979-00000000AD01},2021-03-02 16:58:35+00:00,1,1,1,1,0,0,1,0,0,0,0,0,0,0,0,1,0,1,T1059.001,atomic_red_team,data\datasets\splunk_attack_data\datasets\attack_techniques\T1059.001\atomic_red_team\windows-sysmon.log
win-dc-974.attackrange.local,{05ADC7E1-FB1F-603C-5979-00000000AD01},2021-03-02 16:59:25+00:00,1,1,0,0,1,0,0,0,1,0,1,0,0,0,0,0,0,1,T1059.001,atomic_red_team,data\datasets\splunk_attack_data\datasets\attack_techniques\T1059.001\atomic_red_team\windows-sysmon.log
win-dc-974.attackrange.local,{05ADC7E1-FB1F-603C-5979-00000000AD01},2021-03-02 16:59:35+00:00,1,1,1,1,0,0,1,0,0,0,0,0,0,0,0,1,0,1,T1059.001,atomic_red_team,data\datasets\splunk_attack_data\datasets\attack_techniques\T1059.001\atomic_red_team\windows-sysmon.log
win-dc-974.attackrange.local,{05ADC7E1-FB27-603C-8779-00000000AD01},2021-03-01 22:52:40+00:00,1,1,0,0,1,0,0,0,1,0,1,0,0,0,0,0,0,1,T1059.001,atomic_red_team,data\datasets\splunk_attack_data\datasets\attack_techniques\T1059.001\atomic_red_team\windows-sysmon.log
win-dc-974.attackrange.local,{05ADC7E1-FB27-603C-8779-00000000AD01},2021-03-01 22:52:45+00:00,1,1,0,0,1,0,0,0,1,0,1,0,0,0,0,0,0,1,T1059.001,atomic_red_team,data\datasets\splunk_attack_data\datasets\attack_techniques\T1059.001\atomic_red_team\windows-sysmon.log
win-dc-974.attackrange.local,{05ADC7E1-FB27-603C-8779-00000000AD01},2021-03-01 22:52:50+00:00,1,1,0,0,1,0,0,0,1,0,1,0,0,0,0,0,0,1,T1059.001,atomic_red_team,data\datasets\splunk_attack_data\datasets\attack_techniques\T1059.001\atomic_red_team\windows-sysmon.log
win-dc-974.attackrange.local,{05ADC7E1-FB27-603C-8779-00000000AD01},2021-03-01 22:52:55+00:00,1,1,0,0,1,0,0,0,1,0,1,0,0,0,0,0,0,1,T1059.001,atomic_red_team,data\datasets\splunk_attack_data\datasets\attack_techniques\T1059.001\atomic_red_team\windows-sysmon.log
win-dc-974.attackrange.local,{05ADC7E1-FB27-603C-8779-00000000AD01},2021-03-01 22:53:00+00:00,1,1,0,0,1,0,0,0,1,0,1,0,0,0,0,0,0,1,T1059.001,atomic_red_team,data\datasets\splunk_attack_data\datasets\attack_techniques\T1059.001\atomic_red_team\windows-sysmon.log
win-dc-974.attackrange.local,{05ADC7E1-FB27-603C-8779-00000000AD01},2021-03-01 22:53:05+00:00,1,1,0,0,1,0,0,0,1,0,1,0,0,0,0,0,0,1,T1059.001,atomic_red_team,data\datasets\splunk_attack_data\datasets\attack_techniques\T1059.001\atomic_red_team\windows-sysmon.log
win-dc-974.attackrange.local,{05ADC7E1-FB27-603C-8779-00000000AD01},2021-03-01 22:53:10+00:00,1,1,0,0,1,0,0,0,1,0,1,0,0,0,0,0,0,1,T1059.001,atomic_red_team,data\datasets\splunk_attack_data\datasets\attack_techniques\T1059.001\atomic_red_team\windows-sysmon.log
win-dc-974.attackrange.local,{05ADC7E1-FB27-603C-8779-00000000AD01},2021-03-01 22:53:15+00:00,1,1,0,0,1,0,0,0,1,0,1,0,0,0,0,0,0,1,T1059.001,atomic_red_team,data\datasets\splunk_attack_data\datasets\attack_techniques\T1059.001\atomic_red_team\windows-sysmon.log
win-dc-974.attackrange.local,{05ADC7E1-FB27-603C-8779-00000000AD01},2021-03-01 22:53:20+00:00,1,1,0,0,1,0,0,0,1,0,1,0,0,0,0,0,0,1,T1059.001,atomic_red_team,data\datasets\splunk_attack_data\datasets\attack_techniques\T1059.001\atomic_red_team\windows-sysmon.log
win-dc-974.attackrange.local,{05ADC7E1-FB27-603C-8779-00000000AD01},2021-03-01 22:53:25+00:00,1,1,0,0,1,0,0,0,1,0,1,0,0,0,0,0,0,1,T1059.001,atomic_red_team,data\datasets\splunk_attack_data\datasets\attack_techniques\T1059.001\atomic_red_team\windows-sysmon.log
win-dc-974.attackrange.local,{05ADC7E1-FB27-603C-8779-00000000AD01},2021-03-01 22:53:30+00:00,1,1,0,0,1,0,0,0,1,0,1,0,0,0,0,0,0,1,T1059.001,atomic_red_team,data\datasets\splunk_attack_data\datasets\attack_techniques\T1059.001\atomic_red_team\windows-sysmon.log
win-dc-974.attackrange.local,{05ADC7E1-FB27-603C-8779-00000000AD01},2021-03-01 22:53:35+00:00,1,1,0,0,1,0,0,0,1,0,1,0,0,0,0,0,0,1,T1059.001,atomic_red_team,data\datasets\splunk_attack_data\datasets\attack_techniques\T1059.001\atomic_red_team\windows-sysmon.log
win-dc-974.attackrange.local,{05ADC7E1-FB27-603C-8779-00000000AD01},2021-03-01 22:53:40+00:00,1,1,0,0,1,0,0,0,1,0,1,0,0,0,0,0,0,1,T1059.001,atomic_red_team,data\datasets\splunk_attack_data\datasets\attack_techniques\T1059.001\atomic_red_team\windows-sysmon.log
win-dc-974.attackrange.local,{05ADC7E1-FB27-603C-8779-00000000AD01},2021-03-01 22:53:45+00:00,1,1,0,0,1,0,0,0,1,0,1,0,0,0,0,0,0,1,T1059.001,atomic_red_team,data\datasets\splunk_attack_data\datasets\attack_techniques\T1059.001\atomic_red_team\windows-sysmon.log
win-dc-974.attackrange.local,{05ADC7E1-FB27-603C-8779-00000000AD01},2021-03-01 22:53:55+00:00,1,1,0,0,1,0,0,0,1,0,1,0,0,0,0,0,0,1,T1059.001,atomic_red_team,data\datasets\splunk_attack_data\datasets\attack_techniques\T1059.001\atomic_red_team\windows-sysmon.log
win-dc-974.attackrange.local,{05ADC7E1-FB27-603C-8779-00000000AD01},2021-03-01 22:54:00+00:00,1,1,0,0,1,0,0,0,1,0,1,0,0,0,0,0,0,1,T1059.001,atomic_red_team,data\datasets\splunk_attack_data\datasets\attack_techniques\T1059.001\atomic_red_team\windows-sysmon.log
win-dc-974.attackrange.local,{05ADC7E1-FB27-603C-8779-00000000AD01},2021-03-01 22:54:05+00:00,1,1,0,0,1,0,0,0,1,0,1,0,0,0,0,0,0,1,T1059.001,atomic_red_team,data\datasets\splunk_attack_data\datasets\attack_techniques\T1059.001\atomic_red_team\windows-sysmon.log
win-dc-974.attackrange.local,{05ADC7E1-FB27-603C-8779-00000000AD01},2021-03-01 22:54:10+00:00,1,1,0,0,1,0,0,0,1,0,1,0,0,0,0,0,0,1,T1059.001,atomic_red_team,data\datasets\splunk_attack_data\datasets\attack_techniques\T1059.001\atomic_red_team\windows-sysmon.log
win-dc-974.attackrange.local,{05ADC7E1-FB27-603C-8779-00000000AD01},2021-03-01 22:54:15+00:00,1,1,0,0,1,0,0,0,1,0,1,0,0,0,0,0,0,1,T1059.001,atomic_red_team,data\datasets\splunk_attack_data\datasets\attack_techniques\T1059.001\atomic_red_team\windows-sysmon.log
win-dc-974.attackrange.local,{05ADC7E1-FB27-603C-8779-00000000AD01},2021-03-01 22:54:20+00:00,1,1,0,0,1,0,0,0,1,0,1,0,0,0,0,0,0,1,T1059.001,atomic_red_team,data\datasets\splunk_attack_data\datasets\attack_techniques\T1059.001\atomic_red_team\windows-sysmon.log
win-dc-974.attackrange.local,{05ADC7E1-FB27-603C-8779-00000000AD01},2021-03-01 22:54:25+00:00,1,1,0,0,1,0,0,0,1,0,1,0,0,0,0,0,0,1,T1059.001,atomic_red_team,data\datasets\splunk_attack_data\datasets\attack_techniques\T1059.001\atomic_red_team\windows-sysmon.log
win-dc-974.attackrange.local,{05ADC7E1-FB27-603C-8779-00000000AD01},2021-03-01 22:54:30+00:00,1,1,0,0,1,0,0,0,1,0,1,0,0,0,0,0,0,1,T1059.001,atomic_red_team,data\datasets\splunk_attack_data\datasets\attack_techniques\T1059.001\atomic_red_team\windows-sysmon.log
win-dc-974.attackrange.local,{05ADC7E1-FB27-603C-8779-00000000AD01},2021-03-01 22:54:35+00:00,1,1,0,0,1,0,0,0,1,0,1,0,0,0,0,0,0,1,T1059.001,atomic_red_team,data\datasets\splunk_attack_data\datasets\attack_techniques\T1059.001\atomic_red_team\windows-sysmon.log
win-dc-974.attackrange.local,{05ADC7E1-FB27-603C-8779-00000000AD01},2021-03-01 22:54:40+00:00,1,1,0,0,1,0,0,0,1,0,1,0,0,0,0,0,0,1,T1059.001,atomic_red_team,data\datasets\splunk_attack_data\datasets\attack_techniques\T1059.001\atomic_red_team\windows-sysmon.log
win-dc-974.attackrange.local,{05ADC7E1-FB27-603C-8779-00000000AD01},2021-03-01 22:54:45+00:00,1,1,0,0,1,0,0,0,1,0,1,0,0,0,0,0,0,1,T1059.001,atomic_red_team,data\datasets\splunk_attack_data\datasets\attack_techniques\T1059.001\atomic_red_team\windows-sysmon.log
win-dc-974.attackrange.local,{05ADC7E1-FB27-603C-8779-00000000AD01},2021-03-01 22:54:50+00:00,1,1,0,0,1,0,0,0,1,0,1,0,0,0,0,0,0,1,T1059.001,atomic_red_team,data\datasets\splunk_attack_data\datasets\attack_techniques\T1059.001\atomic_red_team\windows-sysmon.log
win-dc-974.attackrange.local,{05ADC7E1-FB27-603C-8779-00000000AD01},2021-03-01 22:54:55+00:00,1,1,0,0,1,0,0,0,1,0,1,0,0,0,0,0,0,1,T1059.001,atomic_red_team,data\datasets\splunk_attack_data\datasets\attack_techniques\T1059.001\atomic_red_team\windows-sysmon.log
win-dc-974.attackrange.local,{05ADC7E1-FB27-603C-8779-00000000AD01},2021-03-01 22:55:00+00:00,1,1,0,0,1,0,0,0,1,0,1,0,0,0,0,0,0,1,T1059.001,atomic_red_team,data\datasets\splunk_attack_data\datasets\attack_techniques\T1059.001\atomic_red_team\windows-sysmon.log
win-dc-974.attackrange.local,{05ADC7E1-FB27-603C-8779-00000000AD01},2021-03-01 22:55:05+00:00,1,1,0,0,1,0,0,0,1,0,1,0,0,0,0,0,0,1,T1059.001,atomic_red_team,data\datasets\splunk_attack_data\datasets\attack_techniques\T1059.001\atomic_red_team\windows-sysmon.log
win-dc-974.attackrange.local,{05ADC7E1-FB27-603C-8779-00000000AD01},2021-03-01 22:55:10+00:00,1,1,0,0,1,0,0,0,1,0,1,0,0,0,0,0,0,1,T1059.001,atomic_red_team,data\datasets\splunk_attack_data\datasets\attack_techniques\T1059.001\atomic_red_team\windows-sysmon.log
win-dc-974.attackrange.local,{05ADC7E1-FB27-603C-8779-00000000AD01},2021-03-01 22:55:15+00:00,1,1,0,0,1,0,0,0,1,0,1,0,0,0,0,0,0,1,T1059.001,atomic_red_team,data\datasets\splunk_attack_data\datasets\attack_techniques\T1059.001\atomic_red_team\windows-sysmon.log
win-dc-974.attackrange.local,{05ADC7E1-FB27-603C-8779-00000000AD01},2021-03-01 22:55:20+00:00,1,1,0,0,1,0,0,0,1,0,1,0,0,0,0,0,0,1,T1059.001,atomic_red_team,data\datasets\splunk_attack_data\datasets\attack_techniques\T1059.001\atomic_red_team\windows-sysmon.log
win-dc-974.attackrange.local,{05ADC7E1-FB27-603C-8779-00000000AD01},2021-03-01 22:55:25+00:00,1,1,0,0,1,0,0,0,1,0,1,0,0,0,0,0,0,1,T1059.001,atomic_red_team,data\datasets\splunk_attack_data\datasets\attack_techniques\T1059.001\atomic_red_team\windows-sysmon.log
win-dc-974.attackrange.local,{05ADC7E1-FB27-603C-8779-00000000AD01},2021-03-01 22:55:30+00:00,1,1,0,0,1,0,0,0,1,0,1,0,0,0,0,0,0,1,T1059.001,atomic_red_team,data\datasets\splunk_attack_data\datasets\attack_techniques\T1059.001\atomic_red_team\windows-sysmon.log
win-dc-974.attackrange.local,{05ADC7E1-FB27-603C-8779-00000000AD01},2021-03-01 22:55:35+00:00,1,1,0,0,1,0,0,0,1,0,1,0,0,0,0,0,0,1,T1059.001,atomic_red_team,data\datasets\splunk_attack_data\datasets\attack_techniques\T1059.001\atomic_red_team\windows-sysmon.log
win-dc-974.attackrange.local,{05ADC7E1-FB27-603C-8779-00000000AD01},2021-03-01 22:55:40+00:00,1,1,0,0,1,0,0,0,1,0,1,0,0,0,0,0,0,1,T1059.001,atomic_red_team,data\datasets\splunk_attack_data\datasets\attack_techniques\T1059.001\atomic_red_team\windows-sysmon.log
win-dc-974.attackrange.local,{05ADC7E1-FB27-603C-8779-00000000AD01},2021-03-02 16:51:05+00:00,1,1,0,0,1,0,0,0,1,0,1,0,0,0,0,0,0,1,T1059.001,atomic_red_team,data\datasets\splunk_attack_data\datasets\attack_techniques\T1059.001\atomic_red_team\windows-sysmon.log
win-dc-974.attackrange.local,{05ADC7E1-FB27-603C-8779-00000000AD01},2021-03-02 16:51:10+00:00,1,1,0,0,1,0,0,0,1,0,1,0,0,0,0,0,0,1,T1059.001,atomic_red_team,data\datasets\splunk_attack_data\datasets\attack_techniques\T1059.001\atomic_red_team\windows-sysmon.log
win-dc-974.attackrange.local,{05ADC7E1-FB27-603C-8779-00000000AD01},2021-03-02 16:51:15+00:00,1,1,0,0,1,0,0,0,1,0,1,0,0,0,0,0,0,1,T1059.001,atomic_red_team,data\datasets\splunk_attack_data\datasets\attack_techniques\T1059.001\atomic_red_team\windows-sysmon.log
win-dc-974.attackrange.local,{05ADC7E1-FB27-603C-8779-00000000AD01},2021-03-02 16:51:20+00:00,1,1,0,0,1,0,0,0,1,0,1,0,0,0,0,0,0,1,T1059.001,atomic_red_team,data\datasets\splunk_attack_data\datasets\attack_techniques\T1059.001\atomic_red_team\windows-sysmon.log
win-dc-974.attackrange.local,{05ADC7E1-FB27-603C-8779-00000000AD01},2021-03-02 16:51:25+00:00,1,1,0,0,1,0,0,0,1,0,1,0,0,0,0,0,0,1,T1059.001,atomic_red_team,data\datasets\splunk_attack_data\datasets\attack_techniques\T1059.001\atomic_red_team\windows-sysmon.log
win-dc-974.attackrange.local,{05ADC7E1-FB27-603C-8779-00000000AD01},2021-03-02 16:51:30+00:00,1,1,0,0,1,0,0,0,1,0,1,0,0,0,0,0,0,1,T1059.001,atomic_red_team,data\datasets\splunk_attack_data\datasets\attack_techniques\T1059.001\atomic_red_team\windows-sysmon.log
win-dc-974.attackrange.local,{05ADC7E1-FB27-603C-8779-00000000AD01},2021-03-02 16:51:35+00:00,1,1,0,0,1,0,0,0,1,0,1,0,0,0,0,0,0,1,T1059.001,atomic_red_team,data\datasets\splunk_attack_data\datasets\attack_techniques\T1059.001\atomic_red_team\windows-sysmon.log
win-dc-974.attackrange.local,{05ADC7E1-FB27-603C-8779-00000000AD01},2021-03-02 16:51:40+00:00,1,1,0,0,1,0,0,0,1,0,1,0,0,0,0,0,0,1,T1059.001,atomic_red_team,data\datasets\splunk_attack_data\datasets\attack_techniques\T1059.001\atomic_red_team\windows-sysmon.log
win-dc-974.attackrange.local,{05ADC7E1-FB27-603C-8779-00000000AD01},2021-03-02 16:51:45+00:00,1,1,0,0,1,0,0,0,1,0,1,0,0,0,0,0,0,1,T1059.001,atomic_red_team,data\datasets\splunk_attack_data\datasets\attack_techniques\T1059.001\atomic_red_team\windows-sysmon.log
win-dc-974.attackrange.local,{05ADC7E1-FB27-603C-8779-00000000AD01},2021-03-02 16:51:55+00:00,1,1,0,0,1,0,0,0,1,0,1,0,0,0,0,0,0,1,T1059.001,atomic_red_team,data\datasets\splunk_attack_data\datasets\attack_techniques\T1059.001\atomic_red_team\windows-sysmon.log
win-dc-974.attackrange.local,{05ADC7E1-FB27-603C-8779-00000000AD01},2021-03-02 16:52:00+00:00,1,1,0,0,1,0,0,0,1,0,1,0,0,0,0,0,0,1,T1059.001,atomic_red_team,data\datasets\splunk_attack_data\datasets\attack_techniques\T1059.001\atomic_red_team\windows-sysmon.log
win-dc-974.attackrange.local,{05ADC7E1-FB27-603C-8779-00000000AD01},2021-03-02 16:52:05+00:00,1,1,0,0,1,0,0,0,1,0,1,0,0,0,0,0,0,1,T1059.001,atomic_red_team,data\datasets\splunk_attack_data\datasets\attack_techniques\T1059.001\atomic_red_team\windows-sysmon.log
win-dc-974.attackrange.local,{05ADC7E1-FB27-603C-8779-00000000AD01},2021-03-02 16:52:10+00:00,1,1,0,0,1,0,0,0,1,0,1,0,0,0,0,0,0,1,T1059.001,atomic_red_team,data\datasets\splunk_attack_data\datasets\attack_techniques\T1059.001\atomic_red_team\windows-sysmon.log
win-dc-974.attackrange.local,{05ADC7E1-FB27-603C-8779-00000000AD01},2021-03-02 16:52:15+00:00,1,1,0,0,1,0,0,0,1,0,1,0,0,0,0,0,0,1,T1059.001,atomic_red_team,data\datasets\splunk_attack_data\datasets\attack_techniques\T1059.001\atomic_red_team\windows-sysmon.log
win-dc-974.attackrange.local,{05ADC7E1-FB27-603C-8779-00000000AD01},2021-03-02 16:52:20+00:00,1,1,0,0,1,0,0,0,1,0,1,0,0,0,0,0,0,1,T1059.001,atomic_red_team,data\datasets\splunk_attack_data\datasets\attack_techniques\T1059.001\atomic_red_team\windows-sysmon.log
win-dc-974.attackrange.local,{05ADC7E1-FB27-603C-8779-00000000AD01},2021-03-02 16:52:25+00:00,1,1,0,0,1,0,0,0,1,0,1,0,0,0,0,0,0,1,T1059.001,atomic_red_team,data\datasets\splunk_attack_data\datasets\attack_techniques\T1059.001\atomic_red_team\windows-sysmon.log
win-dc-974.attackrange.local,{05ADC7E1-FB27-603C-8779-00000000AD01},2021-03-02 16:52:30+00:00,1,1,0,0,1,0,0,0,1,0,1,0,0,0,0,0,0,1,T1059.001,atomic_red_team,data\datasets\splunk_attack_data\datasets\attack_techniques\T1059.001\atomic_red_team\windows-sysmon.log
win-dc-974.attackrange.local,{05ADC7E1-FB27-603C-8779-00000000AD01},2021-03-02 16:52:35+00:00,1,1,0,0,1,0,0,0,1,0,1,0,0,0,0,0,0,1,T1059.001,atomic_red_team,data\datasets\splunk_attack_data\datasets\attack_techniques\T1059.001\atomic_red_team\windows-sysmon.log
win-dc-974.attackrange.local,{05ADC7E1-FB27-603C-8779-00000000AD01},2021-03-02 16:52:40+00:00,1,1,0,0,1,0,0,0,1,0,1,0,0,0,0,0,0,1,T1059.001,atomic_red_team,data\datasets\splunk_attack_data\datasets\attack_techniques\T1059.001\atomic_red_team\windows-sysmon.log
win-dc-974.attackrange.local,{05ADC7E1-FB27-603C-8779-00000000AD01},2021-03-02 16:52:45+00:00,1,1,0,0,1,0,0,0,1,0,1,0,0,0,0,0,0,1,T1059.001,atomic_red_team,data\datasets\splunk_attack_data\datasets\attack_techniques\T1059.001\atomic_red_team\windows-sysmon.log
win-dc-974.attackrange.local,{05ADC7E1-FB27-603C-8779-00000000AD01},2021-03-02 16:52:55+00:00,1,1,0,0,1,0,0,0,1,0,1,0,0,0,0,0,0,1,T1059.001,atomic_red_team,data\datasets\splunk_attack_data\datasets\attack_techniques\T1059.001\atomic_red_team\windows-sysmon.log
win-dc-974.attackrange.local,{05ADC7E1-FB27-603C-8779-00000000AD01},2021-03-02 16:53:00+00:00,1,1,0,0,1,0,0,0,1,0,1,0,0,0,0,0,0,1,T1059.001,atomic_red_team,data\datasets\splunk_attack_data\datasets\attack_techniques\T1059.001\atomic_red_team\windows-sysmon.log
win-dc-974.attackrange.local,{05ADC7E1-FB27-603C-8779-00000000AD01},2021-03-02 16:53:05+00:00,1,1,0,0,1,0,0,0,1,0,1,0,0,0,0,0,0,1,T1059.001,atomic_red_team,data\datasets\splunk_attack_data\datasets\attack_techniques\T1059.001\atomic_red_team\windows-sysmon.log
win-dc-974.attackrange.local,{05ADC7E1-FB27-603C-8779-00000000AD01},2021-03-02 16:53:10+00:00,1,1,0,0,1,0,0,0,1,0,1,0,0,0,0,0,0,1,T1059.001,atomic_red_team,data\datasets\splunk_attack_data\datasets\attack_techniques\T1059.001\atomic_red_team\windows-sysmon.log
win-dc-974.attackrange.local,{05ADC7E1-FB27-603C-8779-00000000AD01},2021-03-02 16:53:15+00:00,1,1,0,0,1,0,0,0,1,0,1,0,0,0,0,0,0,1,T1059.001,atomic_red_team,data\datasets\splunk_attack_data\datasets\attack_techniques\T1059.001\atomic_red_team\windows-sysmon.log
win-dc-974.attackrange.local,{05ADC7E1-FB27-603C-8779-00000000AD01},2021-03-02 16:53:20+00:00,1,1,0,0,1,0,0,0,1,0,1,0,0,0,0,0,0,1,T1059.001,atomic_red_team,data\datasets\splunk_attack_data\datasets\attack_techniques\T1059.001\atomic_red_team\windows-sysmon.log
win-dc-974.attackrange.local,{05ADC7E1-FB27-603C-8779-00000000AD01},2021-03-02 16:53:25+00:00,1,1,0,0,1,0,0,0,1,0,1,0,0,0,0,0,0,1,T1059.001,atomic_red_team,data\datasets\splunk_attack_data\datasets\attack_techniques\T1059.001\atomic_red_team\windows-sysmon.log
win-dc-974.attackrange.local,{05ADC7E1-FB27-603C-8779-00000000AD01},2021-03-02 16:53:30+00:00,1,1,0,0,1,0,0,0,1,0,1,0,0,0,0,0,0,1,T1059.001,atomic_red_team,data\datasets\splunk_attack_data\datasets\attack_techniques\T1059.001\atomic_red_team\windows-sysmon.log
win-dc-974.attackrange.local,{05ADC7E1-FB27-603C-8779-00000000AD01},2021-03-02 16:53:35+00:00,1,1,0,0,1,0,0,0,1,0,1,0,0,0,0,0,0,1,T1059.001,atomic_red_team,data\datasets\splunk_attack_data\datasets\attack_techniques\T1059.001\atomic_red_team\windows-sysmon.log
win-dc-974.attackrange.local,{05ADC7E1-FB27-603C-8779-00000000AD01},2021-03-02 16:53:40+00:00,1,1,0,0,1,0,0,0,1,0,1,0,0,0,0,0,0,1,T1059.001,atomic_red_team,data\datasets\splunk_attack_data\datasets\attack_techniques\T1059.001\atomic_red_team\windows-sysmon.log
win-dc-974.attackrange.local,{05ADC7E1-FB27-603C-8779-00000000AD01},2021-03-02 16:53:45+00:00,1,1,0,0,1,0,0,0,1,0,1,0,0,0,0,0,0,1,T1059.001,atomic_red_team,data\datasets\splunk_attack_data\datasets\attack_techniques\T1059.001\atomic_red_team\windows-sysmon.log
win-dc-974.attackrange.local,{05ADC7E1-FB27-603C-8779-00000000AD01},2021-03-02 16:53:50+00:00,1,1,0,0,1,0,0,0,1,0,1,0,0,0,0,0,0,1,T1059.001,atomic_red_team,data\datasets\splunk_attack_data\datasets\attack_techniques\T1059.001\atomic_red_team\windows-sysmon.log
win-dc-974.attackrange.local,{05ADC7E1-FB27-603C-8779-00000000AD01},2021-03-02 16:53:55+00:00,1,1,0,0,1,0,0,0,1,0,1,0,0,0,0,0,0,1,T1059.001,atomic_red_team,data\datasets\splunk_attack_data\datasets\attack_techniques\T1059.001\atomic_red_team\windows-sysmon.log
win-dc-974.attackrange.local,{05ADC7E1-FB27-603C-8779-00000000AD01},2021-03-02 16:54:00+00:00,1,1,0,0,1,0,0,0,1,0,1,0,0,0,0,0,0,1,T1059.001,atomic_red_team,data\datasets\splunk_attack_data\datasets\attack_techniques\T1059.001\atomic_red_team\windows-sysmon.log
win-dc-974.attackrange.local,{05ADC7E1-FB27-603C-8779-00000000AD01},2021-03-02 16:54:05+00:00,1,1,0,0,1,0,0,0,1,0,1,0,0,0,0,0,0,1,T1059.001,atomic_red_team,data\datasets\splunk_attack_data\datasets\attack_techniques\T1059.001\atomic_red_team\windows-sysmon.log
win-dc-974.attackrange.local,{05ADC7E1-FB27-603C-8779-00000000AD01},2021-03-02 16:54:10+00:00,1,1,0,0,1,0,0,0,1,0,1,0,0,0,0,0,0,1,T1059.001,atomic_red_team,data\datasets\splunk_attack_data\datasets\attack_techniques\T1059.001\atomic_red_team\windows-sysmon.log
win-dc-974.attackrange.local,{05ADC7E1-FB27-603C-8779-00000000AD01},2021-03-02 16:54:15+00:00,1,1,0,0,1,0,0,0,1,0,1,0,0,0,0,0,0,1,T1059.001,atomic_red_team,data\datasets\splunk_attack_data\datasets\attack_techniques\T1059.001\atomic_red_team\windows-sysmon.log
win-dc-974.attackrange.local,{05ADC7E1-FB27-603C-8779-00000000AD01},2021-03-02 16:54:20+00:00,1,1,0,0,1,0,0,0,1,0,1,0,0,0,0,0,0,1,T1059.001,atomic_red_team,data\datasets\splunk_attack_data\datasets\attack_techniques\T1059.001\atomic_red_team\windows-sysmon.log
win-dc-974.attackrange.local,{05ADC7E1-FB27-603C-8779-00000000AD01},2021-03-02 16:54:25+00:00,1,1,0,0,1,0,0,0,1,0,1,0,0,0,0,0,0,1,T1059.001,atomic_red_team,data\datasets\splunk_attack_data\datasets\attack_techniques\T1059.001\atomic_red_team\windows-sysmon.log
win-dc-974.attackrange.local,{05ADC7E1-FB27-603C-8779-00000000AD01},2021-03-02 16:54:30+00:00,1,1,0,0,1,0,0,0,1,0,1,0,0,0,0,0,0,1,T1059.001,atomic_red_team,data\datasets\splunk_attack_data\datasets\attack_techniques\T1059.001\atomic_red_team\windows-sysmon.log
win-dc-974.attackrange.local,{05ADC7E1-FB27-603C-8779-00000000AD01},2021-03-02 16:54:35+00:00,1,1,0,0,1,0,0,0,1,0,1,0,0,0,0,0,0,1,T1059.001,atomic_red_team,data\datasets\splunk_attack_data\datasets\attack_techniques\T1059.001\atomic_red_team\windows-sysmon.log
win-dc-974.attackrange.local,{05ADC7E1-FB27-603C-8779-00000000AD01},2021-03-02 16:54:40+00:00,1,1,0,0,1,0,0,0,1,0,1,0,0,0,0,0,0,1,T1059.001,atomic_red_team,data\datasets\splunk_attack_data\datasets\attack_techniques\T1059.001\atomic_red_team\windows-sysmon.log
win-dc-974.attackrange.local,{05ADC7E1-FB27-603C-8779-00000000AD01},2021-03-02 16:54:45+00:00,1,1,0,0,1,0,0,0,1,0,1,0,0,0,0,0,0,1,T1059.001,atomic_red_team,data\datasets\splunk_attack_data\datasets\attack_techniques\T1059.001\atomic_red_team\windows-sysmon.log
win-dc-974.attackrange.local,{05ADC7E1-FB27-603C-8779-00000000AD01},2021-03-02 16:54:50+00:00,1,1,0,0,1,0,0,0,1,0,1,0,0,0,0,0,0,1,T1059.001,atomic_red_team,data\datasets\splunk_attack_data\datasets\attack_techniques\T1059.001\atomic_red_team\windows-sysmon.log
win-dc-974.attackrange.local,{05ADC7E1-FB27-603C-8779-00000000AD01},2021-03-02 16:54:55+00:00,1,1,0,0,1,0,0,0,1,0,1,0,0,0,0,0,0,1,T1059.001,atomic_red_team,data\datasets\splunk_attack_data\datasets\attack_techniques\T1059.001\atomic_red_team\windows-sysmon.log
win-dc-974.attackrange.local,{05ADC7E1-FB27-603C-8779-00000000AD01},2021-03-02 16:55:05+00:00,1,1,0,0,1,0,0,0,1,0,1,0,0,0,0,0,0,1,T1059.001,atomic_red_team,data\datasets\splunk_attack_data\datasets\attack_techniques\T1059.001\atomic_red_team\windows-sysmon.log
win-dc-974.attackrange.local,{05ADC7E1-FB27-603C-8779-00000000AD01},2021-03-02 16:55:10+00:00,1,1,0,0,1,0,0,0,1,0,1,0,0,0,0,0,0,1,T1059.001,atomic_red_team,data\datasets\splunk_attack_data\datasets\attack_techniques\T1059.001\atomic_red_team\windows-sysmon.log
win-dc-974.attackrange.local,{05ADC7E1-FB27-603C-8779-00000000AD01},2021-03-02 16:55:15+00:00,1,1,0,0,1,0,0,0,1,0,1,0,0,0,0,0,0,1,T1059.001,atomic_red_team,data\datasets\splunk_attack_data\datasets\attack_techniques\T1059.001\atomic_red_team\windows-sysmon.log
win-dc-974.attackrange.local,{05ADC7E1-FB27-603C-8779-00000000AD01},2021-03-02 16:55:20+00:00,1,1,0,0,1,0,0,0,1,0,1,0,0,0,0,0,0,1,T1059.001,atomic_red_team,data\datasets\splunk_attack_data\datasets\attack_techniques\T1059.001\atomic_red_team\windows-sysmon.log
win-dc-974.attackrange.local,{05ADC7E1-FB27-603C-8779-00000000AD01},2021-03-02 16:55:25+00:00,1,1,0,0,1,0,0,0,1,0,1,0,0,0,0,0,0,1,T1059.001,atomic_red_team,data\datasets\splunk_attack_data\datasets\attack_techniques\T1059.001\atomic_red_team\windows-sysmon.log
win-dc-974.attackrange.local,{05ADC7E1-FB27-603C-8779-00000000AD01},2021-03-02 16:55:30+00:00,1,1,0,0,1,0,0,0,1,0,1,0,0,0,0,0,0,1,T1059.001,atomic_red_team,data\datasets\splunk_attack_data\datasets\attack_techniques\T1059.001\atomic_red_team\windows-sysmon.log
win-dc-974.attackrange.local,{05ADC7E1-FB27-603C-8779-00000000AD01},2021-03-02 16:55:35+00:00,1,1,0,0,1,0,0,0,1,0,1,0,0,0,0,0,0,1,T1059.001,atomic_red_team,data\datasets\splunk_attack_data\datasets\attack_techniques\T1059.001\atomic_red_team\windows-sysmon.log
win-dc-974.attackrange.local,{05ADC7E1-FB27-603C-8779-00000000AD01},2021-03-02 16:55:40+00:00,1,1,0,0,1,0,0,0,1,0,1,0,0,0,0,0,0,1,T1059.001,atomic_red_team,data\datasets\splunk_attack_data\datasets\attack_techniques\T1059.001\atomic_red_team\windows-sysmon.log
win-dc-974.attackrange.local,{05ADC7E1-FB27-603C-8779-00000000AD01},2021-03-02 16:55:45+00:00,1,1,0,0,1,0,0,0,1,0,1,0,0,0,0,0,0,1,T1059.001,atomic_red_team,data\datasets\splunk_attack_data\datasets\attack_techniques\T1059.001\atomic_red_team\windows-sysmon.log
win-dc-974.attackrange.local,{05ADC7E1-FB27-603C-8779-00000000AD01},2021-03-02 16:55:50+00:00,1,1,0,0,1,0,0,0,1,0,1,0,0,0,0,0,0,1,T1059.001,atomic_red_team,data\datasets\splunk_attack_data\datasets\attack_techniques\T1059.001\atomic_red_team\windows-sysmon.log
win-dc-974.attackrange.local,{05ADC7E1-FB27-603C-8779-00000000AD01},2021-03-02 16:55:55+00:00,1,1,0,0,1,0,0,0,1,0,1,0,0,0,0,0,0,1,T1059.001,atomic_red_team,data\datasets\splunk_attack_data\datasets\attack_techniques\T1059.001\atomic_red_team\windows-sysmon.log
win-dc-974.attackrange.local,{05ADC7E1-FB27-603C-8779-00000000AD01},2021-03-02 16:56:05+00:00,1,1,0,0,1,0,0,0,1,0,1,0,0,0,0,0,0,1,T1059.001,atomic_red_team,data\datasets\splunk_attack_data\datasets\attack_techniques\T1059.001\atomic_red_team\windows-sysmon.log
win-dc-974.attackrange.local,{05ADC7E1-FB27-603C-8779-00000000AD01},2021-03-02 16:56:10+00:00,1,1,0,0,1,0,0,0,1,0,1,0,0,0,0,0,0,1,T1059.001,atomic_red_team,data\datasets\splunk_attack_data\datasets\attack_techniques\T1059.001\atomic_red_team\windows-sysmon.log
win-dc-974.attackrange.local,{05ADC7E1-FB27-603C-8779-00000000AD01},2021-03-02 16:56:15+00:00,1,1,0,0,1,0,0,0,1,0,1,0,0,0,0,0,0,1,T1059.001,atomic_red_team,data\datasets\splunk_attack_data\datasets\attack_techniques\T1059.001\atomic_red_team\windows-sysmon.log
win-dc-974.attackrange.local,{05ADC7E1-FB27-603C-8779-00000000AD01},2021-03-02 16:56:20+00:00,1,1,0,0,1,0,0,0,1,0,1,0,0,0,0,0,0,1,T1059.001,atomic_red_team,data\datasets\splunk_attack_data\datasets\attack_techniques\T1059.001\atomic_red_team\windows-sysmon.log
win-dc-974.attackrange.local,{05ADC7E1-FB27-603C-8779-00000000AD01},2021-03-02 16:56:25+00:00,1,1,0,0,1,0,0,0,1,0,1,0,0,0,0,0,0,1,T1059.001,atomic_red_team,data\datasets\splunk_attack_data\datasets\attack_techniques\T1059.001\atomic_red_team\windows-sysmon.log
win-dc-974.attackrange.local,{05ADC7E1-FB27-603C-8779-00000000AD01},2021-03-02 16:56:30+00:00,1,1,0,0,1,0,0,0,1,0,1,0,0,0,0,0,0,1,T1059.001,atomic_red_team,data\datasets\splunk_attack_data\datasets\attack_techniques\T1059.001\atomic_red_team\windows-sysmon.log
win-dc-974.attackrange.local,{05ADC7E1-FB27-603C-8779-00000000AD01},2021-03-02 16:56:35+00:00,1,1,0,0,1,0,0,0,1,0,1,0,0,0,0,0,0,1,T1059.001,atomic_red_team,data\datasets\splunk_attack_data\datasets\attack_techniques\T1059.001\atomic_red_team\windows-sysmon.log
win-dc-974.attackrange.local,{05ADC7E1-FB27-603C-8779-00000000AD01},2021-03-02 16:56:40+00:00,1,1,0,0,1,0,0,0,1,0,1,0,0,0,0,0,0,1,T1059.001,atomic_red_team,data\datasets\splunk_attack_data\datasets\attack_techniques\T1059.001\atomic_red_team\windows-sysmon.log
win-dc-974.attackrange.local,{05ADC7E1-FB27-603C-8779-00000000AD01},2021-03-02 16:56:45+00:00,1,1,0,0,1,0,0,0,1,0,1,0,0,0,0,0,0,1,T1059.001,atomic_red_team,data\datasets\splunk_attack_data\datasets\attack_techniques\T1059.001\atomic_red_team\windows-sysmon.log
win-dc-974.attackrange.local,{05ADC7E1-FB27-603C-8779-00000000AD01},2021-03-02 16:56:50+00:00,1,1,0,0,1,0,0,0,1,0,1,0,0,0,0,0,0,1,T1059.001,atomic_red_team,data\datasets\splunk_attack_data\datasets\attack_techniques\T1059.001\atomic_red_team\windows-sysmon.log
win-dc-974.attackrange.local,{05ADC7E1-FB27-603C-8779-00000000AD01},2021-03-02 16:56:55+00:00,1,1,0,0,1,0,0,0,1,0,1,0,0,0,0,0,0,1,T1059.001,atomic_red_team,data\datasets\splunk_attack_data\datasets\attack_techniques\T1059.001\atomic_red_team\windows-sysmon.log
win-dc-974.attackrange.local,{05ADC7E1-FB27-603C-8779-00000000AD01},2021-03-02 16:57:00+00:00,1,1,0,0,1,0,0,0,1,0,1,0,0,0,0,0,0,1,T1059.001,atomic_red_team,data\datasets\splunk_attack_data\datasets\attack_techniques\T1059.001\atomic_red_team\windows-sysmon.log
win-dc-974.attackrange.local,{05ADC7E1-FB27-603C-8779-00000000AD01},2021-03-02 16:57:05+00:00,1,1,0,0,1,0,0,0,1,0,1,0,0,0,0,0,0,1,T1059.001,atomic_red_team,data\datasets\splunk_attack_data\datasets\attack_techniques\T1059.001\atomic_red_team\windows-sysmon.log
win-dc-974.attackrange.local,{05ADC7E1-FB27-603C-8779-00000000AD01},2021-03-02 16:57:10+00:00,1,1,0,0,1,0,0,0,1,0,1,0,0,0,0,0,0,1,T1059.001,atomic_red_team,data\datasets\splunk_attack_data\datasets\attack_techniques\T1059.001\atomic_red_team\windows-sysmon.log
win-dc-974.attackrange.local,{05ADC7E1-FB27-603C-8779-00000000AD01},2021-03-02 16:57:15+00:00,1,1,0,0,1,0,0,0,1,0,1,0,0,0,0,0,0,1,T1059.001,atomic_red_team,data\datasets\splunk_attack_data\datasets\attack_techniques\T1059.001\atomic_red_team\windows-sysmon.log
win-dc-974.attackrange.local,{05ADC7E1-FB27-603C-8779-00000000AD01},2021-03-02 16:57:20+00:00,1,1,0,0,1,0,0,0,1,0,1,0,0,0,0,0,0,1,T1059.001,atomic_red_team,data\datasets\splunk_attack_data\datasets\attack_techniques\T1059.001\atomic_red_team\windows-sysmon.log
win-dc-974.attackrange.local,{05ADC7E1-FB27-603C-8779-00000000AD01},2021-03-02 16:57:30+00:00,1,1,0,0,1,0,0,0,1,0,1,0,0,0,0,0,0,1,T1059.001,atomic_red_team,data\datasets\splunk_attack_data\datasets\attack_techniques\T1059.001\atomic_red_team\windows-sysmon.log
win-dc-974.attackrange.local,{05ADC7E1-FB27-603C-8779-00000000AD01},2021-03-02 16:57:35+00:00,1,1,0,0,1,0,0,0,1,0,1,0,0,0,0,0,0,1,T1059.001,atomic_red_team,data\datasets\splunk_attack_data\datasets\attack_techniques\T1059.001\atomic_red_team\windows-sysmon.log
win-dc-974.attackrange.local,{05ADC7E1-FB27-603C-8779-00000000AD01},2021-03-02 16:57:40+00:00,1,1,0,0,1,0,0,0,1,0,1,0,0,0,0,0,0,1,T1059.001,atomic_red_team,data\datasets\splunk_attack_data\datasets\attack_techniques\T1059.001\atomic_red_team\windows-sysmon.log
win-dc-974.attackrange.local,{05ADC7E1-FB27-603C-8779-00000000AD01},2021-03-02 16:57:45+00:00,1,1,0,0,1,0,0,0,1,0,1,0,0,0,0,0,0,1,T1059.001,atomic_red_team,data\datasets\splunk_attack_data\datasets\attack_techniques\T1059.001\atomic_red_team\windows-sysmon.log
win-dc-974.attackrange.local,{05ADC7E1-FB27-603C-8779-00000000AD01},2021-03-02 16:57:50+00:00,1,1,0,0,1,0,0,0,1,0,1,0,0,0,0,0,0,1,T1059.001,atomic_red_team,data\datasets\splunk_attack_data\datasets\attack_techniques\T1059.001\atomic_red_team\windows-sysmon.log
win-dc-974.attackrange.local,{05ADC7E1-FB27-603C-8779-00000000AD01},2021-03-02 16:57:55+00:00,1,1,0,0,1,0,0,0,1,0,1,0,0,0,0,0,0,1,T1059.001,atomic_red_team,data\datasets\splunk_attack_data\datasets\attack_techniques\T1059.001\atomic_red_team\windows-sysmon.log
win-dc-974.attackrange.local,{05ADC7E1-FB27-603C-8779-00000000AD01},2021-03-02 16:58:00+00:00,1,1,0,0,1,0,0,0,1,0,1,0,0,0,0,0,0,1,T1059.001,atomic_red_team,data\datasets\splunk_attack_data\datasets\attack_techniques\T1059.001\atomic_red_team\windows-sysmon.log
win-dc-974.attackrange.local,{05ADC7E1-FB27-603C-8779-00000000AD01},2021-03-02 16:58:05+00:00,1,1,0,0,1,0,0,0,1,0,1,0,0,0,0,0,0,1,T1059.001,atomic_red_team,data\datasets\splunk_attack_data\datasets\attack_techniques\T1059.001\atomic_red_team\windows-sysmon.log
win-dc-974.attackrange.local,{05ADC7E1-FB27-603C-8779-00000000AD01},2021-03-02 16:58:10+00:00,1,1,0,0,1,0,0,0,1,0,1,0,0,0,0,0,0,1,T1059.001,atomic_red_team,data\datasets\splunk_attack_data\datasets\attack_techniques\T1059.001\atomic_red_team\windows-sysmon.log
win-dc-974.attackrange.local,{05ADC7E1-FB27-603C-8779-00000000AD01},2021-03-02 16:58:15+00:00,1,1,0,0,1,0,0,0,1,0,1,0,0,0,0,0,0,1,T1059.001,atomic_red_team,data\datasets\splunk_attack_data\datasets\attack_techniques\T1059.001\atomic_red_team\windows-sysmon.log
win-dc-974.attackrange.local,{05ADC7E1-FB27-603C-8779-00000000AD01},2021-03-02 16:58:20+00:00,1,1,0,0,1,0,0,0,1,0,1,0,0,0,0,0,0,1,T1059.001,atomic_red_team,data\datasets\splunk_attack_data\datasets\attack_techniques\T1059.001\atomic_red_team\windows-sysmon.log
win-dc-974.attackrange.local,{05ADC7E1-FB27-603C-8779-00000000AD01},2021-03-02 16:58:25+00:00,1,1,0,0,1,0,0,0,1,0,1,0,0,0,0,0,0,1,T1059.001,atomic_red_team,data\datasets\splunk_attack_data\datasets\attack_techniques\T1059.001\atomic_red_team\windows-sysmon.log
win-dc-974.attackrange.local,{05ADC7E1-FB27-603C-8779-00000000AD01},2021-03-02 16:58:30+00:00,1,1,0,0,1,0,0,0,1,0,1,0,0,0,0,0,0,1,T1059.001,atomic_red_team,data\datasets\splunk_attack_data\datasets\attack_techniques\T1059.001\atomic_red_team\windows-sysmon.log
win-dc-974.attackrange.local,{05ADC7E1-FB27-603C-8779-00000000AD01},2021-03-02 16:58:35+00:00,1,1,0,0,1,0,0,0,1,0,1,0,0,0,0,0,0,1,T1059.001,atomic_red_team,data\datasets\splunk_attack_data\datasets\attack_techniques\T1059.001\atomic_red_team\windows-sysmon.log
win-dc-974.attackrange.local,{05ADC7E1-FB27-603C-8779-00000000AD01},2021-03-02 16:58:40+00:00,1,1,0,0,1,0,0,0,1,0,1,0,0,0,0,0,0,1,T1059.001,atomic_red_team,data\datasets\splunk_attack_data\datasets\attack_techniques\T1059.001\atomic_red_team\windows-sysmon.log
win-dc-974.attackrange.local,{05ADC7E1-FB27-603C-8779-00000000AD01},2021-03-02 16:58:45+00:00,1,1,0,0,1,0,0,0,1,0,1,0,0,0,0,0,0,1,T1059.001,atomic_red_team,data\datasets\splunk_attack_data\datasets\attack_techniques\T1059.001\atomic_red_team\windows-sysmon.log
win-dc-974.attackrange.local,{05ADC7E1-FB27-603C-8779-00000000AD01},2021-03-02 16:58:50+00:00,1,1,0,0,1,0,0,0,1,0,1,0,0,0,0,0,0,1,T1059.001,atomic_red_team,data\datasets\splunk_attack_data\datasets\attack_techniques\T1059.001\atomic_red_team\windows-sysmon.log
win-dc-974.attackrange.local,{05ADC7E1-FB27-603C-8779-00000000AD01},2021-03-02 16:58:55+00:00,1,1,0,0,1,0,0,0,1,0,1,0,0,0,0,0,0,1,T1059.001,atomic_red_team,data\datasets\splunk_attack_data\datasets\attack_techniques\T1059.001\atomic_red_team\windows-sysmon.log
win-dc-974.attackrange.local,{05ADC7E1-FB27-603C-8779-00000000AD01},2021-03-02 16:59:00+00:00,1,1,0,0,1,0,0,0,1,0,1,0,0,0,0,0,0,1,T1059.001,atomic_red_team,data\datasets\splunk_attack_data\datasets\attack_techniques\T1059.001\atomic_red_team\windows-sysmon.log
win-dc-974.attackrange.local,{05ADC7E1-FB27-603C-8779-00000000AD01},2021-03-02 16:59:05+00:00,1,1,0,0,1,0,0,0,1,0,1,0,0,0,0,0,0,1,T1059.001,atomic_red_team,data\datasets\splunk_attack_data\datasets\attack_techniques\T1059.001\atomic_red_team\windows-sysmon.log
win-dc-974.attackrange.local,{05ADC7E1-FB27-603C-8779-00000000AD01},2021-03-02 16:59:15+00:00,1,1,0,0,1,0,0,0,1,0,1,0,0,0,0,0,0,1,T1059.001,atomic_red_team,data\datasets\splunk_attack_data\datasets\attack_techniques\T1059.001\atomic_red_team\windows-sysmon.log
win-dc-974.attackrange.local,{05ADC7E1-FB27-603C-8779-00000000AD01},2021-03-02 16:59:20+00:00,1,1,0,0,1,0,0,0,1,0,1,0,0,0,0,0,0,1,T1059.001,atomic_red_team,data\datasets\splunk_attack_data\datasets\attack_techniques\T1059.001\atomic_red_team\windows-sysmon.log
win-dc-974.attackrange.local,{05ADC7E1-FB27-603C-8779-00000000AD01},2021-03-02 16:59:25+00:00,1,1,0,0,1,0,0,0,1,0,1,0,0,0,0,0,0,1,T1059.001,atomic_red_team,data\datasets\splunk_attack_data\datasets\attack_techniques\T1059.001\atomic_red_team\windows-sysmon.log
win-dc-974.attackrange.local,{05ADC7E1-FB27-603C-8779-00000000AD01},2021-03-02 16:59:30+00:00,1,1,0,0,1,0,0,0,1,0,1,0,0,0,0,0,0,1,T1059.001,atomic_red_team,data\datasets\splunk_attack_data\datasets\attack_techniques\T1059.001\atomic_red_team\windows-sysmon.log
win-dc-974.attackrange.local,{05ADC7E1-FB2E-603C-9079-00000000AD01},2021-03-01 22:52:45+00:00,4,1,2,0,0,0,4,0,0,0,0,0,0,0,0,4,0,1,T1059.001,atomic_red_team,data\datasets\splunk_attack_data\datasets\attack_techniques\T1059.001\atomic_red_team\windows-sysmon.log
win-dc-974.attackrange.local,{05ADC7E1-FB2E-603C-9079-00000000AD01},2021-03-01 22:52:50+00:00,8,1,2,0,0,0,8,0,0,0,0,0,0,0,0,8,0,1,T1059.001,atomic_red_team,data\datasets\splunk_attack_data\datasets\attack_techniques\T1059.001\atomic_red_team\windows-sysmon.log
win-dc-974.attackrange.local,{05ADC7E1-FB2E-603C-9079-00000000AD01},2021-03-01 22:52:55+00:00,14,1,3,0,0,0,14,0,0,0,0,0,0,0,0,14,0,1,T1059.001,atomic_red_team,data\datasets\splunk_attack_data\datasets\attack_techniques\T1059.001\atomic_red_team\windows-sysmon.log
win-dc-974.attackrange.local,{05ADC7E1-FB2E-603C-9079-00000000AD01},2021-03-01 22:53:00+00:00,12,1,2,0,0,0,12,0,0,0,0,0,0,0,0,12,0,1,T1059.001,atomic_red_team,data\datasets\splunk_attack_data\datasets\attack_techniques\T1059.001\atomic_red_team\windows-sysmon.log
win-dc-974.attackrange.local,{05ADC7E1-FB2E-603C-9079-00000000AD01},2021-03-01 22:53:05+00:00,9,1,2,0,0,0,9,0,0,0,0,0,0,0,0,9,0,1,T1059.001,atomic_red_team,data\datasets\splunk_attack_data\datasets\attack_techniques\T1059.001\atomic_red_team\windows-sysmon.log
win-dc-974.attackrange.local,{05ADC7E1-FB2E-603C-9079-00000000AD01},2021-03-01 22:53:10+00:00,12,1,3,0,0,0,12,0,0,0,0,0,0,0,0,12,0,1,T1059.001,atomic_red_team,data\datasets\splunk_attack_data\datasets\attack_techniques\T1059.001\atomic_red_team\windows-sysmon.log
win-dc-974.attackrange.local,{05ADC7E1-FB2E-603C-9079-00000000AD01},2021-03-01 22:53:15+00:00,8,1,2,0,0,0,8,0,0,0,0,0,0,0,0,8,0,1,T1059.001,atomic_red_team,data\datasets\splunk_attack_data\datasets\attack_techniques\T1059.001\atomic_red_team\windows-sysmon.log
win-dc-974.attackrange.local,{05ADC7E1-FB2E-603C-9079-00000000AD01},2021-03-01 22:53:20+00:00,13,1,3,0,0,0,13,0,0,0,0,0,0,0,0,13,0,1,T1059.001,atomic_red_team,data\datasets\splunk_attack_data\datasets\attack_techniques\T1059.001\atomic_red_team\windows-sysmon.log
win-dc-974.attackrange.local,{05ADC7E1-FB2E-603C-9079-00000000AD01},2021-03-01 22:53:25+00:00,9,1,3,0,0,0,9,0,0,0,0,0,0,0,0,9,0,1,T1059.001,atomic_red_team,data\datasets\splunk_attack_data\datasets\attack_techniques\T1059.001\atomic_red_team\windows-sysmon.log
win-dc-974.attackrange.local,{05ADC7E1-FB2E-603C-9079-00000000AD01},2021-03-01 22:53:30+00:00,8,1,3,0,0,0,8,0,0,0,0,0,0,0,0,8,0,1,T1059.001,atomic_red_team,data\datasets\splunk_attack_data\datasets\attack_techniques\T1059.001\atomic_red_team\windows-sysmon.log
win-dc-974.attackrange.local,{05ADC7E1-FB2E-603C-9079-00000000AD01},2021-03-01 22:53:35+00:00,20,1,3,0,0,0,20,0,0,0,0,0,0,0,0,20,0,1,T1059.001,atomic_red_team,data\datasets\splunk_attack_data\datasets\attack_techniques\T1059.001\atomic_red_team\windows-sysmon.log
win-dc-974.attackrange.local,{05ADC7E1-FB2E-603C-9079-00000000AD01},2021-03-01 22:53:40+00:00,8,1,3,0,0,0,8,0,0,0,0,0,0,0,0,8,0,1,T1059.001,atomic_red_team,data\datasets\splunk_attack_data\datasets\attack_techniques\T1059.001\atomic_red_team\windows-sysmon.log
win-dc-974.attackrange.local,{05ADC7E1-FB2E-603C-9079-00000000AD01},2021-03-01 22:53:45+00:00,6,1,2,0,0,0,6,0,0,0,0,0,0,0,0,6,0,1,T1059.001,atomic_red_team,data\datasets\splunk_attack_data\datasets\attack_techniques\T1059.001\atomic_red_team\windows-sysmon.log
win-dc-974.attackrange.local,{05ADC7E1-FB2E-603C-9079-00000000AD01},2021-03-01 22:53:50+00:00,8,1,2,0,0,0,8,0,0,0,0,0,0,0,0,8,0,1,T1059.001,atomic_red_team,data\datasets\splunk_attack_data\datasets\attack_techniques\T1059.001\atomic_red_team\windows-sysmon.log
win-dc-974.attackrange.local,{05ADC7E1-FB2E-603C-9079-00000000AD01},2021-03-01 22:53:55+00:00,7,1,2,0,0,0,7,0,0,0,0,0,0,0,0,7,0,1,T1059.001,atomic_red_team,data\datasets\splunk_attack_data\datasets\attack_techniques\T1059.001\atomic_red_team\windows-sysmon.log
win-dc-974.attackrange.local,{05ADC7E1-FB2E-603C-9079-00000000AD01},2021-03-01 22:54:00+00:00,6,1,2,0,0,0,6,0,0,0,0,0,0,0,0,6,0,1,T1059.001,atomic_red_team,data\datasets\splunk_attack_data\datasets\attack_techniques\T1059.001\atomic_red_team\windows-sysmon.log
win-dc-974.attackrange.local,{05ADC7E1-FB2E-603C-9079-00000000AD01},2021-03-01 22:54:05+00:00,7,1,2,0,0,0,7,0,0,0,0,0,0,0,0,7,0,1,T1059.001,atomic_red_team,data\datasets\splunk_attack_data\datasets\attack_techniques\T1059.001\atomic_red_team\windows-sysmon.log
win-dc-974.attackrange.local,{05ADC7E1-FB2E-603C-9079-00000000AD01},2021-03-01 22:54:10+00:00,8,1,2,0,0,0,8,0,0,0,0,0,0,0,0,8,0,1,T1059.001,atomic_red_team,data\datasets\splunk_attack_data\datasets\attack_techniques\T1059.001\atomic_red_team\windows-sysmon.log
win-dc-974.attackrange.local,{05ADC7E1-FB2E-603C-9079-00000000AD01},2021-03-01 22:54:15+00:00,6,1,2,0,0,0,6,0,0,0,0,0,0,0,0,6,0,1,T1059.001,atomic_red_team,data\datasets\splunk_attack_data\datasets\attack_techniques\T1059.001\atomic_red_team\windows-sysmon.log
win-dc-974.attackrange.local,{05ADC7E1-FB2E-603C-9079-00000000AD01},2021-03-01 22:54:20+00:00,7,1,2,0,0,0,7,0,0,0,0,0,0,0,0,7,0,1,T1059.001,atomic_red_team,data\datasets\splunk_attack_data\datasets\attack_techniques\T1059.001\atomic_red_team\windows-sysmon.log
win-dc-974.attackrange.local,{05ADC7E1-FB2E-603C-9079-00000000AD01},2021-03-01 22:54:25+00:00,7,1,2,0,0,0,7,0,0,0,0,0,0,0,0,7,0,1,T1059.001,atomic_red_team,data\datasets\splunk_attack_data\datasets\attack_techniques\T1059.001\atomic_red_team\windows-sysmon.log
win-dc-974.attackrange.local,{05ADC7E1-FB2E-603C-9079-00000000AD01},2021-03-01 22:54:30+00:00,8,1,2,0,0,0,8,0,0,0,0,0,0,0,0,8,0,1,T1059.001,atomic_red_team,data\datasets\splunk_attack_data\datasets\attack_techniques\T1059.001\atomic_red_team\windows-sysmon.log
win-dc-974.attackrange.local,{05ADC7E1-FB2E-603C-9079-00000000AD01},2021-03-01 22:54:35+00:00,6,1,2,0,0,0,6,0,0,0,0,0,0,0,0,6,0,1,T1059.001,atomic_red_team,data\datasets\splunk_attack_data\datasets\attack_techniques\T1059.001\atomic_red_team\windows-sysmon.log
win-dc-974.attackrange.local,{05ADC7E1-FB2E-603C-9079-00000000AD01},2021-03-01 22:54:40+00:00,7,1,2,0,0,0,7,0,0,0,0,0,0,0,0,7,0,1,T1059.001,atomic_red_team,data\datasets\splunk_attack_data\datasets\attack_techniques\T1059.001\atomic_red_team\windows-sysmon.log
win-dc-974.attackrange.local,{05ADC7E1-FB2E-603C-9079-00000000AD01},2021-03-01 22:54:45+00:00,7,1,2,0,0,0,7,0,0,0,0,0,0,0,0,7,0,1,T1059.001,atomic_red_team,data\datasets\splunk_attack_data\datasets\attack_techniques\T1059.001\atomic_red_team\windows-sysmon.log
win-dc-974.attackrange.local,{05ADC7E1-FB2E-603C-9079-00000000AD01},2021-03-01 22:54:50+00:00,8,1,2,0,0,0,8,0,0,0,0,0,0,0,0,8,0,1,T1059.001,atomic_red_team,data\datasets\splunk_attack_data\datasets\attack_techniques\T1059.001\atomic_red_team\windows-sysmon.log
win-dc-974.attackrange.local,{05ADC7E1-FB2E-603C-9079-00000000AD01},2021-03-01 22:54:55+00:00,8,1,2,0,0,0,8,0,0,0,0,0,0,0,0,8,0,1,T1059.001,atomic_red_team,data\datasets\splunk_attack_data\datasets\attack_techniques\T1059.001\atomic_red_team\windows-sysmon.log
win-dc-974.attackrange.local,{05ADC7E1-FB2E-603C-9079-00000000AD01},2021-03-01 22:55:00+00:00,8,1,2,0,0,0,8,0,0,0,0,0,0,0,0,8,0,1,T1059.001,atomic_red_team,data\datasets\splunk_attack_data\datasets\attack_techniques\T1059.001\atomic_red_team\windows-sysmon.log
win-dc-974.attackrange.local,{05ADC7E1-FB2E-603C-9079-00000000AD01},2021-03-01 22:55:05+00:00,8,1,2,0,0,0,8,0,0,0,0,0,0,0,0,8,0,1,T1059.001,atomic_red_team,data\datasets\splunk_attack_data\datasets\attack_techniques\T1059.001\atomic_red_team\windows-sysmon.log
win-dc-974.attackrange.local,{05ADC7E1-FB2E-603C-9079-00000000AD01},2021-03-01 22:55:10+00:00,8,1,2,0,0,0,8,0,0,0,0,0,0,0,0,8,0,1,T1059.001,atomic_red_team,data\datasets\splunk_attack_data\datasets\attack_techniques\T1059.001\atomic_red_team\windows-sysmon.log
win-dc-974.attackrange.local,{05ADC7E1-FB2E-603C-9079-00000000AD01},2021-03-01 22:55:15+00:00,7,1,2,0,0,0,7,0,0,0,0,0,0,0,0,7,0,1,T1059.001,atomic_red_team,data\datasets\splunk_attack_data\datasets\attack_techniques\T1059.001\atomic_red_team\windows-sysmon.log
win-dc-974.attackrange.local,{05ADC7E1-FB2E-603C-9079-00000000AD01},2021-03-01 22:55:20+00:00,6,1,2,0,0,0,6,0,0,0,0,0,0,0,0,6,0,1,T1059.001,atomic_red_team,data\datasets\splunk_attack_data\datasets\attack_techniques\T1059.001\atomic_red_team\windows-sysmon.log
win-dc-974.attackrange.local,{05ADC7E1-FB2E-603C-9079-00000000AD01},2021-03-01 22:55:25+00:00,7,1,2,0,0,0,7,0,0,0,0,0,0,0,0,7,0,1,T1059.001,atomic_red_team,data\datasets\splunk_attack_data\datasets\attack_techniques\T1059.001\atomic_red_team\windows-sysmon.log
win-dc-974.attackrange.local,{05ADC7E1-FB2E-603C-9079-00000000AD01},2021-03-01 22:55:30+00:00,8,1,2,0,0,0,8,0,0,0,0,0,0,0,0,8,0,1,T1059.001,atomic_red_team,data\datasets\splunk_attack_data\datasets\attack_techniques\T1059.001\atomic_red_team\windows-sysmon.log
win-dc-974.attackrange.local,{05ADC7E1-FB2E-603C-9079-00000000AD01},2021-03-01 22:55:35+00:00,6,1,2,0,0,0,6,0,0,0,0,0,0,0,0,6,0,1,T1059.001,atomic_red_team,data\datasets\splunk_attack_data\datasets\attack_techniques\T1059.001\atomic_red_team\windows-sysmon.log
win-dc-974.attackrange.local,{05ADC7E1-FB2E-603C-9079-00000000AD01},2021-03-01 22:55:40+00:00,25,1,4,0,0,0,25,0,0,0,0,0,0,0,0,25,0,1,T1059.001,atomic_red_team,data\datasets\splunk_attack_data\datasets\attack_techniques\T1059.001\atomic_red_team\windows-sysmon.log
win-dc-974.attackrange.local,{05ADC7E1-FB2E-603C-9079-00000000AD01},2021-03-01 22:55:45+00:00,36,1,3,0,0,0,36,0,0,0,0,0,0,0,0,36,0,1,T1059.001,atomic_red_team,data\datasets\splunk_attack_data\datasets\attack_techniques\T1059.001\atomic_red_team\windows-sysmon.log
win-dc-974.attackrange.local,{05ADC7E1-FB2E-603C-9079-00000000AD01},2021-03-01 22:55:50+00:00,13,1,3,0,0,0,13,0,0,0,0,0,0,0,0,13,0,1,T1059.001,atomic_red_team,data\datasets\splunk_attack_data\datasets\attack_techniques\T1059.001\atomic_red_team\windows-sysmon.log
win-dc-974.attackrange.local,{05ADC7E1-FB2E-603C-9079-00000000AD01},2021-03-02 16:51:15+00:00,6,1,2,0,0,0,6,0,0,0,0,0,0,0,0,6,0,1,T1059.001,atomic_red_team,data\datasets\splunk_attack_data\datasets\attack_techniques\T1059.001\atomic_red_team\windows-sysmon.log
win-dc-974.attackrange.local,{05ADC7E1-FB2E-603C-9079-00000000AD01},2021-03-02 16:51:20+00:00,7,1,2,0,0,0,7,0,0,0,0,0,0,0,0,7,0,1,T1059.001,atomic_red_team,data\datasets\splunk_attack_data\datasets\attack_techniques\T1059.001\atomic_red_team\windows-sysmon.log
win-dc-974.attackrange.local,{05ADC7E1-FB2E-603C-9079-00000000AD01},2021-03-02 16:51:25+00:00,10,1,2,0,0,0,10,0,0,0,0,0,0,0,0,10,0,1,T1059.001,atomic_red_team,data\datasets\splunk_attack_data\datasets\attack_techniques\T1059.001\atomic_red_team\windows-sysmon.log
win-dc-974.attackrange.local,{05ADC7E1-FB2E-603C-9079-00000000AD01},2021-03-02 16:51:30+00:00,8,1,3,0,0,0,8,0,0,0,0,0,0,0,0,8,0,1,T1059.001,atomic_red_team,data\datasets\splunk_attack_data\datasets\attack_techniques\T1059.001\atomic_red_team\windows-sysmon.log
win-dc-974.attackrange.local,{05ADC7E1-FB2E-603C-9079-00000000AD01},2021-03-02 16:51:35+00:00,9,1,3,0,0,0,9,0,0,0,0,0,0,0,0,9,0,1,T1059.001,atomic_red_team,data\datasets\splunk_attack_data\datasets\attack_techniques\T1059.001\atomic_red_team\windows-sysmon.log
win-dc-974.attackrange.local,{05ADC7E1-FB2E-603C-9079-00000000AD01},2021-03-02 16:51:40+00:00,12,1,3,0,0,0,12,0,0,0,0,0,0,0,0,12,0,1,T1059.001,atomic_red_team,data\datasets\splunk_attack_data\datasets\attack_techniques\T1059.001\atomic_red_team\windows-sysmon.log
win-dc-974.attackrange.local,{05ADC7E1-FB2E-603C-9079-00000000AD01},2021-03-02 16:51:45+00:00,8,1,2,0,0,0,8,0,0,0,0,0,0,0,0,8,0,1,T1059.001,atomic_red_team,data\datasets\splunk_attack_data\datasets\attack_techniques\T1059.001\atomic_red_team\windows-sysmon.log
win-dc-974.attackrange.local,{05ADC7E1-FB2E-603C-9079-00000000AD01},2021-03-02 16:51:50+00:00,8,1,3,0,0,0,8,0,0,0,0,0,0,0,0,8,0,1,T1059.001,atomic_red_team,data\datasets\splunk_attack_data\datasets\attack_techniques\T1059.001\atomic_red_team\windows-sysmon.log
win-dc-974.attackrange.local,{05ADC7E1-FB2E-603C-9079-00000000AD01},2021-03-02 16:51:55+00:00,9,1,2,0,0,0,9,0,0,0,0,0,0,0,0,9,0,1,T1059.001,atomic_red_team,data\datasets\splunk_attack_data\datasets\attack_techniques\T1059.001\atomic_red_team\windows-sysmon.log
win-dc-974.attackrange.local,{05ADC7E1-FB2E-603C-9079-00000000AD01},2021-03-02 16:52:00+00:00,6,1,2,0,0,0,6,0,0,0,0,0,0,0,0,6,0,1,T1059.001,atomic_red_team,data\datasets\splunk_attack_data\datasets\attack_techniques\T1059.001\atomic_red_team\windows-sysmon.log
win-dc-974.attackrange.local,{05ADC7E1-FB2E-603C-9079-00000000AD01},2021-03-02 16:52:05+00:00,7,1,3,0,0,0,7,0,0,0,0,0,0,0,0,7,0,1,T1059.001,atomic_red_team,data\datasets\splunk_attack_data\datasets\attack_techniques\T1059.001\atomic_red_team\windows-sysmon.log
win-dc-974.attackrange.local,{05ADC7E1-FB2E-603C-9079-00000000AD01},2021-03-02 16:52:10+00:00,9,1,2,0,0,0,9,0,0,0,0,0,0,0,0,9,0,1,T1059.001,atomic_red_team,data\datasets\splunk_attack_data\datasets\attack_techniques\T1059.001\atomic_red_team\windows-sysmon.log
win-dc-974.attackrange.local,{05ADC7E1-FB2E-603C-9079-00000000AD01},2021-03-02 16:52:15+00:00,7,1,3,0,0,0,7,0,0,0,0,0,0,0,0,7,0,1,T1059.001,atomic_red_team,data\datasets\splunk_attack_data\datasets\attack_techniques\T1059.001\atomic_red_team\windows-sysmon.log
win-dc-974.attackrange.local,{05ADC7E1-FB2E-603C-9079-00000000AD01},2021-03-02 16:52:20+00:00,18,1,3,0,0,0,18,0,0,0,0,0,0,0,0,18,0,1,T1059.001,atomic_red_team,data\datasets\splunk_attack_data\datasets\attack_techniques\T1059.001\atomic_red_team\windows-sysmon.log
win-dc-974.attackrange.local,{05ADC7E1-FB2E-603C-9079-00000000AD01},2021-03-02 16:52:25+00:00,9,1,2,0,0,0,9,0,0,0,0,0,0,0,0,9,0,1,T1059.001,atomic_red_team,data\datasets\splunk_attack_data\datasets\attack_techniques\T1059.001\atomic_red_team\windows-sysmon.log
win-dc-974.attackrange.local,{05ADC7E1-FB2E-603C-9079-00000000AD01},2021-03-02 16:52:30+00:00,9,1,3,0,0,0,9,0,0,0,0,0,0,0,0,9,0,1,T1059.001,atomic_red_team,data\datasets\splunk_attack_data\datasets\attack_techniques\T1059.001\atomic_red_team\windows-sysmon.log
win-dc-974.attackrange.local,{05ADC7E1-FB2E-603C-9079-00000000AD01},2021-03-02 16:52:35+00:00,7,1,2,0,0,0,7,0,0,0,0,0,0,0,0,7,0,1,T1059.001,atomic_red_team,data\datasets\splunk_attack_data\datasets\attack_techniques\T1059.001\atomic_red_team\windows-sysmon.log
win-dc-974.attackrange.local,{05ADC7E1-FB2E-603C-9079-00000000AD01},2021-03-02 16:52:40+00:00,8,1,2,0,0,0,8,0,0,0,0,0,0,0,0,8,0,1,T1059.001,atomic_red_team,data\datasets\splunk_attack_data\datasets\attack_techniques\T1059.001\atomic_red_team\windows-sysmon.log
win-dc-974.attackrange.local,{05ADC7E1-FB2E-603C-9079-00000000AD01},2021-03-02 16:52:45+00:00,9,1,3,0,0,0,9,0,0,0,0,0,0,0,0,9,0,1,T1059.001,atomic_red_team,data\datasets\splunk_attack_data\datasets\attack_techniques\T1059.001\atomic_red_team\windows-sysmon.log
win-dc-974.attackrange.local,{05ADC7E1-FB2E-603C-9079-00000000AD01},2021-03-02 16:52:50+00:00,25,1,3,0,0,0,25,0,0,0,0,0,0,0,0,25,0,1,T1059.001,atomic_red_team,data\datasets\splunk_attack_data\datasets\attack_techniques\T1059.001\atomic_red_team\windows-sysmon.log
win-dc-974.attackrange.local,{05ADC7E1-FB2E-603C-9079-00000000AD01},2021-03-02 16:52:55+00:00,8,1,2,0,0,0,8,0,0,0,0,0,0,0,0,8,0,1,T1059.001,atomic_red_team,data\datasets\splunk_attack_data\datasets\attack_techniques\T1059.001\atomic_red_team\windows-sysmon.log
win-dc-974.attackrange.local,{05ADC7E1-FB2E-603C-9079-00000000AD01},2021-03-02 16:53:00+00:00,8,1,2,0,0,0,8,0,0,0,0,0,0,0,0,8,0,1,T1059.001,atomic_red_team,data\datasets\splunk_attack_data\datasets\attack_techniques\T1059.001\atomic_red_team\windows-sysmon.log
win-dc-974.attackrange.local,{05ADC7E1-FB2E-603C-9079-00000000AD01},2021-03-02 16:53:05+00:00,8,1,2,0,0,0,8,0,0,0,0,0,0,0,0,8,0,1,T1059.001,atomic_red_team,data\datasets\splunk_attack_data\datasets\attack_techniques\T1059.001\atomic_red_team\windows-sysmon.log
win-dc-974.attackrange.local,{05ADC7E1-FB2E-603C-9079-00000000AD01},2021-03-02 16:53:10+00:00,7,1,2,0,0,0,7,0,0,0,0,0,0,0,0,7,0,1,T1059.001,atomic_red_team,data\datasets\splunk_attack_data\datasets\attack_techniques\T1059.001\atomic_red_team\windows-sysmon.log
win-dc-974.attackrange.local,{05ADC7E1-FB2E-603C-9079-00000000AD01},2021-03-02 16:53:15+00:00,7,1,2,0,0,0,7,0,0,0,0,0,0,0,0,7,0,1,T1059.001,atomic_red_team,data\datasets\splunk_attack_data\datasets\attack_techniques\T1059.001\atomic_red_team\windows-sysmon.log
win-dc-974.attackrange.local,{05ADC7E1-FB2E-603C-9079-00000000AD01},2021-03-02 16:53:20+00:00,6,1,2,0,0,0,6,0,0,0,0,0,0,0,0,6,0,1,T1059.001,atomic_red_team,data\datasets\splunk_attack_data\datasets\attack_techniques\T1059.001\atomic_red_team\windows-sysmon.log
win-dc-974.attackrange.local,{05ADC7E1-FB2E-603C-9079-00000000AD01},2021-03-02 16:53:25+00:00,6,1,2,0,0,0,6,0,0,0,0,0,0,0,0,6,0,1,T1059.001,atomic_red_team,data\datasets\splunk_attack_data\datasets\attack_techniques\T1059.001\atomic_red_team\windows-sysmon.log
win-dc-974.attackrange.local,{05ADC7E1-FB2E-603C-9079-00000000AD01},2021-03-02 16:53:30+00:00,8,1,3,0,0,0,8,0,0,0,0,0,0,0,0,8,0,1,T1059.001,atomic_red_team,data\datasets\splunk_attack_data\datasets\attack_techniques\T1059.001\atomic_red_team\windows-sysmon.log
win-dc-974.attackrange.local,{05ADC7E1-FB2E-603C-9079-00000000AD01},2021-03-02 16:53:35+00:00,8,1,2,0,0,0,8,0,0,0,0,0,0,0,0,8,0,1,T1059.001,atomic_red_team,data\datasets\splunk_attack_data\datasets\attack_techniques\T1059.001\atomic_red_team\windows-sysmon.log
win-dc-974.attackrange.local,{05ADC7E1-FB2E-603C-9079-00000000AD01},2021-03-02 16:53:40+00:00,21,1,2,0,0,0,21,0,0,0,0,0,0,0,0,21,0,1,T1059.001,atomic_red_team,data\datasets\splunk_attack_data\datasets\attack_techniques\T1059.001\atomic_red_team\windows-sysmon.log
win-dc-974.attackrange.local,{05ADC7E1-FB2E-603C-9079-00000000AD01},2021-03-02 16:53:45+00:00,5,1,3,0,0,0,5,0,0,0,0,0,0,0,0,5,0,1,T1059.001,atomic_red_team,data\datasets\splunk_attack_data\datasets\attack_techniques\T1059.001\atomic_red_team\windows-sysmon.log
win-dc-974.attackrange.local,{05ADC7E1-FB2E-603C-9079-00000000AD01},2021-03-02 16:53:50+00:00,6,1,3,0,0,0,6,0,0,0,0,0,0,0,0,6,0,1,T1059.001,atomic_red_team,data\datasets\splunk_attack_data\datasets\attack_techniques\T1059.001\atomic_red_team\windows-sysmon.log
win-dc-974.attackrange.local,{05ADC7E1-FB2E-603C-9079-00000000AD01},2021-03-02 16:53:55+00:00,9,1,2,0,0,0,9,0,0,0,0,0,0,0,0,9,0,1,T1059.001,atomic_red_team,data\datasets\splunk_attack_data\datasets\attack_techniques\T1059.001\atomic_red_team\windows-sysmon.log
win-dc-974.attackrange.local,{05ADC7E1-FB2E-603C-9079-00000000AD01},2021-03-02 16:54:00+00:00,23,1,3,0,0,0,23,0,0,0,0,0,0,0,0,23,0,1,T1059.001,atomic_red_team,data\datasets\splunk_attack_data\datasets\attack_techniques\T1059.001\atomic_red_team\windows-sysmon.log
win-dc-974.attackrange.local,{05ADC7E1-FB2E-603C-9079-00000000AD01},2021-03-02 16:54:05+00:00,9,1,2,0,0,0,9,0,0,0,0,0,0,0,0,9,0,1,T1059.001,atomic_red_team,data\datasets\splunk_attack_data\datasets\attack_techniques\T1059.001\atomic_red_team\windows-sysmon.log
win-dc-974.attackrange.local,{05ADC7E1-FB2E-603C-9079-00000000AD01},2021-03-02 16:54:10+00:00,7,1,2,0,0,0,7,0,0,0,0,0,0,0,0,7,0,1,T1059.001,atomic_red_team,data\datasets\splunk_attack_data\datasets\attack_techniques\T1059.001\atomic_red_team\windows-sysmon.log
win-dc-974.attackrange.local,{05ADC7E1-FB2E-603C-9079-00000000AD01},2021-03-02 16:54:15+00:00,11,1,3,0,0,0,11,0,0,0,0,0,0,0,0,11,0,1,T1059.001,atomic_red_team,data\datasets\splunk_attack_data\datasets\attack_techniques\T1059.001\atomic_red_team\windows-sysmon.log
win-dc-974.attackrange.local,{05ADC7E1-FB2E-603C-9079-00000000AD01},2021-03-02 16:54:20+00:00,7,1,2,0,0,0,7,0,0,0,0,0,0,0,0,7,0,1,T1059.001,atomic_red_team,data\datasets\splunk_attack_data\datasets\attack_techniques\T1059.001\atomic_red_team\windows-sysmon.log
win-dc-974.attackrange.local,{05ADC7E1-FB2E-603C-9079-00000000AD01},2021-03-02 16:54:25+00:00,9,1,2,0,0,0,9,0,0,0,0,0,0,0,0,9,0,1,T1059.001,atomic_red_team,data\datasets\splunk_attack_data\datasets\attack_techniques\T1059.001\atomic_red_team\windows-sysmon.log
win-dc-974.attackrange.local,{05ADC7E1-FB2E-603C-9079-00000000AD01},2021-03-02 16:54:30+00:00,8,1,3,0,0,0,8,0,0,0,0,0,0,0,0,8,0,1,T1059.001,atomic_red_team,data\datasets\splunk_attack_data\datasets\attack_techniques\T1059.001\atomic_red_team\windows-sysmon.log
win-dc-974.attackrange.local,{05ADC7E1-FB2E-603C-9079-00000000AD01},2021-03-02 16:54:35+00:00,8,1,2,0,0,0,8,0,0,0,0,0,0,0,0,8,0,1,T1059.001,atomic_red_team,data\datasets\splunk_attack_data\datasets\attack_techniques\T1059.001\atomic_red_team\windows-sysmon.log
win-dc-974.attackrange.local,{05ADC7E1-FB2E-603C-9079-00000000AD01},2021-03-02 16:54:40+00:00,44,1,3,0,0,0,44,0,0,0,0,0,0,0,0,44,0,1,T1059.001,atomic_red_team,data\datasets\splunk_attack_data\datasets\attack_techniques\T1059.001\atomic_red_team\windows-sysmon.log
win-dc-974.attackrange.local,{05ADC7E1-FB2E-603C-9079-00000000AD01},2021-03-02 16:54:45+00:00,8,1,2,0,0,0,8,0,0,0,0,0,0,0,0,8,0,1,T1059.001,atomic_red_team,data\datasets\splunk_attack_data\datasets\attack_techniques\T1059.001\atomic_red_team\windows-sysmon.log
win-dc-974.attackrange.local,{05ADC7E1-FB2E-603C-9079-00000000AD01},2021-03-02 16:54:50+00:00,7,1,2,0,0,0,7,0,0,0,0,0,0,0,0,7,0,1,T1059.001,atomic_red_team,data\datasets\splunk_attack_data\datasets\attack_techniques\T1059.001\atomic_red_team\windows-sysmon.log
win-dc-974.attackrange.local,{05ADC7E1-FB2E-603C-9079-00000000AD01},2021-03-02 16:54:55+00:00,9,1,2,0,0,0,9,0,0,0,0,0,0,0,0,9,0,1,T1059.001,atomic_red_team,data\datasets\splunk_attack_data\datasets\attack_techniques\T1059.001\atomic_red_team\windows-sysmon.log
win-dc-974.attackrange.local,{05ADC7E1-FB2E-603C-9079-00000000AD01},2021-03-02 16:55:00+00:00,9,1,2,0,0,0,9,0,0,0,0,0,0,0,0,9,0,1,T1059.001,atomic_red_team,data\datasets\splunk_attack_data\datasets\attack_techniques\T1059.001\atomic_red_team\windows-sysmon.log
win-dc-974.attackrange.local,{05ADC7E1-FB2E-603C-9079-00000000AD01},2021-03-02 16:55:05+00:00,8,1,2,0,0,0,8,0,0,0,0,0,0,0,0,8,0,1,T1059.001,atomic_red_team,data\datasets\splunk_attack_data\datasets\attack_techniques\T1059.001\atomic_red_team\windows-sysmon.log
win-dc-974.attackrange.local,{05ADC7E1-FB2E-603C-9079-00000000AD01},2021-03-02 16:55:10+00:00,8,1,2,0,0,0,8,0,0,0,0,0,0,0,0,8,0,1,T1059.001,atomic_red_team,data\datasets\splunk_attack_data\datasets\attack_techniques\T1059.001\atomic_red_team\windows-sysmon.log
win-dc-974.attackrange.local,{05ADC7E1-FB2E-603C-9079-00000000AD01},2021-03-02 16:55:15+00:00,6,1,2,0,0,0,6,0,0,0,0,0,0,0,0,6,0,1,T1059.001,atomic_red_team,data\datasets\splunk_attack_data\datasets\attack_techniques\T1059.001\atomic_red_team\windows-sysmon.log
win-dc-974.attackrange.local,{05ADC7E1-FB2E-603C-9079-00000000AD01},2021-03-02 16:55:20+00:00,7,1,2,0,0,0,7,0,0,0,0,0,0,0,0,7,0,1,T1059.001,atomic_red_team,data\datasets\splunk_attack_data\datasets\attack_techniques\T1059.001\atomic_red_team\windows-sysmon.log
win-dc-974.attackrange.local,{05ADC7E1-FB2E-603C-9079-00000000AD01},2021-03-02 16:55:25+00:00,7,1,2,0,0,0,7,0,0,0,0,0,0,0,0,7,0,1,T1059.001,atomic_red_team,data\datasets\splunk_attack_data\datasets\attack_techniques\T1059.001\atomic_red_team\windows-sysmon.log
win-dc-974.attackrange.local,{05ADC7E1-FB2E-603C-9079-00000000AD01},2021-03-02 16:55:30+00:00,8,1,2,0,0,0,8,0,0,0,0,0,0,0,0,8,0,1,T1059.001,atomic_red_team,data\datasets\splunk_attack_data\datasets\attack_techniques\T1059.001\atomic_red_team\windows-sysmon.log
win-dc-974.attackrange.local,{05ADC7E1-FB2E-603C-9079-00000000AD01},2021-03-02 16:55:35+00:00,7,1,2,0,0,0,7,0,0,0,0,0,0,0,0,7,0,1,T1059.001,atomic_red_team,data\datasets\splunk_attack_data\datasets\attack_techniques\T1059.001\atomic_red_team\windows-sysmon.log
win-dc-974.attackrange.local,{05ADC7E1-FB2E-603C-9079-00000000AD01},2021-03-02 16:55:40+00:00,7,1,2,0,0,0,7,0,0,0,0,0,0,0,0,7,0,1,T1059.001,atomic_red_team,data\datasets\splunk_attack_data\datasets\attack_techniques\T1059.001\atomic_red_team\windows-sysmon.log
win-dc-974.attackrange.local,{05ADC7E1-FB2E-603C-9079-00000000AD01},2021-03-02 16:55:45+00:00,8,1,3,0,0,0,8,0,0,0,0,0,0,0,0,8,0,1,T1059.001,atomic_red_team,data\datasets\splunk_attack_data\datasets\attack_techniques\T1059.001\atomic_red_team\windows-sysmon.log
win-dc-974.attackrange.local,{05ADC7E1-FB2E-603C-9079-00000000AD01},2021-03-02 16:55:50+00:00,7,1,2,0,0,0,7,0,0,0,0,0,0,0,0,7,0,1,T1059.001,atomic_red_team,data\datasets\splunk_attack_data\datasets\attack_techniques\T1059.001\atomic_red_team\windows-sysmon.log
win-dc-974.attackrange.local,{05ADC7E1-FB2E-603C-9079-00000000AD01},2021-03-02 16:55:55+00:00,9,1,2,0,0,0,9,0,0,0,0,0,0,0,0,9,0,1,T1059.001,atomic_red_team,data\datasets\splunk_attack_data\datasets\attack_techniques\T1059.001\atomic_red_team\windows-sysmon.log
win-dc-974.attackrange.local,{05ADC7E1-FB2E-603C-9079-00000000AD01},2021-03-02 16:56:00+00:00,10,1,3,0,0,0,10,0,0,0,0,0,0,0,0,10,0,1,T1059.001,atomic_red_team,data\datasets\splunk_attack_data\datasets\attack_techniques\T1059.001\atomic_red_team\windows-sysmon.log
win-dc-974.attackrange.local,{05ADC7E1-FB2E-603C-9079-00000000AD01},2021-03-02 16:56:05+00:00,8,1,2,0,0,0,8,0,0,0,0,0,0,0,0,8,0,1,T1059.001,atomic_red_team,data\datasets\splunk_attack_data\datasets\attack_techniques\T1059.001\atomic_red_team\windows-sysmon.log
win-dc-974.attackrange.local,{05ADC7E1-FB2E-603C-9079-00000000AD01},2021-03-02 16:56:10+00:00,14,1,3,0,0,0,14,0,0,0,0,0,0,0,0,14,0,1,T1059.001,atomic_red_team,data\datasets\splunk_attack_data\datasets\attack_techniques\T1059.001\atomic_red_team\windows-sysmon.log
win-dc-974.attackrange.local,{05ADC7E1-FB2E-603C-9079-00000000AD01},2021-03-02 16:56:15+00:00,8,1,3,0,0,0,8,0,0,0,0,0,0,0,0,8,0,1,T1059.001,atomic_red_team,data\datasets\splunk_attack_data\datasets\attack_techniques\T1059.001\atomic_red_team\windows-sysmon.log
win-dc-974.attackrange.local,{05ADC7E1-FB2E-603C-9079-00000000AD01},2021-03-02 16:56:20+00:00,8,1,3,0,0,0,8,0,0,0,0,0,0,0,0,8,0,1,T1059.001,atomic_red_team,data\datasets\splunk_attack_data\datasets\attack_techniques\T1059.001\atomic_red_team\windows-sysmon.log
win-dc-974.attackrange.local,{05ADC7E1-FB2E-603C-9079-00000000AD01},2021-03-02 16:56:25+00:00,12,1,3,0,0,0,12,0,0,0,0,0,0,0,0,12,0,1,T1059.001,atomic_red_team,data\datasets\splunk_attack_data\datasets\attack_techniques\T1059.001\atomic_red_team\windows-sysmon.log
win-dc-974.attackrange.local,{05ADC7E1-FB2E-603C-9079-00000000AD01},2021-03-02 16:56:30+00:00,5,1,2,0,0,0,5,0,0,0,0,0,0,0,0,5,0,1,T1059.001,atomic_red_team,data\datasets\splunk_attack_data\datasets\attack_techniques\T1059.001\atomic_red_team\windows-sysmon.log
win-dc-974.attackrange.local,{05ADC7E1-FB2E-603C-9079-00000000AD01},2021-03-02 16:56:35+00:00,8,1,3,0,0,0,8,0,0,0,0,0,0,0,0,8,0,1,T1059.001,atomic_red_team,data\datasets\splunk_attack_data\datasets\attack_techniques\T1059.001\atomic_red_team\windows-sysmon.log
win-dc-974.attackrange.local,{05ADC7E1-FB2E-603C-9079-00000000AD01},2021-03-02 16:56:40+00:00,8,1,2,0,0,0,8,0,0,0,0,0,0,0,0,8,0,1,T1059.001,atomic_red_team,data\datasets\splunk_attack_data\datasets\attack_techniques\T1059.001\atomic_red_team\windows-sysmon.log
win-dc-974.attackrange.local,{05ADC7E1-FB2E-603C-9079-00000000AD01},2021-03-02 16:56:45+00:00,8,1,2,0,0,0,8,0,0,0,0,0,0,0,0,8,0,1,T1059.001,atomic_red_team,data\datasets\splunk_attack_data\datasets\attack_techniques\T1059.001\atomic_red_team\windows-sysmon.log
win-dc-974.attackrange.local,{05ADC7E1-FB2E-603C-9079-00000000AD01},2021-03-02 16:56:50+00:00,6,1,2,0,0,0,6,0,0,0,0,0,0,0,0,6,0,1,T1059.001,atomic_red_team,data\datasets\splunk_attack_data\datasets\attack_techniques\T1059.001\atomic_red_team\windows-sysmon.log
win-dc-974.attackrange.local,{05ADC7E1-FB2E-603C-9079-00000000AD01},2021-03-02 16:56:55+00:00,8,1,2,0,0,0,8,0,0,0,0,0,0,0,0,8,0,1,T1059.001,atomic_red_team,data\datasets\splunk_attack_data\datasets\attack_techniques\T1059.001\atomic_red_team\windows-sysmon.log
win-dc-974.attackrange.local,{05ADC7E1-FB2E-603C-9079-00000000AD01},2021-03-02 16:57:00+00:00,8,1,2,0,0,0,8,0,0,0,0,0,0,0,0,8,0,1,T1059.001,atomic_red_team,data\datasets\splunk_attack_data\datasets\attack_techniques\T1059.001\atomic_red_team\windows-sysmon.log
win-dc-974.attackrange.local,{05ADC7E1-FB2E-603C-9079-00000000AD01},2021-03-02 16:57:05+00:00,8,1,2,0,0,0,8,0,0,0,0,0,0,0,0,8,0,1,T1059.001,atomic_red_team,data\datasets\splunk_attack_data\datasets\attack_techniques\T1059.001\atomic_red_team\windows-sysmon.log
win-dc-974.attackrange.local,{05ADC7E1-FB2E-603C-9079-00000000AD01},2021-03-02 16:57:10+00:00,7,1,2,0,0,0,7,0,0,0,0,0,0,0,0,7,0,1,T1059.001,atomic_red_team,data\datasets\splunk_attack_data\datasets\attack_techniques\T1059.001\atomic_red_team\windows-sysmon.log
win-dc-974.attackrange.local,{05ADC7E1-FB2E-603C-9079-00000000AD01},2021-03-02 16:57:15+00:00,6,1,2,0,0,0,6,0,0,0,0,0,0,0,0,6,0,1,T1059.001,atomic_red_team,data\datasets\splunk_attack_data\datasets\attack_techniques\T1059.001\atomic_red_team\windows-sysmon.log
win-dc-974.attackrange.local,{05ADC7E1-FB2E-603C-9079-00000000AD01},2021-03-02 16:57:20+00:00,7,1,2,0,0,0,7,0,0,0,0,0,0,0,0,7,0,1,T1059.001,atomic_red_team,data\datasets\splunk_attack_data\datasets\attack_techniques\T1059.001\atomic_red_team\windows-sysmon.log
win-dc-974.attackrange.local,{05ADC7E1-FB2E-603C-9079-00000000AD01},2021-03-02 16:57:25+00:00,6,1,2,0,0,0,6,0,0,0,0,0,0,0,0,6,0,1,T1059.001,atomic_red_team,data\datasets\splunk_attack_data\datasets\attack_techniques\T1059.001\atomic_red_team\windows-sysmon.log
win-dc-974.attackrange.local,{05ADC7E1-FB2E-603C-9079-00000000AD01},2021-03-02 16:57:30+00:00,8,1,2,0,0,0,8,0,0,0,0,0,0,0,0,8,0,1,T1059.001,atomic_red_team,data\datasets\splunk_attack_data\datasets\attack_techniques\T1059.001\atomic_red_team\windows-sysmon.log
win-dc-974.attackrange.local,{05ADC7E1-FB2E-603C-9079-00000000AD01},2021-03-02 16:57:35+00:00,6,1,2,0,0,0,6,0,0,0,0,0,0,0,0,6,0,1,T1059.001,atomic_red_team,data\datasets\splunk_attack_data\datasets\attack_techniques\T1059.001\atomic_red_team\windows-sysmon.log
win-dc-974.attackrange.local,{05ADC7E1-FB2E-603C-9079-00000000AD01},2021-03-02 16:57:40+00:00,9,1,2,0,0,0,9,0,0,0,0,0,0,0,0,9,0,1,T1059.001,atomic_red_team,data\datasets\splunk_attack_data\datasets\attack_techniques\T1059.001\atomic_red_team\windows-sysmon.log
win-dc-974.attackrange.local,{05ADC7E1-FB2E-603C-9079-00000000AD01},2021-03-02 16:57:45+00:00,5,1,1,0,0,0,5,0,0,0,0,0,0,0,0,5,0,1,T1059.001,atomic_red_team,data\datasets\splunk_attack_data\datasets\attack_techniques\T1059.001\atomic_red_team\windows-sysmon.log
win-dc-974.attackrange.local,{05ADC7E1-FB2E-603C-9079-00000000AD01},2021-03-02 16:57:50+00:00,8,1,2,0,0,0,8,0,0,0,0,0,0,0,0,8,0,1,T1059.001,atomic_red_team,data\datasets\splunk_attack_data\datasets\attack_techniques\T1059.001\atomic_red_team\windows-sysmon.log
win-dc-974.attackrange.local,{05ADC7E1-FB2E-603C-9079-00000000AD01},2021-03-02 16:57:55+00:00,8,1,2,0,0,0,8,0,0,0,0,0,0,0,0,8,0,1,T1059.001,atomic_red_team,data\datasets\splunk_attack_data\datasets\attack_techniques\T1059.001\atomic_red_team\windows-sysmon.log
win-dc-974.attackrange.local,{05ADC7E1-FB2E-603C-9079-00000000AD01},2021-03-02 16:58:00+00:00,8,1,2,0,0,0,8,0,0,0,0,0,0,0,0,8,0,1,T1059.001,atomic_red_team,data\datasets\splunk_attack_data\datasets\attack_techniques\T1059.001\atomic_red_team\windows-sysmon.log
win-dc-974.attackrange.local,{05ADC7E1-FB2E-603C-9079-00000000AD01},2021-03-02 16:58:05+00:00,7,1,2,0,0,0,7,0,0,0,0,0,0,0,0,7,0,1,T1059.001,atomic_red_team,data\datasets\splunk_attack_data\datasets\attack_techniques\T1059.001\atomic_red_team\windows-sysmon.log
win-dc-974.attackrange.local,{05ADC7E1-FB2E-603C-9079-00000000AD01},2021-03-02 16:58:10+00:00,7,1,2,0,0,0,7,0,0,0,0,0,0,0,0,7,0,1,T1059.001,atomic_red_team,data\datasets\splunk_attack_data\datasets\attack_techniques\T1059.001\atomic_red_team\windows-sysmon.log
win-dc-974.attackrange.local,{05ADC7E1-FB2E-603C-9079-00000000AD01},2021-03-02 16:58:15+00:00,6,1,2,0,0,0,6,0,0,0,0,0,0,0,0,6,0,1,T1059.001,atomic_red_team,data\datasets\splunk_attack_data\datasets\attack_techniques\T1059.001\atomic_red_team\windows-sysmon.log
win-dc-974.attackrange.local,{05ADC7E1-FB2E-603C-9079-00000000AD01},2021-03-02 16:58:20+00:00,7,1,2,0,0,0,7,0,0,0,0,0,0,0,0,7,0,1,T1059.001,atomic_red_team,data\datasets\splunk_attack_data\datasets\attack_techniques\T1059.001\atomic_red_team\windows-sysmon.log
win-dc-974.attackrange.local,{05ADC7E1-FB2E-603C-9079-00000000AD01},2021-03-02 16:58:25+00:00,9,1,2,0,0,0,9,0,0,0,0,0,0,0,0,9,0,1,T1059.001,atomic_red_team,data\datasets\splunk_attack_data\datasets\attack_techniques\T1059.001\atomic_red_team\windows-sysmon.log
win-dc-974.attackrange.local,{05ADC7E1-FB2E-603C-9079-00000000AD01},2021-03-02 16:58:30+00:00,28,1,3,0,0,0,28,0,0,0,0,0,0,0,0,28,0,1,T1059.001,atomic_red_team,data\datasets\splunk_attack_data\datasets\attack_techniques\T1059.001\atomic_red_team\windows-sysmon.log
win-dc-974.attackrange.local,{05ADC7E1-FB2E-603C-9079-00000000AD01},2021-03-02 16:58:35+00:00,7,1,2,0,0,0,7,0,0,0,0,0,0,0,0,7,0,1,T1059.001,atomic_red_team,data\datasets\splunk_attack_data\datasets\attack_techniques\T1059.001\atomic_red_team\windows-sysmon.log
win-dc-974.attackrange.local,{05ADC7E1-FB2E-603C-9079-00000000AD01},2021-03-02 16:58:40+00:00,7,1,2,0,0,0,7,0,0,0,0,0,0,0,0,7,0,1,T1059.001,atomic_red_team,data\datasets\splunk_attack_data\datasets\attack_techniques\T1059.001\atomic_red_team\windows-sysmon.log
win-dc-974.attackrange.local,{05ADC7E1-FB2E-603C-9079-00000000AD01},2021-03-02 16:58:45+00:00,6,1,2,0,0,0,6,0,0,0,0,0,0,0,0,6,0,1,T1059.001,atomic_red_team,data\datasets\splunk_attack_data\datasets\attack_techniques\T1059.001\atomic_red_team\windows-sysmon.log
win-dc-974.attackrange.local,{05ADC7E1-FB2E-603C-9079-00000000AD01},2021-03-02 16:58:50+00:00,8,1,2,0,0,0,8,0,0,0,0,0,0,0,0,8,0,1,T1059.001,atomic_red_team,data\datasets\splunk_attack_data\datasets\attack_techniques\T1059.001\atomic_red_team\windows-sysmon.log
win-dc-974.attackrange.local,{05ADC7E1-FB2E-603C-9079-00000000AD01},2021-03-02 16:58:55+00:00,8,1,2,0,0,0,8,0,0,0,0,0,0,0,0,8,0,1,T1059.001,atomic_red_team,data\datasets\splunk_attack_data\datasets\attack_techniques\T1059.001\atomic_red_team\windows-sysmon.log
win-dc-974.attackrange.local,{05ADC7E1-FB2E-603C-9079-00000000AD01},2021-03-02 16:59:00+00:00,8,1,2,0,0,0,8,0,0,0,0,0,0,0,0,8,0,1,T1059.001,atomic_red_team,data\datasets\splunk_attack_data\datasets\attack_techniques\T1059.001\atomic_red_team\windows-sysmon.log
win-dc-974.attackrange.local,{05ADC7E1-FB2E-603C-9079-00000000AD01},2021-03-02 16:59:05+00:00,9,1,2,0,0,0,9,0,0,0,0,0,0,0,0,9,0,1,T1059.001,atomic_red_team,data\datasets\splunk_attack_data\datasets\attack_techniques\T1059.001\atomic_red_team\windows-sysmon.log
win-dc-974.attackrange.local,{05ADC7E1-FB2E-603C-9079-00000000AD01},2021-03-02 16:59:10+00:00,7,1,2,0,0,0,7,0,0,0,0,0,0,0,0,7,0,1,T1059.001,atomic_red_team,data\datasets\splunk_attack_data\datasets\attack_techniques\T1059.001\atomic_red_team\windows-sysmon.log
win-dc-974.attackrange.local,{05ADC7E1-FB2E-603C-9079-00000000AD01},2021-03-02 16:59:15+00:00,7,1,2,0,0,0,7,0,0,0,0,0,0,0,0,7,0,1,T1059.001,atomic_red_team,data\datasets\splunk_attack_data\datasets\attack_techniques\T1059.001\atomic_red_team\windows-sysmon.log
win-dc-974.attackrange.local,{05ADC7E1-FB2E-603C-9079-00000000AD01},2021-03-02 16:59:20+00:00,7,1,2,0,0,0,7,0,0,0,0,0,0,0,0,7,0,1,T1059.001,atomic_red_team,data\datasets\splunk_attack_data\datasets\attack_techniques\T1059.001\atomic_red_team\windows-sysmon.log
win-dc-974.attackrange.local,{05ADC7E1-FB2E-603C-9079-00000000AD01},2021-03-02 16:59:25+00:00,7,1,2,0,0,0,7,0,0,0,0,0,0,0,0,7,0,1,T1059.001,atomic_red_team,data\datasets\splunk_attack_data\datasets\attack_techniques\T1059.001\atomic_red_team\windows-sysmon.log
win-dc-974.attackrange.local,{05ADC7E1-FB2E-603C-9079-00000000AD01},2021-03-02 16:59:30+00:00,8,1,2,0,0,0,8,0,0,0,0,0,0,0,0,8,0,1,T1059.001,atomic_red_team,data\datasets\splunk_attack_data\datasets\attack_techniques\T1059.001\atomic_red_team\windows-sysmon.log
win-dc-974.attackrange.local,{05ADC7E1-FB2E-603C-9079-00000000AD01},2021-03-02 16:59:35+00:00,9,1,2,0,0,0,9,0,0,0,0,0,0,0,0,9,0,1,T1059.001,atomic_red_team,data\datasets\splunk_attack_data\datasets\attack_techniques\T1059.001\atomic_red_team\windows-sysmon.log
win-dc-974.attackrange.local,{05ADC7E1-FB2E-603C-9079-00000000AD01},2021-03-02 16:59:40+00:00,1,1,1,0,0,0,1,0,0,0,0,0,0,0,0,1,0,1,T1059.001,atomic_red_team,data\datasets\splunk_attack_data\datasets\attack_techniques\T1059.001\atomic_red_team\windows-sysmon.log
ar-win.nas.domain,{38b9f94a-e3cf-6754-8b80-000000002f03},2024-12-08 00:09:50+00:00,1,1,0,0,0,0,0,0,0,1,0,0,0,0,0,0,0,1,T1105,atomic_red_team,data\datasets\splunk_attack_data\datasets\attack_techniques\T1105\atomic_red_team\windows-sysmon.log
win-dc-792.attackrange.local,1220:<unknown process>,2021-03-24 21:49:55+00:00,1,1,0,0,1,0,0,0,1,0,1,0,0,0,0,0,0,1,T1105,atomic_red_team,data\datasets\splunk_attack_data\datasets\attack_techniques\T1105\atomic_red_team\windows-sysmon.log
win-dc-792.attackrange.local,2208:<unknown process>,2021-03-24 21:49:20+00:00,2,1,0,0,1,0,0,0,2,0,2,0,0,0,0,0,0,1,T1105,atomic_red_team,data\datasets\splunk_attack_data\datasets\attack_techniques\T1105\atomic_red_team\windows-sysmon.log
win-dc-792.attackrange.local,2252:<unknown process>,2021-03-24 21:49:25+00:00,1,1,0,0,1,0,0,0,1,0,1,0,0,0,0,0,0,1,T1105,atomic_red_team,data\datasets\splunk_attack_data\datasets\attack_techniques\T1105\atomic_red_team\windows-sysmon.log
win-dc-792.attackrange.local,4760:<unknown process>,2021-03-24 21:49:45+00:00,1,1,0,0,1,0,0,0,1,0,1,0,0,0,0,0,0,1,T1105,atomic_red_team,data\datasets\splunk_attack_data\datasets\attack_techniques\T1105\atomic_red_team\windows-sysmon.log
win-dc-792.attackrange.local,4944:<unknown process>,2021-03-24 21:49:40+00:00,1,1,0,0,1,0,0,0,1,0,1,0,0,0,0,0,0,1,T1105,atomic_red_team,data\datasets\splunk_attack_data\datasets\attack_techniques\T1105\atomic_red_team\windows-sysmon.log
win-dc-792.attackrange.local,6268:<unknown process>,2021-03-24 21:49:20+00:00,1,1,0,0,1,0,0,0,1,0,1,0,0,0,0,0,0,1,T1105,atomic_red_team,data\datasets\splunk_attack_data\datasets\attack_techniques\T1105\atomic_red_team\windows-sysmon.log
win-dc-792.attackrange.local,6800:<unknown process>,2021-03-24 21:49:50+00:00,1,1,0,0,1,0,0,0,1,0,1,0,0,0,0,0,0,1,T1105,atomic_red_team,data\datasets\splunk_attack_data\datasets\attack_techniques\T1105\atomic_red_team\windows-sysmon.log
win-dc-792.attackrange.local,7404:<unknown process>,2021-03-24 21:50:20+00:00,2,1,0,0,1,0,0,0,2,0,2,0,0,0,0,0,0,1,T1105,atomic_red_team,data\datasets\splunk_attack_data\datasets\attack_techniques\T1105\atomic_red_team\windows-sysmon.log
win-dc-792.attackrange.local,7868:<unknown process>,2021-03-24 21:50:40+00:00,2,1,0,0,1,0,0,0,2,0,2,0,0,0,0,0,0,1,T1105,atomic_red_team,data\datasets\splunk_attack_data\datasets\attack_techniques\T1105\atomic_red_team\windows-sysmon.log
win-dc-792.attackrange.local,8116:<unknown process>,2021-03-24 21:50:15+00:00,2,1,0,0,1,0,0,0,2,0,2,0,0,0,0,0,0,1,T1105,atomic_red_team,data\datasets\splunk_attack_data\datasets\attack_techniques\T1105\atomic_red_team\windows-sysmon.log
win-dc-792.attackrange.local,{896A638B-B3E1-605B-6769-00000000AE01},2021-03-24 21:49:20+00:00,1,1,0,0,0,0,0,0,0,1,0,0,0,0,0,0,0,1,T1105,atomic_red_team,data\datasets\splunk_attack_data\datasets\attack_techniques\T1105\atomic_red_team\windows-sysmon.log
win-dc-792.attackrange.local,{896A638B-B3E1-605B-6869-00000000AE01},2021-03-24 21:49:20+00:00,1,1,0,0,0,0,0,0,0,1,0,0,0,0,0,0,0,1,T1105,atomic_red_team,data\datasets\splunk_attack_data\datasets\attack_techniques\T1105\atomic_red_team\windows-sysmon.log
win-dc-792.attackrange.local,{896A638B-B3E2-605B-6969-00000000AE01},2021-03-24 21:49:20+00:00,1,1,0,0,0,0,0,0,0,1,0,0,0,0,0,0,0,1,T1105,atomic_red_team,data\datasets\splunk_attack_data\datasets\attack_techniques\T1105\atomic_red_team\windows-sysmon.log
win-dc-792.attackrange.local,{896A638B-B3E2-605B-6A69-00000000AE01},2021-03-24 21:49:20+00:00,1,1,0,0,0,0,0,0,0,1,0,0,0,0,0,0,0,1,T1105,atomic_red_team,data\datasets\splunk_attack_data\datasets\attack_techniques\T1105\atomic_red_team\windows-sysmon.log
win-dc-792.attackrange.local,{896A638B-B3E2-605B-6B69-00000000AE01},2021-03-24 21:49:20+00:00,4,2,2,2,0,3,3,0,0,1,0,0,1,0,0,2,0,1,T1105,atomic_red_team,data\datasets\splunk_attack_data\datasets\attack_techniques\T1105\atomic_red_team\windows-sysmon.log
win-dc-792.attackrange.local,{896A638B-B3E2-605B-6C69-00000000AE01},2021-03-24 21:49:20+00:00,5,1,3,2,0,4,4,0,0,1,0,0,1,0,0,3,0,1,T1105,atomic_red_team,data\datasets\splunk_attack_data\datasets\attack_techniques\T1105\atomic_red_team\windows-sysmon.log
win-dc-792.attackrange.local,{896A638B-B3E4-605B-6D69-00000000AE01},2021-03-24 21:49:20+00:00,1,1,0,0,0,0,0,0,0,1,0,0,0,0,0,0,0,1,T1105,atomic_red_team,data\datasets\splunk_attack_data\datasets\attack_techniques\T1105\atomic_red_team\windows-sysmon.log
win-dc-792.attackrange.local,{896A638B-B3E4-605B-6E69-00000000AE01},2021-03-24 21:49:20+00:00,1,1,0,0,0,0,0,0,0,1,0,0,0,0,0,0,0,1,T1105,atomic_red_team,data\datasets\splunk_attack_data\datasets\attack_techniques\T1105\atomic_red_team\windows-sysmon.log
win-dc-792.attackrange.local,{896A638B-B3E4-605B-6F69-00000000AE01},2021-03-24 21:49:20+00:00,1,1,0,0,0,0,0,0,0,1,0,0,0,0,0,0,0,1,T1105,atomic_red_team,data\datasets\splunk_attack_data\datasets\attack_techniques\T1105\atomic_red_team\windows-sysmon.log
win-dc-792.attackrange.local,{896A638B-B3E6-605B-7069-00000000AE01},2021-03-24 21:49:25+00:00,7,1,4,3,0,6,6,0,0,1,0,0,2,0,0,4,0,1,T1105,atomic_red_team,data\datasets\splunk_attack_data\datasets\attack_techniques\T1105\atomic_red_team\windows-sysmon.log
win-dc-792.attackrange.local,{896A638B-B3E7-605B-7169-00000000AE01},2021-03-24 21:49:25+00:00,1,1,0,0,0,0,0,0,0,1,0,0,0,0,0,0,0,1,T1105,atomic_red_team,data\datasets\splunk_attack_data\datasets\attack_techniques\T1105\atomic_red_team\windows-sysmon.log
win-dc-792.attackrange.local,{896A638B-B3E7-605B-7269-00000000AE01},2021-03-24 21:49:25+00:00,1,1,0,0,0,0,0,0,0,1,0,0,0,0,0,0,0,1,T1105,atomic_red_team,data\datasets\splunk_attack_data\datasets\attack_techniques\T1105\atomic_red_team\windows-sysmon.log
win-dc-792.attackrange.local,{896A638B-B3E7-605B-7369-00000000AE01},2021-03-24 21:49:25+00:00,2,2,1,1,0,0,1,0,0,1,0,0,1,0,0,0,0,1,T1105,atomic_red_team,data\datasets\splunk_attack_data\datasets\attack_techniques\T1105\atomic_red_team\windows-sysmon.log
win-dc-792.attackrange.local,{896A638B-B3E7-605B-7469-00000000AE01},2021-03-24 21:49:25+00:00,1,1,0,0,0,0,0,0,0,1,0,0,0,0,0,0,0,1,T1105,atomic_red_team,data\datasets\splunk_attack_data\datasets\attack_techniques\T1105\atomic_red_team\windows-sysmon.log
win-dc-792.attackrange.local,{896A638B-B3E7-605B-7569-00000000AE01},2021-03-24 21:49:25+00:00,1,1,0,0,0,0,0,0,0,1,0,0,0,0,0,0,0,1,T1105,atomic_red_team,data\datasets\splunk_attack_data\datasets\attack_techniques\T1105\atomic_red_team\windows-sysmon.log
win-dc-792.attackrange.local,{896A638B-B3E7-605B-7669-00000000AE01},2021-03-24 21:49:25+00:00,1,1,0,0,0,0,0,0,0,1,0,0,0,0,0,0,0,1,T1105,atomic_red_team,data\datasets\splunk_attack_data\datasets\attack_techniques\T1105\atomic_red_team\windows-sysmon.log
win-dc-792.attackrange.local,{896A638B-B3F6-605B-7869-00000000AE01},2021-03-24 21:49:40+00:00,2,1,1,1,0,0,1,0,0,1,0,0,0,0,0,1,0,1,T1105,atomic_red_team,data\datasets\splunk_attack_data\datasets\attack_techniques\T1105\atomic_red_team\windows-sysmon.log
win-dc-792.attackrange.local,{896A638B-B3FA-605B-7A69-00000000AE01},2021-03-24 21:49:45+00:00,2,1,1,1,0,0,1,0,0,1,0,0,0,0,0,1,0,1,T1105,atomic_red_team,data\datasets\splunk_attack_data\datasets\attack_techniques\T1105\atomic_red_team\windows-sysmon.log
win-dc-792.attackrange.local,{896A638B-B3FD-605B-7C69-00000000AE01},2021-03-24 21:49:45+00:00,1,1,0,0,0,0,0,0,0,1,0,0,0,0,0,0,0,1,T1105,atomic_red_team,data\datasets\splunk_attack_data\datasets\attack_techniques\T1105\atomic_red_team\windows-sysmon.log
win-dc-792.attackrange.local,{896A638B-B3FE-605B-7D69-00000000AE01},2021-03-24 21:49:50+00:00,1,1,0,0,0,0,0,0,0,1,0,0,0,0,0,0,0,1,T1105,atomic_red_team,data\datasets\splunk_attack_data\datasets\attack_techniques\T1105\atomic_red_team\windows-sysmon.log
win-dc-792.attackrange.local,{896A638B-B3FE-605B-7E69-00000000AE01},2021-03-24 21:49:50+00:00,1,1,0,0,0,0,0,0,0,1,0,0,0,0,0,0,0,1,T1105,atomic_red_team,data\datasets\splunk_attack_data\datasets\attack_techniques\T1105\atomic_red_team\windows-sysmon.log
win-dc-792.attackrange.local,{896A638B-B3FF-605B-7F69-00000000AE01},2021-03-24 21:49:50+00:00,1,1,0,0,0,0,0,0,0,1,0,0,0,0,0,0,0,1,T1105,atomic_red_team,data\datasets\splunk_attack_data\datasets\attack_techniques\T1105\atomic_red_team\windows-sysmon.log
win-dc-792.attackrange.local,{896A638B-B403-605B-8169-00000000AE01},2021-03-24 21:49:55+00:00,2,1,1,1,0,0,1,0,0,1,0,0,0,0,0,1,0,1,T1105,atomic_red_team,data\datasets\splunk_attack_data\datasets\attack_techniques\T1105\atomic_red_team\windows-sysmon.log
win-dc-792.attackrange.local,{896A638B-B407-605B-8369-00000000AE01},2021-03-24 21:49:55+00:00,1,1,0,0,0,0,0,0,0,1,0,0,0,0,0,0,0,1,T1105,atomic_red_team,data\datasets\splunk_attack_data\datasets\attack_techniques\T1105\atomic_red_team\windows-sysmon.log
win-dc-792.attackrange.local,{896A638B-B407-605B-8369-00000000AE01},2021-03-24 21:50:00+00:00,1,1,1,1,0,0,1,0,0,0,0,0,0,0,0,1,0,1,T1105,atomic_red_team,data\datasets\splunk_attack_data\datasets\attack_techniques\T1105\atomic_red_team\windows-sysmon.log
win-dc-792.attackrange.local,{896A638B-B40A-605B-8569-00000000AE01},2021-03-24 21:50:00+00:00,1,1,0,0,0,0,0,0,0,1,0,0,0,0,0,0,0,1,T1105,atomic_red_team,data\datasets\splunk_attack_data\datasets\attack_techniques\T1105\atomic_red_team\windows-sysmon.log
win-dc-792.attackrange.local,{896A638B-B40B-605B-8669-00000000AE01},2021-03-24 21:50:00+00:00,1,1,0,0,0,0,0,0,0,1,0,0,0,0,0,0,0,1,T1105,atomic_red_team,data\datasets\splunk_attack_data\datasets\attack_techniques\T1105\atomic_red_team\windows-sysmon.log
win-dc-792.attackrange.local,{896A638B-B40C-605B-8769-00000000AE01},2021-03-24 21:50:00+00:00,1,1,0,0,0,0,0,0,0,1,0,0,0,0,0,0,0,1,T1105,atomic_red_team,data\datasets\splunk_attack_data\datasets\attack_techniques\T1105\atomic_red_team\windows-sysmon.log
win-dc-792.attackrange.local,{896A638B-B40C-605B-8869-00000000AE01},2021-03-24 21:50:00+00:00,1,1,0,0,0,0,0,0,0,1,0,0,0,0,0,0,0,1,T1105,atomic_red_team,data\datasets\splunk_attack_data\datasets\attack_techniques\T1105\atomic_red_team\windows-sysmon.log
win-dc-792.attackrange.local,{896A638B-B41B-605B-8969-00000000AE01},2021-03-24 21:50:15+00:00,3,1,2,2,0,1,2,0,0,1,0,0,1,0,0,1,0,1,T1105,atomic_red_team,data\datasets\splunk_attack_data\datasets\attack_techniques\T1105\atomic_red_team\windows-sysmon.log
win-dc-792.attackrange.local,{896A638B-B422-605B-8B69-00000000AE01},2021-03-24 21:50:25+00:00,4,1,2,2,0,2,3,0,0,1,0,0,1,0,0,2,0,1,T1105,atomic_red_team,data\datasets\splunk_attack_data\datasets\attack_techniques\T1105\atomic_red_team\windows-sysmon.log
win-dc-792.attackrange.local,{896A638B-B42B-605B-8D69-00000000AE01},2021-03-24 21:50:35+00:00,1,1,0,0,0,0,0,0,0,1,0,0,0,0,0,0,0,1,T1105,atomic_red_team,data\datasets\splunk_attack_data\datasets\attack_techniques\T1105\atomic_red_team\windows-sysmon.log
win-dc-792.attackrange.local,{896A638B-B432-605B-8F69-00000000AE01},2021-03-24 21:50:40+00:00,4,1,2,2,0,2,3,0,0,1,0,0,1,0,0,2,0,1,T1105,atomic_red_team,data\datasets\splunk_attack_data\datasets\attack_techniques\T1105\atomic_red_team\windows-sysmon.log
win-dc-792.attackrange.local,{896A638B-B434-605B-9169-00000000AE01},2021-03-24 21:50:40+00:00,1,1,0,0,0,0,0,0,0,1,0,0,0,0,0,0,0,1,T1105,atomic_red_team,data\datasets\splunk_attack_data\datasets\attack_techniques\T1105\atomic_red_team\windows-sysmon.log
win-dc-792.attackrange.local,{896A638B-B436-605B-9269-00000000AE01},2021-03-24 21:50:45+00:00,1,1,0,0,0,0,0,0,0,1,0,0,0,0,0,0,0,1,T1105,atomic_red_team,data\datasets\splunk_attack_data\datasets\attack_techniques\T1105\atomic_red_team\windows-sysmon.log
win-dc-792.attackrange.local,{896A638B-B439-605B-9369-00000000AE01},2021-03-24 21:50:45+00:00,1,1,0,0,0,0,0,0,0,1,0,0,0,0,0,0,0,1,T1105,atomic_red_team,data\datasets\splunk_attack_data\datasets\attack_techniques\T1105\atomic_red_team\windows-sysmon.log
win-dc-792.attackrange.local,{896A638B-B43A-605B-9469-00000000AE01},2021-03-24 21:50:50+00:00,1,1,0,0,0,0,0,0,0,1,0,0,0,0,0,0,0,1,T1105,atomic_red_team,data\datasets\splunk_attack_data\datasets\attack_techniques\T1105\atomic_red_team\windows-sysmon.log
win-dc-792.attackrange.local,{896A638B-B43A-605B-9569-00000000AE01},2021-03-24 21:50:50+00:00,1,1,0,0,0,0,0,0,0,1,0,0,0,0,0,0,0,1,T1105,atomic_red_team,data\datasets\splunk_attack_data\datasets\attack_techniques\T1105\atomic_red_team\windows-sysmon.log
win-dc-792.attackrange.local,{896A638B-B446-605B-9669-00000000AE01},2021-03-24 21:51:00+00:00,1,1,0,0,0,0,0,0,0,1,0,0,0,0,0,0,0,1,T1105,atomic_red_team,data\datasets\splunk_attack_data\datasets\attack_techniques\T1105\atomic_red_team\windows-sysmon.log
win-dc-792.attackrange.local,{896A638B-B447-605B-9769-00000000AE01},2021-03-24 21:51:00+00:00,1,1,0,0,0,0,0,0,0,1,0,0,0,0,0,0,0,1,T1105,atomic_red_team,data\datasets\splunk_attack_data\datasets\attack_techniques\T1105\atomic_red_team\windows-sysmon.log
win-dc-792.attackrange.local,{896A638B-B448-605B-9869-00000000AE01},2021-03-24 21:51:00+00:00,1,1,0,0,0,0,0,0,0,1,0,0,0,0,0,0,0,1,T1105,atomic_red_team,data\datasets\splunk_attack_data\datasets\attack_techniques\T1105\atomic_red_team\windows-sysmon.log
win-dc-792.attackrange.local,{896A638B-B449-605B-9969-00000000AE01},2021-03-24 21:51:05+00:00,1,1,0,0,0,0,0,0,0,1,0,0,0,0,0,0,0,1,T1105,atomic_red_team,data\datasets\splunk_attack_data\datasets\attack_techniques\T1105\atomic_red_team\windows-sysmon.log
win-dc-792.attackrange.local,{896A638B-B475-605B-9A69-00000000AE01},2021-03-24 21:51:45+00:00,1,1,0,0,0,0,0,0,0,1,0,0,0,0,0,0,0,1,T1105,atomic_red_team,data\datasets\splunk_attack_data\datasets\attack_techniques\T1105\atomic_red_team\windows-sysmon.log
win-dc-792.attackrange.local,{896A638B-B475-605B-9B69-00000000AE01},2021-03-24 21:51:45+00:00,1,1,0,0,0,0,0,0,0,1,0,0,0,0,0,0,0,1,T1105,atomic_red_team,data\datasets\splunk_attack_data\datasets\attack_techniques\T1105\atomic_red_team\windows-sysmon.log
win-dc-792.attackrange.local,{896A638B-B476-605B-9C69-00000000AE01},2021-03-24 21:51:50+00:00,1,1,0,0,0,0,0,0,0,1,0,0,0,0,0,0,0,1,T1105,atomic_red_team,data\datasets\splunk_attack_data\datasets\attack_techniques\T1105\atomic_red_team\windows-sysmon.log
win-dc-792.attackrange.local,{896A638B-B5C0-6058-0100-00000000AE01},2021-03-24 21:49:20+00:00,2,1,0,0,1,0,0,0,2,0,2,0,0,0,0,0,0,1,T1105,atomic_red_team,data\datasets\splunk_attack_data\datasets\attack_techniques\T1105\atomic_red_team\windows-sysmon.log
win-dc-792.attackrange.local,{896A638B-B5C0-6058-0100-00000000AE01},2021-03-24 21:49:25+00:00,5,1,3,2,1,0,3,0,2,0,2,0,1,0,0,2,0,1,T1105,atomic_red_team,data\datasets\splunk_attack_data\datasets\attack_techniques\T1105\atomic_red_team\windows-sysmon.log
win-dc-792.attackrange.local,{896A638B-B5C0-6058-0100-00000000AE01},2021-03-24 21:50:10+00:00,2,1,0,0,1,0,0,0,2,0,2,0,0,0,0,0,0,1,T1105,atomic_red_team,data\datasets\splunk_attack_data\datasets\attack_techniques\T1105\atomic_red_team\windows-sysmon.log
win-dc-792.attackrange.local,{896A638B-B5C0-6058-0100-00000000AE01},2021-03-24 21:50:40+00:00,2,1,0,0,1,0,0,0,2,0,2,0,0,0,0,0,0,1,T1105,atomic_red_team,data\datasets\splunk_attack_data\datasets\attack_techniques\T1105\atomic_red_team\windows-sysmon.log
win-dc-792.attackrange.local,{896A638B-B5C0-6058-0100-00000000AE01},2021-03-24 21:51:00+00:00,2,1,0,0,1,0,0,0,2,0,2,0,0,0,0,0,0,1,T1105,atomic_red_team,data\datasets\splunk_attack_data\datasets\attack_techniques\T1105\atomic_red_team\windows-sysmon.log
win-dc-792.attackrange.local,{896A638B-B5C8-6058-0B00-00000000AE01},2021-03-24 21:49:25+00:00,2,1,0,0,1,0,0,0,2,0,2,0,0,0,0,0,0,1,T1105,atomic_red_team,data\datasets\splunk_attack_data\datasets\attack_techniques\T1105\atomic_red_team\windows-sysmon.log
win-dc-792.attackrange.local,{896A638B-B5C8-6058-0B00-00000000AE01},2021-03-24 21:49:40+00:00,1,1,0,0,1,0,0,0,1,0,1,0,0,0,0,0,0,1,T1105,atomic_red_team,data\datasets\splunk_attack_data\datasets\attack_techniques\T1105\atomic_red_team\windows-sysmon.log
win-dc-792.attackrange.local,{896A638B-B5C8-6058-0B00-00000000AE01},2021-03-24 21:50:10+00:00,2,1,0,0,2,0,0,0,2,0,2,0,0,0,0,0,0,1,T1105,atomic_red_team,data\datasets\splunk_attack_data\datasets\attack_techniques\T1105\atomic_red_team\windows-sysmon.log
win-dc-792.attackrange.local,{896A638B-B5C8-6058-0B00-00000000AE01},2021-03-24 21:50:40+00:00,2,1,0,0,1,0,0,0,2,0,2,0,0,0,0,0,0,1,T1105,atomic_red_team,data\datasets\splunk_attack_data\datasets\attack_techniques\T1105\atomic_red_team\windows-sysmon.log
win-dc-792.attackrange.local,{896A638B-B5C8-6058-0B00-00000000AE01},2021-03-24 21:51:40+00:00,1,1,0,0,1,0,0,0,1,0,1,0,0,0,0,0,0,1,T1105,atomic_red_team,data\datasets\splunk_attack_data\datasets\attack_techniques\T1105\atomic_red_team\windows-sysmon.log
win-dc-792.attackrange.local,{896A638B-B5CA-6058-1200-00000000AE01},2021-03-24 21:49:05+00:00,1,1,1,1,0,1,1,0,0,0,0,0,0,0,0,1,0,1,T1105,atomic_red_team,data\datasets\splunk_attack_data\datasets\attack_techniques\T1105\atomic_red_team\windows-sysmon.log
win-dc-792.attackrange.local,{896A638B-B5CA-6058-1200-00000000AE01},2021-03-24 21:50:05+00:00,1,1,1,1,0,1,1,0,0,0,0,0,0,0,0,1,0,1,T1105,atomic_red_team,data\datasets\splunk_attack_data\datasets\attack_techniques\T1105\atomic_red_team\windows-sysmon.log
win-dc-792.attackrange.local,{896A638B-B5CA-6058-1200-00000000AE01},2021-03-24 21:50:40+00:00,13,1,0,0,1,0,0,12,1,0,1,0,0,0,12,0,0,1,T1105,atomic_red_team,data\datasets\splunk_attack_data\datasets\attack_techniques\T1105\atomic_red_team\windows-sysmon.log
win-dc-792.attackrange.local,{896A638B-B5CA-6058-1200-00000000AE01},2021-03-24 21:51:05+00:00,1,1,1,1,0,1,1,0,0,0,0,0,0,0,0,1,0,1,T1105,atomic_red_team,data\datasets\splunk_attack_data\datasets\attack_techniques\T1105\atomic_red_team\windows-sysmon.log
win-dc-792.attackrange.local,{896A638B-B5CA-6058-1400-00000000AE01},2021-03-24 21:50:40+00:00,4,1,0,0,3,0,0,0,4,0,4,0,0,0,0,0,0,1,T1105,atomic_red_team,data\datasets\splunk_attack_data\datasets\attack_techniques\T1105\atomic_red_team\windows-sysmon.log
win-dc-792.attackrange.local,{896A638B-B5CA-6058-1400-00000000AE01},2021-03-24 21:50:45+00:00,13,1,0,0,0,0,0,13,0,0,0,0,0,0,13,0,0,1,T1105,atomic_red_team,data\datasets\splunk_attack_data\datasets\attack_techniques\T1105\atomic_red_team\windows-sysmon.log
win-dc-792.attackrange.local,{896A638B-B5CB-6058-1600-00000000AE01},2021-03-24 21:49:20+00:00,6,1,1,1,2,2,2,1,3,0,3,0,0,0,1,2,0,1,T1105,atomic_red_team,data\datasets\splunk_attack_data\datasets\attack_techniques\T1105\atomic_red_team\windows-sysmon.log
win-dc-792.attackrange.local,{896A638B-B5CB-6058-1600-00000000AE01},2021-03-24 21:50:10+00:00,2,1,0,0,2,0,0,0,2,0,2,0,0,0,0,0,0,1,T1105,atomic_red_team,data\datasets\splunk_attack_data\datasets\attack_techniques\T1105\atomic_red_team\windows-sysmon.log
win-dc-792.attackrange.local,{896A638B-B5CB-6058-1600-00000000AE01},2021-03-24 21:51:25+00:00,1,1,0,0,0,0,0,1,0,0,0,0,0,1,0,0,0,1,T1105,atomic_red_team,data\datasets\splunk_attack_data\datasets\attack_techniques\T1105\atomic_red_team\windows-sysmon.log
win-dc-792.attackrange.local,{896A638B-B5DB-6058-2700-00000000AE01},2021-03-24 21:49:15+00:00,1,1,0,0,1,0,0,0,1,0,1,0,0,0,0,0,0,1,T1105,atomic_red_team,data\datasets\splunk_attack_data\datasets\attack_techniques\T1105\atomic_red_team\windows-sysmon.log
win-dc-792.attackrange.local,{896A638B-B5DB-6058-2700-00000000AE01},2021-03-24 21:49:20+00:00,1,1,0,0,1,0,0,0,1,0,1,0,0,0,0,0,0,1,T1105,atomic_red_team,data\datasets\splunk_attack_data\datasets\attack_techniques\T1105\atomic_red_team\windows-sysmon.log
win-dc-792.attackrange.local,{896A638B-B5DB-6058-2700-00000000AE01},2021-03-24 21:49:40+00:00,1,1,0,0,1,0,0,0,1,0,1,0,0,0,0,0,0,1,T1105,atomic_red_team,data\datasets\splunk_attack_data\datasets\attack_techniques\T1105\atomic_red_team\windows-sysmon.log
win-dc-792.attackrange.local,{896A638B-B5DB-6058-2700-00000000AE01},2021-03-24 21:50:10+00:00,1,1,0,0,1,0,0,0,1,0,1,0,0,0,0,0,0,1,T1105,atomic_red_team,data\datasets\splunk_attack_data\datasets\attack_techniques\T1105\atomic_red_team\windows-sysmon.log
win-dc-792.attackrange.local,{896A638B-B5DB-6058-2700-00000000AE01},2021-03-24 21:50:40+00:00,17,1,0,0,3,0,0,0,17,0,17,0,0,0,0,0,0,1,T1105,atomic_red_team,data\datasets\splunk_attack_data\datasets\attack_techniques\T1105\atomic_red_team\windows-sysmon.log
win-dc-792.attackrange.local,{896A638B-B5DB-6058-2700-00000000AE01},2021-03-24 21:50:45+00:00,3,1,0,0,2,0,0,0,3,0,3,0,0,0,0,0,0,1,T1105,atomic_red_team,data\datasets\splunk_attack_data\datasets\attack_techniques\T1105\atomic_red_team\windows-sysmon.log
win-dc-792.attackrange.local,{896A638B-B5DB-6058-2700-00000000AE01},2021-03-24 21:51:10+00:00,1,1,0,0,1,0,0,0,1,0,1,0,0,0,0,0,0,1,T1105,atomic_red_team,data\datasets\splunk_attack_data\datasets\attack_techniques\T1105\atomic_red_team\windows-sysmon.log
win-dc-792.attackrange.local,{896A638B-B5DB-6058-2700-00000000AE01},2021-03-24 21:51:15+00:00,1,1,0,0,1,0,0,0,1,0,1,0,0,0,0,0,0,1,T1105,atomic_red_team,data\datasets\splunk_attack_data\datasets\attack_techniques\T1105\atomic_red_team\windows-sysmon.log
win-dc-792.attackrange.local,{896A638B-B5DB-6058-2A00-00000000AE01},2021-03-24 21:49:40+00:00,1,1,0,0,1,0,0,0,1,0,1,0,0,0,0,0,0,1,T1105,atomic_red_team,data\datasets\splunk_attack_data\datasets\attack_techniques\T1105\atomic_red_team\windows-sysmon.log
win-dc-792.attackrange.local,{896A638B-B5DB-6058-2A00-00000000AE01},2021-03-24 21:50:40+00:00,1,1,0,0,1,0,0,0,1,0,1,0,0,0,0,0,0,1,T1105,atomic_red_team,data\datasets\splunk_attack_data\datasets\attack_techniques\T1105\atomic_red_team\windows-sysmon.log
win-dc-792.attackrange.local,{896A638B-B5DB-6058-2A00-00000000AE01},2021-03-24 21:51:40+00:00,1,1,0,0,1,0,0,0,1,0,1,0,0,0,0,0,0,1,T1105,atomic_red_team,data\datasets\splunk_attack_data\datasets\attack_techniques\T1105\atomic_red_team\windows-sysmon.log
win-dc-792.attackrange.local,{896A638B-B5DB-6058-2E00-00000000AE01},2021-03-24 21:49:25+00:00,2,1,0,0,1,0,0,0,2,0,2,0,0,0,0,0,0,1,T1105,atomic_red_team,data\datasets\splunk_attack_data\datasets\attack_techniques\T1105\atomic_red_team\windows-sysmon.log
win-dc-792.attackrange.local,{896A638B-B979-6058-2004-00000000AE01},2021-03-24 21:50:40+00:00,1,1,1,1,0,1,1,0,0,0,0,0,0,0,0,1,0,1,T1105,atomic_red_team,data\datasets\splunk_attack_data\datasets\attack_techniques\T1105\atomic_red_team\windows-sysmon.log
win-dc-792.attackrange.local,{896A638B-C9AE-6058-4C07-00000000AE01},2021-03-24 21:50:40+00:00,17,1,1,1,7,2,2,0,15,0,15,0,1,0,0,1,0,1,T1105,atomic_red_team,data\datasets\splunk_attack_data\datasets\attack_techniques\T1105\atomic_red_team\windows-sysmon.log
win-dc-792.attackrange.local,{896A638B-C9AE-6058-4C07-00000000AE01},2021-03-24 21:50:45+00:00,6,1,0,0,5,0,0,0,6,0,6,0,0,0,0,0,0,1,T1105,atomic_red_team,data\datasets\splunk_attack_data\datasets\attack_techniques\T1105\atomic_red_team\windows-sysmon.log
win-dc-792.attackrange.local,{896A638B-C9AE-6058-4C07-00000000AE01},2021-03-24 21:50:50+00:00,1,1,1,1,0,1,1,0,0,0,0,0,0,0,0,1,0,1,T1105,atomic_red_team,data\datasets\splunk_attack_data\datasets\attack_techniques\T1105\atomic_red_team\windows-sysmon.log
win-dc-792.attackrange.local,{896A638B-C9AE-6058-4C07-00000000AE01},2021-03-24 21:50:55+00:00,2,1,2,0,0,2,2,0,0,0,0,0,0,0,0,2,0,1,T1105,atomic_red_team,data\datasets\splunk_attack_data\datasets\attack_techniques\T1105\atomic_red_team\windows-sysmon.log
win-dc-792.attackrange.local,{896A638B-C9AE-6058-4C07-00000000AE01},2021-03-24 21:51:00+00:00,1,1,1,0,0,1,1,0,0,0,0,0,0,0,0,1,0,1,T1105,atomic_red_team,data\datasets\splunk_attack_data\datasets\attack_techniques\T1105\atomic_red_team\windows-sysmon.log
win-dc-792.attackrange.local,{896A638B-C9AE-6058-4C07-00000000AE01},2021-03-24 21:51:45+00:00,1,1,1,0,0,1,1,0,0,0,0,0,0,0,0,1,0,1,T1105,atomic_red_team,data\datasets\splunk_attack_data\datasets\attack_techniques\T1105\atomic_red_team\windows-sysmon.log
win-dc-792.attackrange.local,{896A638B-C9AE-6058-4C07-00000000AE01},2021-03-24 21:51:50+00:00,1,1,1,0,0,1,1,0,0,0,0,0,0,0,0,1,0,1,T1105,atomic_red_team,data\datasets\splunk_attack_data\datasets\attack_techniques\T1105\atomic_red_team\windows-sysmon.log
win-dc-792.attackrange.local,{896A638B-FBAD-6058-BE11-00000000AE01},2021-03-24 21:49:20+00:00,8,1,3,1,0,8,8,0,0,0,0,0,6,0,0,2,0,1,T1105,atomic_red_team,data\datasets\splunk_attack_data\datasets\attack_techniques\T1105\atomic_red_team\windows-sysmon.log
win-dc-792.attackrange.local,{896A638B-FBAD-6058-BE11-00000000AE01},2021-03-24 21:49:25+00:00,13,1,4,1,0,13,13,0,0,0,0,0,8,0,0,5,0,1,T1105,atomic_red_team,data\datasets\splunk_attack_data\datasets\attack_techniques\T1105\atomic_red_team\windows-sysmon.log
win-dc-792.attackrange.local,{896A638B-FDE4-6058-4A12-00000000AE01},2021-03-24 21:49:25+00:00,1,1,0,0,1,0,0,0,1,0,1,0,0,0,0,0,0,1,T1105,atomic_red_team,data\datasets\splunk_attack_data\datasets\attack_techniques\T1105\atomic_red_team\windows-sysmon.log
win-dc-792.attackrange.local,{896A638B-FDE4-6058-4A12-00000000AE01},2021-03-24 21:49:30+00:00,1,1,1,1,0,0,1,0,0,0,0,0,0,0,0,1,0,1,T1105,atomic_red_team,data\datasets\splunk_attack_data\datasets\attack_techniques\T1105\atomic_red_team\windows-sysmon.log
win-dc-792.attackrange.local,{896A638B-FDE4-6058-4A12-00000000AE01},2021-03-24 21:50:25+00:00,1,1,0,0,1,0,0,0,1,0,1,0,0,0,0,0,0,1,T1105,atomic_red_team,data\datasets\splunk_attack_data\datasets\attack_techniques\T1105\atomic_red_team\windows-sysmon.log
win-dc-792.attackrange.local,{896A638B-FDE4-6058-4A12-00000000AE01},2021-03-24 21:50:30+00:00,1,1,1,1,0,0,1,0,0,0,0,0,0,0,0,1,0,1,T1105,atomic_red_team,data\datasets\splunk_attack_data\datasets\attack_techniques\T1105\atomic_red_team\windows-sysmon.log
win-dc-792.attackrange.local,{896A638B-FDE4-6058-4A12-00000000AE01},2021-03-24 21:51:25+00:00,1,1,0,0,1,0,0,0,1,0,1,0,0,0,0,0,0,1,T1105,atomic_red_team,data\datasets\splunk_attack_data\datasets\attack_techniques\T1105\atomic_red_team\windows-sysmon.log
win-dc-792.attackrange.local,{896A638B-FDE4-6058-4A12-00000000AE01},2021-03-24 21:51:30+00:00,1,1,1,1,0,0,1,0,0,0,0,0,0,0,0,1,0,1,T1105,atomic_red_team,data\datasets\splunk_attack_data\datasets\attack_techniques\T1105\atomic_red_team\windows-sysmon.log
win-dc-792.attackrange.local,{896A638B-FDEB-6058-7912-00000000AE01},2021-03-24 21:49:00+00:00,1,1,0,0,1,0,0,0,1,0,1,0,0,0,0,0,0,1,T1105,atomic_red_team,data\datasets\splunk_attack_data\datasets\attack_techniques\T1105\atomic_red_team\windows-sysmon.log
win-dc-792.attackrange.local,{896A638B-FDEB-6058-7912-00000000AE01},2021-03-24 21:49:05+00:00,1,1,0,0,1,0,0,0,1,0,1,0,0,0,0,0,0,1,T1105,atomic_red_team,data\datasets\splunk_attack_data\datasets\attack_techniques\T1105\atomic_red_team\windows-sysmon.log
win-dc-792.attackrange.local,{896A638B-FDEB-6058-7912-00000000AE01},2021-03-24 21:49:10+00:00,1,1,0,0,1,0,0,0,1,0,1,0,0,0,0,0,0,1,T1105,atomic_red_team,data\datasets\splunk_attack_data\datasets\attack_techniques\T1105\atomic_red_team\windows-sysmon.log
win-dc-792.attackrange.local,{896A638B-FDEB-6058-7912-00000000AE01},2021-03-24 21:49:15+00:00,1,1,0,0,1,0,0,0,1,0,1,0,0,0,0,0,0,1,T1105,atomic_red_team,data\datasets\splunk_attack_data\datasets\attack_techniques\T1105\atomic_red_team\windows-sysmon.log
win-dc-792.attackrange.local,{896A638B-FDEB-6058-7912-00000000AE01},2021-03-24 21:49:25+00:00,1,1,0,0,1,0,0,0,1,0,1,0,0,0,0,0,0,1,T1105,atomic_red_team,data\datasets\splunk_attack_data\datasets\attack_techniques\T1105\atomic_red_team\windows-sysmon.log
win-dc-792.attackrange.local,{896A638B-FDEB-6058-7912-00000000AE01},2021-03-24 21:49:30+00:00,1,1,0,0,1,0,0,0,1,0,1,0,0,0,0,0,0,1,T1105,atomic_red_team,data\datasets\splunk_attack_data\datasets\attack_techniques\T1105\atomic_red_team\windows-sysmon.log
win-dc-792.attackrange.local,{896A638B-FDEB-6058-7912-00000000AE01},2021-03-24 21:49:35+00:00,1,1,0,0,1,0,0,0,1,0,1,0,0,0,0,0,0,1,T1105,atomic_red_team,data\datasets\splunk_attack_data\datasets\attack_techniques\T1105\atomic_red_team\windows-sysmon.log
win-dc-792.attackrange.local,{896A638B-FDEB-6058-7912-00000000AE01},2021-03-24 21:49:40+00:00,1,1,0,0,1,0,0,0,1,0,1,0,0,0,0,0,0,1,T1105,atomic_red_team,data\datasets\splunk_attack_data\datasets\attack_techniques\T1105\atomic_red_team\windows-sysmon.log
win-dc-792.attackrange.local,{896A638B-FDEB-6058-7912-00000000AE01},2021-03-24 21:49:45+00:00,1,1,0,0,1,0,0,0,1,0,1,0,0,0,0,0,0,1,T1105,atomic_red_team,data\datasets\splunk_attack_data\datasets\attack_techniques\T1105\atomic_red_team\windows-sysmon.log
win-dc-792.attackrange.local,{896A638B-FDEB-6058-7912-00000000AE01},2021-03-24 21:49:50+00:00,1,1,0,0,1,0,0,0,1,0,1,0,0,0,0,0,0,1,T1105,atomic_red_team,data\datasets\splunk_attack_data\datasets\attack_techniques\T1105\atomic_red_team\windows-sysmon.log
win-dc-792.attackrange.local,{896A638B-FDEB-6058-7912-00000000AE01},2021-03-24 21:49:55+00:00,1,1,0,0,1,0,0,0,1,0,1,0,0,0,0,0,0,1,T1105,atomic_red_team,data\datasets\splunk_attack_data\datasets\attack_techniques\T1105\atomic_red_team\windows-sysmon.log
win-dc-792.attackrange.local,{896A638B-FDEB-6058-7912-00000000AE01},2021-03-24 21:50:00+00:00,1,1,0,0,1,0,0,0,1,0,1,0,0,0,0,0,0,1,T1105,atomic_red_team,data\datasets\splunk_attack_data\datasets\attack_techniques\T1105\atomic_red_team\windows-sysmon.log
win-dc-792.attackrange.local,{896A638B-FDEB-6058-7912-00000000AE01},2021-03-24 21:50:05+00:00,1,1,0,0,1,0,0,0,1,0,1,0,0,0,0,0,0,1,T1105,atomic_red_team,data\datasets\splunk_attack_data\datasets\attack_techniques\T1105\atomic_red_team\windows-sysmon.log
win-dc-792.attackrange.local,{896A638B-FDEB-6058-7912-00000000AE01},2021-03-24 21:50:10+00:00,1,1,0,0,1,0,0,0,1,0,1,0,0,0,0,0,0,1,T1105,atomic_red_team,data\datasets\splunk_attack_data\datasets\attack_techniques\T1105\atomic_red_team\windows-sysmon.log
win-dc-792.attackrange.local,{896A638B-FDEB-6058-7912-00000000AE01},2021-03-24 21:50:20+00:00,1,1,0,0,1,0,0,0,1,0,1,0,0,0,0,0,0,1,T1105,atomic_red_team,data\datasets\splunk_attack_data\datasets\attack_techniques\T1105\atomic_red_team\windows-sysmon.log
win-dc-792.attackrange.local,{896A638B-FDEB-6058-7912-00000000AE01},2021-03-24 21:50:25+00:00,1,1,0,0,1,0,0,0,1,0,1,0,0,0,0,0,0,1,T1105,atomic_red_team,data\datasets\splunk_attack_data\datasets\attack_techniques\T1105\atomic_red_team\windows-sysmon.log
win-dc-792.attackrange.local,{896A638B-FDEB-6058-7912-00000000AE01},2021-03-24 21:50:30+00:00,1,1,0,0,1,0,0,0,1,0,1,0,0,0,0,0,0,1,T1105,atomic_red_team,data\datasets\splunk_attack_data\datasets\attack_techniques\T1105\atomic_red_team\windows-sysmon.log
win-dc-792.attackrange.local,{896A638B-FDEB-6058-7912-00000000AE01},2021-03-24 21:50:35+00:00,1,1,0,0,1,0,0,0,1,0,1,0,0,0,0,0,0,1,T1105,atomic_red_team,data\datasets\splunk_attack_data\datasets\attack_techniques\T1105\atomic_red_team\windows-sysmon.log
win-dc-792.attackrange.local,{896A638B-FDEB-6058-7912-00000000AE01},2021-03-24 21:50:40+00:00,1,1,0,0,1,0,0,0,1,0,1,0,0,0,0,0,0,1,T1105,atomic_red_team,data\datasets\splunk_attack_data\datasets\attack_techniques\T1105\atomic_red_team\windows-sysmon.log
win-dc-792.attackrange.local,{896A638B-FDEB-6058-7912-00000000AE01},2021-03-24 21:50:45+00:00,1,1,0,0,1,0,0,0,1,0,1,0,0,0,0,0,0,1,T1105,atomic_red_team,data\datasets\splunk_attack_data\datasets\attack_techniques\T1105\atomic_red_team\windows-sysmon.log
win-dc-792.attackrange.local,{896A638B-FDEB-6058-7912-00000000AE01},2021-03-24 21:50:50+00:00,1,1,0,0,1,0,0,0,1,0,1,0,0,0,0,0,0,1,T1105,atomic_red_team,data\datasets\splunk_attack_data\datasets\attack_techniques\T1105\atomic_red_team\windows-sysmon.log
win-dc-792.attackrange.local,{896A638B-FDEB-6058-7912-00000000AE01},2021-03-24 21:50:55+00:00,1,1,0,0,1,0,0,0,1,0,1,0,0,0,0,0,0,1,T1105,atomic_red_team,data\datasets\splunk_attack_data\datasets\attack_techniques\T1105\atomic_red_team\windows-sysmon.log
win-dc-792.attackrange.local,{896A638B-FDEB-6058-7912-00000000AE01},2021-03-24 21:51:00+00:00,1,1,0,0,1,0,0,0,1,0,1,0,0,0,0,0,0,1,T1105,atomic_red_team,data\datasets\splunk_attack_data\datasets\attack_techniques\T1105\atomic_red_team\windows-sysmon.log
win-dc-792.attackrange.local,{896A638B-FDEB-6058-7912-00000000AE01},2021-03-24 21:51:05+00:00,1,1,0,0,1,0,0,0,1,0,1,0,0,0,0,0,0,1,T1105,atomic_red_team,data\datasets\splunk_attack_data\datasets\attack_techniques\T1105\atomic_red_team\windows-sysmon.log
win-dc-792.attackrange.local,{896A638B-FDEB-6058-7912-00000000AE01},2021-03-24 21:51:15+00:00,1,1,0,0,1,0,0,0,1,0,1,0,0,0,0,0,0,1,T1105,atomic_red_team,data\datasets\splunk_attack_data\datasets\attack_techniques\T1105\atomic_red_team\windows-sysmon.log
win-dc-792.attackrange.local,{896A638B-FDEB-6058-7912-00000000AE01},2021-03-24 21:51:20+00:00,1,1,0,0,1,0,0,0,1,0,1,0,0,0,0,0,0,1,T1105,atomic_red_team,data\datasets\splunk_attack_data\datasets\attack_techniques\T1105\atomic_red_team\windows-sysmon.log
win-dc-792.attackrange.local,{896A638B-FDEB-6058-7912-00000000AE01},2021-03-24 21:51:25+00:00,1,1,0,0,1,0,0,0,1,0,1,0,0,0,0,0,0,1,T1105,atomic_red_team,data\datasets\splunk_attack_data\datasets\attack_techniques\T1105\atomic_red_team\windows-sysmon.log
win-dc-792.attackrange.local,{896A638B-FDEB-6058-7912-00000000AE01},2021-03-24 21:51:30+00:00,1,1,0,0,1,0,0,0,1,0,1,0,0,0,0,0,0,1,T1105,atomic_red_team,data\datasets\splunk_attack_data\datasets\attack_techniques\T1105\atomic_red_team\windows-sysmon.log
win-dc-792.attackrange.local,{896A638B-FDEB-6058-7912-00000000AE01},2021-03-24 21:51:35+00:00,1,1,0,0,1,0,0,0,1,0,1,0,0,0,0,0,0,1,T1105,atomic_red_team,data\datasets\splunk_attack_data\datasets\attack_techniques\T1105\atomic_red_team\windows-sysmon.log
win-dc-792.attackrange.local,{896A638B-FDEB-6058-7912-00000000AE01},2021-03-24 21:51:40+00:00,1,1,0,0,1,0,0,0,1,0,1,0,0,0,0,0,0,1,T1105,atomic_red_team,data\datasets\splunk_attack_data\datasets\attack_techniques\T1105\atomic_red_team\windows-sysmon.log
win-dc-792.attackrange.local,{896A638B-FDEB-6058-7912-00000000AE01},2021-03-24 21:51:45+00:00,1,1,0,0,1,0,0,0,1,0,1,0,0,0,0,0,0,1,T1105,atomic_red_team,data\datasets\splunk_attack_data\datasets\attack_techniques\T1105\atomic_red_team\windows-sysmon.log
win-dc-792.attackrange.local,{896A638B-FDEB-6058-7912-00000000AE01},2021-03-24 21:51:50+00:00,1,1,0,0,1,0,0,0,1,0,1,0,0,0,0,0,0,1,T1105,atomic_red_team,data\datasets\splunk_attack_data\datasets\attack_techniques\T1105\atomic_red_team\windows-sysmon.log
win-dc-792.attackrange.local,{896A638B-FDF2-6058-8212-00000000AE01},2021-03-24 21:49:05+00:00,6,1,2,0,0,0,6,0,0,0,0,0,0,0,0,6,0,1,T1105,atomic_red_team,data\datasets\splunk_attack_data\datasets\attack_techniques\T1105\atomic_red_team\windows-sysmon.log
win-dc-792.attackrange.local,{896A638B-FDF2-6058-8212-00000000AE01},2021-03-24 21:49:10+00:00,8,1,2,0,0,0,8,0,0,0,0,0,0,0,0,8,0,1,T1105,atomic_red_team,data\datasets\splunk_attack_data\datasets\attack_techniques\T1105\atomic_red_team\windows-sysmon.log
win-dc-792.attackrange.local,{896A638B-FDF2-6058-8212-00000000AE01},2021-03-24 21:49:15+00:00,5,1,2,0,0,0,5,0,0,0,0,0,0,0,0,5,0,1,T1105,atomic_red_team,data\datasets\splunk_attack_data\datasets\attack_techniques\T1105\atomic_red_team\windows-sysmon.log
win-dc-792.attackrange.local,{896A638B-FDF2-6058-8212-00000000AE01},2021-03-24 21:49:20+00:00,14,1,4,0,0,0,14,0,0,0,0,0,0,0,0,14,0,1,T1105,atomic_red_team,data\datasets\splunk_attack_data\datasets\attack_techniques\T1105\atomic_red_team\windows-sysmon.log
win-dc-792.attackrange.local,{896A638B-FDF2-6058-8212-00000000AE01},2021-03-24 21:49:25+00:00,10,1,4,0,0,0,10,0,0,0,0,0,0,0,0,10,0,1,T1105,atomic_red_team,data\datasets\splunk_attack_data\datasets\attack_techniques\T1105\atomic_red_team\windows-sysmon.log
win-dc-792.attackrange.local,{896A638B-FDF2-6058-8212-00000000AE01},2021-03-24 21:49:30+00:00,7,1,2,0,0,0,7,0,0,0,0,0,0,0,0,7,0,1,T1105,atomic_red_team,data\datasets\splunk_attack_data\datasets\attack_techniques\T1105\atomic_red_team\windows-sysmon.log
win-dc-792.attackrange.local,{896A638B-FDF2-6058-8212-00000000AE01},2021-03-24 21:49:35+00:00,7,1,3,0,0,0,7,0,0,0,0,0,0,0,0,7,0,1,T1105,atomic_red_team,data\datasets\splunk_attack_data\datasets\attack_techniques\T1105\atomic_red_team\windows-sysmon.log
win-dc-792.attackrange.local,{896A638B-FDF2-6058-8212-00000000AE01},2021-03-24 21:49:40+00:00,8,1,3,0,0,0,8,0,0,0,0,0,0,0,0,8,0,1,T1105,atomic_red_team,data\datasets\splunk_attack_data\datasets\attack_techniques\T1105\atomic_red_team\windows-sysmon.log
win-dc-792.attackrange.local,{896A638B-FDF2-6058-8212-00000000AE01},2021-03-24 21:49:45+00:00,8,1,3,0,0,0,8,0,0,0,0,0,0,0,0,8,0,1,T1105,atomic_red_team,data\datasets\splunk_attack_data\datasets\attack_techniques\T1105\atomic_red_team\windows-sysmon.log
win-dc-792.attackrange.local,{896A638B-FDF2-6058-8212-00000000AE01},2021-03-24 21:49:50+00:00,8,1,3,0,0,0,8,0,0,0,0,0,0,0,0,8,0,1,T1105,atomic_red_team,data\datasets\splunk_attack_data\datasets\attack_techniques\T1105\atomic_red_team\windows-sysmon.log
win-dc-792.attackrange.local,{896A638B-FDF2-6058-8212-00000000AE01},2021-03-24 21:49:55+00:00,8,1,3,0,0,0,8,0,0,0,0,0,0,0,0,8,0,1,T1105,atomic_red_team,data\datasets\splunk_attack_data\datasets\attack_techniques\T1105\atomic_red_team\windows-sysmon.log
win-dc-792.attackrange.local,{896A638B-FDF2-6058-8212-00000000AE01},2021-03-24 21:50:00+00:00,8,1,3,0,0,0,8,0,0,0,0,0,0,0,0,8,0,1,T1105,atomic_red_team,data\datasets\splunk_attack_data\datasets\attack_techniques\T1105\atomic_red_team\windows-sysmon.log
win-dc-792.attackrange.local,{896A638B-FDF2-6058-8212-00000000AE01},2021-03-24 21:50:05+00:00,5,1,2,0,0,0,5,0,0,0,0,0,0,0,0,5,0,1,T1105,atomic_red_team,data\datasets\splunk_attack_data\datasets\attack_techniques\T1105\atomic_red_team\windows-sysmon.log
win-dc-792.attackrange.local,{896A638B-FDF2-6058-8212-00000000AE01},2021-03-24 21:50:10+00:00,8,1,2,0,0,0,8,0,0,0,0,0,0,0,0,8,0,1,T1105,atomic_red_team,data\datasets\splunk_attack_data\datasets\attack_techniques\T1105\atomic_red_team\windows-sysmon.log
win-dc-792.attackrange.local,{896A638B-FDF2-6058-8212-00000000AE01},2021-03-24 21:50:15+00:00,6,1,2,0,0,0,6,0,0,0,0,0,0,0,0,6,0,1,T1105,atomic_red_team,data\datasets\splunk_attack_data\datasets\attack_techniques\T1105\atomic_red_team\windows-sysmon.log
win-dc-792.attackrange.local,{896A638B-FDF2-6058-8212-00000000AE01},2021-03-24 21:50:20+00:00,8,1,3,0,0,0,8,0,0,0,0,0,0,0,0,8,0,1,T1105,atomic_red_team,data\datasets\splunk_attack_data\datasets\attack_techniques\T1105\atomic_red_team\windows-sysmon.log
win-dc-792.attackrange.local,{896A638B-FDF2-6058-8212-00000000AE01},2021-03-24 21:50:25+00:00,7,1,3,0,0,0,7,0,0,0,0,0,0,0,0,7,0,1,T1105,atomic_red_team,data\datasets\splunk_attack_data\datasets\attack_techniques\T1105\atomic_red_team\windows-sysmon.log
win-dc-792.attackrange.local,{896A638B-FDF2-6058-8212-00000000AE01},2021-03-24 21:50:30+00:00,7,1,2,0,0,0,7,0,0,0,0,0,0,0,0,7,0,1,T1105,atomic_red_team,data\datasets\splunk_attack_data\datasets\attack_techniques\T1105\atomic_red_team\windows-sysmon.log
win-dc-792.attackrange.local,{896A638B-FDF2-6058-8212-00000000AE01},2021-03-24 21:50:35+00:00,7,1,3,0,0,0,7,0,0,0,0,0,0,0,0,7,0,1,T1105,atomic_red_team,data\datasets\splunk_attack_data\datasets\attack_techniques\T1105\atomic_red_team\windows-sysmon.log
win-dc-792.attackrange.local,{896A638B-FDF2-6058-8212-00000000AE01},2021-03-24 21:50:40+00:00,9,1,3,0,0,0,9,0,0,0,0,0,0,0,0,9,0,1,T1105,atomic_red_team,data\datasets\splunk_attack_data\datasets\attack_techniques\T1105\atomic_red_team\windows-sysmon.log
win-dc-792.attackrange.local,{896A638B-FDF2-6058-8212-00000000AE01},2021-03-24 21:50:45+00:00,10,1,2,0,0,0,10,0,0,0,0,0,0,0,0,10,0,1,T1105,atomic_red_team,data\datasets\splunk_attack_data\datasets\attack_techniques\T1105\atomic_red_team\windows-sysmon.log
win-dc-792.attackrange.local,{896A638B-FDF2-6058-8212-00000000AE01},2021-03-24 21:50:50+00:00,7,1,3,0,0,0,7,0,0,0,0,0,0,0,0,7,0,1,T1105,atomic_red_team,data\datasets\splunk_attack_data\datasets\attack_techniques\T1105\atomic_red_team\windows-sysmon.log
win-dc-792.attackrange.local,{896A638B-FDF2-6058-8212-00000000AE01},2021-03-24 21:50:55+00:00,6,1,2,0,0,0,6,0,0,0,0,0,0,0,0,6,0,1,T1105,atomic_red_team,data\datasets\splunk_attack_data\datasets\attack_techniques\T1105\atomic_red_team\windows-sysmon.log
win-dc-792.attackrange.local,{896A638B-FDF2-6058-8212-00000000AE01},2021-03-24 21:51:00+00:00,8,1,2,0,0,0,8,0,0,0,0,0,0,0,0,8,0,1,T1105,atomic_red_team,data\datasets\splunk_attack_data\datasets\attack_techniques\T1105\atomic_red_team\windows-sysmon.log
win-dc-792.attackrange.local,{896A638B-FDF2-6058-8212-00000000AE01},2021-03-24 21:51:05+00:00,7,1,2,0,0,0,7,0,0,0,0,0,0,0,0,7,0,1,T1105,atomic_red_team,data\datasets\splunk_attack_data\datasets\attack_techniques\T1105\atomic_red_team\windows-sysmon.log
win-dc-792.attackrange.local,{896A638B-FDF2-6058-8212-00000000AE01},2021-03-24 21:51:10+00:00,8,1,2,0,0,0,8,0,0,0,0,0,0,0,0,8,0,1,T1105,atomic_red_team,data\datasets\splunk_attack_data\datasets\attack_techniques\T1105\atomic_red_team\windows-sysmon.log
win-dc-792.attackrange.local,{896A638B-FDF2-6058-8212-00000000AE01},2021-03-24 21:51:15+00:00,5,1,2,0,0,0,5,0,0,0,0,0,0,0,0,5,0,1,T1105,atomic_red_team,data\datasets\splunk_attack_data\datasets\attack_techniques\T1105\atomic_red_team\windows-sysmon.log
win-dc-792.attackrange.local,{896A638B-FDF2-6058-8212-00000000AE01},2021-03-24 21:51:20+00:00,7,1,2,0,0,0,7,0,0,0,0,0,0,0,0,7,0,1,T1105,atomic_red_team,data\datasets\splunk_attack_data\datasets\attack_techniques\T1105\atomic_red_team\windows-sysmon.log
win-dc-792.attackrange.local,{896A638B-FDF2-6058-8212-00000000AE01},2021-03-24 21:51:25+00:00,9,1,3,0,0,0,9,0,0,0,0,0,0,0,0,9,0,1,T1105,atomic_red_team,data\datasets\splunk_attack_data\datasets\attack_techniques\T1105\atomic_red_team\windows-sysmon.log
win-dc-792.attackrange.local,{896A638B-FDF2-6058-8212-00000000AE01},2021-03-24 21:51:30+00:00,7,1,2,0,0,0,7,0,0,0,0,0,0,0,0,7,0,1,T1105,atomic_red_team,data\datasets\splunk_attack_data\datasets\attack_techniques\T1105\atomic_red_team\windows-sysmon.log
win-dc-792.attackrange.local,{896A638B-FDF2-6058-8212-00000000AE01},2021-03-24 21:51:35+00:00,5,1,1,0,0,0,5,0,0,0,0,0,0,0,0,5,0,1,T1105,atomic_red_team,data\datasets\splunk_attack_data\datasets\attack_techniques\T1105\atomic_red_team\windows-sysmon.log
win-dc-792.attackrange.local,{896A638B-FDF2-6058-8212-00000000AE01},2021-03-24 21:51:40+00:00,7,1,2,0,0,0,7,0,0,0,0,0,0,0,0,7,0,1,T1105,atomic_red_team,data\datasets\splunk_attack_data\datasets\attack_techniques\T1105\atomic_red_team\windows-sysmon.log
win-dc-792.attackrange.local,{896A638B-FDF2-6058-8212-00000000AE01},2021-03-24 21:51:45+00:00,6,1,2,0,0,0,6,0,0,0,0,0,0,0,0,6,0,1,T1105,atomic_red_team,data\datasets\splunk_attack_data\datasets\attack_techniques\T1105\atomic_red_team\windows-sysmon.log
win-dc-792.attackrange.local,{896A638B-FDF2-6058-8212-00000000AE01},2021-03-24 21:51:50+00:00,7,1,2,0,0,0,7,0,0,0,0,0,0,0,0,7,0,1,T1105,atomic_red_team,data\datasets\splunk_attack_data\datasets\attack_techniques\T1105\atomic_red_team\windows-sysmon.log
win-dc-792.attackrange.local,{896A638B-FDF2-6058-8212-00000000AE01},2021-03-24 21:51:55+00:00,6,1,2,0,0,0,6,0,0,0,0,0,0,0,0,6,0,1,T1105,atomic_red_team,data\datasets\splunk_attack_data\datasets\attack_techniques\T1105\atomic_red_team\windows-sysmon.log
win-dc-792.attackrange.local,{896A638B-FDF2-6058-8212-00000000AE01},2021-03-24 21:52:00+00:00,2,1,1,0,0,0,2,0,0,0,0,0,0,0,0,2,0,1,T1105,atomic_red_team,data\datasets\splunk_attack_data\datasets\attack_techniques\T1105\atomic_red_team\windows-sysmon.log
win-host-692.attackrange.local,{BFB545BB-B402-605B-295A-00000000AF01},2021-03-24 21:49:50+00:00,1,1,0,0,0,0,0,0,0,1,0,0,0,0,0,0,0,1,T1105,atomic_red_team,data\datasets\splunk_attack_data\datasets\attack_techniques\T1105\atomic_red_team\windows-sysmon.log
win-host-692.attackrange.local,{BFB545BB-B403-605B-2A5A-00000000AF01},2021-03-24 21:49:55+00:00,1,1,0,0,0,0,0,0,0,1,0,0,0,0,0,0,0,1,T1105,atomic_red_team,data\datasets\splunk_attack_data\datasets\attack_techniques\T1105\atomic_red_team\windows-sysmon.log
win-host-692.attackrange.local,{BFB545BB-B404-605B-2B5A-00000000AF01},2021-03-24 21:49:55+00:00,1,1,0,0,0,0,0,0,0,1,0,0,0,0,0,0,0,1,T1105,atomic_red_team,data\datasets\splunk_attack_data\datasets\attack_techniques\T1105\atomic_red_team\windows-sysmon.log
win-host-692.attackrange.local,{BFB545BB-B409-605B-2C5A-00000000AF01},2021-03-24 21:50:00+00:00,1,1,0,0,0,0,0,0,0,1,0,0,0,0,0,0,0,1,T1105,atomic_red_team,data\datasets\splunk_attack_data\datasets\attack_techniques\T1105\atomic_red_team\windows-sysmon.log
win-host-692.attackrange.local,{BFB545BB-B40A-605B-2D5A-00000000AF01},2021-03-24 21:50:00+00:00,1,1,0,0,0,0,0,0,0,1,0,0,0,0,0,0,0,1,T1105,atomic_red_team,data\datasets\splunk_attack_data\datasets\attack_techniques\T1105\atomic_red_team\windows-sysmon.log
win-host-692.attackrange.local,{BFB545BB-B40B-605B-2E5A-00000000AF01},2021-03-24 21:50:00+00:00,1,1,0,0,0,0,0,0,0,1,0,0,0,0,0,0,0,1,T1105,atomic_red_team,data\datasets\splunk_attack_data\datasets\attack_techniques\T1105\atomic_red_team\windows-sysmon.log
win-host-692.attackrange.local,{BFB545BB-B40B-605B-2F5A-00000000AF01},2021-03-24 21:50:00+00:00,1,1,0,0,0,0,0,0,0,1,0,0,0,0,0,0,0,1,T1105,atomic_red_team,data\datasets\splunk_attack_data\datasets\attack_techniques\T1105\atomic_red_team\windows-sysmon.log
win-host-692.attackrange.local,{BFB545BB-B43E-605B-305A-00000000AF01},2021-03-24 21:50:50+00:00,1,1,0,0,0,0,0,0,0,1,0,0,0,0,0,0,0,1,T1105,atomic_red_team,data\datasets\splunk_attack_data\datasets\attack_techniques\T1105\atomic_red_team\windows-sysmon.log
win-host-692.attackrange.local,{BFB545BB-B43F-605B-315A-00000000AF01},2021-03-24 21:50:55+00:00,1,1,0,0,0,0,0,0,0,1,0,0,0,0,0,0,0,1,T1105,atomic_red_team,data\datasets\splunk_attack_data\datasets\attack_techniques\T1105\atomic_red_team\windows-sysmon.log
win-host-692.attackrange.local,{BFB545BB-B43F-605B-325A-00000000AF01},2021-03-24 21:50:55+00:00,1,1,0,0,0,0,0,0,0,1,0,0,0,0,0,0,0,1,T1105,atomic_red_team,data\datasets\splunk_attack_data\datasets\attack_techniques\T1105\atomic_red_team\windows-sysmon.log
win-host-692.attackrange.local,{BFB545BB-B445-605B-335A-00000000AF01},2021-03-24 21:51:00+00:00,1,1,0,0,0,0,0,0,0,1,0,0,0,0,0,0,0,1,T1105,atomic_red_team,data\datasets\splunk_attack_data\datasets\attack_techniques\T1105\atomic_red_team\windows-sysmon.log
win-host-692.attackrange.local,{BFB545BB-B446-605B-345A-00000000AF01},2021-03-24 21:51:00+00:00,1,1,0,0,0,0,0,0,0,1,0,0,0,0,0,0,0,1,T1105,atomic_red_team,data\datasets\splunk_attack_data\datasets\attack_techniques\T1105\atomic_red_team\windows-sysmon.log
win-host-692.attackrange.local,{BFB545BB-B447-605B-355A-00000000AF01},2021-03-24 21:51:00+00:00,1,1,0,0,0,0,0,0,0,1,0,0,0,0,0,0,0,1,T1105,atomic_red_team,data\datasets\splunk_attack_data\datasets\attack_techniques\T1105\atomic_red_team\windows-sysmon.log
win-host-692.attackrange.local,{BFB545BB-B447-605B-365A-00000000AF01},2021-03-24 21:51:00+00:00,1,1,0,0,0,0,0,0,0,1,0,0,0,0,0,0,0,1,T1105,atomic_red_team,data\datasets\splunk_attack_data\datasets\attack_techniques\T1105\atomic_red_team\windows-sysmon.log
win-host-692.attackrange.local,{BFB545BB-B47A-605B-375A-00000000AF01},2021-03-24 21:51:50+00:00,1,1,0,0,0,0,0,0,0,1,0,0,0,0,0,0,0,1,T1105,atomic_red_team,data\datasets\splunk_attack_data\datasets\attack_techniques\T1105\atomic_red_team\windows-sysmon.log
win-host-692.attackrange.local,{BFB545BB-B47B-605B-385A-00000000AF01},2021-03-24 21:51:55+00:00,1,1,0,0,0,0,0,0,0,1,0,0,0,0,0,0,0,1,T1105,atomic_red_team,data\datasets\splunk_attack_data\datasets\attack_techniques\T1105\atomic_red_team\windows-sysmon.log
win-host-692.attackrange.local,{BFB545BB-B47C-605B-395A-00000000AF01},2021-03-24 21:51:55+00:00,1,1,0,0,0,0,0,0,0,1,0,0,0,0,0,0,0,1,T1105,atomic_red_team,data\datasets\splunk_attack_data\datasets\attack_techniques\T1105\atomic_red_team\windows-sysmon.log
win-host-692.attackrange.local,{BFB545BB-B481-605B-3A5A-00000000AF01},2021-03-24 21:52:00+00:00,1,1,0,0,0,0,0,0,0,1,0,0,0,0,0,0,0,1,T1105,atomic_red_team,data\datasets\splunk_attack_data\datasets\attack_techniques\T1105\atomic_red_team\windows-sysmon.log
win-host-692.attackrange.local,{BFB545BB-B865-6058-0B00-00000000AF01},2021-03-24 21:51:00+00:00,10,1,0,0,0,0,0,10,0,0,0,0,0,0,10,0,0,1,T1105,atomic_red_team,data\datasets\splunk_attack_data\datasets\attack_techniques\T1105\atomic_red_team\windows-sysmon.log
win-host-692.attackrange.local,{BFB545BB-B866-6058-1200-00000000AF01},2021-03-24 21:49:35+00:00,1,1,1,1,0,1,1,0,0,0,0,0,0,0,0,1,0,1,T1105,atomic_red_team,data\datasets\splunk_attack_data\datasets\attack_techniques\T1105\atomic_red_team\windows-sysmon.log
win-host-692.attackrange.local,{BFB545BB-B866-6058-1200-00000000AF01},2021-03-24 21:50:35+00:00,1,1,1,1,0,1,1,0,0,0,0,0,0,0,0,1,0,1,T1105,atomic_red_team,data\datasets\splunk_attack_data\datasets\attack_techniques\T1105\atomic_red_team\windows-sysmon.log
win-host-692.attackrange.local,{BFB545BB-B866-6058-1200-00000000AF01},2021-03-24 21:51:35+00:00,1,1,1,1,0,1,1,0,0,0,0,0,0,0,0,1,0,1,T1105,atomic_red_team,data\datasets\splunk_attack_data\datasets\attack_techniques\T1105\atomic_red_team\windows-sysmon.log
win-host-692.attackrange.local,{BFB545BB-B8FB-6058-A200-00000000AF01},2021-03-24 21:49:00+00:00,1,1,0,0,1,0,0,0,1,0,1,0,0,0,0,0,0,1,T1105,atomic_red_team,data\datasets\splunk_attack_data\datasets\attack_techniques\T1105\atomic_red_team\windows-sysmon.log
win-host-692.attackrange.local,{BFB545BB-B8FB-6058-A200-00000000AF01},2021-03-24 21:49:05+00:00,1,1,1,1,0,0,1,0,0,0,0,0,0,0,0,1,0,1,T1105,atomic_red_team,data\datasets\splunk_attack_data\datasets\attack_techniques\T1105\atomic_red_team\windows-sysmon.log
win-host-692.attackrange.local,{BFB545BB-B8FB-6058-A200-00000000AF01},2021-03-24 21:50:00+00:00,1,1,0,0,1,0,0,0,1,0,1,0,0,0,0,0,0,1,T1105,atomic_red_team,data\datasets\splunk_attack_data\datasets\attack_techniques\T1105\atomic_red_team\windows-sysmon.log
win-host-692.attackrange.local,{BFB545BB-B8FB-6058-A200-00000000AF01},2021-03-24 21:50:05+00:00,1,1,1,1,0,0,1,0,0,0,0,0,0,0,0,1,0,1,T1105,atomic_red_team,data\datasets\splunk_attack_data\datasets\attack_techniques\T1105\atomic_red_team\windows-sysmon.log
win-host-692.attackrange.local,{BFB545BB-B8FB-6058-A200-00000000AF01},2021-03-24 21:51:00+00:00,1,1,0,0,1,0,0,0,1,0,1,0,0,0,0,0,0,1,T1105,atomic_red_team,data\datasets\splunk_attack_data\datasets\attack_techniques\T1105\atomic_red_team\windows-sysmon.log
win-host-692.attackrange.local,{BFB545BB-B8FB-6058-A200-00000000AF01},2021-03-24 21:51:05+00:00,1,1,1,1,0,0,1,0,0,0,0,0,0,0,0,1,0,1,T1105,atomic_red_team,data\datasets\splunk_attack_data\datasets\attack_techniques\T1105\atomic_red_team\windows-sysmon.log
win-host-692.attackrange.local,{BFB545BB-B903-6058-D000-00000000AF01},2021-03-24 21:49:00+00:00,1,1,0,0,1,0,0,0,1,0,1,0,0,0,0,0,0,1,T1105,atomic_red_team,data\datasets\splunk_attack_data\datasets\attack_techniques\T1105\atomic_red_team\windows-sysmon.log
win-host-692.attackrange.local,{BFB545BB-B903-6058-D000-00000000AF01},2021-03-24 21:49:05+00:00,1,1,0,0,1,0,0,0,1,0,1,0,0,0,0,0,0,1,T1105,atomic_red_team,data\datasets\splunk_attack_data\datasets\attack_techniques\T1105\atomic_red_team\windows-sysmon.log
win-host-692.attackrange.local,{BFB545BB-B903-6058-D000-00000000AF01},2021-03-24 21:49:10+00:00,1,1,0,0,1,0,0,0,1,0,1,0,0,0,0,0,0,1,T1105,atomic_red_team,data\datasets\splunk_attack_data\datasets\attack_techniques\T1105\atomic_red_team\windows-sysmon.log
win-host-692.attackrange.local,{BFB545BB-B903-6058-D000-00000000AF01},2021-03-24 21:49:15+00:00,1,1,0,0,1,0,0,0,1,0,1,0,0,0,0,0,0,1,T1105,atomic_red_team,data\datasets\splunk_attack_data\datasets\attack_techniques\T1105\atomic_red_team\windows-sysmon.log
win-host-692.attackrange.local,{BFB545BB-B903-6058-D000-00000000AF01},2021-03-24 21:49:20+00:00,1,1,0,0,1,0,0,0,1,0,1,0,0,0,0,0,0,1,T1105,atomic_red_team,data\datasets\splunk_attack_data\datasets\attack_techniques\T1105\atomic_red_team\windows-sysmon.log
win-host-692.attackrange.local,{BFB545BB-B903-6058-D000-00000000AF01},2021-03-24 21:49:25+00:00,1,1,0,0,1,0,0,0,1,0,1,0,0,0,0,0,0,1,T1105,atomic_red_team,data\datasets\splunk_attack_data\datasets\attack_techniques\T1105\atomic_red_team\windows-sysmon.log
win-host-692.attackrange.local,{BFB545BB-B903-6058-D000-00000000AF01},2021-03-24 21:49:35+00:00,1,1,0,0,1,0,0,0,1,0,1,0,0,0,0,0,0,1,T1105,atomic_red_team,data\datasets\splunk_attack_data\datasets\attack_techniques\T1105\atomic_red_team\windows-sysmon.log
win-host-692.attackrange.local,{BFB545BB-B903-6058-D000-00000000AF01},2021-03-24 21:49:40+00:00,1,1,0,0,1,0,0,0,1,0,1,0,0,0,0,0,0,1,T1105,atomic_red_team,data\datasets\splunk_attack_data\datasets\attack_techniques\T1105\atomic_red_team\windows-sysmon.log
win-host-692.attackrange.local,{BFB545BB-B903-6058-D000-00000000AF01},2021-03-24 21:49:45+00:00,1,1,0,0,1,0,0,0,1,0,1,0,0,0,0,0,0,1,T1105,atomic_red_team,data\datasets\splunk_attack_data\datasets\attack_techniques\T1105\atomic_red_team\windows-sysmon.log
win-host-692.attackrange.local,{BFB545BB-B903-6058-D000-00000000AF01},2021-03-24 21:49:50+00:00,1,1,0,0,1,0,0,0,1,0,1,0,0,0,0,0,0,1,T1105,atomic_red_team,data\datasets\splunk_attack_data\datasets\attack_techniques\T1105\atomic_red_team\windows-sysmon.log
win-host-692.attackrange.local,{BFB545BB-B903-6058-D000-00000000AF01},2021-03-24 21:49:55+00:00,1,1,0,0,1,0,0,0,1,0,1,0,0,0,0,0,0,1,T1105,atomic_red_team,data\datasets\splunk_attack_data\datasets\attack_techniques\T1105\atomic_red_team\windows-sysmon.log
win-host-692.attackrange.local,{BFB545BB-B903-6058-D000-00000000AF01},2021-03-24 21:50:00+00:00,1,1,0,0,1,0,0,0,1,0,1,0,0,0,0,0,0,1,T1105,atomic_red_team,data\datasets\splunk_attack_data\datasets\attack_techniques\T1105\atomic_red_team\windows-sysmon.log
win-host-692.attackrange.local,{BFB545BB-B903-6058-D000-00000000AF01},2021-03-24 21:50:05+00:00,1,1,0,0,1,0,0,0,1,0,1,0,0,0,0,0,0,1,T1105,atomic_red_team,data\datasets\splunk_attack_data\datasets\attack_techniques\T1105\atomic_red_team\windows-sysmon.log
win-host-692.attackrange.local,{BFB545BB-B903-6058-D000-00000000AF01},2021-03-24 21:50:10+00:00,1,1,0,0,1,0,0,0,1,0,1,0,0,0,0,0,0,1,T1105,atomic_red_team,data\datasets\splunk_attack_data\datasets\attack_techniques\T1105\atomic_red_team\windows-sysmon.log
win-host-692.attackrange.local,{BFB545BB-B903-6058-D000-00000000AF01},2021-03-24 21:50:15+00:00,1,1,0,0,1,0,0,0,1,0,1,0,0,0,0,0,0,1,T1105,atomic_red_team,data\datasets\splunk_attack_data\datasets\attack_techniques\T1105\atomic_red_team\windows-sysmon.log
win-host-692.attackrange.local,{BFB545BB-B903-6058-D000-00000000AF01},2021-03-24 21:50:20+00:00,1,1,0,0,1,0,0,0,1,0,1,0,0,0,0,0,0,1,T1105,atomic_red_team,data\datasets\splunk_attack_data\datasets\attack_techniques\T1105\atomic_red_team\windows-sysmon.log
win-host-692.attackrange.local,{BFB545BB-B903-6058-D000-00000000AF01},2021-03-24 21:50:25+00:00,1,1,0,0,1,0,0,0,1,0,1,0,0,0,0,0,0,1,T1105,atomic_red_team,data\datasets\splunk_attack_data\datasets\attack_techniques\T1105\atomic_red_team\windows-sysmon.log
win-host-692.attackrange.local,{BFB545BB-B903-6058-D000-00000000AF01},2021-03-24 21:50:30+00:00,1,1,0,0,1,0,0,0,1,0,1,0,0,0,0,0,0,1,T1105,atomic_red_team,data\datasets\splunk_attack_data\datasets\attack_techniques\T1105\atomic_red_team\windows-sysmon.log
win-host-692.attackrange.local,{BFB545BB-B903-6058-D000-00000000AF01},2021-03-24 21:50:35+00:00,1,1,0,0,1,0,0,0,1,0,1,0,0,0,0,0,0,1,T1105,atomic_red_team,data\datasets\splunk_attack_data\datasets\attack_techniques\T1105\atomic_red_team\windows-sysmon.log
win-host-692.attackrange.local,{BFB545BB-B903-6058-D000-00000000AF01},2021-03-24 21:50:45+00:00,1,1,0,0,1,0,0,0,1,0,1,0,0,0,0,0,0,1,T1105,atomic_red_team,data\datasets\splunk_attack_data\datasets\attack_techniques\T1105\atomic_red_team\windows-sysmon.log
win-host-692.attackrange.local,{BFB545BB-B903-6058-D000-00000000AF01},2021-03-24 21:50:50+00:00,1,1,0,0,1,0,0,0,1,0,1,0,0,0,0,0,0,1,T1105,atomic_red_team,data\datasets\splunk_attack_data\datasets\attack_techniques\T1105\atomic_red_team\windows-sysmon.log
win-host-692.attackrange.local,{BFB545BB-B903-6058-D000-00000000AF01},2021-03-24 21:50:55+00:00,1,1,0,0,1,0,0,0,1,0,1,0,0,0,0,0,0,1,T1105,atomic_red_team,data\datasets\splunk_attack_data\datasets\attack_techniques\T1105\atomic_red_team\windows-sysmon.log
win-host-692.attackrange.local,{BFB545BB-B903-6058-D000-00000000AF01},2021-03-24 21:51:00+00:00,1,1,0,0,1,0,0,0,1,0,1,0,0,0,0,0,0,1,T1105,atomic_red_team,data\datasets\splunk_attack_data\datasets\attack_techniques\T1105\atomic_red_team\windows-sysmon.log
win-host-692.attackrange.local,{BFB545BB-B903-6058-D000-00000000AF01},2021-03-24 21:51:05+00:00,1,1,0,0,1,0,0,0,1,0,1,0,0,0,0,0,0,1,T1105,atomic_red_team,data\datasets\splunk_attack_data\datasets\attack_techniques\T1105\atomic_red_team\windows-sysmon.log
win-host-692.attackrange.local,{BFB545BB-B903-6058-D000-00000000AF01},2021-03-24 21:51:10+00:00,1,1,0,0,1,0,0,0,1,0,1,0,0,0,0,0,0,1,T1105,atomic_red_team,data\datasets\splunk_attack_data\datasets\attack_techniques\T1105\atomic_red_team\windows-sysmon.log
win-host-692.attackrange.local,{BFB545BB-B903-6058-D000-00000000AF01},2021-03-24 21:51:15+00:00,1,1,0,0,1,0,0,0,1,0,1,0,0,0,0,0,0,1,T1105,atomic_red_team,data\datasets\splunk_attack_data\datasets\attack_techniques\T1105\atomic_red_team\windows-sysmon.log
win-host-692.attackrange.local,{BFB545BB-B903-6058-D000-00000000AF01},2021-03-24 21:51:20+00:00,1,1,0,0,1,0,0,0,1,0,1,0,0,0,0,0,0,1,T1105,atomic_red_team,data\datasets\splunk_attack_data\datasets\attack_techniques\T1105\atomic_red_team\windows-sysmon.log
win-host-692.attackrange.local,{BFB545BB-B903-6058-D000-00000000AF01},2021-03-24 21:51:25+00:00,1,1,0,0,1,0,0,0,1,0,1,0,0,0,0,0,0,1,T1105,atomic_red_team,data\datasets\splunk_attack_data\datasets\attack_techniques\T1105\atomic_red_team\windows-sysmon.log
win-host-692.attackrange.local,{BFB545BB-B903-6058-D000-00000000AF01},2021-03-24 21:51:30+00:00,1,1,0,0,1,0,0,0,1,0,1,0,0,0,0,0,0,1,T1105,atomic_red_team,data\datasets\splunk_attack_data\datasets\attack_techniques\T1105\atomic_red_team\windows-sysmon.log
win-host-692.attackrange.local,{BFB545BB-B903-6058-D000-00000000AF01},2021-03-24 21:51:35+00:00,1,1,0,0,1,0,0,0,1,0,1,0,0,0,0,0,0,1,T1105,atomic_red_team,data\datasets\splunk_attack_data\datasets\attack_techniques\T1105\atomic_red_team\windows-sysmon.log
win-host-692.attackrange.local,{BFB545BB-B903-6058-D000-00000000AF01},2021-03-24 21:51:40+00:00,1,1,0,0,1,0,0,0,1,0,1,0,0,0,0,0,0,1,T1105,atomic_red_team,data\datasets\splunk_attack_data\datasets\attack_techniques\T1105\atomic_red_team\windows-sysmon.log
win-host-692.attackrange.local,{BFB545BB-B903-6058-D000-00000000AF01},2021-03-24 21:51:45+00:00,1,1,0,0,1,0,0,0,1,0,1,0,0,0,0,0,0,1,T1105,atomic_red_team,data\datasets\splunk_attack_data\datasets\attack_techniques\T1105\atomic_red_team\windows-sysmon.log
win-host-692.attackrange.local,{BFB545BB-B903-6058-D000-00000000AF01},2021-03-24 21:51:50+00:00,1,1,0,0,1,0,0,0,1,0,1,0,0,0,0,0,0,1,T1105,atomic_red_team,data\datasets\splunk_attack_data\datasets\attack_techniques\T1105\atomic_red_team\windows-sysmon.log
win-host-692.attackrange.local,{BFB545BB-B909-6058-D900-00000000AF01},2021-03-24 21:49:05+00:00,7,1,2,0,0,0,7,0,0,0,0,0,0,0,0,7,0,1,T1105,atomic_red_team,data\datasets\splunk_attack_data\datasets\attack_techniques\T1105\atomic_red_team\windows-sysmon.log
win-host-692.attackrange.local,{BFB545BB-B909-6058-D900-00000000AF01},2021-03-24 21:49:10+00:00,6,1,2,0,0,0,6,0,0,0,0,0,0,0,0,6,0,1,T1105,atomic_red_team,data\datasets\splunk_attack_data\datasets\attack_techniques\T1105\atomic_red_team\windows-sysmon.log
win-host-692.attackrange.local,{BFB545BB-B909-6058-D900-00000000AF01},2021-03-24 21:49:15+00:00,7,1,2,0,0,0,7,0,0,0,0,0,0,0,0,7,0,1,T1105,atomic_red_team,data\datasets\splunk_attack_data\datasets\attack_techniques\T1105\atomic_red_team\windows-sysmon.log
win-host-692.attackrange.local,{BFB545BB-B909-6058-D900-00000000AF01},2021-03-24 21:49:20+00:00,7,1,2,0,0,0,7,0,0,0,0,0,0,0,0,7,0,1,T1105,atomic_red_team,data\datasets\splunk_attack_data\datasets\attack_techniques\T1105\atomic_red_team\windows-sysmon.log
win-host-692.attackrange.local,{BFB545BB-B909-6058-D900-00000000AF01},2021-03-24 21:49:25+00:00,7,1,2,0,0,0,7,0,0,0,0,0,0,0,0,7,0,1,T1105,atomic_red_team,data\datasets\splunk_attack_data\datasets\attack_techniques\T1105\atomic_red_team\windows-sysmon.log
win-host-692.attackrange.local,{BFB545BB-B909-6058-D900-00000000AF01},2021-03-24 21:49:30+00:00,6,1,2,0,0,0,6,0,0,0,0,0,0,0,0,6,0,1,T1105,atomic_red_team,data\datasets\splunk_attack_data\datasets\attack_techniques\T1105\atomic_red_team\windows-sysmon.log
win-host-692.attackrange.local,{BFB545BB-B909-6058-D900-00000000AF01},2021-03-24 21:49:35+00:00,7,1,2,0,0,0,7,0,0,0,0,0,0,0,0,7,0,1,T1105,atomic_red_team,data\datasets\splunk_attack_data\datasets\attack_techniques\T1105\atomic_red_team\windows-sysmon.log
win-host-692.attackrange.local,{BFB545BB-B909-6058-D900-00000000AF01},2021-03-24 21:49:40+00:00,5,1,1,0,0,0,5,0,0,0,0,0,0,0,0,5,0,1,T1105,atomic_red_team,data\datasets\splunk_attack_data\datasets\attack_techniques\T1105\atomic_red_team\windows-sysmon.log
win-host-692.attackrange.local,{BFB545BB-B909-6058-D900-00000000AF01},2021-03-24 21:49:45+00:00,7,1,2,0,0,0,7,0,0,0,0,0,0,0,0,7,0,1,T1105,atomic_red_team,data\datasets\splunk_attack_data\datasets\attack_techniques\T1105\atomic_red_team\windows-sysmon.log
win-host-692.attackrange.local,{BFB545BB-B909-6058-D900-00000000AF01},2021-03-24 21:49:50+00:00,7,1,2,0,0,0,7,0,0,0,0,0,0,0,0,7,0,1,T1105,atomic_red_team,data\datasets\splunk_attack_data\datasets\attack_techniques\T1105\atomic_red_team\windows-sysmon.log
win-host-692.attackrange.local,{BFB545BB-B909-6058-D900-00000000AF01},2021-03-24 21:49:55+00:00,8,1,2,0,0,0,8,0,0,0,0,0,0,0,0,8,0,1,T1105,atomic_red_team,data\datasets\splunk_attack_data\datasets\attack_techniques\T1105\atomic_red_team\windows-sysmon.log
win-host-692.attackrange.local,{BFB545BB-B909-6058-D900-00000000AF01},2021-03-24 21:50:00+00:00,7,1,2,0,0,0,7,0,0,0,0,0,0,0,0,7,0,1,T1105,atomic_red_team,data\datasets\splunk_attack_data\datasets\attack_techniques\T1105\atomic_red_team\windows-sysmon.log
win-host-692.attackrange.local,{BFB545BB-B909-6058-D900-00000000AF01},2021-03-24 21:50:05+00:00,7,1,2,0,0,0,7,0,0,0,0,0,0,0,0,7,0,1,T1105,atomic_red_team,data\datasets\splunk_attack_data\datasets\attack_techniques\T1105\atomic_red_team\windows-sysmon.log
win-host-692.attackrange.local,{BFB545BB-B909-6058-D900-00000000AF01},2021-03-24 21:50:10+00:00,6,1,2,0,0,0,6,0,0,0,0,0,0,0,0,6,0,1,T1105,atomic_red_team,data\datasets\splunk_attack_data\datasets\attack_techniques\T1105\atomic_red_team\windows-sysmon.log
win-host-692.attackrange.local,{BFB545BB-B909-6058-D900-00000000AF01},2021-03-24 21:50:15+00:00,7,1,2,0,0,0,7,0,0,0,0,0,0,0,0,7,0,1,T1105,atomic_red_team,data\datasets\splunk_attack_data\datasets\attack_techniques\T1105\atomic_red_team\windows-sysmon.log
win-host-692.attackrange.local,{BFB545BB-B909-6058-D900-00000000AF01},2021-03-24 21:50:20+00:00,6,1,2,0,0,0,6,0,0,0,0,0,0,0,0,6,0,1,T1105,atomic_red_team,data\datasets\splunk_attack_data\datasets\attack_techniques\T1105\atomic_red_team\windows-sysmon.log
win-host-692.attackrange.local,{BFB545BB-B909-6058-D900-00000000AF01},2021-03-24 21:50:25+00:00,7,1,2,0,0,0,7,0,0,0,0,0,0,0,0,7,0,1,T1105,atomic_red_team,data\datasets\splunk_attack_data\datasets\attack_techniques\T1105\atomic_red_team\windows-sysmon.log
win-host-692.attackrange.local,{BFB545BB-B909-6058-D900-00000000AF01},2021-03-24 21:50:30+00:00,7,1,2,0,0,0,7,0,0,0,0,0,0,0,0,7,0,1,T1105,atomic_red_team,data\datasets\splunk_attack_data\datasets\attack_techniques\T1105\atomic_red_team\windows-sysmon.log
win-host-692.attackrange.local,{BFB545BB-B909-6058-D900-00000000AF01},2021-03-24 21:50:35+00:00,7,1,2,0,0,0,7,0,0,0,0,0,0,0,0,7,0,1,T1105,atomic_red_team,data\datasets\splunk_attack_data\datasets\attack_techniques\T1105\atomic_red_team\windows-sysmon.log
win-host-692.attackrange.local,{BFB545BB-B909-6058-D900-00000000AF01},2021-03-24 21:50:40+00:00,7,1,2,0,0,0,7,0,0,0,0,0,0,0,0,7,0,1,T1105,atomic_red_team,data\datasets\splunk_attack_data\datasets\attack_techniques\T1105\atomic_red_team\windows-sysmon.log
win-host-692.attackrange.local,{BFB545BB-B909-6058-D900-00000000AF01},2021-03-24 21:50:45+00:00,7,1,2,0,0,0,7,0,0,0,0,0,0,0,0,7,0,1,T1105,atomic_red_team,data\datasets\splunk_attack_data\datasets\attack_techniques\T1105\atomic_red_team\windows-sysmon.log
win-host-692.attackrange.local,{BFB545BB-B909-6058-D900-00000000AF01},2021-03-24 21:50:50+00:00,6,1,2,0,0,0,6,0,0,0,0,0,0,0,0,6,0,1,T1105,atomic_red_team,data\datasets\splunk_attack_data\datasets\attack_techniques\T1105\atomic_red_team\windows-sysmon.log
win-host-692.attackrange.local,{BFB545BB-B909-6058-D900-00000000AF01},2021-03-24 21:50:55+00:00,8,1,2,0,0,0,8,0,0,0,0,0,0,0,0,8,0,1,T1105,atomic_red_team,data\datasets\splunk_attack_data\datasets\attack_techniques\T1105\atomic_red_team\windows-sysmon.log
win-host-692.attackrange.local,{BFB545BB-B909-6058-D900-00000000AF01},2021-03-24 21:51:00+00:00,6,1,2,0,0,0,6,0,0,0,0,0,0,0,0,6,0,1,T1105,atomic_red_team,data\datasets\splunk_attack_data\datasets\attack_techniques\T1105\atomic_red_team\windows-sysmon.log
win-host-692.attackrange.local,{BFB545BB-B909-6058-D900-00000000AF01},2021-03-24 21:51:05+00:00,6,1,2,0,0,0,6,0,0,0,0,0,0,0,0,6,0,1,T1105,atomic_red_team,data\datasets\splunk_attack_data\datasets\attack_techniques\T1105\atomic_red_team\windows-sysmon.log
win-host-692.attackrange.local,{BFB545BB-B909-6058-D900-00000000AF01},2021-03-24 21:51:10+00:00,6,1,2,0,0,0,6,0,0,0,0,0,0,0,0,6,0,1,T1105,atomic_red_team,data\datasets\splunk_attack_data\datasets\attack_techniques\T1105\atomic_red_team\windows-sysmon.log
win-host-692.attackrange.local,{BFB545BB-B909-6058-D900-00000000AF01},2021-03-24 21:51:15+00:00,7,1,2,0,0,0,7,0,0,0,0,0,0,0,0,7,0,1,T1105,atomic_red_team,data\datasets\splunk_attack_data\datasets\attack_techniques\T1105\atomic_red_team\windows-sysmon.log
win-host-692.attackrange.local,{BFB545BB-B909-6058-D900-00000000AF01},2021-03-24 21:51:20+00:00,7,1,2,0,0,0,7,0,0,0,0,0,0,0,0,7,0,1,T1105,atomic_red_team,data\datasets\splunk_attack_data\datasets\attack_techniques\T1105\atomic_red_team\windows-sysmon.log
win-host-692.attackrange.local,{BFB545BB-B909-6058-D900-00000000AF01},2021-03-24 21:51:25+00:00,7,1,2,0,0,0,7,0,0,0,0,0,0,0,0,7,0,1,T1105,atomic_red_team,data\datasets\splunk_attack_data\datasets\attack_techniques\T1105\atomic_red_team\windows-sysmon.log
win-host-692.attackrange.local,{BFB545BB-B909-6058-D900-00000000AF01},2021-03-24 21:51:30+00:00,6,1,2,0,0,0,6,0,0,0,0,0,0,0,0,6,0,1,T1105,atomic_red_team,data\datasets\splunk_attack_data\datasets\attack_techniques\T1105\atomic_red_team\windows-sysmon.log
win-host-692.attackrange.local,{BFB545BB-B909-6058-D900-00000000AF01},2021-03-24 21:51:35+00:00,6,1,2,0,0,0,6,0,0,0,0,0,0,0,0,6,0,1,T1105,atomic_red_team,data\datasets\splunk_attack_data\datasets\attack_techniques\T1105\atomic_red_team\windows-sysmon.log
win-host-692.attackrange.local,{BFB545BB-B909-6058-D900-00000000AF01},2021-03-24 21:51:40+00:00,7,1,2,0,0,0,7,0,0,0,0,0,0,0,0,7,0,1,T1105,atomic_red_team,data\datasets\splunk_attack_data\datasets\attack_techniques\T1105\atomic_red_team\windows-sysmon.log
win-host-692.attackrange.local,{BFB545BB-B909-6058-D900-00000000AF01},2021-03-24 21:51:45+00:00,7,1,2,0,0,0,7,0,0,0,0,0,0,0,0,7,0,1,T1105,atomic_red_team,data\datasets\splunk_attack_data\datasets\attack_techniques\T1105\atomic_red_team\windows-sysmon.log
win-host-692.attackrange.local,{BFB545BB-B909-6058-D900-00000000AF01},2021-03-24 21:51:50+00:00,6,1,2,0,0,0,6,0,0,0,0,0,0,0,0,6,0,1,T1105,atomic_red_team,data\datasets\splunk_attack_data\datasets\attack_techniques\T1105\atomic_red_team\windows-sysmon.log
win-host-692.attackrange.local,{BFB545BB-B909-6058-D900-00000000AF01},2021-03-24 21:51:55+00:00,7,1,2,0,0,0,7,0,0,0,0,0,0,0,0,7,0,1,T1105,atomic_red_team,data\datasets\splunk_attack_data\datasets\attack_techniques\T1105\atomic_red_team\windows-sysmon.log
win-host-692.attackrange.local,{BFB545BB-B909-6058-D900-00000000AF01},2021-03-24 21:52:00+00:00,1,1,1,0,0,0,1,0,0,0,0,0,0,0,0,1,0,1,T1105,atomic_red_team,data\datasets\splunk_attack_data\datasets\attack_techniques\T1105\atomic_red_team\windows-sysmon.log
win-dc-469.attackrange.local,{8B6011A9-5C50-6192-B66C-05000000F101},2021-11-15 20:08:50+00:00,1,1,0,0,0,0,0,1,0,0,0,0,0,0,1,0,0,1,T1486,dcrypt,data\datasets\splunk_attack_data\datasets\attack_techniques\T1486\dcrypt\windows-sysmon.log
win-dc-469.attackrange.local,{8B6011A9-886B-6164-0A00-00000000F101},2021-11-15 20:09:55+00:00,1,1,0,0,0,0,0,1,0,0,0,0,0,0,1,0,0,1,T1486,dcrypt,data\datasets\splunk_attack_data\datasets\attack_techniques\T1486\dcrypt\windows-sysmon.log
win-dc-469.attackrange.local,{8B6011A9-886D-6164-1300-00000000F101},2021-11-15 20:08:50+00:00,1,1,0,0,0,0,0,1,0,0,0,0,0,0,1,0,0,1,T1486,dcrypt,data\datasets\splunk_attack_data\datasets\attack_techniques\T1486\dcrypt\windows-sysmon.log
win-dc-469.attackrange.local,{8B6011A9-886D-6164-1300-00000000F101},2021-11-15 20:10:20+00:00,21,1,0,0,0,0,0,21,0,0,0,0,0,1,20,0,0,1,T1486,dcrypt,data\datasets\splunk_attack_data\datasets\attack_techniques\T1486\dcrypt\windows-sysmon.log
win-dc-469.attackrange.local,{8B6011A9-BE53-6192-F778-05000000F101},2021-11-15 20:08:50+00:00,45,1,2,1,0,2,2,0,0,1,0,42,2,0,0,0,0,1,T1486,dcrypt,data\datasets\splunk_attack_data\datasets\attack_techniques\T1486\dcrypt\windows-sysmon.log
win-dc-469.attackrange.local,{8B6011A9-BE53-6192-F778-05000000F101},2021-11-15 20:10:20+00:00,1,1,1,1,0,1,1,0,0,0,0,0,0,0,0,1,0,1,T1486,dcrypt,data\datasets\splunk_attack_data\datasets\attack_techniques\T1486\dcrypt\windows-sysmon.log
win-dc-469.attackrange.local,{8B6011A9-BE53-6192-F878-05000000F101},2021-11-15 20:08:50+00:00,1,1,0,0,0,0,0,0,0,1,0,0,0,0,0,0,0,1,T1486,dcrypt,data\datasets\splunk_attack_data\datasets\attack_techniques\T1486\dcrypt\windows-sysmon.log
win-dc-469.attackrange.local,{8B6011A9-BE53-6192-F878-05000000F101},2021-11-15 20:09:55+00:00,1,1,0,0,0,0,0,1,0,0,0,0,0,0,1,0,0,1,T1486,dcrypt,data\datasets\splunk_attack_data\datasets\attack_techniques\T1486\dcrypt\windows-sysmon.log
win-dc-469.attackrange.local,{8B6011A9-BE97-6192-0079-05000000F101},2021-11-15 20:09:55+00:00,36,1,1,1,0,0,1,12,0,1,0,22,1,3,9,0,0,1,T1486,dcrypt,data\datasets\splunk_attack_data\datasets\attack_techniques\T1486\dcrypt\windows-sysmon.log
win-dc-469.attackrange.local,{8B6011A9-BEB6-6192-0B79-05000000F101},2021-11-15 20:10:35+00:00,60,1,0,0,0,0,0,60,0,0,0,0,0,3,57,0,0,1,T1486,dcrypt,data\datasets\splunk_attack_data\datasets\attack_techniques\T1486\dcrypt\windows-sysmon.log
win-dc-469.attackrange.local,{8B6011A9-BEE0-6192-1000-00000000F201},2021-11-15 20:12:20+00:00,21,1,0,0,0,0,0,21,0,0,0,0,0,1,20,0,0,1,T1486,dcrypt,data\datasets\splunk_attack_data\datasets\attack_techniques\T1486\dcrypt\windows-sysmon.log
win-dc-469.attackrange.local,{8B6011A9-BEE0-6192-1000-00000000F201},2021-11-15 20:13:15+00:00,1,1,0,0,0,0,0,1,0,0,0,0,0,0,1,0,0,1,T1486,dcrypt,data\datasets\splunk_attack_data\datasets\attack_techniques\T1486\dcrypt\windows-sysmon.log
win-dc-469.attackrange.local,{8B6011A9-BF25-6192-9C00-00000000F201},2021-11-15 20:12:20+00:00,47,1,0,0,0,0,0,1,0,1,0,45,0,1,0,0,0,1,T1486,dcrypt,data\datasets\splunk_attack_data\datasets\attack_techniques\T1486\dcrypt\windows-sysmon.log
win-dc-633.attackrange.local,{7E7FFDA1-1705-5FCE-0000-0010EB030000},2020-12-07 11:57:00+00:00,6,1,0,0,0,0,0,6,0,0,0,0,0,2,4,0,0,1,T1486,sam_sam_note,data\datasets\splunk_attack_data\datasets\attack_techniques\T1486\sam_sam_note\windows-sysmon.log
win-dc-633.attackrange.local,{7E7FFDA1-1715-5FCE-0000-001065B10000},2020-12-07 11:57:00+00:00,1,1,0,0,0,0,0,1,0,0,0,0,0,0,1,0,0,1,T1486,sam_sam_note,data\datasets\splunk_attack_data\datasets\attack_techniques\T1486\sam_sam_note\windows-sysmon.log
win-dc-633.attackrange.local,{7E7FFDA1-1715-5FCE-0000-00106BC70000},2020-12-07 11:57:00+00:00,3,1,0,0,0,0,0,3,0,0,0,0,0,0,3,0,0,1,T1486,sam_sam_note,data\datasets\splunk_attack_data\datasets\attack_techniques\T1486\sam_sam_note\windows-sysmon.log
win-dc-633.attackrange.local,{7E7FFDA1-1886-5FCE-0000-0010DE3C1000},2020-12-07 11:56:50+00:00,1,1,0,0,0,0,0,0,0,1,0,0,0,0,0,0,0,1,T1486,sam_sam_note,data\datasets\splunk_attack_data\datasets\attack_techniques\T1486\sam_sam_note\windows-sysmon.log
win-dc-633.attackrange.local,{7E7FFDA1-1886-5FCE-0000-0010F23E1000},2020-12-07 11:56:50+00:00,1,1,0,0,0,0,0,0,0,1,0,0,0,0,0,0,0,1,T1486,sam_sam_note,data\datasets\splunk_attack_data\datasets\attack_techniques\T1486\sam_sam_note\windows-sysmon.log
win-dc-633.attackrange.local,{7E7FFDA1-1887-5FCE-0000-001027461000},2020-12-07 11:56:55+00:00,1,1,0,0,0,0,0,0,0,1,0,0,0,0,0,0,0,1,T1486,sam_sam_note,data\datasets\splunk_attack_data\datasets\attack_techniques\T1486\sam_sam_note\windows-sysmon.log
win-dc-633.attackrange.local,{7E7FFDA1-1887-5FCE-0000-001063611000},2020-12-07 11:56:55+00:00,1,1,0,0,0,0,0,0,0,1,0,0,0,0,0,0,0,1,T1486,sam_sam_note,data\datasets\splunk_attack_data\datasets\attack_techniques\T1486\sam_sam_note\windows-sysmon.log
win-dc-633.attackrange.local,{7E7FFDA1-1887-5FCE-0000-0010AF551000},2020-12-07 11:56:55+00:00,4,1,3,3,0,3,3,0,0,1,0,0,3,0,0,0,0,1,T1486,sam_sam_note,data\datasets\splunk_attack_data\datasets\attack_techniques\T1486\sam_sam_note\windows-sysmon.log
win-dc-633.attackrange.local,{7E7FFDA1-1887-5FCE-0000-0010B2491000},2020-12-07 11:56:55+00:00,2,1,1,1,0,1,1,0,0,1,0,0,1,0,0,0,0,1,T1486,sam_sam_note,data\datasets\splunk_attack_data\datasets\attack_techniques\T1486\sam_sam_note\windows-sysmon.log
win-dc-633.attackrange.local,{7E7FFDA1-1887-5FCE-0000-0010ED481000},2020-12-07 11:56:55+00:00,1,1,0,0,0,0,0,0,0,1,0,0,0,0,0,0,0,1,T1486,sam_sam_note,data\datasets\splunk_attack_data\datasets\attack_techniques\T1486\sam_sam_note\windows-sysmon.log
win-dc-633.attackrange.local,{7E7FFDA1-1888-5FCE-0000-001016711000},2020-12-07 11:56:55+00:00,1,1,0,0,0,0,0,0,0,1,0,0,0,0,0,0,0,1,T1486,sam_sam_note,data\datasets\splunk_attack_data\datasets\attack_techniques\T1486\sam_sam_note\windows-sysmon.log
win-dc-633.attackrange.local,{7E7FFDA1-1888-5FCE-0000-001068681000},2020-12-07 11:56:55+00:00,2,1,1,1,0,1,1,0,0,1,0,0,1,0,0,0,0,1,T1486,sam_sam_note,data\datasets\splunk_attack_data\datasets\attack_techniques\T1486\sam_sam_note\windows-sysmon.log
win-dc-633.attackrange.local,{7E7FFDA1-1889-5FCE-0000-0010047A1000},2020-12-07 11:56:55+00:00,2,1,1,1,0,1,1,0,0,1,0,0,1,0,0,0,0,1,T1486,sam_sam_note,data\datasets\splunk_attack_data\datasets\attack_techniques\T1486\sam_sam_note\windows-sysmon.log
win-dc-633.attackrange.local,{7E7FFDA1-1889-5FCE-0000-00100A971000},2020-12-07 11:56:55+00:00,2,1,1,1,0,1,1,0,0,1,0,0,1,0,0,0,0,1,T1486,sam_sam_note,data\datasets\splunk_attack_data\datasets\attack_techniques\T1486\sam_sam_note\windows-sysmon.log
win-dc-633.attackrange.local,{7E7FFDA1-1889-5FCE-0000-00103F791000},2020-12-07 11:56:55+00:00,1,1,0,0,0,0,0,0,0,1,0,0,0,0,0,0,0,1,T1486,sam_sam_note,data\datasets\splunk_attack_data\datasets\attack_techniques\T1486\sam_sam_note\windows-sysmon.log
win-dc-633.attackrange.local,{7E7FFDA1-1889-5FCE-0000-001045861000},2020-12-07 11:56:55+00:00,5,1,3,3,0,3,3,1,0,1,0,0,3,0,1,0,0,1,T1486,sam_sam_note,data\datasets\splunk_attack_data\datasets\attack_techniques\T1486\sam_sam_note\windows-sysmon.log
win-dc-633.attackrange.local,{7E7FFDA1-1889-5FCE-0000-001071761000},2020-12-07 11:56:55+00:00,1,1,0,0,0,0,0,0,0,1,0,0,0,0,0,0,0,1,T1486,sam_sam_note,data\datasets\splunk_attack_data\datasets\attack_techniques\T1486\sam_sam_note\windows-sysmon.log
win-dc-633.attackrange.local,{7E7FFDA1-1889-5FCE-0000-0010F4911000},2020-12-07 11:56:55+00:00,1,1,0,0,0,0,0,0,0,1,0,0,0,0,0,0,0,1,T1486,sam_sam_note,data\datasets\splunk_attack_data\datasets\attack_techniques\T1486\sam_sam_note\windows-sysmon.log
win-dc-633.attackrange.local,{7E7FFDA1-188A-5FCE-0000-00100BAF1000},2020-12-07 11:56:55+00:00,5,1,3,3,0,3,3,1,0,1,0,0,3,0,1,0,0,1,T1486,sam_sam_note,data\datasets\splunk_attack_data\datasets\attack_techniques\T1486\sam_sam_note\windows-sysmon.log
win-dc-633.attackrange.local,{7E7FFDA1-188A-5FCE-0000-0010969A1000},2020-12-07 11:56:55+00:00,1,1,0,0,0,0,0,0,0,1,0,0,0,0,0,0,0,1,T1486,sam_sam_note,data\datasets\splunk_attack_data\datasets\attack_techniques\T1486\sam_sam_note\windows-sysmon.log
win-dc-633.attackrange.local,{7E7FFDA1-188A-5FCE-0000-0010B0A21000},2020-12-07 11:56:55+00:00,2,1,1,1,0,1,1,0,0,1,0,0,1,0,0,0,0,1,T1486,sam_sam_note,data\datasets\splunk_attack_data\datasets\attack_techniques\T1486\sam_sam_note\windows-sysmon.log
win-dc-633.attackrange.local,{7E7FFDA1-188A-5FCE-0000-0010E9A11000},2020-12-07 11:56:55+00:00,1,1,0,0,0,0,0,0,0,1,0,0,0,0,0,0,0,1,T1486,sam_sam_note,data\datasets\splunk_attack_data\datasets\attack_techniques\T1486\sam_sam_note\windows-sysmon.log
win-dc-633.attackrange.local,{7E7FFDA1-188A-5FCE-0000-0010F19E1000},2020-12-07 11:56:55+00:00,1,1,0,0,0,0,0,0,0,1,0,0,0,0,0,0,0,1,T1486,sam_sam_note,data\datasets\splunk_attack_data\datasets\attack_techniques\T1486\sam_sam_note\windows-sysmon.log
win-dc-633.attackrange.local,{7E7FFDA1-188B-5FCE-0000-00102EBB1000},2020-12-07 11:56:55+00:00,1,1,0,0,0,0,0,0,0,1,0,0,0,0,0,0,0,1,T1486,sam_sam_note,data\datasets\splunk_attack_data\datasets\attack_techniques\T1486\sam_sam_note\windows-sysmon.log
win-dc-633.attackrange.local,{7E7FFDA1-188B-5FCE-0000-001067C51000},2020-12-07 11:56:55+00:00,2,1,1,1,0,1,1,0,0,1,0,0,1,0,0,0,0,1,T1486,sam_sam_note,data\datasets\splunk_attack_data\datasets\attack_techniques\T1486\sam_sam_note\windows-sysmon.log
win-dc-633.attackrange.local,{7E7FFDA1-188B-5FCE-0000-0010F3C81000},2020-12-07 11:56:55+00:00,1,1,0,0,0,0,0,0,0,1,0,0,0,0,0,0,0,1,T1486,sam_sam_note,data\datasets\splunk_attack_data\datasets\attack_techniques\T1486\sam_sam_note\windows-sysmon.log
win-dc-633.attackrange.local,{7E7FFDA1-188C-5FCE-0000-001009E21000},2020-12-07 11:57:00+00:00,2,1,1,1,0,1,1,0,0,1,0,0,1,0,0,0,0,1,T1486,sam_sam_note,data\datasets\splunk_attack_data\datasets\attack_techniques\T1486\sam_sam_note\windows-sysmon.log
win-dc-633.attackrange.local,{7E7FFDA1-188C-5FCE-0000-001020D01000},2020-12-07 11:57:00+00:00,1,1,0,0,0,0,0,0,0,1,0,0,0,0,0,0,0,1,T1486,sam_sam_note,data\datasets\splunk_attack_data\datasets\attack_techniques\T1486\sam_sam_note\windows-sysmon.log
win-dc-633.attackrange.local,{7E7FFDA1-188C-5FCE-0000-001046E11000},2020-12-07 11:57:00+00:00,1,1,0,0,0,0,0,0,0,1,0,0,0,0,0,0,0,1,T1486,sam_sam_note,data\datasets\splunk_attack_data\datasets\attack_techniques\T1486\sam_sam_note\windows-sysmon.log
win-dc-633.attackrange.local,{7E7FFDA1-188C-5FCE-0000-001054CD1000},2020-12-07 11:57:00+00:00,1,1,0,0,0,0,0,0,0,1,0,0,0,0,0,0,0,1,T1486,sam_sam_note,data\datasets\splunk_attack_data\datasets\attack_techniques\T1486\sam_sam_note\windows-sysmon.log
win-dc-633.attackrange.local,{7E7FFDA1-188C-5FCE-0000-001079F91000},2020-12-07 11:57:00+00:00,1,1,0,0,0,0,0,0,0,1,0,0,0,0,0,0,0,1,T1486,sam_sam_note,data\datasets\splunk_attack_data\datasets\attack_techniques\T1486\sam_sam_note\windows-sysmon.log
win-dc-633.attackrange.local,{7E7FFDA1-188C-5FCE-0000-0010DAED1000},2020-12-07 11:57:00+00:00,2,1,1,1,0,1,1,0,0,1,0,0,1,0,0,0,0,1,T1486,sam_sam_note,data\datasets\splunk_attack_data\datasets\attack_techniques\T1486\sam_sam_note\windows-sysmon.log
win-dc-633.attackrange.local,{7E7FFDA1-188C-5FCE-0000-0010EBD01000},2020-12-07 11:57:00+00:00,2,1,1,1,0,1,1,0,0,1,0,0,1,0,0,0,0,1,T1486,sam_sam_note,data\datasets\splunk_attack_data\datasets\attack_techniques\T1486\sam_sam_note\windows-sysmon.log
win-dc-633.attackrange.local,{7E7FFDA1-188D-5FCE-0000-00101BFF1000},2020-12-07 11:57:00+00:00,1,1,0,0,0,0,0,0,0,1,0,0,0,0,0,0,0,1,T1486,sam_sam_note,data\datasets\splunk_attack_data\datasets\attack_techniques\T1486\sam_sam_note\windows-sysmon.log
win-dc-633.attackrange.local,{7E7FFDA1-188D-5FCE-0000-001039FC1000},2020-12-07 11:57:00+00:00,1,1,0,0,0,0,0,0,0,1,0,0,0,0,0,0,0,1,T1486,sam_sam_note,data\datasets\splunk_attack_data\datasets\attack_techniques\T1486\sam_sam_note\windows-sysmon.log
win-dc-633.attackrange.local,{7E7FFDA1-188D-5FCE-0000-0010E6FF1000},2020-12-07 11:57:00+00:00,2,1,1,1,0,1,1,0,0,1,0,0,1,0,0,0,0,1,T1486,sam_sam_note,data\datasets\splunk_attack_data\datasets\attack_techniques\T1486\sam_sam_note\windows-sysmon.log
win-dc-633.attackrange.local,{7E7FFDA1-188F-5FCE-0000-001001141100},2020-12-07 11:57:00+00:00,1,1,0,0,0,0,0,0,0,1,0,0,0,0,0,0,0,1,T1486,sam_sam_note,data\datasets\splunk_attack_data\datasets\attack_techniques\T1486\sam_sam_note\windows-sysmon.log
win-dc-633.attackrange.local,{7E7FFDA1-18AE-5FCE-0000-00103F420000},2020-12-07 11:57:30+00:00,1,1,0,0,0,0,0,0,0,1,0,0,0,0,0,0,0,1,T1486,sam_sam_note,data\datasets\splunk_attack_data\datasets\attack_techniques\T1486\sam_sam_note\windows-sysmon.log
win-dc-633.attackrange.local,{7E7FFDA1-18AE-5FCE-0000-0010AA360000},2020-12-07 11:57:30+00:00,1,1,0,0,0,0,0,0,0,1,0,0,0,0,0,0,0,1,T1486,sam_sam_note,data\datasets\splunk_attack_data\datasets\attack_techniques\T1486\sam_sam_note\windows-sysmon.log
win-dc-633.attackrange.local,{7E7FFDA1-18AE-5FCE-0000-0010EB030000},2020-12-07 11:57:30+00:00,44,1,0,0,0,0,0,44,0,0,0,0,0,0,44,0,0,1,T1486,sam_sam_note,data\datasets\splunk_attack_data\datasets\attack_techniques\T1486\sam_sam_note\windows-sysmon.log
win-dc-633.attackrange.local,{7E7FFDA1-18AE-5FCE-0000-0010EB030000},2020-12-07 11:57:35+00:00,32,1,0,0,0,0,0,32,0,0,0,0,0,0,32,0,0,1,T1486,sam_sam_note,data\datasets\splunk_attack_data\datasets\attack_techniques\T1486\sam_sam_note\windows-sysmon.log
win-dc-633.attackrange.local,{7E7FFDA1-18AE-5FCE-0000-0010EB030000},2020-12-07 11:57:50+00:00,2,1,0,0,0,0,0,2,0,0,0,0,0,0,2,0,0,1,T1486,sam_sam_note,data\datasets\splunk_attack_data\datasets\attack_techniques\T1486\sam_sam_note\windows-sysmon.log
win-dc-633.attackrange.local,{7E7FFDA1-18AE-5FCE-0000-0010EB030000},2020-12-07 11:58:20+00:00,3,1,0,0,0,0,0,3,0,0,0,0,0,0,3,0,0,1,T1486,sam_sam_note,data\datasets\splunk_attack_data\datasets\attack_techniques\T1486\sam_sam_note\windows-sysmon.log
win-dc-633.attackrange.local,{7E7FFDA1-18AE-5FCE-0000-0010EB030000},2020-12-07 12:00:10+00:00,3,1,0,0,0,0,0,3,0,0,0,0,0,0,3,0,0,1,T1486,sam_sam_note,data\datasets\splunk_attack_data\datasets\attack_techniques\T1486\sam_sam_note\windows-sysmon.log
win-dc-633.attackrange.local,{7E7FFDA1-18AE-5FCE-0000-0010EB030000},2020-12-07 12:00:30+00:00,14,1,0,0,0,0,0,14,0,0,0,0,0,0,14,0,0,1,T1486,sam_sam_note,data\datasets\splunk_attack_data\datasets\attack_techniques\T1486\sam_sam_note\windows-sysmon.log
win-dc-633.attackrange.local,{7E7FFDA1-18AE-5FCE-0000-0010EB030000},2020-12-07 12:00:35+00:00,4,1,0,0,0,0,0,4,0,0,0,0,0,0,4,0,0,1,T1486,sam_sam_note,data\datasets\splunk_attack_data\datasets\attack_techniques\T1486\sam_sam_note\windows-sysmon.log
win-dc-633.attackrange.local,{7E7FFDA1-18AF-5FCE-0000-001003470000},2020-12-07 11:57:35+00:00,3,2,0,0,0,0,0,2,0,1,0,0,0,0,2,0,0,1,T1486,sam_sam_note,data\datasets\splunk_attack_data\datasets\attack_techniques\T1486\sam_sam_note\windows-sysmon.log
win-dc-633.attackrange.local,{7E7FFDA1-18AF-5FCE-0000-001027540000},2020-12-07 11:57:35+00:00,2,2,0,0,0,0,0,1,0,1,0,0,0,0,1,0,0,1,T1486,sam_sam_note,data\datasets\splunk_attack_data\datasets\attack_techniques\T1486\sam_sam_note\windows-sysmon.log
win-dc-633.attackrange.local,{7E7FFDA1-18AF-5FCE-0000-001027540000},2020-12-07 11:57:45+00:00,1,1,0,0,0,0,0,1,0,0,0,0,0,0,1,0,0,1,T1486,sam_sam_note,data\datasets\splunk_attack_data\datasets\attack_techniques\T1486\sam_sam_note\windows-sysmon.log
win-dc-633.attackrange.local,{7E7FFDA1-18AF-5FCE-0000-001027540000},2020-12-07 11:58:15+00:00,1,1,0,0,0,0,0,1,0,0,0,0,0,0,1,0,0,1,T1486,sam_sam_note,data\datasets\splunk_attack_data\datasets\attack_techniques\T1486\sam_sam_note\windows-sysmon.log
win-dc-633.attackrange.local,{7E7FFDA1-18AF-5FCE-0000-001027540000},2020-12-07 11:58:20+00:00,2,1,0,0,0,0,0,2,0,0,0,0,0,0,2,0,0,1,T1486,sam_sam_note,data\datasets\splunk_attack_data\datasets\attack_techniques\T1486\sam_sam_note\windows-sysmon.log
win-dc-633.attackrange.local,{7E7FFDA1-18AF-5FCE-0000-001027540000},2020-12-07 11:58:25+00:00,2,1,0,0,0,0,0,2,0,0,0,0,0,0,2,0,0,1,T1486,sam_sam_note,data\datasets\splunk_attack_data\datasets\attack_techniques\T1486\sam_sam_note\windows-sysmon.log
win-dc-633.attackrange.local,{7E7FFDA1-18AF-5FCE-0000-001027540000},2020-12-07 12:00:30+00:00,5,1,0,0,0,0,0,5,0,0,0,0,0,0,5,0,0,1,T1486,sam_sam_note,data\datasets\splunk_attack_data\datasets\attack_techniques\T1486\sam_sam_note\windows-sysmon.log
win-dc-633.attackrange.local,{7E7FFDA1-18AF-5FCE-0000-001027540000},2020-12-07 12:00:55+00:00,5,1,0,0,0,0,0,5,0,0,0,0,0,0,5,0,0,1,T1486,sam_sam_note,data\datasets\splunk_attack_data\datasets\attack_techniques\T1486\sam_sam_note\windows-sysmon.log
win-dc-633.attackrange.local,{7E7FFDA1-18AF-5FCE-0000-0010454A0000},2020-12-07 11:57:35+00:00,1,1,0,0,0,0,0,0,0,1,0,0,0,0,0,0,0,1,T1486,sam_sam_note,data\datasets\splunk_attack_data\datasets\attack_techniques\T1486\sam_sam_note\windows-sysmon.log
win-dc-633.attackrange.local,{7E7FFDA1-18AF-5FCE-0000-001049530000},2020-12-07 11:57:35+00:00,2,2,0,0,0,0,0,1,0,1,0,0,0,0,1,0,0,1,T1486,sam_sam_note,data\datasets\splunk_attack_data\datasets\attack_techniques\T1486\sam_sam_note\windows-sysmon.log
win-dc-633.attackrange.local,{7E7FFDA1-18AF-5FCE-0000-001049530000},2020-12-07 11:58:15+00:00,5,1,0,0,0,0,0,5,0,0,0,0,0,0,5,0,0,1,T1486,sam_sam_note,data\datasets\splunk_attack_data\datasets\attack_techniques\T1486\sam_sam_note\windows-sysmon.log
win-dc-633.attackrange.local,{7E7FFDA1-18AF-5FCE-0000-001049530000},2020-12-07 12:00:10+00:00,5,1,0,0,0,0,0,5,0,0,0,0,0,0,5,0,0,1,T1486,sam_sam_note,data\datasets\splunk_attack_data\datasets\attack_techniques\T1486\sam_sam_note\windows-sysmon.log
win-dc-633.attackrange.local,{7E7FFDA1-18AF-5FCE-0000-001049530000},2020-12-07 12:00:35+00:00,54,1,0,0,0,0,0,54,0,0,0,0,0,0,54,0,0,1,T1486,sam_sam_note,data\datasets\splunk_attack_data\datasets\attack_techniques\T1486\sam_sam_note\windows-sysmon.log
win-dc-633.attackrange.local,{7E7FFDA1-18AF-5FCE-0000-00106A470000},2020-12-07 11:57:35+00:00,1,1,0,0,0,0,0,0,0,1,0,0,0,0,0,0,0,1,T1486,sam_sam_note,data\datasets\splunk_attack_data\datasets\attack_techniques\T1486\sam_sam_note\windows-sysmon.log
win-dc-633.attackrange.local,{7E7FFDA1-18AF-5FCE-0000-0010DE460000},2020-12-07 11:57:35+00:00,1,1,0,0,0,0,0,0,0,1,0,0,0,0,0,0,0,1,T1486,sam_sam_note,data\datasets\splunk_attack_data\datasets\attack_techniques\T1486\sam_sam_note\windows-sysmon.log
win-dc-633.attackrange.local,{7E7FFDA1-18AF-5FCE-0000-0010FA420000},2020-12-07 11:57:35+00:00,3,2,0,0,0,0,0,2,0,1,0,0,0,0,2,0,0,1,T1486,sam_sam_note,data\datasets\splunk_attack_data\datasets\attack_techniques\T1486\sam_sam_note\windows-sysmon.log
win-dc-633.attackrange.local,{7E7FFDA1-18B1-5FCE-0000-001002BA0000},2020-12-07 11:57:35+00:00,3,1,2,2,0,0,2,1,0,0,0,0,2,0,1,0,0,1,T1486,sam_sam_note,data\datasets\splunk_attack_data\datasets\attack_techniques\T1486\sam_sam_note\windows-sysmon.log
win-dc-633.attackrange.local,{7E7FFDA1-18B1-5FCE-0000-001002BA0000},2020-12-07 11:57:40+00:00,1,1,0,0,0,0,0,1,0,0,0,0,0,0,1,0,0,1,T1486,sam_sam_note,data\datasets\splunk_attack_data\datasets\attack_techniques\T1486\sam_sam_note\windows-sysmon.log
win-dc-633.attackrange.local,{7E7FFDA1-18B1-5FCE-0000-001002BA0000},2020-12-07 11:58:15+00:00,1,1,0,0,0,0,0,1,0,0,0,0,0,0,1,0,0,1,T1486,sam_sam_note,data\datasets\splunk_attack_data\datasets\attack_techniques\T1486\sam_sam_note\windows-sysmon.log
win-dc-633.attackrange.local,{7E7FFDA1-18B1-5FCE-0000-001002BA0000},2020-12-07 11:58:20+00:00,3,1,0,0,0,0,0,3,0,0,0,0,0,0,3,0,0,1,T1486,sam_sam_note,data\datasets\splunk_attack_data\datasets\attack_techniques\T1486\sam_sam_note\windows-sysmon.log
win-dc-633.attackrange.local,{7E7FFDA1-18B1-5FCE-0000-001002BA0000},2020-12-07 11:58:25+00:00,2,1,0,0,0,0,0,2,0,0,0,0,0,0,2,0,0,1,T1486,sam_sam_note,data\datasets\splunk_attack_data\datasets\attack_techniques\T1486\sam_sam_note\windows-sysmon.log
win-dc-633.attackrange.local,{7E7FFDA1-18B1-5FCE-0000-001002BA0000},2020-12-07 12:00:35+00:00,1,1,1,0,0,0,1,0,0,0,0,0,1,0,0,0,0,1,T1486,sam_sam_note,data\datasets\splunk_attack_data\datasets\attack_techniques\T1486\sam_sam_note\windows-sysmon.log
win-dc-633.attackrange.local,{7E7FFDA1-18B1-5FCE-0000-001008C50000},2020-12-07 11:57:35+00:00,2,2,0,0,0,0,0,1,0,1,0,0,0,0,1,0,0,1,T1486,sam_sam_note,data\datasets\splunk_attack_data\datasets\attack_techniques\T1486\sam_sam_note\windows-sysmon.log
win-dc-633.attackrange.local,{7E7FFDA1-18B1-5FCE-0000-001008C50000},2020-12-07 11:57:55+00:00,1,1,0,0,0,0,0,1,0,0,0,0,0,0,1,0,0,1,T1486,sam_sam_note,data\datasets\splunk_attack_data\datasets\attack_techniques\T1486\sam_sam_note\windows-sysmon.log
win-dc-633.attackrange.local,{7E7FFDA1-18B1-5FCE-0000-001008C50000},2020-12-07 11:58:20+00:00,7,1,0,0,0,0,0,7,0,0,0,0,0,0,7,0,0,1,T1486,sam_sam_note,data\datasets\splunk_attack_data\datasets\attack_techniques\T1486\sam_sam_note\windows-sysmon.log
win-dc-633.attackrange.local,{7E7FFDA1-18B1-5FCE-0000-001008C50000},2020-12-07 11:58:25+00:00,1,1,0,0,0,0,0,1,0,0,0,0,0,0,1,0,0,1,T1486,sam_sam_note,data\datasets\splunk_attack_data\datasets\attack_techniques\T1486\sam_sam_note\windows-sysmon.log
win-dc-633.attackrange.local,{7E7FFDA1-18B1-5FCE-0000-001008C50000},2020-12-07 11:59:25+00:00,1,1,0,0,0,0,0,1,0,0,0,0,0,0,1,0,0,1,T1486,sam_sam_note,data\datasets\splunk_attack_data\datasets\attack_techniques\T1486\sam_sam_note\windows-sysmon.log
win-dc-633.attackrange.local,{7E7FFDA1-18B1-5FCE-0000-001008C50000},2020-12-07 12:00:30+00:00,1,1,0,0,0,0,0,1,0,0,0,0,0,0,1,0,0,1,T1486,sam_sam_note,data\datasets\splunk_attack_data\datasets\attack_techniques\T1486\sam_sam_note\windows-sysmon.log
win-dc-633.attackrange.local,{7E7FFDA1-18B1-5FCE-0000-001008C50000},2020-12-07 12:01:35+00:00,1,1,0,0,0,0,0,1,0,0,0,0,0,0,1,0,0,1,T1486,sam_sam_note,data\datasets\splunk_attack_data\datasets\attack_techniques\T1486\sam_sam_note\windows-sysmon.log
win-dc-633.attackrange.local,{7E7FFDA1-18B1-5FCE-0000-001008C50000},2020-12-07 12:02:40+00:00,1,1,0,0,0,0,0,1,0,0,0,0,0,0,1,0,0,1,T1486,sam_sam_note,data\datasets\splunk_attack_data\datasets\attack_techniques\T1486\sam_sam_note\windows-sysmon.log
win-dc-633.attackrange.local,{7E7FFDA1-18B1-5FCE-0000-001008C50000},2020-12-07 12:03:45+00:00,1,1,0,0,0,0,0,1,0,0,0,0,0,0,1,0,0,1,T1486,sam_sam_note,data\datasets\splunk_attack_data\datasets\attack_techniques\T1486\sam_sam_note\windows-sysmon.log
win-dc-633.attackrange.local,{7E7FFDA1-18B1-5FCE-0000-001014C50000},2020-12-07 11:57:35+00:00,18,1,0,0,0,0,0,18,0,0,0,0,0,0,18,0,0,1,T1486,sam_sam_note,data\datasets\splunk_attack_data\datasets\attack_techniques\T1486\sam_sam_note\windows-sysmon.log
win-dc-633.attackrange.local,{7E7FFDA1-18B1-5FCE-0000-001014C50000},2020-12-07 11:58:20+00:00,2,1,0,0,0,0,0,2,0,0,0,0,0,0,2,0,0,1,T1486,sam_sam_note,data\datasets\splunk_attack_data\datasets\attack_techniques\T1486\sam_sam_note\windows-sysmon.log
win-dc-633.attackrange.local,{7E7FFDA1-18B1-5FCE-0000-00102AB40000},2020-12-07 11:57:35+00:00,1,1,0,0,0,0,0,0,0,1,0,0,0,0,0,0,0,1,T1486,sam_sam_note,data\datasets\splunk_attack_data\datasets\attack_techniques\T1486\sam_sam_note\windows-sysmon.log
win-dc-633.attackrange.local,{7E7FFDA1-18B1-5FCE-0000-00103D430100},2020-12-07 11:57:35+00:00,1,1,1,1,0,1,1,0,0,0,0,0,1,0,0,0,0,1,T1486,sam_sam_note,data\datasets\splunk_attack_data\datasets\attack_techniques\T1486\sam_sam_note\windows-sysmon.log
win-dc-633.attackrange.local,{7E7FFDA1-18B1-5FCE-0000-00103D430100},2020-12-07 11:57:40+00:00,1,1,1,1,0,1,1,0,0,0,0,0,1,0,0,0,0,1,T1486,sam_sam_note,data\datasets\splunk_attack_data\datasets\attack_techniques\T1486\sam_sam_note\windows-sysmon.log
win-dc-633.attackrange.local,{7E7FFDA1-18B1-5FCE-0000-001044CB0000},2020-12-07 12:03:55+00:00,6,1,0,0,0,0,0,6,0,0,0,0,0,0,6,0,0,1,T1486,sam_sam_note,data\datasets\splunk_attack_data\datasets\attack_techniques\T1486\sam_sam_note\windows-sysmon.log
win-dc-633.attackrange.local,{7E7FFDA1-18B1-5FCE-0000-00104CD50000},2020-12-07 11:57:35+00:00,7,1,0,0,0,0,0,7,0,0,0,0,0,0,7,0,0,1,T1486,sam_sam_note,data\datasets\splunk_attack_data\datasets\attack_techniques\T1486\sam_sam_note\windows-sysmon.log
win-dc-633.attackrange.local,{7E7FFDA1-18B1-5FCE-0000-00104CD50000},2020-12-07 11:57:40+00:00,14,1,0,0,0,0,0,14,0,0,0,0,0,0,14,0,0,1,T1486,sam_sam_note,data\datasets\splunk_attack_data\datasets\attack_techniques\T1486\sam_sam_note\windows-sysmon.log
win-dc-633.attackrange.local,{7E7FFDA1-18B1-5FCE-0000-00104CD50000},2020-12-07 11:58:15+00:00,1,1,0,0,0,0,0,1,0,0,0,0,0,0,1,0,0,1,T1486,sam_sam_note,data\datasets\splunk_attack_data\datasets\attack_techniques\T1486\sam_sam_note\windows-sysmon.log
win-dc-633.attackrange.local,{7E7FFDA1-18B1-5FCE-0000-00104CD50000},2020-12-07 11:58:20+00:00,2,1,0,0,0,0,0,2,0,0,0,0,0,0,2,0,0,1,T1486,sam_sam_note,data\datasets\splunk_attack_data\datasets\attack_techniques\T1486\sam_sam_note\windows-sysmon.log
win-dc-633.attackrange.local,{7E7FFDA1-18B1-5FCE-0000-00104CD50000},2020-12-07 11:58:25+00:00,26,1,0,0,0,0,0,26,0,0,0,0,0,0,26,0,0,1,T1486,sam_sam_note,data\datasets\splunk_attack_data\datasets\attack_techniques\T1486\sam_sam_note\windows-sysmon.log
win-dc-633.attackrange.local,{7E7FFDA1-18B1-5FCE-0000-00104CD50000},2020-12-07 11:58:30+00:00,13,1,0,0,0,0,0,13,0,0,0,0,0,0,13,0,0,1,T1486,sam_sam_note,data\datasets\splunk_attack_data\datasets\attack_techniques\T1486\sam_sam_note\windows-sysmon.log
win-dc-633.attackrange.local,{7E7FFDA1-18B1-5FCE-0000-00104CD50000},2020-12-07 12:00:35+00:00,1,1,0,0,0,0,0,1,0,0,0,0,0,0,1,0,0,1,T1486,sam_sam_note,data\datasets\splunk_attack_data\datasets\attack_techniques\T1486\sam_sam_note\windows-sysmon.log
win-dc-633.attackrange.local,{7E7FFDA1-18B1-5FCE-0000-0010BBB90000},2020-12-07 11:57:35+00:00,1,1,0,0,0,0,0,0,0,1,0,0,0,0,0,0,0,1,T1486,sam_sam_note,data\datasets\splunk_attack_data\datasets\attack_techniques\T1486\sam_sam_note\windows-sysmon.log
win-dc-633.attackrange.local,{7E7FFDA1-18B1-5FCE-0000-0010BBB90000},2020-12-07 12:00:30+00:00,1,1,0,0,1,0,0,0,1,0,1,0,0,0,0,0,0,1,T1486,sam_sam_note,data\datasets\splunk_attack_data\datasets\attack_techniques\T1486\sam_sam_note\windows-sysmon.log
win-dc-633.attackrange.local,{7E7FFDA1-18B1-5FCE-0000-0010BBB90000},2020-12-07 12:01:35+00:00,1,1,0,0,1,0,0,0,1,0,1,0,0,0,0,0,0,1,T1486,sam_sam_note,data\datasets\splunk_attack_data\datasets\attack_techniques\T1486\sam_sam_note\windows-sysmon.log
win-dc-633.attackrange.local,{7E7FFDA1-18B1-5FCE-0000-0010CBF20000},2020-12-07 11:57:35+00:00,4,1,0,0,0,0,0,4,0,0,0,0,0,0,4,0,0,1,T1486,sam_sam_note,data\datasets\splunk_attack_data\datasets\attack_techniques\T1486\sam_sam_note\windows-sysmon.log
win-dc-633.attackrange.local,{7E7FFDA1-18B1-5FCE-0000-0010CBF20000},2020-12-07 11:58:15+00:00,2,1,0,0,0,0,0,2,0,0,0,0,0,0,2,0,0,1,T1486,sam_sam_note,data\datasets\splunk_attack_data\datasets\attack_techniques\T1486\sam_sam_note\windows-sysmon.log
win-dc-633.attackrange.local,{7E7FFDA1-18B1-5FCE-0000-0010CBF20000},2020-12-07 11:58:20+00:00,1,1,0,0,0,0,0,1,0,0,0,0,0,0,1,0,0,1,T1486,sam_sam_note,data\datasets\splunk_attack_data\datasets\attack_techniques\T1486\sam_sam_note\windows-sysmon.log
win-dc-633.attackrange.local,{7E7FFDA1-18B1-5FCE-0000-0010CBF20000},2020-12-07 11:58:25+00:00,2,1,0,0,0,0,0,2,0,0,0,0,0,0,2,0,0,1,T1486,sam_sam_note,data\datasets\splunk_attack_data\datasets\attack_techniques\T1486\sam_sam_note\windows-sysmon.log
win-dc-633.attackrange.local,{7E7FFDA1-18B1-5FCE-0000-0010CBF20000},2020-12-07 12:00:35+00:00,60,1,0,0,0,0,0,60,0,0,0,0,0,0,60,0,0,1,T1486,sam_sam_note,data\datasets\splunk_attack_data\datasets\attack_techniques\T1486\sam_sam_note\windows-sysmon.log
win-dc-633.attackrange.local,{7E7FFDA1-18B1-5FCE-0000-0010CBF20000},2020-12-07 12:00:40+00:00,8,1,0,0,0,0,0,8,0,0,0,0,0,0,8,0,0,1,T1486,sam_sam_note,data\datasets\splunk_attack_data\datasets\attack_techniques\T1486\sam_sam_note\windows-sysmon.log
win-dc-633.attackrange.local,{7E7FFDA1-18B1-5FCE-0000-0010EA410100},2020-12-07 11:57:35+00:00,1,1,1,1,0,1,1,0,0,0,0,0,1,0,0,0,0,1,T1486,sam_sam_note,data\datasets\splunk_attack_data\datasets\attack_techniques\T1486\sam_sam_note\windows-sysmon.log
win-dc-633.attackrange.local,{7E7FFDA1-18B1-5FCE-0000-0010ECCE0000},2020-12-07 11:57:35+00:00,1,1,0,0,0,0,0,0,0,1,0,0,0,0,0,0,0,1,T1486,sam_sam_note,data\datasets\splunk_attack_data\datasets\attack_techniques\T1486\sam_sam_note\windows-sysmon.log
win-dc-633.attackrange.local,{7E7FFDA1-18B1-5FCE-0000-0010ED650000},2020-12-07 11:57:35+00:00,1,1,0,0,0,0,0,0,0,1,0,0,0,0,0,0,0,1,T1486,sam_sam_note,data\datasets\splunk_attack_data\datasets\attack_techniques\T1486\sam_sam_note\windows-sysmon.log
win-dc-633.attackrange.local,{7E7FFDA1-18B1-5FCE-0000-0010F5390100},2020-12-07 11:57:35+00:00,1,1,1,1,0,1,1,0,0,0,0,0,1,0,0,0,0,1,T1486,sam_sam_note,data\datasets\splunk_attack_data\datasets\attack_techniques\T1486\sam_sam_note\windows-sysmon.log
win-dc-633.attackrange.local,{7E7FFDA1-18B1-5FCE-0000-0010F5390100},2020-12-07 11:57:40+00:00,1,1,1,1,0,1,1,0,0,0,0,0,1,0,0,0,0,1,T1486,sam_sam_note,data\datasets\splunk_attack_data\datasets\attack_techniques\T1486\sam_sam_note\windows-sysmon.log
win-dc-633.attackrange.local,{7E7FFDA1-18B1-5FCE-0000-0010FEA90000},2020-12-07 11:57:35+00:00,3,1,0,0,0,0,0,3,0,0,0,0,0,0,3,0,0,1,T1486,sam_sam_note,data\datasets\splunk_attack_data\datasets\attack_techniques\T1486\sam_sam_note\windows-sysmon.log
win-dc-633.attackrange.local,{7E7FFDA1-18B1-5FCE-0000-0010FEA90000},2020-12-07 11:57:45+00:00,1,1,0,0,0,0,0,1,0,0,0,0,0,0,1,0,0,1,T1486,sam_sam_note,data\datasets\splunk_attack_data\datasets\attack_techniques\T1486\sam_sam_note\windows-sysmon.log
win-dc-633.attackrange.local,{7E7FFDA1-18B7-5FCE-0000-00102B710200},2020-12-07 11:57:40+00:00,1,1,0,0,0,0,0,0,0,1,0,0,0,0,0,0,0,1,T1486,sam_sam_note,data\datasets\splunk_attack_data\datasets\attack_techniques\T1486\sam_sam_note\windows-sysmon.log
win-dc-633.attackrange.local,{7E7FFDA1-18B7-5FCE-0000-00106F6F0200},2020-12-07 11:57:40+00:00,1,1,0,0,0,0,0,0,0,1,0,0,0,0,0,0,0,1,T1486,sam_sam_note,data\datasets\splunk_attack_data\datasets\attack_techniques\T1486\sam_sam_note\windows-sysmon.log
win-dc-633.attackrange.local,{7E7FFDA1-18B7-5FCE-0000-001082910200},2020-12-07 11:57:40+00:00,1,1,0,0,0,0,0,0,0,1,0,0,0,0,0,0,0,1,T1486,sam_sam_note,data\datasets\splunk_attack_data\datasets\attack_techniques\T1486\sam_sam_note\windows-sysmon.log
win-dc-633.attackrange.local,{7E7FFDA1-18B7-5FCE-0000-001082910200},2020-12-07 11:57:50+00:00,1,1,0,0,1,0,0,0,1,0,1,0,0,0,0,0,0,1,T1486,sam_sam_note,data\datasets\splunk_attack_data\datasets\attack_techniques\T1486\sam_sam_note\windows-sysmon.log
win-dc-633.attackrange.local,{7E7FFDA1-18B8-5FCE-0000-001011940200},2020-12-07 11:57:40+00:00,1,1,0,0,0,0,0,0,0,1,0,0,0,0,0,0,0,1,T1486,sam_sam_note,data\datasets\splunk_attack_data\datasets\attack_techniques\T1486\sam_sam_note\windows-sysmon.log
win-dc-633.attackrange.local,{7E7FFDA1-18BB-5FCE-0000-0010A49A0200},2020-12-07 11:57:45+00:00,3,1,0,0,0,0,0,2,0,1,0,0,0,1,1,0,0,1,T1486,sam_sam_note,data\datasets\splunk_attack_data\datasets\attack_techniques\T1486\sam_sam_note\windows-sysmon.log
win-dc-633.attackrange.local,{7E7FFDA1-18C1-5FCE-0000-001019C00200},2020-12-07 11:57:50+00:00,1,1,0,0,0,0,0,0,0,1,0,0,0,0,0,0,0,1,T1486,sam_sam_note,data\datasets\splunk_attack_data\datasets\attack_techniques\T1486\sam_sam_note\windows-sysmon.log
win-dc-633.attackrange.local,{7E7FFDA1-18C1-5FCE-0000-001019C00200},2020-12-07 12:03:05+00:00,3,1,0,0,0,0,0,3,0,0,0,0,0,0,3,0,0,1,T1486,sam_sam_note,data\datasets\splunk_attack_data\datasets\attack_techniques\T1486\sam_sam_note\windows-sysmon.log
win-dc-633.attackrange.local,{7E7FFDA1-18C1-5FCE-0000-001070FB0200},2020-12-07 11:57:50+00:00,1,1,0,0,0,0,0,0,0,1,0,0,0,0,0,0,0,1,T1486,sam_sam_note,data\datasets\splunk_attack_data\datasets\attack_techniques\T1486\sam_sam_note\windows-sysmon.log
win-dc-633.attackrange.local,{7E7FFDA1-18C1-5FCE-0000-00107AD60200},2020-12-07 11:57:50+00:00,1,1,0,0,0,0,0,0,0,1,0,0,0,0,0,0,0,1,T1486,sam_sam_note,data\datasets\splunk_attack_data\datasets\attack_techniques\T1486\sam_sam_note\windows-sysmon.log
win-dc-633.attackrange.local,{7E7FFDA1-18C1-5FCE-0000-00107CBE0200},2020-12-07 11:57:50+00:00,1,1,0,0,0,0,0,0,0,1,0,0,0,0,0,0,0,1,T1486,sam_sam_note,data\datasets\splunk_attack_data\datasets\attack_techniques\T1486\sam_sam_note\windows-sysmon.log
win-dc-633.attackrange.local,{7E7FFDA1-18C1-5FCE-0000-001081B80200},2020-12-07 11:57:50+00:00,1,1,0,0,0,0,0,0,0,1,0,0,0,0,0,0,0,1,T1486,sam_sam_note,data\datasets\splunk_attack_data\datasets\attack_techniques\T1486\sam_sam_note\windows-sysmon.log
win-dc-633.attackrange.local,{7E7FFDA1-18C1-5FCE-0000-00108CBB0200},2020-12-07 11:57:50+00:00,1,1,0,0,0,0,0,0,0,1,0,0,0,0,0,0,0,1,T1486,sam_sam_note,data\datasets\splunk_attack_data\datasets\attack_techniques\T1486\sam_sam_note\windows-sysmon.log
win-dc-633.attackrange.local,{7E7FFDA1-18C1-5FCE-0000-00108CBB0200},2020-12-07 11:58:15+00:00,1,1,0,0,0,0,0,1,0,0,0,0,0,0,1,0,0,1,T1486,sam_sam_note,data\datasets\splunk_attack_data\datasets\attack_techniques\T1486\sam_sam_note\windows-sysmon.log
win-dc-633.attackrange.local,{7E7FFDA1-18C1-5FCE-0000-0010A7BB0200},2020-12-07 11:57:50+00:00,1,1,0,0,0,0,0,0,0,1,0,0,0,0,0,0,0,1,T1486,sam_sam_note,data\datasets\splunk_attack_data\datasets\attack_techniques\T1486\sam_sam_note\windows-sysmon.log
win-dc-633.attackrange.local,{7E7FFDA1-18C1-5FCE-0000-0010A8C30200},2020-12-07 11:57:50+00:00,1,1,0,0,0,0,0,0,0,1,0,0,0,0,0,0,0,1,T1486,sam_sam_note,data\datasets\splunk_attack_data\datasets\attack_techniques\T1486\sam_sam_note\windows-sysmon.log
win-dc-633.attackrange.local,{7E7FFDA1-18C1-5FCE-0000-0010C2BB0200},2020-12-07 11:57:50+00:00,1,1,0,0,0,0,0,0,0,1,0,0,0,0,0,0,0,1,T1486,sam_sam_note,data\datasets\splunk_attack_data\datasets\attack_techniques\T1486\sam_sam_note\windows-sysmon.log
win-dc-633.attackrange.local,{7E7FFDA1-18C1-5FCE-0000-0010C5BD0200},2020-12-07 11:57:50+00:00,1,1,0,0,0,0,0,0,0,1,0,0,0,0,0,0,0,1,T1486,sam_sam_note,data\datasets\splunk_attack_data\datasets\attack_techniques\T1486\sam_sam_note\windows-sysmon.log
win-dc-633.attackrange.local,{7E7FFDA1-18C1-5FCE-0000-0010D3BC0200},2020-12-07 11:57:50+00:00,1,1,0,0,0,0,0,0,0,1,0,0,0,0,0,0,0,1,T1486,sam_sam_note,data\datasets\splunk_attack_data\datasets\attack_techniques\T1486\sam_sam_note\windows-sysmon.log
win-dc-633.attackrange.local,{7E7FFDA1-18C1-5FCE-0000-0010D3BC0200},2020-12-07 11:59:55+00:00,13,1,13,4,0,0,13,0,0,0,0,0,13,0,0,0,0,1,T1486,sam_sam_note,data\datasets\splunk_attack_data\datasets\attack_techniques\T1486\sam_sam_note\windows-sysmon.log
win-dc-633.attackrange.local,{7E7FFDA1-18C1-5FCE-0000-0010D8E90200},2020-12-07 11:57:50+00:00,1,1,0,0,0,0,0,0,0,1,0,0,0,0,0,0,0,1,T1486,sam_sam_note,data\datasets\splunk_attack_data\datasets\attack_techniques\T1486\sam_sam_note\windows-sysmon.log
win-dc-633.attackrange.local,{7E7FFDA1-18C1-5FCE-0000-0010E5BF0200},2020-12-07 11:57:50+00:00,1,1,0,0,0,0,0,0,0,1,0,0,0,0,0,0,0,1,T1486,sam_sam_note,data\datasets\splunk_attack_data\datasets\attack_techniques\T1486\sam_sam_note\windows-sysmon.log
win-dc-633.attackrange.local,{7E7FFDA1-18C2-5FCE-0000-0010278D0300},2020-12-07 11:57:50+00:00,1,1,0,0,0,0,0,0,0,1,0,0,0,0,0,0,0,1,T1486,sam_sam_note,data\datasets\splunk_attack_data\datasets\attack_techniques\T1486\sam_sam_note\windows-sysmon.log
win-dc-633.attackrange.local,{7E7FFDA1-18C2-5FCE-0000-0010285E0300},2020-12-07 11:57:50+00:00,2,1,1,1,0,1,1,0,0,1,0,0,1,0,0,0,0,1,T1486,sam_sam_note,data\datasets\splunk_attack_data\datasets\attack_techniques\T1486\sam_sam_note\windows-sysmon.log
win-dc-633.attackrange.local,{7E7FFDA1-18C2-5FCE-0000-001032530300},2020-12-07 11:57:50+00:00,1,1,0,0,0,0,0,0,0,1,0,0,0,0,0,0,0,1,T1486,sam_sam_note,data\datasets\splunk_attack_data\datasets\attack_techniques\T1486\sam_sam_note\windows-sysmon.log
win-dc-633.attackrange.local,{7E7FFDA1-18C2-5FCE-0000-001032540300},2020-12-07 11:57:50+00:00,1,1,0,0,0,0,0,0,0,1,0,0,0,0,0,0,0,1,T1486,sam_sam_note,data\datasets\splunk_attack_data\datasets\attack_techniques\T1486\sam_sam_note\windows-sysmon.log
win-dc-633.attackrange.local,{7E7FFDA1-18C2-5FCE-0000-001045220300},2020-12-07 11:57:50+00:00,1,1,0,0,0,0,0,0,0,1,0,0,0,0,0,0,0,1,T1486,sam_sam_note,data\datasets\splunk_attack_data\datasets\attack_techniques\T1486\sam_sam_note\windows-sysmon.log
win-dc-633.attackrange.local,{7E7FFDA1-18C2-5FCE-0000-00105D8C0300},2020-12-07 11:57:50+00:00,1,1,0,0,0,0,0,0,0,1,0,0,0,0,0,0,0,1,T1486,sam_sam_note,data\datasets\splunk_attack_data\datasets\attack_techniques\T1486\sam_sam_note\windows-sysmon.log
win-dc-633.attackrange.local,{7E7FFDA1-18C2-5FCE-0000-001062520300},2020-12-07 11:57:50+00:00,1,1,0,0,0,0,0,0,0,1,0,0,0,0,0,0,0,1,T1486,sam_sam_note,data\datasets\splunk_attack_data\datasets\attack_techniques\T1486\sam_sam_note\windows-sysmon.log
win-dc-633.attackrange.local,{7E7FFDA1-18C2-5FCE-0000-0010B1500300},2020-12-07 11:57:50+00:00,1,1,0,0,0,0,0,0,0,1,0,0,0,0,0,0,0,1,T1486,sam_sam_note,data\datasets\splunk_attack_data\datasets\attack_techniques\T1486\sam_sam_note\windows-sysmon.log
win-dc-633.attackrange.local,{7E7FFDA1-18C2-5FCE-0000-0010D34B0300},2020-12-07 11:57:50+00:00,1,1,0,0,0,0,0,0,0,1,0,0,0,0,0,0,0,1,T1486,sam_sam_note,data\datasets\splunk_attack_data\datasets\attack_techniques\T1486\sam_sam_note\windows-sysmon.log
win-dc-633.attackrange.local,{7E7FFDA1-18C2-5FCE-0000-0010EF460300},2020-12-07 11:57:50+00:00,1,1,0,0,0,0,0,0,0,1,0,0,0,0,0,0,0,1,T1486,sam_sam_note,data\datasets\splunk_attack_data\datasets\attack_techniques\T1486\sam_sam_note\windows-sysmon.log
win-dc-633.attackrange.local,{7E7FFDA1-18C2-5FCE-0000-0010F12B0300},2020-12-07 11:57:50+00:00,2,1,1,1,0,1,1,0,0,1,0,0,1,0,0,0,0,1,T1486,sam_sam_note,data\datasets\splunk_attack_data\datasets\attack_techniques\T1486\sam_sam_note\windows-sysmon.log
win-dc-633.attackrange.local,{7E7FFDA1-18C2-5FCE-0000-0010F33D0300},2020-12-07 11:57:50+00:00,2,1,1,1,0,1,1,0,0,1,0,0,1,0,0,0,0,1,T1486,sam_sam_note,data\datasets\splunk_attack_data\datasets\attack_techniques\T1486\sam_sam_note\windows-sysmon.log
win-dc-633.attackrange.local,{7E7FFDA1-18C2-5FCE-0000-0010F54F0300},2020-12-07 11:57:50+00:00,1,1,0,0,0,0,0,0,0,1,0,0,0,0,0,0,0,1,T1486,sam_sam_note,data\datasets\splunk_attack_data\datasets\attack_techniques\T1486\sam_sam_note\windows-sysmon.log
win-dc-633.attackrange.local,{7E7FFDA1-18C2-5FCE-0000-0010F58D0300},2020-12-07 11:57:50+00:00,1,1,0,0,0,0,0,0,0,1,0,0,0,0,0,0,0,1,T1486,sam_sam_note,data\datasets\splunk_attack_data\datasets\attack_techniques\T1486\sam_sam_note\windows-sysmon.log
win-dc-633.attackrange.local,{7E7FFDA1-18C3-5FCE-0000-001015A90300},2020-12-07 11:57:55+00:00,1,1,0,0,0,0,0,0,0,1,0,0,0,0,0,0,0,1,T1486,sam_sam_note,data\datasets\splunk_attack_data\datasets\attack_techniques\T1486\sam_sam_note\windows-sysmon.log
win-dc-633.attackrange.local,{7E7FFDA1-18C3-5FCE-0000-00102EA70300},2020-12-07 11:57:55+00:00,1,1,0,0,0,0,0,0,0,1,0,0,0,0,0,0,0,1,T1486,sam_sam_note,data\datasets\splunk_attack_data\datasets\attack_techniques\T1486\sam_sam_note\windows-sysmon.log
win-dc-633.attackrange.local,{7E7FFDA1-18C3-5FCE-0000-00103AD00300},2020-12-07 11:57:55+00:00,1,1,0,0,0,0,0,0,0,1,0,0,0,0,0,0,0,1,T1486,sam_sam_note,data\datasets\splunk_attack_data\datasets\attack_techniques\T1486\sam_sam_note\windows-sysmon.log
win-dc-633.attackrange.local,{7E7FFDA1-18C3-5FCE-0000-00105AE70300},2020-12-07 11:57:55+00:00,1,1,0,0,0,0,0,0,0,1,0,0,0,0,0,0,0,1,T1486,sam_sam_note,data\datasets\splunk_attack_data\datasets\attack_techniques\T1486\sam_sam_note\windows-sysmon.log
win-dc-633.attackrange.local,{7E7FFDA1-18C3-5FCE-0000-00106BA50300},2020-12-07 11:57:55+00:00,1,1,0,0,0,0,0,0,0,1,0,0,0,0,0,0,0,1,T1486,sam_sam_note,data\datasets\splunk_attack_data\datasets\attack_techniques\T1486\sam_sam_note\windows-sysmon.log
win-dc-633.attackrange.local,{7E7FFDA1-18C3-5FCE-0000-00106FCF0300},2020-12-07 11:57:55+00:00,1,1,0,0,0,0,0,0,0,1,0,0,0,0,0,0,0,1,T1486,sam_sam_note,data\datasets\splunk_attack_data\datasets\attack_techniques\T1486\sam_sam_note\windows-sysmon.log
win-dc-633.attackrange.local,{7E7FFDA1-18C3-5FCE-0000-001087D10300},2020-12-07 11:57:55+00:00,1,1,0,0,0,0,0,0,0,1,0,0,0,0,0,0,0,1,T1486,sam_sam_note,data\datasets\splunk_attack_data\datasets\attack_techniques\T1486\sam_sam_note\windows-sysmon.log
win-dc-633.attackrange.local,{7E7FFDA1-18C3-5FCE-0000-0010A79A0300},2020-12-07 11:57:55+00:00,1,1,0,0,0,0,0,0,0,1,0,0,0,0,0,0,0,1,T1486,sam_sam_note,data\datasets\splunk_attack_data\datasets\attack_techniques\T1486\sam_sam_note\windows-sysmon.log
win-dc-633.attackrange.local,{7E7FFDA1-18C3-5FCE-0000-0010F0A20300},2020-12-07 11:57:55+00:00,2,1,1,1,0,1,1,0,0,1,0,0,1,0,0,0,0,1,T1486,sam_sam_note,data\datasets\splunk_attack_data\datasets\attack_techniques\T1486\sam_sam_note\windows-sysmon.log
win-dc-633.attackrange.local,{7E7FFDA1-18C3-5FCE-0000-0010FBD20300},2020-12-07 11:57:55+00:00,2,1,1,1,0,1,1,0,0,1,0,0,1,0,0,0,0,1,T1486,sam_sam_note,data\datasets\splunk_attack_data\datasets\attack_techniques\T1486\sam_sam_note\windows-sysmon.log
win-dc-633.attackrange.local,{7E7FFDA1-18C4-5FCE-0000-001048120400},2020-12-07 11:57:55+00:00,1,1,0,0,0,0,0,0,0,1,0,0,0,0,0,0,0,1,T1486,sam_sam_note,data\datasets\splunk_attack_data\datasets\attack_techniques\T1486\sam_sam_note\windows-sysmon.log
win-dc-633.attackrange.local,{7E7FFDA1-18C4-5FCE-0000-00105E580400},2020-12-07 11:57:55+00:00,2,1,1,1,0,1,1,0,0,1,0,0,1,0,0,0,0,1,T1486,sam_sam_note,data\datasets\splunk_attack_data\datasets\attack_techniques\T1486\sam_sam_note\windows-sysmon.log
win-dc-633.attackrange.local,{7E7FFDA1-18C4-5FCE-0000-00107F100400},2020-12-07 11:57:55+00:00,1,1,0,0,0,0,0,0,0,1,0,0,0,0,0,0,0,1,T1486,sam_sam_note,data\datasets\splunk_attack_data\datasets\attack_techniques\T1486\sam_sam_note\windows-sysmon.log
win-dc-633.attackrange.local,{7E7FFDA1-18C4-5FCE-0000-00109B5A0400},2020-12-07 11:57:55+00:00,1,1,0,0,0,0,0,0,0,1,0,0,0,0,0,0,0,1,T1486,sam_sam_note,data\datasets\splunk_attack_data\datasets\attack_techniques\T1486\sam_sam_note\windows-sysmon.log
win-dc-633.attackrange.local,{7E7FFDA1-18C4-5FCE-0000-0010AC590400},2020-12-07 11:57:55+00:00,1,1,0,0,0,0,0,0,0,1,0,0,0,0,0,0,0,1,T1486,sam_sam_note,data\datasets\splunk_attack_data\datasets\attack_techniques\T1486\sam_sam_note\windows-sysmon.log
win-dc-633.attackrange.local,{7E7FFDA1-18C4-5FCE-0000-0010C64A0400},2020-12-07 11:57:55+00:00,1,1,0,0,0,0,0,0,0,1,0,0,0,0,0,0,0,1,T1486,sam_sam_note,data\datasets\splunk_attack_data\datasets\attack_techniques\T1486\sam_sam_note\windows-sysmon.log
win-dc-633.attackrange.local,{7E7FFDA1-18C4-5FCE-0000-0010EB490400},2020-12-07 11:57:55+00:00,1,1,0,0,0,0,0,0,0,1,0,0,0,0,0,0,0,1,T1486,sam_sam_note,data\datasets\splunk_attack_data\datasets\attack_techniques\T1486\sam_sam_note\windows-sysmon.log
win-dc-633.attackrange.local,{7E7FFDA1-18C5-5FCE-0000-001005A50400},2020-12-07 11:57:55+00:00,1,1,0,0,0,0,0,0,0,1,0,0,0,0,0,0,0,1,T1486,sam_sam_note,data\datasets\splunk_attack_data\datasets\attack_techniques\T1486\sam_sam_note\windows-sysmon.log
win-dc-633.attackrange.local,{7E7FFDA1-18C5-5FCE-0000-00101EA60400},2020-12-07 11:57:55+00:00,1,1,0,0,0,0,0,0,0,1,0,0,0,0,0,0,0,1,T1486,sam_sam_note,data\datasets\splunk_attack_data\datasets\attack_techniques\T1486\sam_sam_note\windows-sysmon.log
win-dc-633.attackrange.local,{7E7FFDA1-18C5-5FCE-0000-001033AE0400},2020-12-07 11:57:55+00:00,1,1,0,0,0,0,0,0,0,1,0,0,0,0,0,0,0,1,T1486,sam_sam_note,data\datasets\splunk_attack_data\datasets\attack_techniques\T1486\sam_sam_note\windows-sysmon.log
win-dc-633.attackrange.local,{7E7FFDA1-18C5-5FCE-0000-001042A80400},2020-12-07 11:57:55+00:00,1,1,0,0,0,0,0,0,0,1,0,0,0,0,0,0,0,1,T1486,sam_sam_note,data\datasets\splunk_attack_data\datasets\attack_techniques\T1486\sam_sam_note\windows-sysmon.log
win-dc-633.attackrange.local,{7E7FFDA1-18C5-5FCE-0000-001072AD0400},2020-12-07 11:57:55+00:00,1,1,0,0,0,0,0,0,0,1,0,0,0,0,0,0,0,1,T1486,sam_sam_note,data\datasets\splunk_attack_data\datasets\attack_techniques\T1486\sam_sam_note\windows-sysmon.log
win-dc-633.attackrange.local,{7E7FFDA1-18C5-5FCE-0000-00109D780400},2020-12-07 11:57:55+00:00,1,1,0,0,0,0,0,0,0,1,0,0,0,0,0,0,0,1,T1486,sam_sam_note,data\datasets\splunk_attack_data\datasets\attack_techniques\T1486\sam_sam_note\windows-sysmon.log
win-dc-633.attackrange.local,{7E7FFDA1-18C5-5FCE-0000-0010B6AC0400},2020-12-07 11:57:55+00:00,1,1,0,0,0,0,0,0,0,1,0,0,0,0,0,0,0,1,T1486,sam_sam_note,data\datasets\splunk_attack_data\datasets\attack_techniques\T1486\sam_sam_note\windows-sysmon.log
win-dc-633.attackrange.local,{7E7FFDA1-18C6-5FCE-0000-00102FB40400},2020-12-07 11:57:55+00:00,1,1,0,0,0,0,0,0,0,1,0,0,0,0,0,0,0,1,T1486,sam_sam_note,data\datasets\splunk_attack_data\datasets\attack_techniques\T1486\sam_sam_note\windows-sysmon.log
win-dc-633.attackrange.local,{7E7FFDA1-18C6-5FCE-0000-001036BD0400},2020-12-07 11:57:55+00:00,1,1,0,0,0,0,0,0,0,1,0,0,0,0,0,0,0,1,T1486,sam_sam_note,data\datasets\splunk_attack_data\datasets\attack_techniques\T1486\sam_sam_note\windows-sysmon.log
win-dc-633.attackrange.local,{7E7FFDA1-18C6-5FCE-0000-001046C20400},2020-12-07 11:57:55+00:00,1,1,0,0,0,0,0,0,0,1,0,0,0,0,0,0,0,1,T1486,sam_sam_note,data\datasets\splunk_attack_data\datasets\attack_techniques\T1486\sam_sam_note\windows-sysmon.log
win-dc-633.attackrange.local,{7E7FFDA1-18C6-5FCE-0000-00107ABB0400},2020-12-07 11:57:55+00:00,1,1,0,0,0,0,0,0,0,1,0,0,0,0,0,0,0,1,T1486,sam_sam_note,data\datasets\splunk_attack_data\datasets\attack_techniques\T1486\sam_sam_note\windows-sysmon.log
win-dc-633.attackrange.local,{7E7FFDA1-18C6-5FCE-0000-001084C00400},2020-12-07 11:57:55+00:00,1,1,0,0,0,0,0,0,0,1,0,0,0,0,0,0,0,1,T1486,sam_sam_note,data\datasets\splunk_attack_data\datasets\attack_techniques\T1486\sam_sam_note\windows-sysmon.log
win-dc-633.attackrange.local,{7E7FFDA1-18C6-5FCE-0000-00109BB10400},2020-12-07 11:57:55+00:00,1,1,0,0,0,0,0,0,0,1,0,0,0,0,0,0,0,1,T1486,sam_sam_note,data\datasets\splunk_attack_data\datasets\attack_techniques\T1486\sam_sam_note\windows-sysmon.log
win-dc-633.attackrange.local,{7E7FFDA1-18C6-5FCE-0000-0010DAB00400},2020-12-07 11:57:55+00:00,1,1,0,0,0,0,0,0,0,1,0,0,0,0,0,0,0,1,T1486,sam_sam_note,data\datasets\splunk_attack_data\datasets\attack_techniques\T1486\sam_sam_note\windows-sysmon.log
win-dc-633.attackrange.local,{7E7FFDA1-18C6-5FCE-0000-0010E8B50400},2020-12-07 11:57:55+00:00,1,1,0,0,0,0,0,0,0,1,0,0,0,0,0,0,0,1,T1486,sam_sam_note,data\datasets\splunk_attack_data\datasets\attack_techniques\T1486\sam_sam_note\windows-sysmon.log
win-dc-633.attackrange.local,{7E7FFDA1-18C7-5FCE-0000-001036C40400},2020-12-07 11:57:55+00:00,1,1,0,0,0,0,0,0,0,1,0,0,0,0,0,0,0,1,T1486,sam_sam_note,data\datasets\splunk_attack_data\datasets\attack_techniques\T1486\sam_sam_note\windows-sysmon.log
win-dc-633.attackrange.local,{7E7FFDA1-18C7-5FCE-0000-00104EC60400},2020-12-07 11:57:55+00:00,1,1,0,0,0,0,0,0,0,1,0,0,0,0,0,0,0,1,T1486,sam_sam_note,data\datasets\splunk_attack_data\datasets\attack_techniques\T1486\sam_sam_note\windows-sysmon.log
win-dc-633.attackrange.local,{7E7FFDA1-18C7-5FCE-0000-0010A8CA0400},2020-12-07 11:57:55+00:00,1,1,0,0,0,0,0,0,0,1,0,0,0,0,0,0,0,1,T1486,sam_sam_note,data\datasets\splunk_attack_data\datasets\attack_techniques\T1486\sam_sam_note\windows-sysmon.log
win-dc-633.attackrange.local,{7E7FFDA1-18C7-5FCE-0000-0010E4C80400},2020-12-07 11:57:55+00:00,1,1,0,0,0,0,0,0,0,1,0,0,0,0,0,0,0,1,T1486,sam_sam_note,data\datasets\splunk_attack_data\datasets\attack_techniques\T1486\sam_sam_note\windows-sysmon.log
win-dc-633.attackrange.local,{7E7FFDA1-18C8-5FCE-0000-00101ED50400},2020-12-07 11:58:00+00:00,1,1,0,0,0,0,0,0,0,1,0,0,0,0,0,0,0,1,T1486,sam_sam_note,data\datasets\splunk_attack_data\datasets\attack_techniques\T1486\sam_sam_note\windows-sysmon.log
win-dc-633.attackrange.local,{7E7FFDA1-18C9-5FCE-0000-00103CD70400},2020-12-07 11:58:00+00:00,1,1,0,0,0,0,0,0,0,1,0,0,0,0,0,0,0,1,T1486,sam_sam_note,data\datasets\splunk_attack_data\datasets\attack_techniques\T1486\sam_sam_note\windows-sysmon.log
win-dc-633.attackrange.local,{7E7FFDA1-18CA-5FCE-0000-001013D90400},2020-12-07 11:58:00+00:00,1,1,0,0,0,0,0,0,0,1,0,0,0,0,0,0,0,1,T1486,sam_sam_note,data\datasets\splunk_attack_data\datasets\attack_techniques\T1486\sam_sam_note\windows-sysmon.log
win-dc-633.attackrange.local,{7E7FFDA1-18CA-5FCE-0000-0010E4DA0400},2020-12-07 11:58:00+00:00,1,1,0,0,0,0,0,0,0,1,0,0,0,0,0,0,0,1,T1486,sam_sam_note,data\datasets\splunk_attack_data\datasets\attack_techniques\T1486\sam_sam_note\windows-sysmon.log
win-dc-633.attackrange.local,{7E7FFDA1-18CB-5FCE-0000-00109FDC0400},2020-12-07 11:58:00+00:00,1,1,0,0,0,0,0,0,0,1,0,0,0,0,0,0,0,1,T1486,sam_sam_note,data\datasets\splunk_attack_data\datasets\attack_techniques\T1486\sam_sam_note\windows-sysmon.log
win-dc-633.attackrange.local,{7E7FFDA1-18CC-5FCE-0000-0010E7DE0400},2020-12-07 11:58:00+00:00,1,1,0,0,0,0,0,0,0,1,0,0,0,0,0,0,0,1,T1486,sam_sam_note,data\datasets\splunk_attack_data\datasets\attack_techniques\T1486\sam_sam_note\windows-sysmon.log
win-dc-633.attackrange.local,{7E7FFDA1-18CD-5FCE-0000-00108CE00400},2020-12-07 11:58:05+00:00,1,1,0,0,0,0,0,0,0,1,0,0,0,0,0,0,0,1,T1486,sam_sam_note,data\datasets\splunk_attack_data\datasets\attack_techniques\T1486\sam_sam_note\windows-sysmon.log
win-dc-633.attackrange.local,{7E7FFDA1-18CE-5FCE-0000-00107DE20400},2020-12-07 11:58:05+00:00,1,1,0,0,0,0,0,0,0,1,0,0,0,0,0,0,0,1,T1486,sam_sam_note,data\datasets\splunk_attack_data\datasets\attack_techniques\T1486\sam_sam_note\windows-sysmon.log
win-dc-633.attackrange.local,{7E7FFDA1-18CF-5FCE-0000-001032E60400},2020-12-07 11:58:05+00:00,1,1,0,0,0,0,0,0,0,1,0,0,0,0,0,0,0,1,T1486,sam_sam_note,data\datasets\splunk_attack_data\datasets\attack_techniques\T1486\sam_sam_note\windows-sysmon.log
win-dc-633.attackrange.local,{7E7FFDA1-18CF-5FCE-0000-001068FE0400},2020-12-07 11:58:05+00:00,1,1,0,0,0,0,0,0,0,1,0,0,0,0,0,0,0,1,T1486,sam_sam_note,data\datasets\splunk_attack_data\datasets\attack_techniques\T1486\sam_sam_note\windows-sysmon.log
win-dc-633.attackrange.local,{7E7FFDA1-18D9-5FCE-0000-0010AB3F0500},2020-12-07 11:58:15+00:00,1,1,0,0,0,0,0,0,0,1,0,0,0,0,0,0,0,1,T1486,sam_sam_note,data\datasets\splunk_attack_data\datasets\attack_techniques\T1486\sam_sam_note\windows-sysmon.log
win-dc-633.attackrange.local,{7E7FFDA1-18D9-5FCE-0000-0010F63A0500},2020-12-07 11:58:15+00:00,1,1,0,0,0,0,0,0,0,1,0,0,0,0,0,0,0,1,T1486,sam_sam_note,data\datasets\splunk_attack_data\datasets\attack_techniques\T1486\sam_sam_note\windows-sysmon.log
win-dc-633.attackrange.local,{7E7FFDA1-18DC-5FCE-0000-001048A10500},2020-12-07 11:58:20+00:00,2,1,1,1,0,1,1,0,0,1,0,0,1,0,0,0,0,1,T1486,sam_sam_note,data\datasets\splunk_attack_data\datasets\attack_techniques\T1486\sam_sam_note\windows-sysmon.log
win-dc-633.attackrange.local,{7E7FFDA1-18DC-5FCE-0000-001048C10500},2020-12-07 11:58:20+00:00,1,1,0,0,0,0,0,0,0,1,0,0,0,0,0,0,0,1,T1486,sam_sam_note,data\datasets\splunk_attack_data\datasets\attack_techniques\T1486\sam_sam_note\windows-sysmon.log
win-dc-633.attackrange.local,{7E7FFDA1-18DC-5FCE-0000-00107CB50500},2020-12-07 11:58:20+00:00,2,1,1,1,0,1,1,0,0,1,0,0,1,0,0,0,0,1,T1486,sam_sam_note,data\datasets\splunk_attack_data\datasets\attack_techniques\T1486\sam_sam_note\windows-sysmon.log
win-dc-633.attackrange.local,{7E7FFDA1-18DC-5FCE-0000-00107DA00500},2020-12-07 11:58:20+00:00,1,1,0,0,0,0,0,0,0,1,0,0,0,0,0,0,0,1,T1486,sam_sam_note,data\datasets\splunk_attack_data\datasets\attack_techniques\T1486\sam_sam_note\windows-sysmon.log
win-dc-633.attackrange.local,{7E7FFDA1-18DC-5FCE-0000-0010B1B40500},2020-12-07 11:58:20+00:00,1,1,0,0,0,0,0,0,0,1,0,0,0,0,0,0,0,1,T1486,sam_sam_note,data\datasets\splunk_attack_data\datasets\attack_techniques\T1486\sam_sam_note\windows-sysmon.log
win-dc-633.attackrange.local,{7E7FFDA1-18DC-5FCE-0000-0010B39D0500},2020-12-07 11:58:20+00:00,1,1,0,0,0,0,0,0,0,1,0,0,0,0,0,0,0,1,T1486,sam_sam_note,data\datasets\splunk_attack_data\datasets\attack_techniques\T1486\sam_sam_note\windows-sysmon.log
win-dc-633.attackrange.local,{7E7FFDA1-18DC-5FCE-0000-0010E7B10500},2020-12-07 11:58:20+00:00,1,1,0,0,0,0,0,0,0,1,0,0,0,0,0,0,0,1,T1486,sam_sam_note,data\datasets\splunk_attack_data\datasets\attack_techniques\T1486\sam_sam_note\windows-sysmon.log
win-dc-633.attackrange.local,{7E7FFDA1-18EE-5FCE-0000-0010080E0600},2020-12-07 11:58:35+00:00,1,1,0,0,0,0,0,0,0,1,0,0,0,0,0,0,0,1,T1486,sam_sam_note,data\datasets\splunk_attack_data\datasets\attack_techniques\T1486\sam_sam_note\windows-sysmon.log
win-dc-633.attackrange.local,{7E7FFDA1-18EE-5FCE-0000-0010C80E0600},2020-12-07 11:58:35+00:00,1,1,0,0,0,0,0,0,0,1,0,0,0,0,0,0,0,1,T1486,sam_sam_note,data\datasets\splunk_attack_data\datasets\attack_techniques\T1486\sam_sam_note\windows-sysmon.log
win-dc-633.attackrange.local,{7E7FFDA1-1905-5FCE-0000-00101F140600},2020-12-07 11:59:00+00:00,1,1,0,0,0,0,0,0,0,1,0,0,0,0,0,0,0,1,T1486,sam_sam_note,data\datasets\splunk_attack_data\datasets\attack_techniques\T1486\sam_sam_note\windows-sysmon.log
win-dc-633.attackrange.local,{7E7FFDA1-1906-5FCE-0000-0010A2170600},2020-12-07 11:59:00+00:00,1,1,0,0,0,0,0,0,0,1,0,0,0,0,0,0,0,1,T1486,sam_sam_note,data\datasets\splunk_attack_data\datasets\attack_techniques\T1486\sam_sam_note\windows-sysmon.log
win-dc-633.attackrange.local,{7E7FFDA1-1906-5FCE-0000-0010E3150600},2020-12-07 11:59:00+00:00,1,1,0,0,0,0,0,0,0,1,0,0,0,0,0,0,0,1,T1486,sam_sam_note,data\datasets\splunk_attack_data\datasets\attack_techniques\T1486\sam_sam_note\windows-sysmon.log
win-dc-633.attackrange.local,{7E7FFDA1-1908-5FCE-0000-0010FB190600},2020-12-07 11:59:00+00:00,1,1,0,0,0,0,0,0,0,1,0,0,0,0,0,0,0,1,T1486,sam_sam_note,data\datasets\splunk_attack_data\datasets\attack_techniques\T1486\sam_sam_note\windows-sysmon.log
win-dc-633.attackrange.local,{7E7FFDA1-1909-5FCE-0000-0010C11B0600},2020-12-07 11:59:05+00:00,1,1,0,0,0,0,0,0,0,1,0,0,0,0,0,0,0,1,T1486,sam_sam_note,data\datasets\splunk_attack_data\datasets\attack_techniques\T1486\sam_sam_note\windows-sysmon.log
win-dc-633.attackrange.local,{7E7FFDA1-190A-5FCE-0000-0010941D0600},2020-12-07 11:59:05+00:00,1,1,0,0,0,0,0,0,0,1,0,0,0,0,0,0,0,1,T1486,sam_sam_note,data\datasets\splunk_attack_data\datasets\attack_techniques\T1486\sam_sam_note\windows-sysmon.log
win-dc-633.attackrange.local,{7E7FFDA1-190B-5FCE-0000-001085210600},2020-12-07 11:59:05+00:00,1,1,0,0,0,0,0,0,0,1,0,0,0,0,0,0,0,1,T1486,sam_sam_note,data\datasets\splunk_attack_data\datasets\attack_techniques\T1486\sam_sam_note\windows-sysmon.log
win-dc-633.attackrange.local,{7E7FFDA1-193E-5FCE-0000-00102D360600},2020-12-07 11:59:55+00:00,1,1,0,0,0,0,0,0,0,1,0,0,0,0,0,0,0,1,T1486,sam_sam_note,data\datasets\splunk_attack_data\datasets\attack_techniques\T1486\sam_sam_note\windows-sysmon.log
win-dc-633.attackrange.local,{7E7FFDA1-193E-5FCE-0000-00102F3F0600},2020-12-07 11:59:55+00:00,1,1,0,0,0,0,0,0,0,1,0,0,0,0,0,0,0,1,T1486,sam_sam_note,data\datasets\splunk_attack_data\datasets\attack_techniques\T1486\sam_sam_note\windows-sysmon.log
win-dc-633.attackrange.local,{7E7FFDA1-193E-5FCE-0000-001031390600},2020-12-07 11:59:55+00:00,1,1,0,0,0,0,0,0,0,1,0,0,0,0,0,0,0,1,T1486,sam_sam_note,data\datasets\splunk_attack_data\datasets\attack_techniques\T1486\sam_sam_note\windows-sysmon.log
win-dc-633.attackrange.local,{7E7FFDA1-193E-5FCE-0000-0010683E0600},2020-12-07 11:59:55+00:00,1,1,0,0,0,0,0,0,0,1,0,0,0,0,0,0,0,1,T1486,sam_sam_note,data\datasets\splunk_attack_data\datasets\attack_techniques\T1486\sam_sam_note\windows-sysmon.log
win-dc-633.attackrange.local,{7E7FFDA1-193E-5FCE-0000-00107B430600},2020-12-07 11:59:55+00:00,1,1,0,0,0,0,0,0,0,1,0,0,0,0,0,0,0,1,T1486,sam_sam_note,data\datasets\splunk_attack_data\datasets\attack_techniques\T1486\sam_sam_note\windows-sysmon.log
win-dc-633.attackrange.local,{7E7FFDA1-193E-5FCE-0000-0010AA3D0600},2020-12-07 11:59:55+00:00,1,1,0,0,0,0,0,0,0,1,0,0,0,0,0,0,0,1,T1486,sam_sam_note,data\datasets\splunk_attack_data\datasets\attack_techniques\T1486\sam_sam_note\windows-sysmon.log
win-dc-633.attackrange.local,{7E7FFDA1-193E-5FCE-0000-0010B93A0600},2020-12-07 11:59:55+00:00,1,1,0,0,0,0,0,0,0,1,0,0,0,0,0,0,0,1,T1486,sam_sam_note,data\datasets\splunk_attack_data\datasets\attack_techniques\T1486\sam_sam_note\windows-sysmon.log
win-dc-633.attackrange.local,{7E7FFDA1-193E-5FCE-0000-0010BC420600},2020-12-07 11:59:55+00:00,1,1,0,0,0,0,0,0,0,1,0,0,0,0,0,0,0,1,T1486,sam_sam_note,data\datasets\splunk_attack_data\datasets\attack_techniques\T1486\sam_sam_note\windows-sysmon.log
win-dc-633.attackrange.local,{7E7FFDA1-193E-5FCE-0000-0010F2370600},2020-12-07 11:59:55+00:00,1,1,0,0,0,0,0,0,0,1,0,0,0,0,0,0,0,1,T1486,sam_sam_note,data\datasets\splunk_attack_data\datasets\attack_techniques\T1486\sam_sam_note\windows-sysmon.log
win-dc-633.attackrange.local,{7E7FFDA1-193E-5FCE-0000-0010F6390600},2020-12-07 11:59:55+00:00,1,1,0,0,0,0,0,0,0,1,0,0,0,0,0,0,0,1,T1486,sam_sam_note,data\datasets\splunk_attack_data\datasets\attack_techniques\T1486\sam_sam_note\windows-sysmon.log
win-dc-633.attackrange.local,{7E7FFDA1-193E-5FCE-0000-0010FC410600},2020-12-07 11:59:55+00:00,1,1,0,0,0,0,0,0,0,1,0,0,0,0,0,0,0,1,T1486,sam_sam_note,data\datasets\splunk_attack_data\datasets\attack_techniques\T1486\sam_sam_note\windows-sysmon.log
win-dc-633.attackrange.local,{7E7FFDA1-193F-5FCE-0000-0010904C0600},2020-12-07 11:59:55+00:00,1,1,0,0,0,0,0,0,0,1,0,0,0,0,0,0,0,1,T1486,sam_sam_note,data\datasets\splunk_attack_data\datasets\attack_techniques\T1486\sam_sam_note\windows-sysmon.log
win-dc-633.attackrange.local,{7E7FFDA1-1940-5FCE-0000-0010616C0600},2020-12-07 12:00:00+00:00,1,1,0,0,0,0,0,0,0,1,0,0,0,0,0,0,0,1,T1486,sam_sam_note,data\datasets\splunk_attack_data\datasets\attack_techniques\T1486\sam_sam_note\windows-sysmon.log
win-dc-633.attackrange.local,{7E7FFDA1-1940-5FCE-0000-0010A06B0600},2020-12-07 12:00:00+00:00,1,1,0,0,0,0,0,0,0,1,0,0,0,0,0,0,0,1,T1486,sam_sam_note,data\datasets\splunk_attack_data\datasets\attack_techniques\T1486\sam_sam_note\windows-sysmon.log
win-dc-633.attackrange.local,{7E7FFDA1-1940-5FCE-0000-0010E46A0600},2020-12-07 12:00:00+00:00,1,1,0,0,0,0,0,0,0,1,0,0,0,0,0,0,0,1,T1486,sam_sam_note,data\datasets\splunk_attack_data\datasets\attack_techniques\T1486\sam_sam_note\windows-sysmon.log
win-dc-633.attackrange.local,{7E7FFDA1-1941-5FCE-0000-001016750600},2020-12-07 12:00:00+00:00,1,1,0,0,0,0,0,0,0,1,0,0,0,0,0,0,0,1,T1486,sam_sam_note,data\datasets\splunk_attack_data\datasets\attack_techniques\T1486\sam_sam_note\windows-sysmon.log
win-dc-633.attackrange.local,{7E7FFDA1-1941-5FCE-0000-00101D700600},2020-12-07 12:00:00+00:00,1,1,0,0,0,0,0,0,0,1,0,0,0,0,0,0,0,1,T1486,sam_sam_note,data\datasets\splunk_attack_data\datasets\attack_techniques\T1486\sam_sam_note\windows-sysmon.log
win-dc-633.attackrange.local,{7E7FFDA1-1941-5FCE-0000-001060740600},2020-12-07 12:00:00+00:00,1,1,0,0,0,0,0,0,0,1,0,0,0,0,0,0,0,1,T1486,sam_sam_note,data\datasets\splunk_attack_data\datasets\attack_techniques\T1486\sam_sam_note\windows-sysmon.log
win-dc-633.attackrange.local,{7E7FFDA1-1941-5FCE-0000-00109A710600},2020-12-07 12:00:00+00:00,1,1,0,0,0,0,0,0,0,1,0,0,0,0,0,0,0,1,T1486,sam_sam_note,data\datasets\splunk_attack_data\datasets\attack_techniques\T1486\sam_sam_note\windows-sysmon.log
win-dc-633.attackrange.local,{7E7FFDA1-1941-5FCE-0000-0010A5780600},2020-12-07 12:00:00+00:00,1,1,0,0,0,0,0,0,0,1,0,0,0,0,0,0,0,1,T1486,sam_sam_note,data\datasets\splunk_attack_data\datasets\attack_techniques\T1486\sam_sam_note\windows-sysmon.log
win-dc-633.attackrange.local,{7E7FFDA1-1941-5FCE-0000-0010D1750600},2020-12-07 12:00:00+00:00,1,1,0,0,0,0,0,0,0,1,0,0,0,0,0,0,0,1,T1486,sam_sam_note,data\datasets\splunk_attack_data\datasets\attack_techniques\T1486\sam_sam_note\windows-sysmon.log
win-dc-633.attackrange.local,{7E7FFDA1-1941-5FCE-0000-0010D9700600},2020-12-07 12:00:00+00:00,1,1,0,0,0,0,0,0,0,1,0,0,0,0,0,0,0,1,T1486,sam_sam_note,data\datasets\splunk_attack_data\datasets\attack_techniques\T1486\sam_sam_note\windows-sysmon.log
win-dc-633.attackrange.local,{7E7FFDA1-1942-5FCE-0000-001007910600},2020-12-07 12:00:00+00:00,1,1,0,0,0,0,0,0,0,1,0,0,0,0,0,0,0,1,T1486,sam_sam_note,data\datasets\splunk_attack_data\datasets\attack_techniques\T1486\sam_sam_note\windows-sysmon.log
win-dc-633.attackrange.local,{7E7FFDA1-1942-5FCE-0000-00100B8A0600},2020-12-07 12:00:00+00:00,1,1,0,0,0,0,0,0,0,1,0,0,0,0,0,0,0,1,T1486,sam_sam_note,data\datasets\splunk_attack_data\datasets\attack_techniques\T1486\sam_sam_note\windows-sysmon.log
win-dc-633.attackrange.local,{7E7FFDA1-1942-5FCE-0000-0010448E0600},2020-12-07 12:00:00+00:00,1,1,0,0,0,0,0,0,0,1,0,0,0,0,0,0,0,1,T1486,sam_sam_note,data\datasets\splunk_attack_data\datasets\attack_techniques\T1486\sam_sam_note\windows-sysmon.log
win-dc-633.attackrange.local,{7E7FFDA1-1942-5FCE-0000-001049890600},2020-12-07 12:00:00+00:00,1,1,0,0,0,0,0,0,0,1,0,0,0,0,0,0,0,1,T1486,sam_sam_note,data\datasets\splunk_attack_data\datasets\attack_techniques\T1486\sam_sam_note\windows-sysmon.log
win-dc-633.attackrange.local,{7E7FFDA1-1942-5FCE-0000-00104A840600},2020-12-07 12:00:00+00:00,1,1,0,0,0,0,0,0,0,1,0,0,0,0,0,0,0,1,T1486,sam_sam_note,data\datasets\splunk_attack_data\datasets\attack_techniques\T1486\sam_sam_note\windows-sysmon.log
win-dc-633.attackrange.local,{7E7FFDA1-1942-5FCE-0000-001058870600},2020-12-07 12:00:00+00:00,1,1,0,0,0,0,0,0,0,1,0,0,0,0,0,0,0,1,T1486,sam_sam_note,data\datasets\splunk_attack_data\datasets\attack_techniques\T1486\sam_sam_note\windows-sysmon.log
win-dc-633.attackrange.local,{7E7FFDA1-1942-5FCE-0000-00105F970600},2020-12-07 12:00:00+00:00,1,1,0,0,0,0,0,0,0,1,0,0,0,0,0,0,0,1,T1486,sam_sam_note,data\datasets\splunk_attack_data\datasets\attack_techniques\T1486\sam_sam_note\windows-sysmon.log
win-dc-633.attackrange.local,{7E7FFDA1-1942-5FCE-0000-0010838D0600},2020-12-07 12:00:00+00:00,1,1,0,0,0,0,0,0,0,1,0,0,0,0,0,0,0,1,T1486,sam_sam_note,data\datasets\splunk_attack_data\datasets\attack_techniques\T1486\sam_sam_note\windows-sysmon.log
win-dc-633.attackrange.local,{7E7FFDA1-1942-5FCE-0000-001084920600},2020-12-07 12:00:00+00:00,1,1,0,0,0,0,0,0,0,1,0,0,0,0,0,0,0,1,T1486,sam_sam_note,data\datasets\splunk_attack_data\datasets\attack_techniques\T1486\sam_sam_note\windows-sysmon.log
win-dc-633.attackrange.local,{7E7FFDA1-1942-5FCE-0000-00108A880600},2020-12-07 12:00:00+00:00,1,1,0,0,0,0,0,0,0,1,0,0,0,0,0,0,0,1,T1486,sam_sam_note,data\datasets\splunk_attack_data\datasets\attack_techniques\T1486\sam_sam_note\windows-sysmon.log
win-dc-633.attackrange.local,{7E7FFDA1-1942-5FCE-0000-00109C860600},2020-12-07 12:00:00+00:00,1,1,0,0,0,0,0,0,0,1,0,0,0,0,0,0,0,1,T1486,sam_sam_note,data\datasets\splunk_attack_data\datasets\attack_techniques\T1486\sam_sam_note\windows-sysmon.log
win-dc-633.attackrange.local,{7E7FFDA1-1942-5FCE-0000-00109E960600},2020-12-07 12:00:00+00:00,1,1,0,0,0,0,0,0,0,1,0,0,0,0,0,0,0,1,T1486,sam_sam_note,data\datasets\splunk_attack_data\datasets\attack_techniques\T1486\sam_sam_note\windows-sysmon.log
win-dc-633.attackrange.local,{7E7FFDA1-1942-5FCE-0000-0010BF820600},2020-12-07 12:00:00+00:00,1,1,0,0,0,0,0,0,0,1,0,0,0,0,0,0,0,1,T1486,sam_sam_note,data\datasets\splunk_attack_data\datasets\attack_techniques\T1486\sam_sam_note\windows-sysmon.log
win-dc-633.attackrange.local,{7E7FFDA1-1942-5FCE-0000-0010C3910600},2020-12-07 12:00:00+00:00,1,1,0,0,0,0,0,0,0,1,0,0,0,0,0,0,0,1,T1486,sam_sam_note,data\datasets\splunk_attack_data\datasets\attack_techniques\T1486\sam_sam_note\windows-sysmon.log
win-dc-633.attackrange.local,{7E7FFDA1-1942-5FCE-0000-0010C78C0600},2020-12-07 12:00:00+00:00,1,1,0,0,0,0,0,0,0,1,0,0,0,0,0,0,0,1,T1486,sam_sam_note,data\datasets\splunk_attack_data\datasets\attack_techniques\T1486\sam_sam_note\windows-sysmon.log
win-dc-633.attackrange.local,{7E7FFDA1-1943-5FCE-0000-00102FA30600},2020-12-07 12:00:00+00:00,1,1,0,0,0,0,0,0,0,1,0,0,0,0,0,0,0,1,T1486,sam_sam_note,data\datasets\splunk_attack_data\datasets\attack_techniques\T1486\sam_sam_note\windows-sysmon.log
win-dc-633.attackrange.local,{7E7FFDA1-1943-5FCE-0000-00105A9E0600},2020-12-07 12:00:00+00:00,1,1,0,0,0,0,0,0,0,1,0,0,0,0,0,0,0,1,T1486,sam_sam_note,data\datasets\splunk_attack_data\datasets\attack_techniques\T1486\sam_sam_note\windows-sysmon.log
win-dc-633.attackrange.local,{7E7FFDA1-1943-5FCE-0000-001077A20600},2020-12-07 12:00:00+00:00,1,1,0,0,0,0,0,0,0,1,0,0,0,0,0,0,0,1,T1486,sam_sam_note,data\datasets\splunk_attack_data\datasets\attack_techniques\T1486\sam_sam_note\windows-sysmon.log
win-dc-633.attackrange.local,{7E7FFDA1-1943-5FCE-0000-001096980600},2020-12-07 12:00:00+00:00,1,1,0,0,0,0,0,0,0,1,0,0,0,0,0,0,0,1,T1486,sam_sam_note,data\datasets\splunk_attack_data\datasets\attack_techniques\T1486\sam_sam_note\windows-sysmon.log
win-dc-633.attackrange.local,{7E7FFDA1-1943-5FCE-0000-0010A29D0600},2020-12-07 12:00:00+00:00,1,1,0,0,0,0,0,0,0,1,0,0,0,0,0,0,0,1,T1486,sam_sam_note,data\datasets\splunk_attack_data\datasets\attack_techniques\T1486\sam_sam_note\windows-sysmon.log
win-dc-633.attackrange.local,{7E7FFDA1-1943-5FCE-0000-0010E89A0600},2020-12-07 12:00:00+00:00,1,1,0,0,0,0,0,0,0,1,0,0,0,0,0,0,0,1,T1486,sam_sam_note,data\datasets\splunk_attack_data\datasets\attack_techniques\T1486\sam_sam_note\windows-sysmon.log
win-dc-633.attackrange.local,{7E7FFDA1-1944-5FCE-0000-001034B00600},2020-12-07 12:00:00+00:00,1,1,0,0,0,0,0,0,0,1,0,0,0,0,0,0,0,1,T1486,sam_sam_note,data\datasets\splunk_attack_data\datasets\attack_techniques\T1486\sam_sam_note\windows-sysmon.log
win-dc-633.attackrange.local,{7E7FFDA1-1944-5FCE-0000-001054AB0600},2020-12-07 12:00:00+00:00,1,1,0,0,0,0,0,0,0,1,0,0,0,0,0,0,0,1,T1486,sam_sam_note,data\datasets\splunk_attack_data\datasets\attack_techniques\T1486\sam_sam_note\windows-sysmon.log
win-dc-633.attackrange.local,{7E7FFDA1-1944-5FCE-0000-001071A70600},2020-12-07 12:00:00+00:00,1,1,0,0,0,0,0,0,0,1,0,0,0,0,0,0,0,1,T1486,sam_sam_note,data\datasets\splunk_attack_data\datasets\attack_techniques\T1486\sam_sam_note\windows-sysmon.log
win-dc-633.attackrange.local,{7E7FFDA1-1944-5FCE-0000-001073AF0600},2020-12-07 12:00:00+00:00,1,1,0,0,0,0,0,0,0,1,0,0,0,0,0,0,0,1,T1486,sam_sam_note,data\datasets\splunk_attack_data\datasets\attack_techniques\T1486\sam_sam_note\windows-sysmon.log
win-dc-633.attackrange.local,{7E7FFDA1-1944-5FCE-0000-0010B7AE0600},2020-12-07 12:00:00+00:00,1,1,0,0,0,0,0,0,0,1,0,0,0,0,0,0,0,1,T1486,sam_sam_note,data\datasets\splunk_attack_data\datasets\attack_techniques\T1486\sam_sam_note\windows-sysmon.log
win-dc-633.attackrange.local,{7E7FFDA1-1944-5FCE-0000-0010B9A60600},2020-12-07 12:00:00+00:00,1,1,0,0,0,0,0,0,0,1,0,0,0,0,0,0,0,1,T1486,sam_sam_note,data\datasets\splunk_attack_data\datasets\attack_techniques\T1486\sam_sam_note\windows-sysmon.log
win-dc-633.attackrange.local,{7E7FFDA1-1945-5FCE-0000-001001B80600},2020-12-07 12:00:05+00:00,1,1,0,0,0,0,0,0,0,1,0,0,0,0,0,0,0,1,T1486,sam_sam_note,data\datasets\splunk_attack_data\datasets\attack_techniques\T1486\sam_sam_note\windows-sysmon.log
win-dc-633.attackrange.local,{7E7FFDA1-1945-5FCE-0000-001040B70600},2020-12-07 12:00:05+00:00,1,1,0,0,0,0,0,0,0,1,0,0,0,0,0,0,0,1,T1486,sam_sam_note,data\datasets\splunk_attack_data\datasets\attack_techniques\T1486\sam_sam_note\windows-sysmon.log
win-dc-633.attackrange.local,{7E7FFDA1-1945-5FCE-0000-00105EBC0600},2020-12-07 12:00:05+00:00,1,1,0,0,0,0,0,0,0,1,0,0,0,0,0,0,0,1,T1486,sam_sam_note,data\datasets\splunk_attack_data\datasets\attack_techniques\T1486\sam_sam_note\windows-sysmon.log
win-dc-633.attackrange.local,{7E7FFDA1-1945-5FCE-0000-00106EB40600},2020-12-07 12:00:05+00:00,1,1,0,0,0,0,0,0,0,1,0,0,0,0,0,0,0,1,T1486,sam_sam_note,data\datasets\splunk_attack_data\datasets\attack_techniques\T1486\sam_sam_note\windows-sysmon.log
win-dc-633.attackrange.local,{7E7FFDA1-1945-5FCE-0000-00109BC30600},2020-12-07 12:00:05+00:00,1,1,0,0,0,0,0,0,0,1,0,0,0,0,0,0,0,1,T1486,sam_sam_note,data\datasets\splunk_attack_data\datasets\attack_techniques\T1486\sam_sam_note\windows-sysmon.log
win-dc-633.attackrange.local,{7E7FFDA1-1945-5FCE-0000-0010B3B30600},2020-12-07 12:00:05+00:00,1,1,0,0,0,0,0,0,0,1,0,0,0,0,0,0,0,1,T1486,sam_sam_note,data\datasets\splunk_attack_data\datasets\attack_techniques\T1486\sam_sam_note\windows-sysmon.log
win-dc-633.attackrange.local,{7E7FFDA1-1945-5FCE-0000-0010B6BA0600},2020-12-07 12:00:05+00:00,1,1,0,0,0,0,0,0,0,1,0,0,0,0,0,0,0,1,T1486,sam_sam_note,data\datasets\splunk_attack_data\datasets\attack_techniques\T1486\sam_sam_note\windows-sysmon.log
win-dc-633.attackrange.local,{7E7FFDA1-1945-5FCE-0000-0010F0C10600},2020-12-07 12:00:05+00:00,1,1,0,0,0,0,0,0,0,1,0,0,0,0,0,0,0,1,T1486,sam_sam_note,data\datasets\splunk_attack_data\datasets\attack_techniques\T1486\sam_sam_note\windows-sysmon.log
win-dc-633.attackrange.local,{7E7FFDA1-1945-5FCE-0000-0010F7B20600},2020-12-07 12:00:05+00:00,1,1,0,0,0,0,0,0,0,1,0,0,0,0,0,0,0,1,T1486,sam_sam_note,data\datasets\splunk_attack_data\datasets\attack_techniques\T1486\sam_sam_note\windows-sysmon.log
win-dc-633.attackrange.local,{7E7FFDA1-1946-5FCE-0000-0010BCC80600},2020-12-07 12:00:05+00:00,1,1,0,0,0,0,0,0,0,1,0,0,0,0,0,0,0,1,T1486,sam_sam_note,data\datasets\splunk_attack_data\datasets\attack_techniques\T1486\sam_sam_note\windows-sysmon.log
win-dc-633.attackrange.local,{7E7FFDA1-1946-5FCE-0000-0010E9C60600},2020-12-07 12:00:05+00:00,1,1,0,0,0,0,0,0,0,1,0,0,0,0,0,0,0,1,T1486,sam_sam_note,data\datasets\splunk_attack_data\datasets\attack_techniques\T1486\sam_sam_note\windows-sysmon.log
win-dc-633.attackrange.local,{7E7FFDA1-1947-5FCE-0000-00101DCD0600},2020-12-07 12:00:05+00:00,1,1,0,0,0,0,0,0,0,1,0,0,0,0,0,0,0,1,T1486,sam_sam_note,data\datasets\splunk_attack_data\datasets\attack_techniques\T1486\sam_sam_note\windows-sysmon.log
win-dc-633.attackrange.local,{7E7FFDA1-1947-5FCE-0000-001050D30600},2020-12-07 12:00:05+00:00,1,1,0,0,0,0,0,0,0,1,0,0,0,0,0,0,0,1,T1486,sam_sam_note,data\datasets\splunk_attack_data\datasets\attack_techniques\T1486\sam_sam_note\windows-sysmon.log
win-dc-633.attackrange.local,{7E7FFDA1-1947-5FCE-0000-001071D10600},2020-12-07 12:00:05+00:00,1,1,0,0,0,0,0,0,0,1,0,0,0,0,0,0,0,1,T1486,sam_sam_note,data\datasets\splunk_attack_data\datasets\attack_techniques\T1486\sam_sam_note\windows-sysmon.log
win-dc-633.attackrange.local,{7E7FFDA1-1947-5FCE-0000-0010ADCF0600},2020-12-07 12:00:05+00:00,1,1,0,0,0,0,0,0,0,1,0,0,0,0,0,0,0,1,T1486,sam_sam_note,data\datasets\splunk_attack_data\datasets\attack_techniques\T1486\sam_sam_note\windows-sysmon.log
win-dc-633.attackrange.local,{7E7FFDA1-1947-5FCE-0000-0010D5CA0600},2020-12-07 12:00:05+00:00,1,1,0,0,0,0,0,0,0,1,0,0,0,0,0,0,0,1,T1486,sam_sam_note,data\datasets\splunk_attack_data\datasets\attack_techniques\T1486\sam_sam_note\windows-sysmon.log
win-dc-633.attackrange.local,{7E7FFDA1-194A-5FCE-0000-001069DE0600},2020-12-07 12:00:10+00:00,1,1,0,0,0,0,0,0,0,1,0,0,0,0,0,0,0,1,T1486,sam_sam_note,data\datasets\splunk_attack_data\datasets\attack_techniques\T1486\sam_sam_note\windows-sysmon.log
win-dc-633.attackrange.local,{7E7FFDA1-194B-5FCE-0000-00105CE30600},2020-12-07 12:00:10+00:00,1,1,0,0,0,0,0,0,0,1,0,0,0,0,0,0,0,1,T1486,sam_sam_note,data\datasets\splunk_attack_data\datasets\attack_techniques\T1486\sam_sam_note\windows-sysmon.log
win-dc-633.attackrange.local,{7E7FFDA1-194B-5FCE-0000-0010BDEC0600},2020-12-07 12:00:10+00:00,1,1,0,0,0,0,0,0,0,1,0,0,0,0,0,0,0,1,T1486,sam_sam_note,data\datasets\splunk_attack_data\datasets\attack_techniques\T1486\sam_sam_note\windows-sysmon.log
win-dc-633.attackrange.local,{7E7FFDA1-194C-5FCE-0000-0010A1F80600},2020-12-07 12:00:10+00:00,1,1,0,0,0,0,0,0,0,1,0,0,0,0,0,0,0,1,T1486,sam_sam_note,data\datasets\splunk_attack_data\datasets\attack_techniques\T1486\sam_sam_note\windows-sysmon.log
win-dc-633.attackrange.local,{7E7FFDA1-194D-5FCE-0000-001069FC0600},2020-12-07 12:00:10+00:00,1,1,0,0,0,0,0,0,0,1,0,0,0,0,0,0,0,1,T1486,sam_sam_note,data\datasets\splunk_attack_data\datasets\attack_techniques\T1486\sam_sam_note\windows-sysmon.log
win-dc-633.attackrange.local,{7E7FFDA1-194D-5FCE-0000-001090FA0600},2020-12-07 12:00:10+00:00,1,1,0,0,0,0,0,0,0,1,0,0,0,0,0,0,0,1,T1486,sam_sam_note,data\datasets\splunk_attack_data\datasets\attack_techniques\T1486\sam_sam_note\windows-sysmon.log
win-dc-633.attackrange.local,{7E7FFDA1-194E-5FCE-0000-00103FFE0600},2020-12-07 12:00:10+00:00,1,1,0,0,0,0,0,0,0,1,0,0,0,0,0,0,0,1,T1486,sam_sam_note,data\datasets\splunk_attack_data\datasets\attack_techniques\T1486\sam_sam_note\windows-sysmon.log
win-dc-633.attackrange.local,{7E7FFDA1-194F-5FCE-0000-00108B010700},2020-12-07 12:00:15+00:00,1,1,0,0,0,0,0,0,0,1,0,0,0,0,0,0,0,1,T1486,sam_sam_note,data\datasets\splunk_attack_data\datasets\attack_techniques\T1486\sam_sam_note\windows-sysmon.log
win-dc-633.attackrange.local,{7E7FFDA1-194F-5FCE-0000-0010F0FF0600},2020-12-07 12:00:15+00:00,1,1,0,0,0,0,0,0,0,1,0,0,0,0,0,0,0,1,T1486,sam_sam_note,data\datasets\splunk_attack_data\datasets\attack_techniques\T1486\sam_sam_note\windows-sysmon.log
win-dc-633.attackrange.local,{7E7FFDA1-1950-5FCE-0000-0010BA030700},2020-12-07 12:00:15+00:00,1,1,0,0,0,0,0,0,0,1,0,0,0,0,0,0,0,1,T1486,sam_sam_note,data\datasets\splunk_attack_data\datasets\attack_techniques\T1486\sam_sam_note\windows-sysmon.log
win-dc-633.attackrange.local,{7E7FFDA1-1951-5FCE-0000-001036080700},2020-12-07 12:00:15+00:00,1,1,0,0,0,0,0,0,0,1,0,0,0,0,0,0,0,1,T1486,sam_sam_note,data\datasets\splunk_attack_data\datasets\attack_techniques\T1486\sam_sam_note\windows-sysmon.log
win-dc-633.attackrange.local,{7E7FFDA1-1961-5FCE-0000-001015140700},2020-12-07 12:00:30+00:00,1,1,0,0,0,0,0,0,0,1,0,0,0,0,0,0,0,1,T1486,sam_sam_note,data\datasets\splunk_attack_data\datasets\attack_techniques\T1486\sam_sam_note\windows-sysmon.log
win-dc-633.attackrange.local,{7E7FFDA1-1961-5FCE-0000-00103C120700},2020-12-07 12:00:30+00:00,1,1,0,0,0,0,0,0,0,1,0,0,0,0,0,0,0,1,T1486,sam_sam_note,data\datasets\splunk_attack_data\datasets\attack_techniques\T1486\sam_sam_note\windows-sysmon.log
win-dc-633.attackrange.local,{7E7FFDA1-1961-5FCE-0000-00107A110700},2020-12-07 12:00:30+00:00,1,1,0,0,0,0,0,0,0,1,0,0,0,0,0,0,0,1,T1486,sam_sam_note,data\datasets\splunk_attack_data\datasets\attack_techniques\T1486\sam_sam_note\windows-sysmon.log
win-dc-633.attackrange.local,{7E7FFDA1-1962-5FCE-0000-001004530700},2020-12-07 12:00:30+00:00,1,1,0,0,0,0,0,0,0,1,0,0,0,0,0,0,0,1,T1486,sam_sam_note,data\datasets\splunk_attack_data\datasets\attack_techniques\T1486\sam_sam_note\windows-sysmon.log
win-dc-633.attackrange.local,{7E7FFDA1-1962-5FCE-0000-001051490700},2020-12-07 12:00:30+00:00,1,1,0,0,0,0,0,0,0,1,0,0,0,0,0,0,0,1,T1486,sam_sam_note,data\datasets\splunk_attack_data\datasets\attack_techniques\T1486\sam_sam_note\windows-sysmon.log
win-dc-633.attackrange.local,{7E7FFDA1-1962-5FCE-0000-0010BED00700},2020-12-07 12:00:30+00:00,1,1,0,0,0,0,0,0,0,1,0,0,0,0,0,0,0,1,T1486,sam_sam_note,data\datasets\splunk_attack_data\datasets\attack_techniques\T1486\sam_sam_note\windows-sysmon.log
win-dc-633.attackrange.local,{7E7FFDA1-1962-5FCE-0000-0010F1CE0700},2020-12-07 12:00:30+00:00,1,1,0,0,0,0,0,0,0,1,0,0,0,0,0,0,0,1,T1486,sam_sam_note,data\datasets\splunk_attack_data\datasets\attack_techniques\T1486\sam_sam_note\windows-sysmon.log
win-dc-633.attackrange.local,{7E7FFDA1-1963-5FCE-0000-0010982E0800},2020-12-07 12:00:35+00:00,1,1,0,0,0,0,0,0,0,1,0,0,0,0,0,0,0,1,T1486,sam_sam_note,data\datasets\splunk_attack_data\datasets\attack_techniques\T1486\sam_sam_note\windows-sysmon.log
win-dc-633.attackrange.local,{7E7FFDA1-1963-5FCE-0000-0010E5240800},2020-12-07 12:00:35+00:00,1,1,0,0,0,0,0,0,0,1,0,0,0,0,0,0,0,1,T1486,sam_sam_note,data\datasets\splunk_attack_data\datasets\attack_techniques\T1486\sam_sam_note\windows-sysmon.log
win-dc-633.attackrange.local,{7E7FFDA1-1963-5FCE-0000-0010F8250800},2020-12-07 12:00:35+00:00,1,1,0,0,0,0,0,0,0,1,0,0,0,0,0,0,0,1,T1486,sam_sam_note,data\datasets\splunk_attack_data\datasets\attack_techniques\T1486\sam_sam_note\windows-sysmon.log
win-dc-633.attackrange.local,{7E7FFDA1-1964-5FCE-0000-00109A7A0800},2020-12-07 12:00:45+00:00,1,1,0,0,0,0,0,1,0,0,0,0,0,0,1,0,0,1,T1486,sam_sam_note,data\datasets\splunk_attack_data\datasets\attack_techniques\T1486\sam_sam_note\windows-sysmon.log
win-dc-633.attackrange.local,{7E7FFDA1-1964-5FCE-0000-00109A7A0800},2020-12-07 12:01:05+00:00,1,1,0,0,0,0,0,1,0,0,0,0,0,1,0,0,0,1,T1486,sam_sam_note,data\datasets\splunk_attack_data\datasets\attack_techniques\T1486\sam_sam_note\windows-sysmon.log
win-dc-633.attackrange.local,{7E7FFDA1-1964-5FCE-0000-00109C740800},2020-12-07 12:00:35+00:00,1,1,0,0,0,0,0,0,0,1,0,0,0,0,0,0,0,1,T1486,sam_sam_note,data\datasets\splunk_attack_data\datasets\attack_techniques\T1486\sam_sam_note\windows-sysmon.log
win-dc-633.attackrange.local,{7E7FFDA1-1964-5FCE-0000-0010DF6B0800},2020-12-07 12:00:35+00:00,2,2,0,0,0,0,0,1,0,1,0,0,0,0,1,0,0,1,T1486,sam_sam_note,data\datasets\splunk_attack_data\datasets\attack_techniques\T1486\sam_sam_note\windows-sysmon.log
win-dc-633.attackrange.local,{7E7FFDA1-1965-5FCE-0000-001013B10800},2020-12-07 12:00:35+00:00,1,1,0,0,0,0,0,0,0,1,0,0,0,0,0,0,0,1,T1486,sam_sam_note,data\datasets\splunk_attack_data\datasets\attack_techniques\T1486\sam_sam_note\windows-sysmon.log
win-dc-633.attackrange.local,{7E7FFDA1-1966-5FCE-0000-0010BAE70800},2020-12-07 12:00:35+00:00,1,1,0,0,0,0,0,0,0,1,0,0,0,0,0,0,0,1,T1486,sam_sam_note,data\datasets\splunk_attack_data\datasets\attack_techniques\T1486\sam_sam_note\windows-sysmon.log
win-dc-633.attackrange.local,{7E7FFDA1-1968-5FCE-0000-0010DBB00900},2020-12-07 12:00:40+00:00,1,1,0,0,0,0,0,0,0,1,0,0,0,0,0,0,0,1,T1486,sam_sam_note,data\datasets\splunk_attack_data\datasets\attack_techniques\T1486\sam_sam_note\windows-sysmon.log
win-dc-633.attackrange.local,{7E7FFDA1-1968-5FCE-0000-0010DBB00900},2020-12-07 12:00:45+00:00,1,1,1,1,0,1,1,0,0,0,0,0,1,0,0,0,0,1,T1486,sam_sam_note,data\datasets\splunk_attack_data\datasets\attack_techniques\T1486\sam_sam_note\windows-sysmon.log
win-dc-633.attackrange.local,{7E7FFDA1-1969-5FCE-0000-0010BDB90900},2020-12-07 12:00:40+00:00,1,1,0,0,0,0,0,0,0,1,0,0,0,0,0,0,0,1,T1486,sam_sam_note,data\datasets\splunk_attack_data\datasets\attack_techniques\T1486\sam_sam_note\windows-sysmon.log
win-dc-633.attackrange.local,{7E7FFDA1-196C-5FCE-0000-001030E50900},2020-12-07 12:00:40+00:00,1,1,0,0,0,0,0,0,0,1,0,0,0,0,0,0,0,1,T1486,sam_sam_note,data\datasets\splunk_attack_data\datasets\attack_techniques\T1486\sam_sam_note\windows-sysmon.log
win-dc-633.attackrange.local,{7E7FFDA1-196C-5FCE-0000-001088E50900},2020-12-07 12:00:40+00:00,1,1,0,0,0,0,0,0,0,1,0,0,0,0,0,0,0,1,T1486,sam_sam_note,data\datasets\splunk_attack_data\datasets\attack_techniques\T1486\sam_sam_note\windows-sysmon.log
win-dc-633.attackrange.local,{7E7FFDA1-196E-5FCE-0000-0010FF060A00},2020-12-07 12:00:45+00:00,1,1,0,0,0,0,0,0,0,1,0,0,0,0,0,0,0,1,T1486,sam_sam_note,data\datasets\splunk_attack_data\datasets\attack_techniques\T1486\sam_sam_note\windows-sysmon.log
win-dc-633.attackrange.local,{7E7FFDA1-1970-5FCE-0000-00100B280A00},2020-12-07 12:00:45+00:00,4,1,0,0,0,0,0,3,0,1,0,0,0,0,3,0,0,1,T1486,sam_sam_note,data\datasets\splunk_attack_data\datasets\attack_techniques\T1486\sam_sam_note\windows-sysmon.log
win-dc-633.attackrange.local,{7E7FFDA1-1970-5FCE-0000-001025330A00},2020-12-07 12:00:45+00:00,1,1,0,0,0,0,0,0,0,1,0,0,0,0,0,0,0,1,T1486,sam_sam_note,data\datasets\splunk_attack_data\datasets\attack_techniques\T1486\sam_sam_note\windows-sysmon.log
win-dc-633.attackrange.local,{7E7FFDA1-1976-5FCE-0000-001032810B00},2020-12-07 12:00:55+00:00,58,1,35,1,0,58,58,0,0,0,0,0,58,0,0,0,0,1,T1486,sam_sam_note,data\datasets\splunk_attack_data\datasets\attack_techniques\T1486\sam_sam_note\windows-sysmon.log
win-dc-633.attackrange.local,{7E7FFDA1-1983-5FCE-0000-001006CC0C00},2020-12-07 12:01:05+00:00,1,1,0,0,0,0,0,0,0,1,0,0,0,0,0,0,0,1,T1486,sam_sam_note,data\datasets\splunk_attack_data\datasets\attack_techniques\T1486\sam_sam_note\windows-sysmon.log
win-dc-633.attackrange.local,{7E7FFDA1-1983-5FCE-0000-001059B10C00},2020-12-07 12:01:05+00:00,1,1,0,0,0,0,0,0,0,1,0,0,0,0,0,0,0,1,T1486,sam_sam_note,data\datasets\splunk_attack_data\datasets\attack_techniques\T1486\sam_sam_note\windows-sysmon.log
win-dc-633.attackrange.local,{7E7FFDA1-1983-5FCE-0000-001059B10C00},2020-12-07 12:01:15+00:00,1,1,1,1,0,1,1,0,0,0,0,0,1,0,0,0,0,1,T1486,sam_sam_note,data\datasets\splunk_attack_data\datasets\attack_techniques\T1486\sam_sam_note\windows-sysmon.log
win-dc-633.attackrange.local,{7E7FFDA1-1983-5FCE-0000-001093B50C00},2020-12-07 12:01:05+00:00,3,1,1,1,1,1,1,0,1,1,1,0,1,0,0,0,0,1,T1486,sam_sam_note,data\datasets\splunk_attack_data\datasets\attack_techniques\T1486\sam_sam_note\windows-sysmon.log
win-dc-633.attackrange.local,{7E7FFDA1-1983-5FCE-0000-001093B50C00},2020-12-07 12:01:10+00:00,4,1,2,2,1,2,2,0,2,0,2,0,2,0,0,0,0,1,T1486,sam_sam_note,data\datasets\splunk_attack_data\datasets\attack_techniques\T1486\sam_sam_note\windows-sysmon.log
win-dc-633.attackrange.local,{7E7FFDA1-1987-5FCE-0000-0010F4340D00},2020-12-07 12:01:10+00:00,1,1,0,0,0,0,0,0,0,1,0,0,0,0,0,0,0,1,T1486,sam_sam_note,data\datasets\splunk_attack_data\datasets\attack_techniques\T1486\sam_sam_note\windows-sysmon.log
win-dc-633.attackrange.local,{7E7FFDA1-1988-5FCE-0000-001019390D00},2020-12-07 12:01:10+00:00,2,1,1,1,0,1,1,0,0,1,0,0,1,0,0,0,0,1,T1486,sam_sam_note,data\datasets\splunk_attack_data\datasets\attack_techniques\T1486\sam_sam_note\windows-sysmon.log
win-dc-633.attackrange.local,{7E7FFDA1-1988-5FCE-0000-0010C33C0D00},2020-12-07 12:01:10+00:00,1,1,0,0,0,0,0,0,0,1,0,0,0,0,0,0,0,1,T1486,sam_sam_note,data\datasets\splunk_attack_data\datasets\attack_techniques\T1486\sam_sam_note\windows-sysmon.log
win-dc-633.attackrange.local,{7E7FFDA1-1988-5FCE-0000-0010F6360D00},2020-12-07 12:01:10+00:00,1,1,0,0,0,0,0,0,0,1,0,0,0,0,0,0,0,1,T1486,sam_sam_note,data\datasets\splunk_attack_data\datasets\attack_techniques\T1486\sam_sam_note\windows-sysmon.log
win-dc-633.attackrange.local,{7E7FFDA1-1989-5FCE-0000-0010F33E0D00},2020-12-07 12:01:10+00:00,1,1,0,0,0,0,0,0,0,1,0,0,0,0,0,0,0,1,T1486,sam_sam_note,data\datasets\splunk_attack_data\datasets\attack_techniques\T1486\sam_sam_note\windows-sysmon.log
win-dc-633.attackrange.local,{7E7FFDA1-198A-5FCE-0000-001047440D00},2020-12-07 12:01:10+00:00,1,1,0,0,0,0,0,0,0,1,0,0,0,0,0,0,0,1,T1486,sam_sam_note,data\datasets\splunk_attack_data\datasets\attack_techniques\T1486\sam_sam_note\windows-sysmon.log
win-dc-633.attackrange.local,{7E7FFDA1-198B-5FCE-0000-001025460D00},2020-12-07 12:01:15+00:00,1,1,0,0,0,0,0,0,0,1,0,0,0,0,0,0,0,1,T1486,sam_sam_note,data\datasets\splunk_attack_data\datasets\attack_techniques\T1486\sam_sam_note\windows-sysmon.log
win-dc-633.attackrange.local,{7E7FFDA1-198B-5FCE-0000-0010594D0D00},2020-12-07 12:01:15+00:00,1,1,0,0,0,0,0,0,0,1,0,0,0,0,0,0,0,1,T1486,sam_sam_note,data\datasets\splunk_attack_data\datasets\attack_techniques\T1486\sam_sam_note\windows-sysmon.log
win-dc-633.attackrange.local,{7E7FFDA1-198B-5FCE-0000-00109F4E0D00},2020-12-07 12:01:15+00:00,1,1,0,0,0,0,0,0,0,1,0,0,0,0,0,0,0,1,T1486,sam_sam_note,data\datasets\splunk_attack_data\datasets\attack_techniques\T1486\sam_sam_note\windows-sysmon.log
win-dc-633.attackrange.local,{7E7FFDA1-198B-5FCE-0000-0010C14C0D00},2020-12-07 12:01:15+00:00,1,1,0,0,0,0,0,0,0,1,0,0,0,0,0,0,0,1,T1486,sam_sam_note,data\datasets\splunk_attack_data\datasets\attack_techniques\T1486\sam_sam_note\windows-sysmon.log
win-dc-633.attackrange.local,{7E7FFDA1-198D-5FCE-0000-001037570D00},2020-12-07 12:01:15+00:00,1,1,0,0,0,0,0,0,0,1,0,0,0,0,0,0,0,1,T1486,sam_sam_note,data\datasets\splunk_attack_data\datasets\attack_techniques\T1486\sam_sam_note\windows-sysmon.log
win-dc-633.attackrange.local,{7E7FFDA1-19A1-5FCE-0000-001028E40D00},2020-12-07 12:01:35+00:00,1,1,1,1,0,1,1,0,0,0,0,0,1,0,0,0,0,1,T1486,sam_sam_note,data\datasets\splunk_attack_data\datasets\attack_techniques\T1486\sam_sam_note\windows-sysmon.log
win-dc-633.attackrange.local,{7E7FFDA1-19A1-5FCE-0000-0010DADE0D00},2020-12-07 12:02:00+00:00,19,1,0,0,0,0,0,19,0,0,0,0,0,7,12,0,0,1,T1486,sam_sam_note,data\datasets\splunk_attack_data\datasets\attack_techniques\T1486\sam_sam_note\windows-sysmon.log
win-dc-633.attackrange.local,{7E7FFDA1-19A1-5FCE-0000-0010DADE0D00},2020-12-07 12:02:05+00:00,13,1,0,0,0,0,0,13,0,0,0,0,0,1,12,0,0,1,T1486,sam_sam_note,data\datasets\splunk_attack_data\datasets\attack_techniques\T1486\sam_sam_note\windows-sysmon.log
win-dc-633.attackrange.local,{7E7FFDA1-19AC-5FCE-0000-001063E20E00},2020-12-07 12:01:45+00:00,1,1,0,0,0,0,0,0,0,1,0,0,0,0,0,0,0,1,T1486,sam_sam_note,data\datasets\splunk_attack_data\datasets\attack_techniques\T1486\sam_sam_note\windows-sysmon.log
win-dc-633.attackrange.local,{7E7FFDA1-19C3-5FCE-0000-0010FD2C0F00},2020-12-07 12:02:10+00:00,1,1,0,0,0,0,0,0,0,1,0,0,0,0,0,0,0,1,T1486,sam_sam_note,data\datasets\splunk_attack_data\datasets\attack_techniques\T1486\sam_sam_note\windows-sysmon.log
win-dc-633.attackrange.local,{7E7FFDA1-19C4-5FCE-0000-0010992E0F00},2020-12-07 12:02:10+00:00,1,1,0,0,0,0,0,0,0,1,0,0,0,0,0,0,0,1,T1486,sam_sam_note,data\datasets\splunk_attack_data\datasets\attack_techniques\T1486\sam_sam_note\windows-sysmon.log
win-dc-633.attackrange.local,{7E7FFDA1-19C5-5FCE-0000-001056300F00},2020-12-07 12:02:10+00:00,1,1,0,0,0,0,0,0,0,1,0,0,0,0,0,0,0,1,T1486,sam_sam_note,data\datasets\splunk_attack_data\datasets\attack_techniques\T1486\sam_sam_note\windows-sysmon.log
win-dc-633.attackrange.local,{7E7FFDA1-19C6-5FCE-0000-001025320F00},2020-12-07 12:02:10+00:00,1,1,0,0,0,0,0,0,0,1,0,0,0,0,0,0,0,1,T1486,sam_sam_note,data\datasets\splunk_attack_data\datasets\attack_techniques\T1486\sam_sam_note\windows-sysmon.log
win-dc-633.attackrange.local,{7E7FFDA1-19C7-5FCE-0000-00105A350F00},2020-12-07 12:02:15+00:00,1,1,0,0,0,0,0,0,0,1,0,0,0,0,0,0,0,1,T1486,sam_sam_note,data\datasets\splunk_attack_data\datasets\attack_techniques\T1486\sam_sam_note\windows-sysmon.log
win-dc-633.attackrange.local,{7E7FFDA1-19C7-5FCE-0000-0010D0330F00},2020-12-07 12:02:15+00:00,1,1,0,0,0,0,0,0,0,1,0,0,0,0,0,0,0,1,T1486,sam_sam_note,data\datasets\splunk_attack_data\datasets\attack_techniques\T1486\sam_sam_note\windows-sysmon.log
win-dc-633.attackrange.local,{7E7FFDA1-19C9-5FCE-0000-0010B3370F00},2020-12-07 12:02:15+00:00,1,1,0,0,0,0,0,0,0,1,0,0,0,0,0,0,0,1,T1486,sam_sam_note,data\datasets\splunk_attack_data\datasets\attack_techniques\T1486\sam_sam_note\windows-sysmon.log
win-dc-633.attackrange.local,{7E7FFDA1-19DB-5FCE-0000-00104C680F00},2020-12-07 12:02:35+00:00,1,1,0,0,0,0,0,0,0,1,0,0,0,0,0,0,0,1,T1486,sam_sam_note,data\datasets\splunk_attack_data\datasets\attack_techniques\T1486\sam_sam_note\windows-sysmon.log
win-dc-633.attackrange.local,{7E7FFDA1-19DB-5FCE-0000-00104C680F00},2020-12-07 12:02:40+00:00,1,1,1,1,0,0,1,0,0,0,0,0,1,0,0,0,0,1,T1486,sam_sam_note,data\datasets\splunk_attack_data\datasets\attack_techniques\T1486\sam_sam_note\windows-sysmon.log
win-dc-633.attackrange.local,{7E7FFDA1-19FF-5FCE-0000-0010C0880F00},2020-12-07 12:03:10+00:00,1,1,0,0,0,0,0,0,0,1,0,0,0,0,0,0,0,1,T1486,sam_sam_note,data\datasets\splunk_attack_data\datasets\attack_techniques\T1486\sam_sam_note\windows-sysmon.log
win-dc-633.attackrange.local,{7E7FFDA1-1A00-5FCE-0000-00106D8A0F00},2020-12-07 12:03:10+00:00,1,1,0,0,0,0,0,0,0,1,0,0,0,0,0,0,0,1,T1486,sam_sam_note,data\datasets\splunk_attack_data\datasets\attack_techniques\T1486\sam_sam_note\windows-sysmon.log
win-dc-633.attackrange.local,{7E7FFDA1-1A01-5FCE-0000-0010378C0F00},2020-12-07 12:03:10+00:00,1,1,0,0,0,0,0,0,0,1,0,0,0,0,0,0,0,1,T1486,sam_sam_note,data\datasets\splunk_attack_data\datasets\attack_techniques\T1486\sam_sam_note\windows-sysmon.log
win-dc-633.attackrange.local,{7E7FFDA1-1A02-5FCE-0000-00100D8E0F00},2020-12-07 12:03:10+00:00,1,1,0,0,0,0,0,0,0,1,0,0,0,0,0,0,0,1,T1486,sam_sam_note,data\datasets\splunk_attack_data\datasets\attack_techniques\T1486\sam_sam_note\windows-sysmon.log
win-dc-633.attackrange.local,{7E7FFDA1-1A03-5FCE-0000-001060910F00},2020-12-07 12:03:15+00:00,1,1,0,0,0,0,0,0,0,1,0,0,0,0,0,0,0,1,T1486,sam_sam_note,data\datasets\splunk_attack_data\datasets\attack_techniques\T1486\sam_sam_note\windows-sysmon.log
win-dc-633.attackrange.local,{7E7FFDA1-1A03-5FCE-0000-0010BF8F0F00},2020-12-07 12:03:15+00:00,1,1,0,0,0,0,0,0,0,1,0,0,0,0,0,0,0,1,T1486,sam_sam_note,data\datasets\splunk_attack_data\datasets\attack_techniques\T1486\sam_sam_note\windows-sysmon.log
win-dc-633.attackrange.local,{7E7FFDA1-1A05-5FCE-0000-0010B7930F00},2020-12-07 12:03:15+00:00,1,1,0,0,0,0,0,0,0,1,0,0,0,0,0,0,0,1,T1486,sam_sam_note,data\datasets\splunk_attack_data\datasets\attack_techniques\T1486\sam_sam_note\windows-sysmon.log
win-dc-633.attackrange.local,{7E7FFDA1-1A3B-5FCE-0000-0010D2A30F00},2020-12-07 12:04:10+00:00,1,1,0,0,0,0,0,0,0,1,0,0,0,0,0,0,0,1,T1486,sam_sam_note,data\datasets\splunk_attack_data\datasets\attack_techniques\T1486\sam_sam_note\windows-sysmon.log
win-dc-633.attackrange.local,{7E7FFDA1-1A3C-5FCE-0000-001089A50F00},2020-12-07 12:04:10+00:00,1,1,0,0,0,0,0,0,0,1,0,0,0,0,0,0,0,1,T1486,sam_sam_note,data\datasets\splunk_attack_data\datasets\attack_techniques\T1486\sam_sam_note\windows-sysmon.log
win-dc-633.attackrange.local,{7E7FFDA1-1A3D-5FCE-0000-001059A70F00},2020-12-07 12:04:10+00:00,1,1,0,0,0,0,0,0,0,1,0,0,0,0,0,0,0,1,T1486,sam_sam_note,data\datasets\splunk_attack_data\datasets\attack_techniques\T1486\sam_sam_note\windows-sysmon.log
win-dc-633.attackrange.local,{7E7FFDA1-1A3E-5FCE-0000-00102EA90F00},2020-12-07 12:04:10+00:00,1,1,0,0,0,0,0,0,0,1,0,0,0,0,0,0,0,1,T1486,sam_sam_note,data\datasets\splunk_attack_data\datasets\attack_techniques\T1486\sam_sam_note\windows-sysmon.log
win-dc-633.attackrange.local,{7E7FFDA1-1A3F-5FCE-0000-001079AC0F00},2020-12-07 12:04:15+00:00,1,1,0,0,0,0,0,0,0,1,0,0,0,0,0,0,0,1,T1486,sam_sam_note,data\datasets\splunk_attack_data\datasets\attack_techniques\T1486\sam_sam_note\windows-sysmon.log
win-dc-633.attackrange.local,{7E7FFDA1-1A3F-5FCE-0000-0010D8AA0F00},2020-12-07 12:04:15+00:00,1,1,0,0,0,0,0,0,0,1,0,0,0,0,0,0,0,1,T1486,sam_sam_note,data\datasets\splunk_attack_data\datasets\attack_techniques\T1486\sam_sam_note\windows-sysmon.log
win-dc-633.attackrange.local,{7E7FFDA1-1A41-5FCE-0000-0010C5AE0F00},2020-12-07 12:04:15+00:00,1,1,0,0,0,0,0,0,0,1,0,0,0,0,0,0,0,1,T1486,sam_sam_note,data\datasets\splunk_attack_data\datasets\attack_techniques\T1486\sam_sam_note\windows-sysmon.log
win-dc-770.attackrange.local,{732C744F-1C72-600B-C805-00000000A301},2021-01-22 20:43:30+00:00,12,1,2,1,0,12,12,0,0,0,0,0,12,0,0,0,0,1,T1490,atomic_red_team,data\datasets\splunk_attack_data\datasets\attack_techniques\T1490\atomic_red_team\windows-sysmon.log
win-dc-770.attackrange.local,{732C744F-1C72-600B-C805-00000000A301},2021-01-22 20:44:00+00:00,2,1,2,1,0,2,2,0,0,0,0,0,2,0,0,0,0,1,T1490,atomic_red_team,data\datasets\splunk_attack_data\datasets\attack_techniques\T1490\atomic_red_team\windows-sysmon.log
win-dc-770.attackrange.local,{732C744F-38F3-600B-250C-00000000A301},2021-01-22 20:43:30+00:00,1,1,0,0,0,0,0,0,0,1,0,0,0,0,0,0,0,1,T1490,atomic_red_team,data\datasets\splunk_attack_data\datasets\attack_techniques\T1490\atomic_red_team\windows-sysmon.log
win-dc-770.attackrange.local,{732C744F-38F3-600B-260C-00000000A301},2021-01-22 20:43:30+00:00,1,1,0,0,0,0,0,0,0,1,0,0,0,0,0,0,0,1,T1490,atomic_red_team,data\datasets\splunk_attack_data\datasets\attack_techniques\T1490\atomic_red_team\windows-sysmon.log
win-dc-770.attackrange.local,{732C744F-38F3-600B-270C-00000000A301},2021-01-22 20:43:30+00:00,1,1,0,0,0,0,0,0,0,1,0,0,0,0,0,0,0,1,T1490,atomic_red_team,data\datasets\splunk_attack_data\datasets\attack_techniques\T1490\atomic_red_team\windows-sysmon.log
win-dc-770.attackrange.local,{732C744F-38F3-600B-280C-00000000A301},2021-01-22 20:43:30+00:00,1,1,0,0,0,0,0,0,0,1,0,0,0,0,0,0,0,1,T1490,atomic_red_team,data\datasets\splunk_attack_data\datasets\attack_techniques\T1490\atomic_red_team\windows-sysmon.log
win-dc-770.attackrange.local,{732C744F-38F4-600B-290C-00000000A301},2021-01-22 20:43:30+00:00,1,1,0,0,0,0,0,0,0,1,0,0,0,0,0,0,0,1,T1490,atomic_red_team,data\datasets\splunk_attack_data\datasets\attack_techniques\T1490\atomic_red_team\windows-sysmon.log
win-dc-770.attackrange.local,{732C744F-38F4-600B-2B0C-00000000A301},2021-01-22 20:43:30+00:00,1,1,0,0,0,0,0,0,0,1,0,0,0,0,0,0,0,1,T1490,atomic_red_team,data\datasets\splunk_attack_data\datasets\attack_techniques\T1490\atomic_red_team\windows-sysmon.log
win-dc-770.attackrange.local,{732C744F-38F4-600B-2C0C-00000000A301},2021-01-22 20:43:30+00:00,1,1,0,0,0,0,0,0,0,1,0,0,0,0,0,0,0,1,T1490,atomic_red_team,data\datasets\splunk_attack_data\datasets\attack_techniques\T1490\atomic_red_team\windows-sysmon.log
win-dc-770.attackrange.local,{732C744F-38F4-600B-2E0C-00000000A301},2021-01-22 20:43:30+00:00,1,1,0,0,0,0,0,0,0,1,0,0,0,0,0,0,0,1,T1490,atomic_red_team,data\datasets\splunk_attack_data\datasets\attack_techniques\T1490\atomic_red_team\windows-sysmon.log
win-dc-770.attackrange.local,{732C744F-38F4-600B-2F0C-00000000A301},2021-01-22 20:43:30+00:00,1,1,0,0,0,0,0,0,0,1,0,0,0,0,0,0,0,1,T1490,atomic_red_team,data\datasets\splunk_attack_data\datasets\attack_techniques\T1490\atomic_red_team\windows-sysmon.log
win-dc-770.attackrange.local,{732C744F-38F4-600B-300C-00000000A301},2021-01-22 20:43:30+00:00,1,1,0,0,0,0,0,0,0,1,0,0,0,0,0,0,0,1,T1490,atomic_red_team,data\datasets\splunk_attack_data\datasets\attack_techniques\T1490\atomic_red_team\windows-sysmon.log
win-dc-770.attackrange.local,{732C744F-38F4-600B-310C-00000000A301},2021-01-22 20:43:30+00:00,1,1,0,0,0,0,0,0,0,1,0,0,0,0,0,0,0,1,T1490,atomic_red_team,data\datasets\splunk_attack_data\datasets\attack_techniques\T1490\atomic_red_team\windows-sysmon.log
win-dc-770.attackrange.local,{732C744F-38F4-600B-320C-00000000A301},2021-01-22 20:43:30+00:00,1,1,0,0,0,0,0,0,0,1,0,0,0,0,0,0,0,1,T1490,atomic_red_team,data\datasets\splunk_attack_data\datasets\attack_techniques\T1490\atomic_red_team\windows-sysmon.log
win-dc-770.attackrange.local,{732C744F-38F4-600B-330C-00000000A301},2021-01-22 20:43:30+00:00,1,1,0,0,0,0,0,0,0,1,0,0,0,0,0,0,0,1,T1490,atomic_red_team,data\datasets\splunk_attack_data\datasets\attack_techniques\T1490\atomic_red_team\windows-sysmon.log
win-dc-770.attackrange.local,{732C744F-38F4-600B-340C-00000000A301},2021-01-22 20:43:30+00:00,1,1,0,0,0,0,0,0,0,1,0,0,0,0,0,0,0,1,T1490,atomic_red_team,data\datasets\splunk_attack_data\datasets\attack_techniques\T1490\atomic_red_team\windows-sysmon.log
win-dc-770.attackrange.local,{732C744F-38F4-600B-350C-00000000A301},2021-01-22 20:43:30+00:00,2,1,1,1,0,1,1,0,0,1,0,0,1,0,0,0,0,1,T1490,atomic_red_team,data\datasets\splunk_attack_data\datasets\attack_techniques\T1490\atomic_red_team\windows-sysmon.log
win-dc-770.attackrange.local,{732C744F-38F4-600B-360C-00000000A301},2021-01-22 20:43:30+00:00,1,1,0,0,0,0,0,0,0,1,0,0,0,0,0,0,0,1,T1490,atomic_red_team,data\datasets\splunk_attack_data\datasets\attack_techniques\T1490\atomic_red_team\windows-sysmon.log
win-dc-770.attackrange.local,{732C744F-3907-600B-370C-00000000A301},2021-01-22 20:43:50+00:00,1,1,0,0,0,0,0,0,0,1,0,0,0,0,0,0,0,1,T1490,atomic_red_team,data\datasets\splunk_attack_data\datasets\attack_techniques\T1490\atomic_red_team\windows-sysmon.log
win-dc-770.attackrange.local,{732C744F-3908-600B-380C-00000000A301},2021-01-22 20:43:50+00:00,1,1,0,0,0,0,0,0,0,1,0,0,0,0,0,0,0,1,T1490,atomic_red_team,data\datasets\splunk_attack_data\datasets\attack_techniques\T1490\atomic_red_team\windows-sysmon.log
win-dc-770.attackrange.local,{732C744F-3908-600B-390C-00000000A301},2021-01-22 20:43:50+00:00,1,1,0,0,0,0,0,0,0,1,0,0,0,0,0,0,0,1,T1490,atomic_red_team,data\datasets\splunk_attack_data\datasets\attack_techniques\T1490\atomic_red_team\windows-sysmon.log
win-dc-770.attackrange.local,{732C744F-3909-600B-3A0C-00000000A301},2021-01-22 20:43:50+00:00,1,1,0,0,0,0,0,0,0,1,0,0,0,0,0,0,0,1,T1490,atomic_red_team,data\datasets\splunk_attack_data\datasets\attack_techniques\T1490\atomic_red_team\windows-sysmon.log
win-dc-770.attackrange.local,{732C744F-390A-600B-3B0C-00000000A301},2021-01-22 20:43:50+00:00,1,1,0,0,0,0,0,0,0,1,0,0,0,0,0,0,0,1,T1490,atomic_red_team,data\datasets\splunk_attack_data\datasets\attack_techniques\T1490\atomic_red_team\windows-sysmon.log
win-dc-770.attackrange.local,{732C744F-390A-600B-3C0C-00000000A301},2021-01-22 20:43:50+00:00,1,1,0,0,0,0,0,0,0,1,0,0,0,0,0,0,0,1,T1490,atomic_red_team,data\datasets\splunk_attack_data\datasets\attack_techniques\T1490\atomic_red_team\windows-sysmon.log
win-dc-770.attackrange.local,{732C744F-390B-600B-3D0C-00000000A301},2021-01-22 20:43:55+00:00,1,1,0,0,0,0,0,0,0,1,0,0,0,0,0,0,0,1,T1490,atomic_red_team,data\datasets\splunk_attack_data\datasets\attack_techniques\T1490\atomic_red_team\windows-sysmon.log
win-dc-770.attackrange.local,{732C744F-3910-600B-3E0C-00000000A301},2021-01-22 20:44:00+00:00,1,1,0,0,0,0,0,0,0,1,0,0,0,0,0,0,0,1,T1490,atomic_red_team,data\datasets\splunk_attack_data\datasets\attack_techniques\T1490\atomic_red_team\windows-sysmon.log
win-dc-770.attackrange.local,{732C744F-3910-600B-3F0C-00000000A301},2021-01-22 20:44:00+00:00,1,1,0,0,0,0,0,0,0,1,0,0,0,0,0,0,0,1,T1490,atomic_red_team,data\datasets\splunk_attack_data\datasets\attack_techniques\T1490\atomic_red_team\windows-sysmon.log
win-dc-129.attackrange.local,{989E6708-0639-5FA9-EC02-000000008701},2020-11-09 09:04:55+00:00,1,1,0,0,0,0,0,0,0,1,0,0,0,0,0,0,0,1,T1490,ransomware_notes,data\datasets\splunk_attack_data\datasets\attack_techniques\T1490\ransomware_notes\windows-sysmon.log
win-dc-129.attackrange.local,{989E6708-0639-5FA9-ED02-000000008701},2020-11-09 09:04:55+00:00,1,1,0,0,0,0,0,0,0,1,0,0,0,0,0,0,0,1,T1490,ransomware_notes,data\datasets\splunk_attack_data\datasets\attack_techniques\T1490\ransomware_notes\windows-sysmon.log
win-dc-129.attackrange.local,{989E6708-063A-5FA9-EE02-000000008701},2020-11-09 09:04:55+00:00,1,1,0,0,0,0,0,0,0,1,0,0,0,0,0,0,0,1,T1490,ransomware_notes,data\datasets\splunk_attack_data\datasets\attack_techniques\T1490\ransomware_notes\windows-sysmon.log
win-dc-129.attackrange.local,{989E6708-063A-5FA9-F002-000000008701},2020-11-09 09:04:55+00:00,1,1,0,0,0,0,0,0,0,1,0,0,0,0,0,0,0,1,T1490,ransomware_notes,data\datasets\splunk_attack_data\datasets\attack_techniques\T1490\ransomware_notes\windows-sysmon.log
win-dc-129.attackrange.local,{989E6708-063A-5FA9-F102-000000008701},2020-11-09 09:04:55+00:00,2,1,1,1,0,1,1,0,0,1,0,0,1,0,0,0,0,1,T1490,ransomware_notes,data\datasets\splunk_attack_data\datasets\attack_techniques\T1490\ransomware_notes\windows-sysmon.log
win-dc-129.attackrange.local,{989E6708-063A-5FA9-F202-000000008701},2020-11-09 09:04:55+00:00,4,1,3,3,0,3,3,0,0,1,0,0,3,0,0,0,0,1,T1490,ransomware_notes,data\datasets\splunk_attack_data\datasets\attack_techniques\T1490\ransomware_notes\windows-sysmon.log
win-dc-129.attackrange.local,{989E6708-063A-5FA9-F302-000000008701},2020-11-09 09:04:55+00:00,1,1,0,0,0,0,0,0,0,1,0,0,0,0,0,0,0,1,T1490,ransomware_notes,data\datasets\splunk_attack_data\datasets\attack_techniques\T1490\ransomware_notes\windows-sysmon.log
win-dc-129.attackrange.local,{989E6708-063B-5FA9-F402-000000008701},2020-11-09 09:04:55+00:00,2,1,1,1,0,1,1,0,0,1,0,0,1,0,0,0,0,1,T1490,ransomware_notes,data\datasets\splunk_attack_data\datasets\attack_techniques\T1490\ransomware_notes\windows-sysmon.log
win-dc-129.attackrange.local,{989E6708-063B-5FA9-F502-000000008701},2020-11-09 09:04:55+00:00,1,1,0,0,0,0,0,0,0,1,0,0,0,0,0,0,0,1,T1490,ransomware_notes,data\datasets\splunk_attack_data\datasets\attack_techniques\T1490\ransomware_notes\windows-sysmon.log
win-dc-129.attackrange.local,{989E6708-063C-5FA9-F602-000000008701},2020-11-09 09:05:00+00:00,1,1,0,0,0,0,0,0,0,1,0,0,0,0,0,0,0,1,T1490,ransomware_notes,data\datasets\splunk_attack_data\datasets\attack_techniques\T1490\ransomware_notes\windows-sysmon.log
win-dc-129.attackrange.local,{989E6708-063C-5FA9-F802-000000008701},2020-11-09 09:05:00+00:00,1,1,0,0,0,0,0,0,0,1,0,0,0,0,0,0,0,1,T1490,ransomware_notes,data\datasets\splunk_attack_data\datasets\attack_techniques\T1490\ransomware_notes\windows-sysmon.log
win-dc-129.attackrange.local,{989E6708-063C-5FA9-F902-000000008701},2020-11-09 09:05:00+00:00,2,1,1,1,0,1,1,0,0,1,0,0,1,0,0,0,0,1,T1490,ransomware_notes,data\datasets\splunk_attack_data\datasets\attack_techniques\T1490\ransomware_notes\windows-sysmon.log
win-dc-129.attackrange.local,{989E6708-063C-5FA9-FA02-000000008701},2020-11-09 09:05:00+00:00,4,1,3,3,0,3,3,0,0,1,0,0,3,0,0,0,0,1,T1490,ransomware_notes,data\datasets\splunk_attack_data\datasets\attack_techniques\T1490\ransomware_notes\windows-sysmon.log
win-dc-129.attackrange.local,{989E6708-063C-5FA9-FB02-000000008701},2020-11-09 09:05:00+00:00,1,1,0,0,0,0,0,0,0,1,0,0,0,0,0,0,0,1,T1490,ransomware_notes,data\datasets\splunk_attack_data\datasets\attack_techniques\T1490\ransomware_notes\windows-sysmon.log
win-dc-129.attackrange.local,{989E6708-063C-5FA9-FC02-000000008701},2020-11-09 09:05:00+00:00,2,1,1,1,0,1,1,0,0,1,0,0,1,0,0,0,0,1,T1490,ransomware_notes,data\datasets\splunk_attack_data\datasets\attack_techniques\T1490\ransomware_notes\windows-sysmon.log
win-dc-129.attackrange.local,{989E6708-063C-5FA9-FD02-000000008701},2020-11-09 09:05:00+00:00,1,1,0,0,0,0,0,0,0,1,0,0,0,0,0,0,0,1,T1490,ransomware_notes,data\datasets\splunk_attack_data\datasets\attack_techniques\T1490\ransomware_notes\windows-sysmon.log
win-dc-129.attackrange.local,{989E6708-063D-5FA9-0003-000000008701},2020-11-09 09:05:00+00:00,1,1,0,0,0,0,0,0,0,1,0,0,0,0,0,0,0,1,T1490,ransomware_notes,data\datasets\splunk_attack_data\datasets\attack_techniques\T1490\ransomware_notes\windows-sysmon.log
win-dc-129.attackrange.local,{989E6708-063D-5FA9-0103-000000008701},2020-11-09 09:05:00+00:00,2,1,1,1,0,1,1,0,0,1,0,0,1,0,0,0,0,1,T1490,ransomware_notes,data\datasets\splunk_attack_data\datasets\attack_techniques\T1490\ransomware_notes\windows-sysmon.log
win-dc-129.attackrange.local,{989E6708-063D-5FA9-0203-000000008701},2020-11-09 09:05:00+00:00,4,1,3,3,0,3,3,0,0,1,0,0,3,0,0,0,0,1,T1490,ransomware_notes,data\datasets\splunk_attack_data\datasets\attack_techniques\T1490\ransomware_notes\windows-sysmon.log
win-dc-129.attackrange.local,{989E6708-063D-5FA9-0303-000000008701},2020-11-09 09:05:00+00:00,1,1,0,0,0,0,0,0,0,1,0,0,0,0,0,0,0,1,T1490,ransomware_notes,data\datasets\splunk_attack_data\datasets\attack_techniques\T1490\ransomware_notes\windows-sysmon.log
win-dc-129.attackrange.local,{989E6708-063D-5FA9-FE02-000000008701},2020-11-09 09:05:00+00:00,1,1,0,0,0,0,0,0,0,1,0,0,0,0,0,0,0,1,T1490,ransomware_notes,data\datasets\splunk_attack_data\datasets\attack_techniques\T1490\ransomware_notes\windows-sysmon.log
win-dc-129.attackrange.local,{989E6708-063E-5FA9-0403-000000008701},2020-11-09 09:05:00+00:00,2,1,1,1,0,1,1,0,0,1,0,0,1,0,0,0,0,1,T1490,ransomware_notes,data\datasets\splunk_attack_data\datasets\attack_techniques\T1490\ransomware_notes\windows-sysmon.log
win-dc-129.attackrange.local,{989E6708-063E-5FA9-0503-000000008701},2020-11-09 09:05:00+00:00,1,1,0,0,0,0,0,0,0,1,0,0,0,0,0,0,0,1,T1490,ransomware_notes,data\datasets\splunk_attack_data\datasets\attack_techniques\T1490\ransomware_notes\windows-sysmon.log
win-dc-129.attackrange.local,{989E6708-063E-5FA9-0603-000000008701},2020-11-09 09:05:00+00:00,1,1,0,0,0,0,0,0,0,1,0,0,0,0,0,0,0,1,T1490,ransomware_notes,data\datasets\splunk_attack_data\datasets\attack_techniques\T1490\ransomware_notes\windows-sysmon.log
win-dc-129.attackrange.local,{989E6708-063E-5FA9-0803-000000008701},2020-11-09 09:05:00+00:00,1,1,0,0,0,0,0,0,0,1,0,0,0,0,0,0,0,1,T1490,ransomware_notes,data\datasets\splunk_attack_data\datasets\attack_techniques\T1490\ransomware_notes\windows-sysmon.log
win-dc-129.attackrange.local,{989E6708-063E-5FA9-0903-000000008701},2020-11-09 09:05:00+00:00,2,1,1,1,0,1,1,0,0,1,0,0,1,0,0,0,0,1,T1490,ransomware_notes,data\datasets\splunk_attack_data\datasets\attack_techniques\T1490\ransomware_notes\windows-sysmon.log
win-dc-129.attackrange.local,{989E6708-063E-5FA9-0A03-000000008701},2020-11-09 09:05:00+00:00,1,1,0,0,0,0,0,0,0,1,0,0,0,0,0,0,0,1,T1490,ransomware_notes,data\datasets\splunk_attack_data\datasets\attack_techniques\T1490\ransomware_notes\windows-sysmon.log
win-dc-129.attackrange.local,{989E6708-063E-5FA9-0B03-000000008701},2020-11-09 09:05:00+00:00,2,1,1,1,0,1,1,0,0,1,0,0,1,0,0,0,0,1,T1490,ransomware_notes,data\datasets\splunk_attack_data\datasets\attack_techniques\T1490\ransomware_notes\windows-sysmon.log
win-dc-129.attackrange.local,{989E6708-063F-5FA9-0C03-000000008701},2020-11-09 09:05:00+00:00,2,1,1,1,0,1,1,0,0,1,0,0,1,0,0,0,0,1,T1490,ransomware_notes,data\datasets\splunk_attack_data\datasets\attack_techniques\T1490\ransomware_notes\windows-sysmon.log
win-dc-129.attackrange.local,{989E6708-063F-5FA9-0D03-000000008701},2020-11-09 09:05:00+00:00,1,1,0,0,0,0,0,0,0,1,0,0,0,0,0,0,0,1,T1490,ransomware_notes,data\datasets\splunk_attack_data\datasets\attack_techniques\T1490\ransomware_notes\windows-sysmon.log
win-dc-129.attackrange.local,{989E6708-063F-5FA9-0E03-000000008701},2020-11-09 09:05:00+00:00,1,1,0,0,0,0,0,0,0,1,0,0,0,0,0,0,0,1,T1490,ransomware_notes,data\datasets\splunk_attack_data\datasets\attack_techniques\T1490\ransomware_notes\windows-sysmon.log
win-dc-129.attackrange.local,{989E6708-063F-5FA9-1003-000000008701},2020-11-09 09:05:00+00:00,1,1,0,0,0,0,0,0,0,1,0,0,0,0,0,0,0,1,T1490,ransomware_notes,data\datasets\splunk_attack_data\datasets\attack_techniques\T1490\ransomware_notes\windows-sysmon.log
win-dc-129.attackrange.local,{989E6708-063F-5FA9-1103-000000008701},2020-11-09 09:05:00+00:00,2,1,1,1,0,1,1,0,0,1,0,0,1,0,0,0,0,1,T1490,ransomware_notes,data\datasets\splunk_attack_data\datasets\attack_techniques\T1490\ransomware_notes\windows-sysmon.log
win-dc-129.attackrange.local,{989E6708-0640-5FA9-1203-000000008701},2020-11-09 09:05:00+00:00,1,1,0,0,0,0,0,0,0,1,0,0,0,0,0,0,0,1,T1490,ransomware_notes,data\datasets\splunk_attack_data\datasets\attack_techniques\T1490\ransomware_notes\windows-sysmon.log
win-dc-129.attackrange.local,{989E6708-0640-5FA9-1403-000000008701},2020-11-09 09:05:00+00:00,1,1,0,0,0,0,0,0,0,1,0,0,0,0,0,0,0,1,T1490,ransomware_notes,data\datasets\splunk_attack_data\datasets\attack_techniques\T1490\ransomware_notes\windows-sysmon.log
win-dc-129.attackrange.local,{989E6708-0640-5FA9-1503-000000008701},2020-11-09 09:05:00+00:00,2,1,1,1,0,1,1,0,0,1,0,0,1,0,0,0,0,1,T1490,ransomware_notes,data\datasets\splunk_attack_data\datasets\attack_techniques\T1490\ransomware_notes\windows-sysmon.log
win-dc-129.attackrange.local,{989E6708-0660-5FA9-0300-000000008801},2020-11-09 09:05:35+00:00,1,1,0,0,0,0,0,0,0,1,0,0,0,0,0,0,0,1,T1490,ransomware_notes,data\datasets\splunk_attack_data\datasets\attack_techniques\T1490\ransomware_notes\windows-sysmon.log
win-dc-129.attackrange.local,{989E6708-0661-5FA9-0400-000000008801},2020-11-09 09:05:35+00:00,1,1,0,0,0,0,0,0,0,1,0,0,0,0,0,0,0,1,T1490,ransomware_notes,data\datasets\splunk_attack_data\datasets\attack_techniques\T1490\ransomware_notes\windows-sysmon.log
win-dc-129.attackrange.local,{989E6708-0661-5FA9-0500-000000008801},2020-11-09 09:05:35+00:00,1,1,0,0,0,0,0,0,0,1,0,0,0,0,0,0,0,1,T1490,ransomware_notes,data\datasets\splunk_attack_data\datasets\attack_techniques\T1490\ransomware_notes\windows-sysmon.log
win-dc-129.attackrange.local,{989E6708-0661-5FA9-0600-000000008801},2020-11-09 09:05:35+00:00,1,1,0,0,0,0,0,0,0,1,0,0,0,0,0,0,0,1,T1490,ransomware_notes,data\datasets\splunk_attack_data\datasets\attack_techniques\T1490\ransomware_notes\windows-sysmon.log
win-dc-129.attackrange.local,{989E6708-0661-5FA9-0700-000000008801},2020-11-09 09:05:35+00:00,1,1,0,0,0,0,0,0,0,1,0,0,0,0,0,0,0,1,T1490,ransomware_notes,data\datasets\splunk_attack_data\datasets\attack_techniques\T1490\ransomware_notes\windows-sysmon.log
win-dc-129.attackrange.local,{989E6708-0661-5FA9-0800-000000008801},2020-11-09 09:05:35+00:00,1,1,0,0,0,0,0,0,0,1,0,0,0,0,0,0,0,1,T1490,ransomware_notes,data\datasets\splunk_attack_data\datasets\attack_techniques\T1490\ransomware_notes\windows-sysmon.log
win-dc-129.attackrange.local,{989E6708-0661-5FA9-0900-000000008801},2020-11-09 09:05:35+00:00,1,1,0,0,0,0,0,0,0,1,0,0,0,0,0,0,0,1,T1490,ransomware_notes,data\datasets\splunk_attack_data\datasets\attack_techniques\T1490\ransomware_notes\windows-sysmon.log
win-dc-129.attackrange.local,{989E6708-0661-5FA9-0A00-000000008801},2020-11-09 09:05:35+00:00,1,1,0,0,0,0,0,0,0,1,0,0,0,0,0,0,0,1,T1490,ransomware_notes,data\datasets\splunk_attack_data\datasets\attack_techniques\T1490\ransomware_notes\windows-sysmon.log
win-dc-129.attackrange.local,{989E6708-0661-5FA9-0B00-000000008801},2020-11-09 09:05:35+00:00,1,1,0,0,0,0,0,0,0,1,0,0,0,0,0,0,0,1,T1490,ransomware_notes,data\datasets\splunk_attack_data\datasets\attack_techniques\T1490\ransomware_notes\windows-sysmon.log
win-dc-129.attackrange.local,{989E6708-0663-5FA9-0C00-000000008801},2020-11-09 09:05:35+00:00,1,1,0,0,0,0,0,0,0,1,0,0,0,0,0,0,0,1,T1490,ransomware_notes,data\datasets\splunk_attack_data\datasets\attack_techniques\T1490\ransomware_notes\windows-sysmon.log
win-dc-129.attackrange.local,{989E6708-0663-5FA9-0E00-000000008801},2020-11-09 09:05:35+00:00,1,1,0,0,0,0,0,0,0,1,0,0,0,0,0,0,0,1,T1490,ransomware_notes,data\datasets\splunk_attack_data\datasets\attack_techniques\T1490\ransomware_notes\windows-sysmon.log
win-dc-129.attackrange.local,{989E6708-0663-5FA9-0F00-000000008801},2020-11-09 09:05:35+00:00,1,1,0,0,0,0,0,0,0,1,0,0,0,0,0,0,0,1,T1490,ransomware_notes,data\datasets\splunk_attack_data\datasets\attack_techniques\T1490\ransomware_notes\windows-sysmon.log
win-dc-129.attackrange.local,{989E6708-0663-5FA9-0F00-000000008801},2020-11-09 09:07:30+00:00,1,1,0,0,1,0,0,0,1,0,1,0,0,0,0,0,0,1,T1490,ransomware_notes,data\datasets\splunk_attack_data\datasets\attack_techniques\T1490\ransomware_notes\windows-sysmon.log
win-dc-129.attackrange.local,{989E6708-0663-5FA9-1000-000000008801},2020-11-09 09:05:35+00:00,2,1,2,2,0,0,2,0,0,0,0,0,2,0,0,0,0,1,T1490,ransomware_notes,data\datasets\splunk_attack_data\datasets\attack_techniques\T1490\ransomware_notes\windows-sysmon.log
win-dc-129.attackrange.local,{989E6708-0663-5FA9-1000-000000008801},2020-11-09 09:08:30+00:00,1,1,1,1,0,0,1,0,0,0,0,0,1,0,0,0,0,1,T1490,ransomware_notes,data\datasets\splunk_attack_data\datasets\attack_techniques\T1490\ransomware_notes\windows-sysmon.log
win-dc-129.attackrange.local,{989E6708-0663-5FA9-1200-000000008801},2020-11-09 09:05:35+00:00,1,1,0,0,0,0,0,0,0,1,0,0,0,0,0,0,0,1,T1490,ransomware_notes,data\datasets\splunk_attack_data\datasets\attack_techniques\T1490\ransomware_notes\windows-sysmon.log
win-dc-129.attackrange.local,{989E6708-0663-5FA9-1500-000000008801},2020-11-09 09:05:35+00:00,1,1,0,0,0,0,0,0,0,1,0,0,0,0,0,0,0,1,T1490,ransomware_notes,data\datasets\splunk_attack_data\datasets\attack_techniques\T1490\ransomware_notes\windows-sysmon.log
win-dc-129.attackrange.local,{989E6708-0663-5FA9-1800-000000008801},2020-11-09 09:05:40+00:00,1,1,1,1,0,1,1,0,0,0,0,0,1,0,0,0,0,1,T1490,ransomware_notes,data\datasets\splunk_attack_data\datasets\attack_techniques\T1490\ransomware_notes\windows-sysmon.log
win-dc-129.attackrange.local,{989E6708-0663-5FA9-1800-000000008801},2020-11-09 09:05:45+00:00,1,1,1,1,0,1,1,0,0,0,0,0,1,0,0,0,0,1,T1490,ransomware_notes,data\datasets\splunk_attack_data\datasets\attack_techniques\T1490\ransomware_notes\windows-sysmon.log
win-dc-129.attackrange.local,{989E6708-0663-5FA9-1900-000000008801},2020-11-09 09:05:40+00:00,2,1,2,2,0,2,2,0,0,0,0,0,2,0,0,0,0,1,T1490,ransomware_notes,data\datasets\splunk_attack_data\datasets\attack_techniques\T1490\ransomware_notes\windows-sysmon.log
win-dc-129.attackrange.local,{989E6708-0663-5FA9-1C00-000000008801},2020-11-09 09:05:40+00:00,1,1,1,1,0,1,1,0,0,0,0,0,1,0,0,0,0,1,T1490,ransomware_notes,data\datasets\splunk_attack_data\datasets\attack_techniques\T1490\ransomware_notes\windows-sysmon.log
win-dc-129.attackrange.local,{989E6708-0668-5FA9-2300-000000008801},2020-11-09 09:05:40+00:00,1,1,0,0,0,0,0,0,0,1,0,0,0,0,0,0,0,1,T1490,ransomware_notes,data\datasets\splunk_attack_data\datasets\attack_techniques\T1490\ransomware_notes\windows-sysmon.log
win-dc-129.attackrange.local,{989E6708-0668-5FA9-2400-000000008801},2020-11-09 09:05:40+00:00,1,1,0,0,0,0,0,0,0,1,0,0,0,0,0,0,0,1,T1490,ransomware_notes,data\datasets\splunk_attack_data\datasets\attack_techniques\T1490\ransomware_notes\windows-sysmon.log
win-dc-129.attackrange.local,{989E6708-066A-5FA9-2500-000000008801},2020-11-09 09:05:45+00:00,1,1,0,0,0,0,0,0,0,1,0,0,0,0,0,0,0,1,T1490,ransomware_notes,data\datasets\splunk_attack_data\datasets\attack_techniques\T1490\ransomware_notes\windows-sysmon.log
win-dc-129.attackrange.local,{989E6708-066A-5FA9-2500-000000008801},2020-11-09 09:05:55+00:00,1,1,0,0,1,0,0,0,1,0,1,0,0,0,0,0,0,1,T1490,ransomware_notes,data\datasets\splunk_attack_data\datasets\attack_techniques\T1490\ransomware_notes\windows-sysmon.log
win-dc-129.attackrange.local,{989E6708-066C-5FA9-2700-000000008801},2020-11-09 09:05:45+00:00,1,1,0,0,0,0,0,0,0,1,0,0,0,0,0,0,0,1,T1490,ransomware_notes,data\datasets\splunk_attack_data\datasets\attack_techniques\T1490\ransomware_notes\windows-sysmon.log
win-dc-129.attackrange.local,{989E6708-0673-5FA9-2A00-000000008801},2020-11-09 09:05:55+00:00,1,1,0,0,0,0,0,0,0,1,0,0,0,0,0,0,0,1,T1490,ransomware_notes,data\datasets\splunk_attack_data\datasets\attack_techniques\T1490\ransomware_notes\windows-sysmon.log
win-dc-129.attackrange.local,{989E6708-0673-5FA9-2B00-000000008801},2020-11-09 09:05:55+00:00,1,1,0,0,0,0,0,0,0,1,0,0,0,0,0,0,0,1,T1490,ransomware_notes,data\datasets\splunk_attack_data\datasets\attack_techniques\T1490\ransomware_notes\windows-sysmon.log
win-dc-129.attackrange.local,{989E6708-0673-5FA9-2C00-000000008801},2020-11-09 09:05:55+00:00,1,1,0,0,0,0,0,0,0,1,0,0,0,0,0,0,0,1,T1490,ransomware_notes,data\datasets\splunk_attack_data\datasets\attack_techniques\T1490\ransomware_notes\windows-sysmon.log
win-dc-129.attackrange.local,{989E6708-0673-5FA9-2D00-000000008801},2020-11-09 09:05:55+00:00,1,1,0,0,0,0,0,0,0,1,0,0,0,0,0,0,0,1,T1490,ransomware_notes,data\datasets\splunk_attack_data\datasets\attack_techniques\T1490\ransomware_notes\windows-sysmon.log
win-dc-129.attackrange.local,{989E6708-0673-5FA9-2E00-000000008801},2020-11-09 09:05:55+00:00,1,1,0,0,0,0,0,0,0,1,0,0,0,0,0,0,0,1,T1490,ransomware_notes,data\datasets\splunk_attack_data\datasets\attack_techniques\T1490\ransomware_notes\windows-sysmon.log
win-dc-129.attackrange.local,{989E6708-0673-5FA9-2F00-000000008801},2020-11-09 09:05:55+00:00,1,1,0,0,0,0,0,0,0,1,0,0,0,0,0,0,0,1,T1490,ransomware_notes,data\datasets\splunk_attack_data\datasets\attack_techniques\T1490\ransomware_notes\windows-sysmon.log
win-dc-129.attackrange.local,{989E6708-0673-5FA9-3100-000000008801},2020-11-09 09:05:55+00:00,1,1,0,0,0,0,0,0,0,1,0,0,0,0,0,0,0,1,T1490,ransomware_notes,data\datasets\splunk_attack_data\datasets\attack_techniques\T1490\ransomware_notes\windows-sysmon.log
win-dc-129.attackrange.local,{989E6708-0673-5FA9-3200-000000008801},2020-11-09 09:05:55+00:00,1,1,0,0,0,0,0,0,0,1,0,0,0,0,0,0,0,1,T1490,ransomware_notes,data\datasets\splunk_attack_data\datasets\attack_techniques\T1490\ransomware_notes\windows-sysmon.log
win-dc-129.attackrange.local,{989E6708-0673-5FA9-3300-000000008801},2020-11-09 09:05:55+00:00,1,1,0,0,0,0,0,0,0,1,0,0,0,0,0,0,0,1,T1490,ransomware_notes,data\datasets\splunk_attack_data\datasets\attack_techniques\T1490\ransomware_notes\windows-sysmon.log
win-dc-129.attackrange.local,{989E6708-0673-5FA9-3400-000000008801},2020-11-09 09:05:55+00:00,1,1,0,0,0,0,0,0,0,1,0,0,0,0,0,0,0,1,T1490,ransomware_notes,data\datasets\splunk_attack_data\datasets\attack_techniques\T1490\ransomware_notes\windows-sysmon.log
win-dc-129.attackrange.local,{989E6708-0673-5FA9-3500-000000008801},2020-11-09 09:05:55+00:00,1,1,0,0,0,0,0,0,0,1,0,0,0,0,0,0,0,1,T1490,ransomware_notes,data\datasets\splunk_attack_data\datasets\attack_techniques\T1490\ransomware_notes\windows-sysmon.log
win-dc-129.attackrange.local,{989E6708-0673-5FA9-3500-000000008801},2020-11-09 09:08:20+00:00,11,1,11,3,0,0,11,0,0,0,0,0,11,0,0,0,0,1,T1490,ransomware_notes,data\datasets\splunk_attack_data\datasets\attack_techniques\T1490\ransomware_notes\windows-sysmon.log
win-dc-129.attackrange.local,{989E6708-0673-5FA9-3600-000000008801},2020-11-09 09:05:55+00:00,1,1,0,0,0,0,0,0,0,1,0,0,0,0,0,0,0,1,T1490,ransomware_notes,data\datasets\splunk_attack_data\datasets\attack_techniques\T1490\ransomware_notes\windows-sysmon.log
win-dc-129.attackrange.local,{989E6708-0673-5FA9-3700-000000008801},2020-11-09 09:05:55+00:00,1,1,0,0,0,0,0,0,0,1,0,0,0,0,0,0,0,1,T1490,ransomware_notes,data\datasets\splunk_attack_data\datasets\attack_techniques\T1490\ransomware_notes\windows-sysmon.log
win-dc-129.attackrange.local,{989E6708-0673-5FA9-3800-000000008801},2020-11-09 09:05:55+00:00,1,1,0,0,0,0,0,0,0,1,0,0,0,0,0,0,0,1,T1490,ransomware_notes,data\datasets\splunk_attack_data\datasets\attack_techniques\T1490\ransomware_notes\windows-sysmon.log
win-dc-129.attackrange.local,{989E6708-0674-5FA9-3900-000000008801},2020-11-09 09:05:55+00:00,2,1,1,1,0,1,1,0,0,1,0,0,1,0,0,0,0,1,T1490,ransomware_notes,data\datasets\splunk_attack_data\datasets\attack_techniques\T1490\ransomware_notes\windows-sysmon.log
win-dc-129.attackrange.local,{989E6708-0674-5FA9-3A00-000000008801},2020-11-09 09:05:55+00:00,1,1,0,0,0,0,0,0,0,1,0,0,0,0,0,0,0,1,T1490,ransomware_notes,data\datasets\splunk_attack_data\datasets\attack_techniques\T1490\ransomware_notes\windows-sysmon.log
win-dc-129.attackrange.local,{989E6708-0674-5FA9-3C00-000000008801},2020-11-09 09:05:55+00:00,1,1,0,0,0,0,0,0,0,1,0,0,0,0,0,0,0,1,T1490,ransomware_notes,data\datasets\splunk_attack_data\datasets\attack_techniques\T1490\ransomware_notes\windows-sysmon.log
win-dc-129.attackrange.local,{989E6708-0674-5FA9-3E00-000000008801},2020-11-09 09:05:55+00:00,1,1,0,0,0,0,0,0,0,1,0,0,0,0,0,0,0,1,T1490,ransomware_notes,data\datasets\splunk_attack_data\datasets\attack_techniques\T1490\ransomware_notes\windows-sysmon.log
win-dc-129.attackrange.local,{989E6708-0674-5FA9-3F00-000000008801},2020-11-09 09:05:55+00:00,1,1,0,0,0,0,0,0,0,1,0,0,0,0,0,0,0,1,T1490,ransomware_notes,data\datasets\splunk_attack_data\datasets\attack_techniques\T1490\ransomware_notes\windows-sysmon.log
win-dc-129.attackrange.local,{989E6708-0674-5FA9-4000-000000008801},2020-11-09 09:05:55+00:00,1,1,0,0,0,0,0,0,0,1,0,0,0,0,0,0,0,1,T1490,ransomware_notes,data\datasets\splunk_attack_data\datasets\attack_techniques\T1490\ransomware_notes\windows-sysmon.log
win-dc-129.attackrange.local,{989E6708-0674-5FA9-4100-000000008801},2020-11-09 09:05:55+00:00,1,1,0,0,0,0,0,0,0,1,0,0,0,0,0,0,0,1,T1490,ransomware_notes,data\datasets\splunk_attack_data\datasets\attack_techniques\T1490\ransomware_notes\windows-sysmon.log
win-dc-129.attackrange.local,{989E6708-0674-5FA9-4200-000000008801},2020-11-09 09:05:55+00:00,1,1,0,0,0,0,0,0,0,1,0,0,0,0,0,0,0,1,T1490,ransomware_notes,data\datasets\splunk_attack_data\datasets\attack_techniques\T1490\ransomware_notes\windows-sysmon.log
win-dc-129.attackrange.local,{989E6708-0674-5FA9-4300-000000008801},2020-11-09 09:05:55+00:00,1,1,0,0,0,0,0,0,0,1,0,0,0,0,0,0,0,1,T1490,ransomware_notes,data\datasets\splunk_attack_data\datasets\attack_techniques\T1490\ransomware_notes\windows-sysmon.log
win-dc-129.attackrange.local,{989E6708-0674-5FA9-4400-000000008801},2020-11-09 09:05:55+00:00,1,1,0,0,0,0,0,0,0,1,0,0,0,0,0,0,0,1,T1490,ransomware_notes,data\datasets\splunk_attack_data\datasets\attack_techniques\T1490\ransomware_notes\windows-sysmon.log
win-dc-129.attackrange.local,{989E6708-0674-5FA9-4500-000000008801},2020-11-09 09:05:55+00:00,1,1,0,0,0,0,0,0,0,1,0,0,0,0,0,0,0,1,T1490,ransomware_notes,data\datasets\splunk_attack_data\datasets\attack_techniques\T1490\ransomware_notes\windows-sysmon.log
win-dc-129.attackrange.local,{989E6708-0675-5FA9-4700-000000008801},2020-11-09 09:05:55+00:00,1,1,0,0,0,0,0,0,0,1,0,0,0,0,0,0,0,1,T1490,ransomware_notes,data\datasets\splunk_attack_data\datasets\attack_techniques\T1490\ransomware_notes\windows-sysmon.log
win-dc-129.attackrange.local,{989E6708-0675-5FA9-4800-000000008801},2020-11-09 09:05:55+00:00,1,1,0,0,0,0,0,0,0,1,0,0,0,0,0,0,0,1,T1490,ransomware_notes,data\datasets\splunk_attack_data\datasets\attack_techniques\T1490\ransomware_notes\windows-sysmon.log
win-dc-129.attackrange.local,{989E6708-0675-5FA9-4900-000000008801},2020-11-09 09:05:55+00:00,1,1,0,0,0,0,0,0,0,1,0,0,0,0,0,0,0,1,T1490,ransomware_notes,data\datasets\splunk_attack_data\datasets\attack_techniques\T1490\ransomware_notes\windows-sysmon.log
win-dc-129.attackrange.local,{989E6708-0675-5FA9-4A00-000000008801},2020-11-09 09:05:55+00:00,1,1,0,0,0,0,0,0,0,1,0,0,0,0,0,0,0,1,T1490,ransomware_notes,data\datasets\splunk_attack_data\datasets\attack_techniques\T1490\ransomware_notes\windows-sysmon.log
win-dc-129.attackrange.local,{989E6708-0675-5FA9-4B00-000000008801},2020-11-09 09:05:55+00:00,1,1,0,0,0,0,0,0,0,1,0,0,0,0,0,0,0,1,T1490,ransomware_notes,data\datasets\splunk_attack_data\datasets\attack_techniques\T1490\ransomware_notes\windows-sysmon.log
win-dc-129.attackrange.local,{989E6708-0675-5FA9-4C00-000000008801},2020-11-09 09:05:55+00:00,1,1,0,0,0,0,0,0,0,1,0,0,0,0,0,0,0,1,T1490,ransomware_notes,data\datasets\splunk_attack_data\datasets\attack_techniques\T1490\ransomware_notes\windows-sysmon.log
win-dc-129.attackrange.local,{989E6708-0675-5FA9-4D00-000000008801},2020-11-09 09:05:55+00:00,1,1,0,0,0,0,0,0,0,1,0,0,0,0,0,0,0,1,T1490,ransomware_notes,data\datasets\splunk_attack_data\datasets\attack_techniques\T1490\ransomware_notes\windows-sysmon.log
win-dc-129.attackrange.local,{989E6708-0676-5FA9-4E00-000000008801},2020-11-09 09:05:55+00:00,1,1,0,0,0,0,0,0,0,1,0,0,0,0,0,0,0,1,T1490,ransomware_notes,data\datasets\splunk_attack_data\datasets\attack_techniques\T1490\ransomware_notes\windows-sysmon.log
win-dc-129.attackrange.local,{989E6708-0676-5FA9-4F00-000000008801},2020-11-09 09:05:55+00:00,1,1,0,0,0,0,0,0,0,1,0,0,0,0,0,0,0,1,T1490,ransomware_notes,data\datasets\splunk_attack_data\datasets\attack_techniques\T1490\ransomware_notes\windows-sysmon.log
win-dc-129.attackrange.local,{989E6708-0676-5FA9-5000-000000008801},2020-11-09 09:05:55+00:00,1,1,0,0,0,0,0,0,0,1,0,0,0,0,0,0,0,1,T1490,ransomware_notes,data\datasets\splunk_attack_data\datasets\attack_techniques\T1490\ransomware_notes\windows-sysmon.log
win-dc-129.attackrange.local,{989E6708-0676-5FA9-5100-000000008801},2020-11-09 09:05:55+00:00,1,1,0,0,0,0,0,0,0,1,0,0,0,0,0,0,0,1,T1490,ransomware_notes,data\datasets\splunk_attack_data\datasets\attack_techniques\T1490\ransomware_notes\windows-sysmon.log
win-dc-129.attackrange.local,{989E6708-0676-5FA9-5200-000000008801},2020-11-09 09:05:55+00:00,1,1,0,0,0,0,0,0,0,1,0,0,0,0,0,0,0,1,T1490,ransomware_notes,data\datasets\splunk_attack_data\datasets\attack_techniques\T1490\ransomware_notes\windows-sysmon.log
win-dc-129.attackrange.local,{989E6708-0676-5FA9-5300-000000008801},2020-11-09 09:05:55+00:00,1,1,0,0,0,0,0,0,0,1,0,0,0,0,0,0,0,1,T1490,ransomware_notes,data\datasets\splunk_attack_data\datasets\attack_techniques\T1490\ransomware_notes\windows-sysmon.log
win-dc-129.attackrange.local,{989E6708-0676-5FA9-5400-000000008801},2020-11-09 09:05:55+00:00,1,1,0,0,0,0,0,0,0,1,0,0,0,0,0,0,0,1,T1490,ransomware_notes,data\datasets\splunk_attack_data\datasets\attack_techniques\T1490\ransomware_notes\windows-sysmon.log
win-dc-129.attackrange.local,{989E6708-0677-5FA9-5500-000000008801},2020-11-09 09:05:55+00:00,1,1,0,0,0,0,0,0,0,1,0,0,0,0,0,0,0,1,T1490,ransomware_notes,data\datasets\splunk_attack_data\datasets\attack_techniques\T1490\ransomware_notes\windows-sysmon.log
win-dc-129.attackrange.local,{989E6708-0677-5FA9-5600-000000008801},2020-11-09 09:05:55+00:00,1,1,0,0,0,0,0,0,0,1,0,0,0,0,0,0,0,1,T1490,ransomware_notes,data\datasets\splunk_attack_data\datasets\attack_techniques\T1490\ransomware_notes\windows-sysmon.log
win-dc-129.attackrange.local,{989E6708-0677-5FA9-5700-000000008801},2020-11-09 09:05:55+00:00,1,1,0,0,0,0,0,0,0,1,0,0,0,0,0,0,0,1,T1490,ransomware_notes,data\datasets\splunk_attack_data\datasets\attack_techniques\T1490\ransomware_notes\windows-sysmon.log
win-dc-129.attackrange.local,{989E6708-0677-5FA9-5800-000000008801},2020-11-09 09:05:55+00:00,1,1,0,0,0,0,0,0,0,1,0,0,0,0,0,0,0,1,T1490,ransomware_notes,data\datasets\splunk_attack_data\datasets\attack_techniques\T1490\ransomware_notes\windows-sysmon.log
win-dc-129.attackrange.local,{989E6708-0677-5FA9-5900-000000008801},2020-11-09 09:05:55+00:00,1,1,0,0,0,0,0,0,0,1,0,0,0,0,0,0,0,1,T1490,ransomware_notes,data\datasets\splunk_attack_data\datasets\attack_techniques\T1490\ransomware_notes\windows-sysmon.log
win-dc-129.attackrange.local,{989E6708-0677-5FA9-5A00-000000008801},2020-11-09 09:05:55+00:00,1,1,0,0,0,0,0,0,0,1,0,0,0,0,0,0,0,1,T1490,ransomware_notes,data\datasets\splunk_attack_data\datasets\attack_techniques\T1490\ransomware_notes\windows-sysmon.log
win-dc-129.attackrange.local,{989E6708-0677-5FA9-5B00-000000008801},2020-11-09 09:05:55+00:00,1,1,0,0,0,0,0,0,0,1,0,0,0,0,0,0,0,1,T1490,ransomware_notes,data\datasets\splunk_attack_data\datasets\attack_techniques\T1490\ransomware_notes\windows-sysmon.log
win-dc-129.attackrange.local,{989E6708-0677-5FA9-5C00-000000008801},2020-11-09 09:05:55+00:00,1,1,0,0,0,0,0,0,0,1,0,0,0,0,0,0,0,1,T1490,ransomware_notes,data\datasets\splunk_attack_data\datasets\attack_techniques\T1490\ransomware_notes\windows-sysmon.log
win-dc-129.attackrange.local,{989E6708-0678-5FA9-5D00-000000008801},2020-11-09 09:06:00+00:00,1,1,0,0,0,0,0,0,0,1,0,0,0,0,0,0,0,1,T1490,ransomware_notes,data\datasets\splunk_attack_data\datasets\attack_techniques\T1490\ransomware_notes\windows-sysmon.log
win-dc-129.attackrange.local,{989E6708-0678-5FA9-5E00-000000008801},2020-11-09 09:06:00+00:00,1,1,0,0,0,0,0,0,0,1,0,0,0,0,0,0,0,1,T1490,ransomware_notes,data\datasets\splunk_attack_data\datasets\attack_techniques\T1490\ransomware_notes\windows-sysmon.log
win-dc-129.attackrange.local,{989E6708-0678-5FA9-5F00-000000008801},2020-11-09 09:06:00+00:00,1,1,0,0,0,0,0,0,0,1,0,0,0,0,0,0,0,1,T1490,ransomware_notes,data\datasets\splunk_attack_data\datasets\attack_techniques\T1490\ransomware_notes\windows-sysmon.log
win-dc-129.attackrange.local,{989E6708-0678-5FA9-6000-000000008801},2020-11-09 09:06:00+00:00,1,1,0,0,0,0,0,0,0,1,0,0,0,0,0,0,0,1,T1490,ransomware_notes,data\datasets\splunk_attack_data\datasets\attack_techniques\T1490\ransomware_notes\windows-sysmon.log
win-dc-129.attackrange.local,{989E6708-0678-5FA9-6100-000000008801},2020-11-09 09:06:00+00:00,1,1,0,0,0,0,0,0,0,1,0,0,0,0,0,0,0,1,T1490,ransomware_notes,data\datasets\splunk_attack_data\datasets\attack_techniques\T1490\ransomware_notes\windows-sysmon.log
win-dc-129.attackrange.local,{989E6708-0678-5FA9-6200-000000008801},2020-11-09 09:06:00+00:00,1,1,0,0,0,0,0,0,0,1,0,0,0,0,0,0,0,1,T1490,ransomware_notes,data\datasets\splunk_attack_data\datasets\attack_techniques\T1490\ransomware_notes\windows-sysmon.log
win-dc-129.attackrange.local,{989E6708-0678-5FA9-6300-000000008801},2020-11-09 09:06:00+00:00,1,1,0,0,0,0,0,0,0,1,0,0,0,0,0,0,0,1,T1490,ransomware_notes,data\datasets\splunk_attack_data\datasets\attack_techniques\T1490\ransomware_notes\windows-sysmon.log
win-dc-129.attackrange.local,{989E6708-0678-5FA9-6400-000000008801},2020-11-09 09:06:00+00:00,1,1,0,0,0,0,0,0,0,1,0,0,0,0,0,0,0,1,T1490,ransomware_notes,data\datasets\splunk_attack_data\datasets\attack_techniques\T1490\ransomware_notes\windows-sysmon.log
win-dc-129.attackrange.local,{989E6708-0678-5FA9-6500-000000008801},2020-11-09 09:06:00+00:00,1,1,0,0,0,0,0,0,0,1,0,0,0,0,0,0,0,1,T1490,ransomware_notes,data\datasets\splunk_attack_data\datasets\attack_techniques\T1490\ransomware_notes\windows-sysmon.log
win-dc-129.attackrange.local,{989E6708-0679-5FA9-6600-000000008801},2020-11-09 09:06:00+00:00,1,1,0,0,0,0,0,0,0,1,0,0,0,0,0,0,0,1,T1490,ransomware_notes,data\datasets\splunk_attack_data\datasets\attack_techniques\T1490\ransomware_notes\windows-sysmon.log
win-dc-129.attackrange.local,{989E6708-067A-5FA9-6700-000000008801},2020-11-09 09:06:00+00:00,1,1,0,0,0,0,0,0,0,1,0,0,0,0,0,0,0,1,T1490,ransomware_notes,data\datasets\splunk_attack_data\datasets\attack_techniques\T1490\ransomware_notes\windows-sysmon.log
win-dc-129.attackrange.local,{989E6708-067A-5FA9-6800-000000008801},2020-11-09 09:06:00+00:00,1,1,0,0,0,0,0,0,0,1,0,0,0,0,0,0,0,1,T1490,ransomware_notes,data\datasets\splunk_attack_data\datasets\attack_techniques\T1490\ransomware_notes\windows-sysmon.log
win-dc-129.attackrange.local,{989E6708-067B-5FA9-6900-000000008801},2020-11-09 09:06:00+00:00,1,1,0,0,0,0,0,0,0,1,0,0,0,0,0,0,0,1,T1490,ransomware_notes,data\datasets\splunk_attack_data\datasets\attack_techniques\T1490\ransomware_notes\windows-sysmon.log
win-dc-129.attackrange.local,{989E6708-067C-5FA9-6A00-000000008801},2020-11-09 09:06:00+00:00,1,1,0,0,0,0,0,0,0,1,0,0,0,0,0,0,0,1,T1490,ransomware_notes,data\datasets\splunk_attack_data\datasets\attack_techniques\T1490\ransomware_notes\windows-sysmon.log
win-dc-129.attackrange.local,{989E6708-067D-5FA9-6B00-000000008801},2020-11-09 09:06:05+00:00,1,1,0,0,0,0,0,0,0,1,0,0,0,0,0,0,0,1,T1490,ransomware_notes,data\datasets\splunk_attack_data\datasets\attack_techniques\T1490\ransomware_notes\windows-sysmon.log
win-dc-129.attackrange.local,{989E6708-067E-5FA9-6C00-000000008801},2020-11-09 09:06:05+00:00,1,1,0,0,0,0,0,0,0,1,0,0,0,0,0,0,0,1,T1490,ransomware_notes,data\datasets\splunk_attack_data\datasets\attack_techniques\T1490\ransomware_notes\windows-sysmon.log
win-dc-129.attackrange.local,{989E6708-067F-5FA9-6D00-000000008801},2020-11-09 09:06:05+00:00,1,1,0,0,0,0,0,0,0,1,0,0,0,0,0,0,0,1,T1490,ransomware_notes,data\datasets\splunk_attack_data\datasets\attack_techniques\T1490\ransomware_notes\windows-sysmon.log
win-dc-129.attackrange.local,{989E6708-067F-5FA9-6E00-000000008801},2020-11-09 09:06:05+00:00,1,1,0,0,0,0,0,0,0,1,0,0,0,0,0,0,0,1,T1490,ransomware_notes,data\datasets\splunk_attack_data\datasets\attack_techniques\T1490\ransomware_notes\windows-sysmon.log
win-dc-129.attackrange.local,{989E6708-0680-5FA9-6F00-000000008801},2020-11-09 09:06:05+00:00,1,1,0,0,0,0,0,0,0,1,0,0,0,0,0,0,0,1,T1490,ransomware_notes,data\datasets\splunk_attack_data\datasets\attack_techniques\T1490\ransomware_notes\windows-sysmon.log
win-dc-129.attackrange.local,{989E6708-0681-5FA9-7000-000000008801},2020-11-09 09:06:05+00:00,1,1,0,0,0,0,0,0,0,1,0,0,0,0,0,0,0,1,T1490,ransomware_notes,data\datasets\splunk_attack_data\datasets\attack_techniques\T1490\ransomware_notes\windows-sysmon.log
win-dc-129.attackrange.local,{989E6708-068B-5FA9-7200-000000008801},2020-11-09 09:06:15+00:00,1,1,0,0,0,0,0,0,0,1,0,0,0,0,0,0,0,1,T1490,ransomware_notes,data\datasets\splunk_attack_data\datasets\attack_techniques\T1490\ransomware_notes\windows-sysmon.log
win-dc-129.attackrange.local,{989E6708-068B-5FA9-7400-000000008801},2020-11-09 09:06:15+00:00,1,1,0,0,0,0,0,0,0,1,0,0,0,0,0,0,0,1,T1490,ransomware_notes,data\datasets\splunk_attack_data\datasets\attack_techniques\T1490\ransomware_notes\windows-sysmon.log
win-dc-129.attackrange.local,{989E6708-0697-5FA9-7600-000000008801},2020-11-09 09:06:30+00:00,1,1,0,0,0,0,0,0,0,1,0,0,0,0,0,0,0,1,T1490,ransomware_notes,data\datasets\splunk_attack_data\datasets\attack_techniques\T1490\ransomware_notes\windows-sysmon.log
win-dc-129.attackrange.local,{989E6708-0697-5FA9-7800-000000008801},2020-11-09 09:06:30+00:00,1,1,0,0,0,0,0,0,0,1,0,0,0,0,0,0,0,1,T1490,ransomware_notes,data\datasets\splunk_attack_data\datasets\attack_techniques\T1490\ransomware_notes\windows-sysmon.log
win-dc-129.attackrange.local,{989E6708-0697-5FA9-7900-000000008801},2020-11-09 09:06:30+00:00,2,1,1,1,0,1,1,0,0,1,0,0,1,0,0,0,0,1,T1490,ransomware_notes,data\datasets\splunk_attack_data\datasets\attack_techniques\T1490\ransomware_notes\windows-sysmon.log
win-dc-129.attackrange.local,{989E6708-0697-5FA9-7A00-000000008801},2020-11-09 09:06:30+00:00,1,1,0,0,0,0,0,0,0,1,0,0,0,0,0,0,0,1,T1490,ransomware_notes,data\datasets\splunk_attack_data\datasets\attack_techniques\T1490\ransomware_notes\windows-sysmon.log
win-dc-129.attackrange.local,{989E6708-0698-5FA9-7C00-000000008801},2020-11-09 09:06:30+00:00,1,1,0,0,0,0,0,0,0,1,0,0,0,0,0,0,0,1,T1490,ransomware_notes,data\datasets\splunk_attack_data\datasets\attack_techniques\T1490\ransomware_notes\windows-sysmon.log
win-dc-129.attackrange.local,{989E6708-0698-5FA9-7D00-000000008801},2020-11-09 09:06:30+00:00,2,1,1,1,0,1,1,0,0,1,0,0,1,0,0,0,0,1,T1490,ransomware_notes,data\datasets\splunk_attack_data\datasets\attack_techniques\T1490\ransomware_notes\windows-sysmon.log
win-dc-129.attackrange.local,{989E6708-0698-5FA9-7E00-000000008801},2020-11-09 09:06:30+00:00,1,1,0,0,0,0,0,0,0,1,0,0,0,0,0,0,0,1,T1490,ransomware_notes,data\datasets\splunk_attack_data\datasets\attack_techniques\T1490\ransomware_notes\windows-sysmon.log
win-dc-129.attackrange.local,{989E6708-069D-5FA9-7F00-000000008801},2020-11-09 09:06:35+00:00,1,1,0,0,0,0,0,0,0,1,0,0,0,0,0,0,0,1,T1490,ransomware_notes,data\datasets\splunk_attack_data\datasets\attack_techniques\T1490\ransomware_notes\windows-sysmon.log
win-dc-129.attackrange.local,{989E6708-069D-5FA9-8100-000000008801},2020-11-09 09:06:35+00:00,1,1,0,0,0,0,0,0,0,1,0,0,0,0,0,0,0,1,T1490,ransomware_notes,data\datasets\splunk_attack_data\datasets\attack_techniques\T1490\ransomware_notes\windows-sysmon.log
win-dc-129.attackrange.local,{989E6708-069D-5FA9-8200-000000008801},2020-11-09 09:06:35+00:00,2,1,1,1,0,1,1,0,0,1,0,0,1,0,0,0,0,1,T1490,ransomware_notes,data\datasets\splunk_attack_data\datasets\attack_techniques\T1490\ransomware_notes\windows-sysmon.log
win-dc-129.attackrange.local,{989E6708-069D-5FA9-8300-000000008801},2020-11-09 09:06:35+00:00,3,1,2,1,0,2,2,0,0,1,0,0,2,0,0,0,0,1,T1490,ransomware_notes,data\datasets\splunk_attack_data\datasets\attack_techniques\T1490\ransomware_notes\windows-sysmon.log
win-dc-129.attackrange.local,{989E6708-069D-5FA9-8300-000000008801},2020-11-09 09:06:40+00:00,3,1,0,0,1,0,0,0,3,0,3,0,0,0,0,0,0,1,T1490,ransomware_notes,data\datasets\splunk_attack_data\datasets\attack_techniques\T1490\ransomware_notes\windows-sysmon.log
win-dc-129.attackrange.local,{989E6708-069D-5FA9-8300-000000008801},2020-11-09 09:06:45+00:00,1,1,0,0,1,0,0,0,1,0,1,0,0,0,0,0,0,1,T1490,ransomware_notes,data\datasets\splunk_attack_data\datasets\attack_techniques\T1490\ransomware_notes\windows-sysmon.log
win-dc-129.attackrange.local,{989E6708-069D-5FA9-8400-000000008801},2020-11-09 09:06:35+00:00,1,1,0,0,0,0,0,0,0,1,0,0,0,0,0,0,0,1,T1490,ransomware_notes,data\datasets\splunk_attack_data\datasets\attack_techniques\T1490\ransomware_notes\windows-sysmon.log
win-dc-129.attackrange.local,{989E6708-06A0-5FA9-8700-000000008801},2020-11-09 09:06:40+00:00,1,1,0,0,0,0,0,0,0,1,0,0,0,0,0,0,0,1,T1490,ransomware_notes,data\datasets\splunk_attack_data\datasets\attack_techniques\T1490\ransomware_notes\windows-sysmon.log
win-dc-129.attackrange.local,{989E6708-06A0-5FA9-8800-000000008801},2020-11-09 09:06:40+00:00,1,1,0,0,0,0,0,0,0,1,0,0,0,0,0,0,0,1,T1490,ransomware_notes,data\datasets\splunk_attack_data\datasets\attack_techniques\T1490\ransomware_notes\windows-sysmon.log
win-dc-129.attackrange.local,{989E6708-06A5-5FA9-8A00-000000008801},2020-11-09 09:06:45+00:00,1,1,0,0,0,0,0,0,0,1,0,0,0,0,0,0,0,1,T1490,ransomware_notes,data\datasets\splunk_attack_data\datasets\attack_techniques\T1490\ransomware_notes\windows-sysmon.log
win-dc-129.attackrange.local,{989E6708-06A5-5FA9-8C00-000000008801},2020-11-09 09:06:45+00:00,1,1,0,0,0,0,0,0,0,1,0,0,0,0,0,0,0,1,T1490,ransomware_notes,data\datasets\splunk_attack_data\datasets\attack_techniques\T1490\ransomware_notes\windows-sysmon.log
win-dc-129.attackrange.local,{989E6708-06A5-5FA9-8D00-000000008801},2020-11-09 09:06:45+00:00,2,1,1,1,0,1,1,0,0,1,0,0,1,0,0,0,0,1,T1490,ransomware_notes,data\datasets\splunk_attack_data\datasets\attack_techniques\T1490\ransomware_notes\windows-sysmon.log
win-dc-129.attackrange.local,{989E6708-06A5-5FA9-8E00-000000008801},2020-11-09 09:06:45+00:00,4,1,3,3,0,3,3,0,0,1,0,0,3,0,0,0,0,1,T1490,ransomware_notes,data\datasets\splunk_attack_data\datasets\attack_techniques\T1490\ransomware_notes\windows-sysmon.log
win-dc-129.attackrange.local,{989E6708-06A6-5FA9-8F00-000000008801},2020-11-09 09:06:45+00:00,1,1,0,0,0,0,0,0,0,1,0,0,0,0,0,0,0,1,T1490,ransomware_notes,data\datasets\splunk_attack_data\datasets\attack_techniques\T1490\ransomware_notes\windows-sysmon.log
win-dc-129.attackrange.local,{989E6708-06A6-5FA9-9000-000000008801},2020-11-09 09:06:45+00:00,2,1,1,1,0,1,1,0,0,1,0,0,1,0,0,0,0,1,T1490,ransomware_notes,data\datasets\splunk_attack_data\datasets\attack_techniques\T1490\ransomware_notes\windows-sysmon.log
win-dc-129.attackrange.local,{989E6708-06A6-5FA9-9100-000000008801},2020-11-09 09:06:45+00:00,1,1,0,0,0,0,0,0,0,1,0,0,0,0,0,0,0,1,T1490,ransomware_notes,data\datasets\splunk_attack_data\datasets\attack_techniques\T1490\ransomware_notes\windows-sysmon.log
win-dc-129.attackrange.local,{989E6708-06A7-5FA9-9200-000000008801},2020-11-09 09:06:45+00:00,1,1,0,0,0,0,0,0,0,1,0,0,0,0,0,0,0,1,T1490,ransomware_notes,data\datasets\splunk_attack_data\datasets\attack_techniques\T1490\ransomware_notes\windows-sysmon.log
win-dc-129.attackrange.local,{989E6708-06A7-5FA9-9300-000000008801},2020-11-09 09:06:45+00:00,2,1,1,1,0,1,1,0,0,1,0,0,1,0,0,0,0,1,T1490,ransomware_notes,data\datasets\splunk_attack_data\datasets\attack_techniques\T1490\ransomware_notes\windows-sysmon.log
win-dc-129.attackrange.local,{989E6708-06A7-5FA9-9400-000000008801},2020-11-09 09:06:45+00:00,4,1,3,3,0,3,3,0,0,1,0,0,3,0,0,0,0,1,T1490,ransomware_notes,data\datasets\splunk_attack_data\datasets\attack_techniques\T1490\ransomware_notes\windows-sysmon.log
win-dc-129.attackrange.local,{989E6708-06A7-5FA9-9500-000000008801},2020-11-09 09:06:45+00:00,1,1,0,0,0,0,0,0,0,1,0,0,0,0,0,0,0,1,T1490,ransomware_notes,data\datasets\splunk_attack_data\datasets\attack_techniques\T1490\ransomware_notes\windows-sysmon.log
win-dc-129.attackrange.local,{989E6708-06A7-5FA9-9600-000000008801},2020-11-09 09:06:45+00:00,2,1,1,1,0,1,1,0,0,1,0,0,1,0,0,0,0,1,T1490,ransomware_notes,data\datasets\splunk_attack_data\datasets\attack_techniques\T1490\ransomware_notes\windows-sysmon.log
win-dc-129.attackrange.local,{989E6708-06A7-5FA9-9700-000000008801},2020-11-09 09:06:45+00:00,1,1,0,0,0,0,0,0,0,1,0,0,0,0,0,0,0,1,T1490,ransomware_notes,data\datasets\splunk_attack_data\datasets\attack_techniques\T1490\ransomware_notes\windows-sysmon.log
win-dc-129.attackrange.local,{989E6708-06A8-5FA9-9800-000000008801},2020-11-09 09:06:45+00:00,1,1,0,0,0,0,0,0,0,1,0,0,0,0,0,0,0,1,T1490,ransomware_notes,data\datasets\splunk_attack_data\datasets\attack_techniques\T1490\ransomware_notes\windows-sysmon.log
win-dc-129.attackrange.local,{989E6708-06A8-5FA9-9A00-000000008801},2020-11-09 09:06:45+00:00,1,1,0,0,0,0,0,0,0,1,0,0,0,0,0,0,0,1,T1490,ransomware_notes,data\datasets\splunk_attack_data\datasets\attack_techniques\T1490\ransomware_notes\windows-sysmon.log
win-dc-129.attackrange.local,{989E6708-06A8-5FA9-9B00-000000008801},2020-11-09 09:06:45+00:00,2,1,1,1,0,1,1,0,0,1,0,0,1,0,0,0,0,1,T1490,ransomware_notes,data\datasets\splunk_attack_data\datasets\attack_techniques\T1490\ransomware_notes\windows-sysmon.log
win-dc-129.attackrange.local,{989E6708-06A8-5FA9-9C00-000000008801},2020-11-09 09:06:45+00:00,4,1,3,3,0,3,3,0,0,1,0,0,3,0,0,0,0,1,T1490,ransomware_notes,data\datasets\splunk_attack_data\datasets\attack_techniques\T1490\ransomware_notes\windows-sysmon.log
win-dc-129.attackrange.local,{989E6708-06A8-5FA9-9D00-000000008801},2020-11-09 09:06:45+00:00,1,1,0,0,0,0,0,0,0,1,0,0,0,0,0,0,0,1,T1490,ransomware_notes,data\datasets\splunk_attack_data\datasets\attack_techniques\T1490\ransomware_notes\windows-sysmon.log
win-dc-129.attackrange.local,{989E6708-06A9-5FA9-9E00-000000008801},2020-11-09 09:06:45+00:00,2,1,1,1,0,1,1,0,0,1,0,0,1,0,0,0,0,1,T1490,ransomware_notes,data\datasets\splunk_attack_data\datasets\attack_techniques\T1490\ransomware_notes\windows-sysmon.log
win-dc-129.attackrange.local,{989E6708-06A9-5FA9-9F00-000000008801},2020-11-09 09:06:45+00:00,1,1,0,0,0,0,0,0,0,1,0,0,0,0,0,0,0,1,T1490,ransomware_notes,data\datasets\splunk_attack_data\datasets\attack_techniques\T1490\ransomware_notes\windows-sysmon.log
win-dc-129.attackrange.local,{989E6708-06A9-5FA9-A000-000000008801},2020-11-09 09:06:45+00:00,2,1,1,1,0,1,1,0,0,1,0,0,1,0,0,0,0,1,T1490,ransomware_notes,data\datasets\splunk_attack_data\datasets\attack_techniques\T1490\ransomware_notes\windows-sysmon.log
win-dc-129.attackrange.local,{989E6708-06A9-5FA9-A000-000000008801},2020-11-09 09:06:50+00:00,4,1,2,2,2,2,2,0,2,0,2,0,2,0,0,0,0,1,T1490,ransomware_notes,data\datasets\splunk_attack_data\datasets\attack_techniques\T1490\ransomware_notes\windows-sysmon.log
win-dc-129.attackrange.local,{989E6708-06AA-5FA9-A100-000000008801},2020-11-09 09:06:50+00:00,2,1,1,1,0,1,1,0,0,1,0,0,1,0,0,0,0,1,T1490,ransomware_notes,data\datasets\splunk_attack_data\datasets\attack_techniques\T1490\ransomware_notes\windows-sysmon.log
win-dc-129.attackrange.local,{989E6708-06AA-5FA9-A200-000000008801},2020-11-09 09:06:50+00:00,1,1,0,0,0,0,0,0,0,1,0,0,0,0,0,0,0,1,T1490,ransomware_notes,data\datasets\splunk_attack_data\datasets\attack_techniques\T1490\ransomware_notes\windows-sysmon.log
win-dc-129.attackrange.local,{989E6708-06AA-5FA9-A300-000000008801},2020-11-09 09:06:50+00:00,1,1,0,0,0,0,0,0,0,1,0,0,0,0,0,0,0,1,T1490,ransomware_notes,data\datasets\splunk_attack_data\datasets\attack_techniques\T1490\ransomware_notes\windows-sysmon.log
win-dc-129.attackrange.local,{989E6708-06AB-5FA9-A500-000000008801},2020-11-09 09:06:50+00:00,1,1,0,0,0,0,0,0,0,1,0,0,0,0,0,0,0,1,T1490,ransomware_notes,data\datasets\splunk_attack_data\datasets\attack_techniques\T1490\ransomware_notes\windows-sysmon.log
win-dc-129.attackrange.local,{989E6708-06AB-5FA9-A600-000000008801},2020-11-09 09:06:50+00:00,2,1,1,1,0,1,1,0,0,1,0,0,1,0,0,0,0,1,T1490,ransomware_notes,data\datasets\splunk_attack_data\datasets\attack_techniques\T1490\ransomware_notes\windows-sysmon.log
win-dc-129.attackrange.local,{989E6708-06AB-5FA9-A700-000000008801},2020-11-09 09:06:50+00:00,4,1,3,3,0,3,3,0,0,1,0,0,3,0,0,0,0,1,T1490,ransomware_notes,data\datasets\splunk_attack_data\datasets\attack_techniques\T1490\ransomware_notes\windows-sysmon.log
win-dc-129.attackrange.local,{989E6708-06AB-5FA9-A800-000000008801},2020-11-09 09:06:50+00:00,1,1,0,0,0,0,0,0,0,1,0,0,0,0,0,0,0,1,T1490,ransomware_notes,data\datasets\splunk_attack_data\datasets\attack_techniques\T1490\ransomware_notes\windows-sysmon.log
win-dc-129.attackrange.local,{989E6708-06AB-5FA9-A900-000000008801},2020-11-09 09:06:50+00:00,2,1,1,1,0,1,1,0,0,1,0,0,1,0,0,0,0,1,T1490,ransomware_notes,data\datasets\splunk_attack_data\datasets\attack_techniques\T1490\ransomware_notes\windows-sysmon.log
win-dc-129.attackrange.local,{989E6708-06AB-5FA9-AA00-000000008801},2020-11-09 09:06:50+00:00,1,1,0,0,0,0,0,0,0,1,0,0,0,0,0,0,0,1,T1490,ransomware_notes,data\datasets\splunk_attack_data\datasets\attack_techniques\T1490\ransomware_notes\windows-sysmon.log
win-dc-129.attackrange.local,{989E6708-06AC-5FA9-AB00-000000008801},2020-11-09 09:06:50+00:00,7,1,4,3,2,3,4,0,2,1,2,0,4,0,0,0,0,1,T1490,ransomware_notes,data\datasets\splunk_attack_data\datasets\attack_techniques\T1490\ransomware_notes\windows-sysmon.log
win-dc-129.attackrange.local,{989E6708-06AC-5FA9-AC00-000000008801},2020-11-09 09:06:50+00:00,2,1,1,1,0,1,1,0,0,1,0,0,1,0,0,0,0,1,T1490,ransomware_notes,data\datasets\splunk_attack_data\datasets\attack_techniques\T1490\ransomware_notes\windows-sysmon.log
win-dc-129.attackrange.local,{989E6708-06AC-5FA9-AD00-000000008801},2020-11-09 09:06:50+00:00,1,1,0,0,0,0,0,0,0,1,0,0,0,0,0,0,0,1,T1490,ransomware_notes,data\datasets\splunk_attack_data\datasets\attack_techniques\T1490\ransomware_notes\windows-sysmon.log
win-dc-129.attackrange.local,{989E6708-06AE-5FA9-AE00-000000008801},2020-11-09 09:06:50+00:00,1,1,0,0,0,0,0,0,0,1,0,0,0,0,0,0,0,1,T1490,ransomware_notes,data\datasets\splunk_attack_data\datasets\attack_techniques\T1490\ransomware_notes\windows-sysmon.log
win-dc-129.attackrange.local,{989E6708-06AE-5FA9-B000-000000008801},2020-11-09 09:06:50+00:00,1,1,0,0,0,0,0,0,0,1,0,0,0,0,0,0,0,1,T1490,ransomware_notes,data\datasets\splunk_attack_data\datasets\attack_techniques\T1490\ransomware_notes\windows-sysmon.log
win-dc-129.attackrange.local,{989E6708-06AE-5FA9-B100-000000008801},2020-11-09 09:06:50+00:00,2,1,1,1,0,1,1,0,0,1,0,0,1,0,0,0,0,1,T1490,ransomware_notes,data\datasets\splunk_attack_data\datasets\attack_techniques\T1490\ransomware_notes\windows-sysmon.log
win-dc-129.attackrange.local,{989E6708-06AE-5FA9-B200-000000008801},2020-11-09 09:06:50+00:00,2,1,1,1,0,1,1,0,0,1,0,0,1,0,0,0,0,1,T1490,ransomware_notes,data\datasets\splunk_attack_data\datasets\attack_techniques\T1490\ransomware_notes\windows-sysmon.log
win-dc-129.attackrange.local,{989E6708-06AE-5FA9-B200-000000008801},2020-11-09 09:06:55+00:00,2,1,2,2,0,2,2,0,0,0,0,0,2,0,0,0,0,1,T1490,ransomware_notes,data\datasets\splunk_attack_data\datasets\attack_techniques\T1490\ransomware_notes\windows-sysmon.log
win-dc-129.attackrange.local,{989E6708-06AE-5FA9-B300-000000008801},2020-11-09 09:06:50+00:00,1,1,0,0,0,0,0,0,0,1,0,0,0,0,0,0,0,1,T1490,ransomware_notes,data\datasets\splunk_attack_data\datasets\attack_techniques\T1490\ransomware_notes\windows-sysmon.log
win-dc-129.attackrange.local,{989E6708-06AF-5FA9-B400-000000008801},2020-11-09 09:06:55+00:00,2,1,1,1,0,1,1,0,0,1,0,0,1,0,0,0,0,1,T1490,ransomware_notes,data\datasets\splunk_attack_data\datasets\attack_techniques\T1490\ransomware_notes\windows-sysmon.log
win-dc-129.attackrange.local,{989E6708-06AF-5FA9-B500-000000008801},2020-11-09 09:06:55+00:00,1,1,0,0,0,0,0,0,0,1,0,0,0,0,0,0,0,1,T1490,ransomware_notes,data\datasets\splunk_attack_data\datasets\attack_techniques\T1490\ransomware_notes\windows-sysmon.log
win-dc-129.attackrange.local,{989E6708-06AF-5FA9-B600-000000008801},2020-11-09 09:06:55+00:00,29,1,23,3,5,9,23,0,5,1,5,0,23,0,0,0,0,1,T1490,ransomware_notes,data\datasets\splunk_attack_data\datasets\attack_techniques\T1490\ransomware_notes\windows-sysmon.log
win-dc-129.attackrange.local,{989E6708-06AF-5FA9-B600-000000008801},2020-11-09 09:07:00+00:00,9,1,0,0,2,0,0,0,9,0,9,0,0,0,0,0,0,1,T1490,ransomware_notes,data\datasets\splunk_attack_data\datasets\attack_techniques\T1490\ransomware_notes\windows-sysmon.log
win-dc-129.attackrange.local,{989E6708-06AF-5FA9-B600-000000008801},2020-11-09 09:07:05+00:00,13,1,11,2,2,11,11,0,2,0,2,0,11,0,0,0,0,1,T1490,ransomware_notes,data\datasets\splunk_attack_data\datasets\attack_techniques\T1490\ransomware_notes\windows-sysmon.log
win-dc-129.attackrange.local,{989E6708-06AF-5FA9-B600-000000008801},2020-11-09 09:07:10+00:00,5,1,5,2,0,0,5,0,0,0,0,0,5,0,0,0,0,1,T1490,ransomware_notes,data\datasets\splunk_attack_data\datasets\attack_techniques\T1490\ransomware_notes\windows-sysmon.log
win-dc-129.attackrange.local,{989E6708-06AF-5FA9-B600-000000008801},2020-11-09 09:07:15+00:00,75,1,75,12,0,0,75,0,0,0,0,0,75,0,0,0,0,1,T1490,ransomware_notes,data\datasets\splunk_attack_data\datasets\attack_techniques\T1490\ransomware_notes\windows-sysmon.log
win-dc-129.attackrange.local,{989E6708-06B1-5FA9-B700-000000008801},2020-11-09 09:06:55+00:00,2,1,1,1,0,1,1,0,0,1,0,0,1,0,0,0,0,1,T1490,ransomware_notes,data\datasets\splunk_attack_data\datasets\attack_techniques\T1490\ransomware_notes\windows-sysmon.log
win-dc-129.attackrange.local,{989E6708-06B1-5FA9-B800-000000008801},2020-11-09 09:06:55+00:00,1,1,0,0,0,0,0,0,0,1,0,0,0,0,0,0,0,1,T1490,ransomware_notes,data\datasets\splunk_attack_data\datasets\attack_techniques\T1490\ransomware_notes\windows-sysmon.log
win-dc-129.attackrange.local,{989E6708-06B6-5FA9-B900-000000008801},2020-11-09 09:07:00+00:00,1,1,0,0,0,0,0,0,0,1,0,0,0,0,0,0,0,1,T1490,ransomware_notes,data\datasets\splunk_attack_data\datasets\attack_techniques\T1490\ransomware_notes\windows-sysmon.log
win-dc-129.attackrange.local,{989E6708-06B7-5FA9-BA00-000000008801},2020-11-09 09:07:00+00:00,1,1,0,0,0,0,0,0,0,1,0,0,0,0,0,0,0,1,T1490,ransomware_notes,data\datasets\splunk_attack_data\datasets\attack_techniques\T1490\ransomware_notes\windows-sysmon.log
win-dc-129.attackrange.local,{989E6708-06B8-5FA9-BB00-000000008801},2020-11-09 09:07:00+00:00,1,1,0,0,0,0,0,0,0,1,0,0,0,0,0,0,0,1,T1490,ransomware_notes,data\datasets\splunk_attack_data\datasets\attack_techniques\T1490\ransomware_notes\windows-sysmon.log
win-dc-129.attackrange.local,{989E6708-06BA-5FA9-BC00-000000008801},2020-11-09 09:07:05+00:00,1,1,0,0,0,0,0,0,0,1,0,0,0,0,0,0,0,1,T1490,ransomware_notes,data\datasets\splunk_attack_data\datasets\attack_techniques\T1490\ransomware_notes\windows-sysmon.log
win-dc-129.attackrange.local,{989E6708-06BB-5FA9-BD00-000000008801},2020-11-09 09:07:05+00:00,1,1,0,0,0,0,0,0,0,1,0,0,0,0,0,0,0,1,T1490,ransomware_notes,data\datasets\splunk_attack_data\datasets\attack_techniques\T1490\ransomware_notes\windows-sysmon.log
win-dc-129.attackrange.local,{989E6708-06BB-5FA9-BE00-000000008801},2020-11-09 09:07:05+00:00,1,1,0,0,0,0,0,0,0,1,0,0,0,0,0,0,0,1,T1490,ransomware_notes,data\datasets\splunk_attack_data\datasets\attack_techniques\T1490\ransomware_notes\windows-sysmon.log
win-dc-129.attackrange.local,{989E6708-06BD-5FA9-BF00-000000008801},2020-11-09 09:07:05+00:00,1,1,0,0,0,0,0,0,0,1,0,0,0,0,0,0,0,1,T1490,ransomware_notes,data\datasets\splunk_attack_data\datasets\attack_techniques\T1490\ransomware_notes\windows-sysmon.log
win-dc-129.attackrange.local,{989E6708-06C6-5FA9-C000-000000008801},2020-11-09 09:07:15+00:00,1,1,0,0,0,0,0,0,0,1,0,0,0,0,0,0,0,1,T1490,ransomware_notes,data\datasets\splunk_attack_data\datasets\attack_techniques\T1490\ransomware_notes\windows-sysmon.log
win-dc-129.attackrange.local,{989E6708-06C6-5FA9-C200-000000008801},2020-11-09 09:07:15+00:00,1,1,0,0,0,0,0,0,0,1,0,0,0,0,0,0,0,1,T1490,ransomware_notes,data\datasets\splunk_attack_data\datasets\attack_techniques\T1490\ransomware_notes\windows-sysmon.log
win-dc-129.attackrange.local,{989E6708-06C6-5FA9-C300-000000008801},2020-11-09 09:07:15+00:00,2,1,1,1,0,1,1,0,0,1,0,0,1,0,0,0,0,1,T1490,ransomware_notes,data\datasets\splunk_attack_data\datasets\attack_techniques\T1490\ransomware_notes\windows-sysmon.log
win-dc-129.attackrange.local,{989E6708-06C6-5FA9-C400-000000008801},2020-11-09 09:07:15+00:00,4,1,3,3,0,3,3,0,0,1,0,0,3,0,0,0,0,1,T1490,ransomware_notes,data\datasets\splunk_attack_data\datasets\attack_techniques\T1490\ransomware_notes\windows-sysmon.log
win-dc-129.attackrange.local,{989E6708-06C6-5FA9-C500-000000008801},2020-11-09 09:07:15+00:00,1,1,0,0,0,0,0,0,0,1,0,0,0,0,0,0,0,1,T1490,ransomware_notes,data\datasets\splunk_attack_data\datasets\attack_techniques\T1490\ransomware_notes\windows-sysmon.log
win-dc-129.attackrange.local,{989E6708-06C6-5FA9-C600-000000008801},2020-11-09 09:07:15+00:00,2,1,1,1,0,1,1,0,0,1,0,0,1,0,0,0,0,1,T1490,ransomware_notes,data\datasets\splunk_attack_data\datasets\attack_techniques\T1490\ransomware_notes\windows-sysmon.log
win-dc-129.attackrange.local,{989E6708-06C7-5FA9-C700-000000008801},2020-11-09 09:07:15+00:00,1,1,0,0,0,0,0,0,0,1,0,0,0,0,0,0,0,1,T1490,ransomware_notes,data\datasets\splunk_attack_data\datasets\attack_techniques\T1490\ransomware_notes\windows-sysmon.log
win-dc-129.attackrange.local,{989E6708-06C7-5FA9-C800-000000008801},2020-11-09 09:07:15+00:00,4,1,3,3,0,3,3,0,0,1,0,0,3,0,0,0,0,1,T1490,ransomware_notes,data\datasets\splunk_attack_data\datasets\attack_techniques\T1490\ransomware_notes\windows-sysmon.log
win-dc-129.attackrange.local,{989E6708-06C7-5FA9-C900-000000008801},2020-11-09 09:07:15+00:00,1,1,0,0,0,0,0,0,0,1,0,0,0,0,0,0,0,1,T1490,ransomware_notes,data\datasets\splunk_attack_data\datasets\attack_techniques\T1490\ransomware_notes\windows-sysmon.log
win-dc-129.attackrange.local,{989E6708-06C7-5FA9-CA00-000000008801},2020-11-09 09:07:15+00:00,1,1,0,0,0,0,0,0,0,1,0,0,0,0,0,0,0,1,T1490,ransomware_notes,data\datasets\splunk_attack_data\datasets\attack_techniques\T1490\ransomware_notes\windows-sysmon.log
win-dc-129.attackrange.local,{989E6708-06C7-5FA9-CB00-000000008801},2020-11-09 09:07:15+00:00,2,1,1,1,0,1,1,0,0,1,0,0,1,0,0,0,0,1,T1490,ransomware_notes,data\datasets\splunk_attack_data\datasets\attack_techniques\T1490\ransomware_notes\windows-sysmon.log
win-dc-129.attackrange.local,{989E6708-06C7-5FA9-CC00-000000008801},2020-11-09 09:07:15+00:00,1,1,0,0,0,0,0,0,0,1,0,0,0,0,0,0,0,1,T1490,ransomware_notes,data\datasets\splunk_attack_data\datasets\attack_techniques\T1490\ransomware_notes\windows-sysmon.log
win-dc-129.attackrange.local,{989E6708-06C8-5FA9-CD00-000000008801},2020-11-09 09:07:20+00:00,2,1,1,1,0,1,1,0,0,1,0,0,1,0,0,0,0,1,T1490,ransomware_notes,data\datasets\splunk_attack_data\datasets\attack_techniques\T1490\ransomware_notes\windows-sysmon.log
win-dc-129.attackrange.local,{989E6708-06C8-5FA9-CE00-000000008801},2020-11-09 09:07:20+00:00,1,1,0,0,0,0,0,0,0,1,0,0,0,0,0,0,0,1,T1490,ransomware_notes,data\datasets\splunk_attack_data\datasets\attack_techniques\T1490\ransomware_notes\windows-sysmon.log
win-dc-129.attackrange.local,{989E6708-06C8-5FA9-CF00-000000008801},2020-11-09 09:07:20+00:00,1,1,0,0,0,0,0,0,0,1,0,0,0,0,0,0,0,1,T1490,ransomware_notes,data\datasets\splunk_attack_data\datasets\attack_techniques\T1490\ransomware_notes\windows-sysmon.log
win-dc-129.attackrange.local,{989E6708-06C8-5FA9-D100-000000008801},2020-11-09 09:07:20+00:00,1,1,0,0,0,0,0,0,0,1,0,0,0,0,0,0,0,1,T1490,ransomware_notes,data\datasets\splunk_attack_data\datasets\attack_techniques\T1490\ransomware_notes\windows-sysmon.log
win-dc-129.attackrange.local,{989E6708-06C8-5FA9-D200-000000008801},2020-11-09 09:07:20+00:00,2,1,1,1,0,1,1,0,0,1,0,0,1,0,0,0,0,1,T1490,ransomware_notes,data\datasets\splunk_attack_data\datasets\attack_techniques\T1490\ransomware_notes\windows-sysmon.log
win-dc-129.attackrange.local,{989E6708-06C8-5FA9-D300-000000008801},2020-11-09 09:07:20+00:00,1,1,0,0,0,0,0,0,0,1,0,0,0,0,0,0,0,1,T1490,ransomware_notes,data\datasets\splunk_attack_data\datasets\attack_techniques\T1490\ransomware_notes\windows-sysmon.log
win-dc-129.attackrange.local,{989E6708-06C9-5FA9-D400-000000008801},2020-11-09 09:07:20+00:00,2,1,1,1,0,1,1,0,0,1,0,0,1,0,0,0,0,1,T1490,ransomware_notes,data\datasets\splunk_attack_data\datasets\attack_techniques\T1490\ransomware_notes\windows-sysmon.log
win-dc-129.attackrange.local,{989E6708-06C9-5FA9-D500-000000008801},2020-11-09 09:07:20+00:00,1,1,0,0,0,0,0,0,0,1,0,0,0,0,0,0,0,1,T1490,ransomware_notes,data\datasets\splunk_attack_data\datasets\attack_techniques\T1490\ransomware_notes\windows-sysmon.log
win-dc-129.attackrange.local,{989E6708-06C9-5FA9-D600-000000008801},2020-11-09 09:07:20+00:00,1,1,0,0,0,0,0,0,0,1,0,0,0,0,0,0,0,1,T1490,ransomware_notes,data\datasets\splunk_attack_data\datasets\attack_techniques\T1490\ransomware_notes\windows-sysmon.log
win-dc-129.attackrange.local,{989E6708-06C9-5FA9-D700-000000008801},2020-11-09 09:07:20+00:00,1,1,0,0,0,0,0,0,0,1,0,0,0,0,0,0,0,1,T1490,ransomware_notes,data\datasets\splunk_attack_data\datasets\attack_techniques\T1490\ransomware_notes\windows-sysmon.log
win-dc-129.attackrange.local,{989E6708-06C9-5FA9-D900-000000008801},2020-11-09 09:07:20+00:00,1,1,0,0,0,0,0,0,0,1,0,0,0,0,0,0,0,1,T1490,ransomware_notes,data\datasets\splunk_attack_data\datasets\attack_techniques\T1490\ransomware_notes\windows-sysmon.log
win-dc-129.attackrange.local,{989E6708-06C9-5FA9-DA00-000000008801},2020-11-09 09:07:20+00:00,2,1,1,1,0,1,1,0,0,1,0,0,1,0,0,0,0,1,T1490,ransomware_notes,data\datasets\splunk_attack_data\datasets\attack_techniques\T1490\ransomware_notes\windows-sysmon.log
win-dc-129.attackrange.local,{989E6708-06C9-5FA9-DB00-000000008801},2020-11-09 09:07:20+00:00,4,1,3,3,0,3,3,0,0,1,0,0,3,0,0,0,0,1,T1490,ransomware_notes,data\datasets\splunk_attack_data\datasets\attack_techniques\T1490\ransomware_notes\windows-sysmon.log
win-dc-129.attackrange.local,{989E6708-06CA-5FA9-DC00-000000008801},2020-11-09 09:07:20+00:00,1,1,0,0,0,0,0,0,0,1,0,0,0,0,0,0,0,1,T1490,ransomware_notes,data\datasets\splunk_attack_data\datasets\attack_techniques\T1490\ransomware_notes\windows-sysmon.log
win-dc-129.attackrange.local,{989E6708-06CA-5FA9-DD00-000000008801},2020-11-09 09:07:20+00:00,2,1,1,1,0,1,1,0,0,1,0,0,1,0,0,0,0,1,T1490,ransomware_notes,data\datasets\splunk_attack_data\datasets\attack_techniques\T1490\ransomware_notes\windows-sysmon.log
win-dc-129.attackrange.local,{989E6708-06CA-5FA9-DE00-000000008801},2020-11-09 09:07:20+00:00,1,1,0,0,0,0,0,0,0,1,0,0,0,0,0,0,0,1,T1490,ransomware_notes,data\datasets\splunk_attack_data\datasets\attack_techniques\T1490\ransomware_notes\windows-sysmon.log
win-dc-129.attackrange.local,{989E6708-06CA-5FA9-DF00-000000008801},2020-11-09 09:07:20+00:00,4,1,3,3,0,3,3,0,0,1,0,0,3,0,0,0,0,1,T1490,ransomware_notes,data\datasets\splunk_attack_data\datasets\attack_techniques\T1490\ransomware_notes\windows-sysmon.log
win-dc-129.attackrange.local,{989E6708-06CB-5FA9-E000-000000008801},2020-11-09 09:07:20+00:00,1,1,0,0,0,0,0,0,0,1,0,0,0,0,0,0,0,1,T1490,ransomware_notes,data\datasets\splunk_attack_data\datasets\attack_techniques\T1490\ransomware_notes\windows-sysmon.log
win-dc-129.attackrange.local,{989E6708-06CB-5FA9-E100-000000008801},2020-11-09 09:07:20+00:00,1,1,0,0,0,0,0,0,0,1,0,0,0,0,0,0,0,1,T1490,ransomware_notes,data\datasets\splunk_attack_data\datasets\attack_techniques\T1490\ransomware_notes\windows-sysmon.log
win-dc-129.attackrange.local,{989E6708-06CB-5FA9-E200-000000008801},2020-11-09 09:07:20+00:00,2,1,1,1,0,1,1,0,0,1,0,0,1,0,0,0,0,1,T1490,ransomware_notes,data\datasets\splunk_attack_data\datasets\attack_techniques\T1490\ransomware_notes\windows-sysmon.log
win-dc-129.attackrange.local,{989E6708-06CB-5FA9-E300-000000008801},2020-11-09 09:07:20+00:00,1,1,0,0,0,0,0,0,0,1,0,0,0,0,0,0,0,1,T1490,ransomware_notes,data\datasets\splunk_attack_data\datasets\attack_techniques\T1490\ransomware_notes\windows-sysmon.log
win-dc-129.attackrange.local,{989E6708-06CB-5FA9-E400-000000008801},2020-11-09 09:07:20+00:00,1,1,0,0,0,0,0,0,0,1,0,0,0,0,0,0,0,1,T1490,ransomware_notes,data\datasets\splunk_attack_data\datasets\attack_techniques\T1490\ransomware_notes\windows-sysmon.log
win-dc-129.attackrange.local,{989E6708-06CB-5FA9-E500-000000008801},2020-11-09 09:07:20+00:00,1,1,0,0,0,0,0,0,0,1,0,0,0,0,0,0,0,1,T1490,ransomware_notes,data\datasets\splunk_attack_data\datasets\attack_techniques\T1490\ransomware_notes\windows-sysmon.log
win-dc-129.attackrange.local,{989E6708-06CC-5FA9-E600-000000008801},2020-11-09 09:07:20+00:00,1,1,0,0,0,0,0,0,0,1,0,0,0,0,0,0,0,1,T1490,ransomware_notes,data\datasets\splunk_attack_data\datasets\attack_techniques\T1490\ransomware_notes\windows-sysmon.log
win-dc-129.attackrange.local,{989E6708-06CC-5FA9-E700-000000008801},2020-11-09 09:07:20+00:00,1,1,0,0,0,0,0,0,0,1,0,0,0,0,0,0,0,1,T1490,ransomware_notes,data\datasets\splunk_attack_data\datasets\attack_techniques\T1490\ransomware_notes\windows-sysmon.log
win-dc-129.attackrange.local,{989E6708-06CC-5FA9-E800-000000008801},2020-11-09 09:07:20+00:00,1,1,0,0,0,0,0,0,0,1,0,0,0,0,0,0,0,1,T1490,ransomware_notes,data\datasets\splunk_attack_data\datasets\attack_techniques\T1490\ransomware_notes\windows-sysmon.log
win-dc-129.attackrange.local,{989E6708-06CC-5FA9-E900-000000008801},2020-11-09 09:07:20+00:00,1,1,0,0,0,0,0,0,0,1,0,0,0,0,0,0,0,1,T1490,ransomware_notes,data\datasets\splunk_attack_data\datasets\attack_techniques\T1490\ransomware_notes\windows-sysmon.log
win-dc-129.attackrange.local,{989E6708-06CC-5FA9-EA00-000000008801},2020-11-09 09:07:20+00:00,1,1,0,0,0,0,0,0,0,1,0,0,0,0,0,0,0,1,T1490,ransomware_notes,data\datasets\splunk_attack_data\datasets\attack_techniques\T1490\ransomware_notes\windows-sysmon.log
win-dc-129.attackrange.local,{989E6708-06CC-5FA9-EB00-000000008801},2020-11-09 09:07:20+00:00,1,1,0,0,0,0,0,0,0,1,0,0,0,0,0,0,0,1,T1490,ransomware_notes,data\datasets\splunk_attack_data\datasets\attack_techniques\T1490\ransomware_notes\windows-sysmon.log
win-dc-129.attackrange.local,{989E6708-06CC-5FA9-EC00-000000008801},2020-11-09 09:07:20+00:00,2,1,1,1,0,1,1,0,0,1,0,0,1,0,0,0,0,1,T1490,ransomware_notes,data\datasets\splunk_attack_data\datasets\attack_techniques\T1490\ransomware_notes\windows-sysmon.log
win-dc-129.attackrange.local,{989E6708-06CC-5FA9-ED00-000000008801},2020-11-09 09:07:20+00:00,1,1,0,0,0,0,0,0,0,1,0,0,0,0,0,0,0,1,T1490,ransomware_notes,data\datasets\splunk_attack_data\datasets\attack_techniques\T1490\ransomware_notes\windows-sysmon.log
win-dc-129.attackrange.local,{989E6708-06F2-5FA9-EF00-000000008801},2020-11-09 09:08:00+00:00,1,1,0,0,0,0,0,0,0,1,0,0,0,0,0,0,0,1,T1490,ransomware_notes,data\datasets\splunk_attack_data\datasets\attack_techniques\T1490\ransomware_notes\windows-sysmon.log
win-dc-129.attackrange.local,{989E6708-06F3-5FA9-F000-000000008801},2020-11-09 09:08:00+00:00,1,1,0,0,0,0,0,0,0,1,0,0,0,0,0,0,0,1,T1490,ransomware_notes,data\datasets\splunk_attack_data\datasets\attack_techniques\T1490\ransomware_notes\windows-sysmon.log
win-dc-129.attackrange.local,{989E6708-06F4-5FA9-F100-000000008801},2020-11-09 09:08:00+00:00,1,1,0,0,0,0,0,0,0,1,0,0,0,0,0,0,0,1,T1490,ransomware_notes,data\datasets\splunk_attack_data\datasets\attack_techniques\T1490\ransomware_notes\windows-sysmon.log
win-dc-129.attackrange.local,{989E6708-06F6-5FA9-F200-000000008801},2020-11-09 09:08:05+00:00,1,1,0,0,0,0,0,0,0,1,0,0,0,0,0,0,0,1,T1490,ransomware_notes,data\datasets\splunk_attack_data\datasets\attack_techniques\T1490\ransomware_notes\windows-sysmon.log
win-dc-129.attackrange.local,{989E6708-06F6-5FA9-F300-000000008801},2020-11-09 09:08:05+00:00,1,1,0,0,0,0,0,0,0,1,0,0,0,0,0,0,0,1,T1490,ransomware_notes,data\datasets\splunk_attack_data\datasets\attack_techniques\T1490\ransomware_notes\windows-sysmon.log
win-dc-129.attackrange.local,{989E6708-06F7-5FA9-F400-000000008801},2020-11-09 09:08:05+00:00,1,1,0,0,0,0,0,0,0,1,0,0,0,0,0,0,0,1,T1490,ransomware_notes,data\datasets\splunk_attack_data\datasets\attack_techniques\T1490\ransomware_notes\windows-sysmon.log
win-dc-129.attackrange.local,{989E6708-06F7-5FA9-F500-000000008801},2020-11-09 09:08:05+00:00,1,1,0,0,0,0,0,0,0,1,0,0,0,0,0,0,0,1,T1490,ransomware_notes,data\datasets\splunk_attack_data\datasets\attack_techniques\T1490\ransomware_notes\windows-sysmon.log
win-dc-129.attackrange.local,{989E6708-06F9-5FA9-F700-000000008801},2020-11-09 09:08:05+00:00,1,1,0,0,0,0,0,0,0,1,0,0,0,0,0,0,0,1,T1490,ransomware_notes,data\datasets\splunk_attack_data\datasets\attack_techniques\T1490\ransomware_notes\windows-sysmon.log
win-dc-129.attackrange.local,{989E6708-0707-5FA9-F800-000000008801},2020-11-09 09:08:20+00:00,1,1,0,0,0,0,0,0,0,1,0,0,0,0,0,0,0,1,T1490,ransomware_notes,data\datasets\splunk_attack_data\datasets\attack_techniques\T1490\ransomware_notes\windows-sysmon.log
win-dc-129.attackrange.local,{989E6708-0707-5FA9-F900-000000008801},2020-11-09 09:08:20+00:00,1,1,0,0,0,0,0,0,0,1,0,0,0,0,0,0,0,1,T1490,ransomware_notes,data\datasets\splunk_attack_data\datasets\attack_techniques\T1490\ransomware_notes\windows-sysmon.log
win-dc-129.attackrange.local,{989E6708-0707-5FA9-FA00-000000008801},2020-11-09 09:08:20+00:00,1,1,0,0,0,0,0,0,0,1,0,0,0,0,0,0,0,1,T1490,ransomware_notes,data\datasets\splunk_attack_data\datasets\attack_techniques\T1490\ransomware_notes\windows-sysmon.log
win-dc-129.attackrange.local,{989E6708-0707-5FA9-FB00-000000008801},2020-11-09 09:08:20+00:00,1,1,0,0,0,0,0,0,0,1,0,0,0,0,0,0,0,1,T1490,ransomware_notes,data\datasets\splunk_attack_data\datasets\attack_techniques\T1490\ransomware_notes\windows-sysmon.log
win-dc-129.attackrange.local,{989E6708-0707-5FA9-FC00-000000008801},2020-11-09 09:08:20+00:00,1,1,0,0,0,0,0,0,0,1,0,0,0,0,0,0,0,1,T1490,ransomware_notes,data\datasets\splunk_attack_data\datasets\attack_techniques\T1490\ransomware_notes\windows-sysmon.log
win-dc-129.attackrange.local,{989E6708-0707-5FA9-FD00-000000008801},2020-11-09 09:08:20+00:00,1,1,0,0,0,0,0,0,0,1,0,0,0,0,0,0,0,1,T1490,ransomware_notes,data\datasets\splunk_attack_data\datasets\attack_techniques\T1490\ransomware_notes\windows-sysmon.log
win-dc-129.attackrange.local,{989E6708-0707-5FA9-FE00-000000008801},2020-11-09 09:08:20+00:00,1,1,0,0,0,0,0,0,0,1,0,0,0,0,0,0,0,1,T1490,ransomware_notes,data\datasets\splunk_attack_data\datasets\attack_techniques\T1490\ransomware_notes\windows-sysmon.log
win-dc-129.attackrange.local,{989E6708-0707-5FA9-FF00-000000008801},2020-11-09 09:08:20+00:00,1,1,0,0,0,0,0,0,0,1,0,0,0,0,0,0,0,1,T1490,ransomware_notes,data\datasets\splunk_attack_data\datasets\attack_techniques\T1490\ransomware_notes\windows-sysmon.log
win-dc-129.attackrange.local,{989E6708-0708-5FA9-0001-000000008801},2020-11-09 09:08:20+00:00,1,1,0,0,0,0,0,0,0,1,0,0,0,0,0,0,0,1,T1490,ransomware_notes,data\datasets\splunk_attack_data\datasets\attack_techniques\T1490\ransomware_notes\windows-sysmon.log
win-dc-129.attackrange.local,{989E6708-070A-5FA9-0301-000000008801},2020-11-09 09:08:25+00:00,1,1,0,0,0,0,0,0,0,1,0,0,0,0,0,0,0,1,T1490,ransomware_notes,data\datasets\splunk_attack_data\datasets\attack_techniques\T1490\ransomware_notes\windows-sysmon.log
win-dc-129.attackrange.local,{989E6708-070A-5FA9-0401-000000008801},2020-11-09 09:08:25+00:00,1,1,0,0,0,0,0,0,0,1,0,0,0,0,0,0,0,1,T1490,ransomware_notes,data\datasets\splunk_attack_data\datasets\attack_techniques\T1490\ransomware_notes\windows-sysmon.log
win-dc-129.attackrange.local,{989E6708-070A-5FA9-0501-000000008801},2020-11-09 09:08:25+00:00,1,1,0,0,0,0,0,0,0,1,0,0,0,0,0,0,0,1,T1490,ransomware_notes,data\datasets\splunk_attack_data\datasets\attack_techniques\T1490\ransomware_notes\windows-sysmon.log
win-dc-129.attackrange.local,{989E6708-070A-5FA9-0601-000000008801},2020-11-09 09:08:25+00:00,1,1,0,0,0,0,0,0,0,1,0,0,0,0,0,0,0,1,T1490,ransomware_notes,data\datasets\splunk_attack_data\datasets\attack_techniques\T1490\ransomware_notes\windows-sysmon.log
win-dc-129.attackrange.local,{989E6708-070A-5FA9-0701-000000008801},2020-11-09 09:08:25+00:00,1,1,0,0,0,0,0,0,0,1,0,0,0,0,0,0,0,1,T1490,ransomware_notes,data\datasets\splunk_attack_data\datasets\attack_techniques\T1490\ransomware_notes\windows-sysmon.log
win-dc-129.attackrange.local,{989E6708-070A-5FA9-0801-000000008801},2020-11-09 09:08:25+00:00,1,1,0,0,0,0,0,0,0,1,0,0,0,0,0,0,0,1,T1490,ransomware_notes,data\datasets\splunk_attack_data\datasets\attack_techniques\T1490\ransomware_notes\windows-sysmon.log
win-dc-129.attackrange.local,{989E6708-070A-5FA9-0901-000000008801},2020-11-09 09:08:25+00:00,1,1,0,0,0,0,0,0,0,1,0,0,0,0,0,0,0,1,T1490,ransomware_notes,data\datasets\splunk_attack_data\datasets\attack_techniques\T1490\ransomware_notes\windows-sysmon.log
win-dc-129.attackrange.local,{989E6708-070A-5FA9-0A01-000000008801},2020-11-09 09:08:25+00:00,1,1,0,0,0,0,0,0,0,1,0,0,0,0,0,0,0,1,T1490,ransomware_notes,data\datasets\splunk_attack_data\datasets\attack_techniques\T1490\ransomware_notes\windows-sysmon.log
win-dc-129.attackrange.local,{989E6708-070A-5FA9-0B01-000000008801},2020-11-09 09:08:25+00:00,1,1,0,0,0,0,0,0,0,1,0,0,0,0,0,0,0,1,T1490,ransomware_notes,data\datasets\splunk_attack_data\datasets\attack_techniques\T1490\ransomware_notes\windows-sysmon.log
win-dc-129.attackrange.local,{989E6708-070B-5FA9-0C01-000000008801},2020-11-09 09:08:25+00:00,1,1,0,0,0,0,0,0,0,1,0,0,0,0,0,0,0,1,T1490,ransomware_notes,data\datasets\splunk_attack_data\datasets\attack_techniques\T1490\ransomware_notes\windows-sysmon.log
win-dc-129.attackrange.local,{989E6708-070B-5FA9-0D01-000000008801},2020-11-09 09:08:25+00:00,1,1,0,0,0,0,0,0,0,1,0,0,0,0,0,0,0,1,T1490,ransomware_notes,data\datasets\splunk_attack_data\datasets\attack_techniques\T1490\ransomware_notes\windows-sysmon.log
win-dc-129.attackrange.local,{989E6708-070B-5FA9-0F01-000000008801},2020-11-09 09:08:25+00:00,1,1,0,0,0,0,0,0,0,1,0,0,0,0,0,0,0,1,T1490,ransomware_notes,data\datasets\splunk_attack_data\datasets\attack_techniques\T1490\ransomware_notes\windows-sysmon.log
win-dc-129.attackrange.local,{989E6708-070B-5FA9-1101-000000008801},2020-11-09 09:08:25+00:00,1,1,0,0,0,0,0,0,0,1,0,0,0,0,0,0,0,1,T1490,ransomware_notes,data\datasets\splunk_attack_data\datasets\attack_techniques\T1490\ransomware_notes\windows-sysmon.log
win-dc-129.attackrange.local,{989E6708-070B-5FA9-1201-000000008801},2020-11-09 09:08:25+00:00,1,1,0,0,0,0,0,0,0,1,0,0,0,0,0,0,0,1,T1490,ransomware_notes,data\datasets\splunk_attack_data\datasets\attack_techniques\T1490\ransomware_notes\windows-sysmon.log
win-dc-129.attackrange.local,{989E6708-070B-5FA9-1301-000000008801},2020-11-09 09:08:25+00:00,1,1,0,0,0,0,0,0,0,1,0,0,0,0,0,0,0,1,T1490,ransomware_notes,data\datasets\splunk_attack_data\datasets\attack_techniques\T1490\ransomware_notes\windows-sysmon.log
win-dc-129.attackrange.local,{989E6708-070B-5FA9-1401-000000008801},2020-11-09 09:08:25+00:00,1,1,0,0,0,0,0,0,0,1,0,0,0,0,0,0,0,1,T1490,ransomware_notes,data\datasets\splunk_attack_data\datasets\attack_techniques\T1490\ransomware_notes\windows-sysmon.log
win-dc-129.attackrange.local,{989E6708-070B-5FA9-1501-000000008801},2020-11-09 09:08:25+00:00,1,1,0,0,0,0,0,0,0,1,0,0,0,0,0,0,0,1,T1490,ransomware_notes,data\datasets\splunk_attack_data\datasets\attack_techniques\T1490\ransomware_notes\windows-sysmon.log
win-dc-129.attackrange.local,{989E6708-070B-5FA9-1601-000000008801},2020-11-09 09:08:25+00:00,1,1,0,0,0,0,0,0,0,1,0,0,0,0,0,0,0,1,T1490,ransomware_notes,data\datasets\splunk_attack_data\datasets\attack_techniques\T1490\ransomware_notes\windows-sysmon.log
win-dc-129.attackrange.local,{989E6708-070B-5FA9-1701-000000008801},2020-11-09 09:08:25+00:00,1,1,0,0,0,0,0,0,0,1,0,0,0,0,0,0,0,1,T1490,ransomware_notes,data\datasets\splunk_attack_data\datasets\attack_techniques\T1490\ransomware_notes\windows-sysmon.log
win-dc-129.attackrange.local,{989E6708-070B-5FA9-1801-000000008801},2020-11-09 09:08:25+00:00,1,1,0,0,0,0,0,0,0,1,0,0,0,0,0,0,0,1,T1490,ransomware_notes,data\datasets\splunk_attack_data\datasets\attack_techniques\T1490\ransomware_notes\windows-sysmon.log
win-dc-129.attackrange.local,{989E6708-070C-5FA9-1901-000000008801},2020-11-09 09:08:25+00:00,1,1,0,0,0,0,0,0,0,1,0,0,0,0,0,0,0,1,T1490,ransomware_notes,data\datasets\splunk_attack_data\datasets\attack_techniques\T1490\ransomware_notes\windows-sysmon.log
win-dc-129.attackrange.local,{989E6708-070C-5FA9-1A01-000000008801},2020-11-09 09:08:25+00:00,1,1,0,0,0,0,0,0,0,1,0,0,0,0,0,0,0,1,T1490,ransomware_notes,data\datasets\splunk_attack_data\datasets\attack_techniques\T1490\ransomware_notes\windows-sysmon.log
win-dc-129.attackrange.local,{989E6708-070C-5FA9-1B01-000000008801},2020-11-09 09:08:25+00:00,1,1,0,0,0,0,0,0,0,1,0,0,0,0,0,0,0,1,T1490,ransomware_notes,data\datasets\splunk_attack_data\datasets\attack_techniques\T1490\ransomware_notes\windows-sysmon.log
win-dc-129.attackrange.local,{989E6708-070C-5FA9-1C01-000000008801},2020-11-09 09:08:25+00:00,1,1,0,0,0,0,0,0,0,1,0,0,0,0,0,0,0,1,T1490,ransomware_notes,data\datasets\splunk_attack_data\datasets\attack_techniques\T1490\ransomware_notes\windows-sysmon.log
win-dc-129.attackrange.local,{989E6708-070C-5FA9-1D01-000000008801},2020-11-09 09:08:25+00:00,1,1,0,0,0,0,0,0,0,1,0,0,0,0,0,0,0,1,T1490,ransomware_notes,data\datasets\splunk_attack_data\datasets\attack_techniques\T1490\ransomware_notes\windows-sysmon.log
win-dc-129.attackrange.local,{989E6708-070C-5FA9-1E01-000000008801},2020-11-09 09:08:25+00:00,1,1,0,0,0,0,0,0,0,1,0,0,0,0,0,0,0,1,T1490,ransomware_notes,data\datasets\splunk_attack_data\datasets\attack_techniques\T1490\ransomware_notes\windows-sysmon.log
win-dc-129.attackrange.local,{989E6708-070C-5FA9-1F01-000000008801},2020-11-09 09:08:25+00:00,1,1,0,0,0,0,0,0,0,1,0,0,0,0,0,0,0,1,T1490,ransomware_notes,data\datasets\splunk_attack_data\datasets\attack_techniques\T1490\ransomware_notes\windows-sysmon.log
win-dc-129.attackrange.local,{989E6708-070D-5FA9-2001-000000008801},2020-11-09 09:08:25+00:00,1,1,0,0,0,0,0,0,0,1,0,0,0,0,0,0,0,1,T1490,ransomware_notes,data\datasets\splunk_attack_data\datasets\attack_techniques\T1490\ransomware_notes\windows-sysmon.log
win-dc-129.attackrange.local,{989E6708-070D-5FA9-2101-000000008801},2020-11-09 09:08:25+00:00,1,1,0,0,0,0,0,0,0,1,0,0,0,0,0,0,0,1,T1490,ransomware_notes,data\datasets\splunk_attack_data\datasets\attack_techniques\T1490\ransomware_notes\windows-sysmon.log
win-dc-129.attackrange.local,{989E6708-070D-5FA9-2201-000000008801},2020-11-09 09:08:25+00:00,1,1,0,0,0,0,0,0,0,1,0,0,0,0,0,0,0,1,T1490,ransomware_notes,data\datasets\splunk_attack_data\datasets\attack_techniques\T1490\ransomware_notes\windows-sysmon.log
win-dc-129.attackrange.local,{989E6708-070D-5FA9-2301-000000008801},2020-11-09 09:08:25+00:00,1,1,0,0,0,0,0,0,0,1,0,0,0,0,0,0,0,1,T1490,ransomware_notes,data\datasets\splunk_attack_data\datasets\attack_techniques\T1490\ransomware_notes\windows-sysmon.log
win-dc-129.attackrange.local,{989E6708-070D-5FA9-2401-000000008801},2020-11-09 09:08:25+00:00,1,1,0,0,0,0,0,0,0,1,0,0,0,0,0,0,0,1,T1490,ransomware_notes,data\datasets\splunk_attack_data\datasets\attack_techniques\T1490\ransomware_notes\windows-sysmon.log
win-dc-129.attackrange.local,{989E6708-070D-5FA9-2501-000000008801},2020-11-09 09:08:25+00:00,1,1,0,0,0,0,0,0,0,1,0,0,0,0,0,0,0,1,T1490,ransomware_notes,data\datasets\splunk_attack_data\datasets\attack_techniques\T1490\ransomware_notes\windows-sysmon.log
win-dc-129.attackrange.local,{989E6708-070D-5FA9-2601-000000008801},2020-11-09 09:08:25+00:00,1,1,0,0,0,0,0,0,0,1,0,0,0,0,0,0,0,1,T1490,ransomware_notes,data\datasets\splunk_attack_data\datasets\attack_techniques\T1490\ransomware_notes\windows-sysmon.log
win-dc-129.attackrange.local,{989E6708-070E-5FA9-2701-000000008801},2020-11-09 09:08:30+00:00,1,1,0,0,0,0,0,0,0,1,0,0,0,0,0,0,0,1,T1490,ransomware_notes,data\datasets\splunk_attack_data\datasets\attack_techniques\T1490\ransomware_notes\windows-sysmon.log
win-dc-129.attackrange.local,{989E6708-070E-5FA9-2801-000000008801},2020-11-09 09:08:30+00:00,1,1,0,0,0,0,0,0,0,1,0,0,0,0,0,0,0,1,T1490,ransomware_notes,data\datasets\splunk_attack_data\datasets\attack_techniques\T1490\ransomware_notes\windows-sysmon.log
win-dc-129.attackrange.local,{989E6708-070E-5FA9-2901-000000008801},2020-11-09 09:08:30+00:00,1,1,0,0,0,0,0,0,0,1,0,0,0,0,0,0,0,1,T1490,ransomware_notes,data\datasets\splunk_attack_data\datasets\attack_techniques\T1490\ransomware_notes\windows-sysmon.log
win-dc-129.attackrange.local,{989E6708-070E-5FA9-2A01-000000008801},2020-11-09 09:08:30+00:00,1,1,0,0,0,0,0,0,0,1,0,0,0,0,0,0,0,1,T1490,ransomware_notes,data\datasets\splunk_attack_data\datasets\attack_techniques\T1490\ransomware_notes\windows-sysmon.log
win-dc-129.attackrange.local,{989E6708-070E-5FA9-2B01-000000008801},2020-11-09 09:08:30+00:00,1,1,0,0,0,0,0,0,0,1,0,0,0,0,0,0,0,1,T1490,ransomware_notes,data\datasets\splunk_attack_data\datasets\attack_techniques\T1490\ransomware_notes\windows-sysmon.log
win-dc-129.attackrange.local,{989E6708-070E-5FA9-2C01-000000008801},2020-11-09 09:08:30+00:00,1,1,0,0,0,0,0,0,0,1,0,0,0,0,0,0,0,1,T1490,ransomware_notes,data\datasets\splunk_attack_data\datasets\attack_techniques\T1490\ransomware_notes\windows-sysmon.log
win-dc-129.attackrange.local,{989E6708-070E-5FA9-2D01-000000008801},2020-11-09 09:08:30+00:00,1,1,0,0,0,0,0,0,0,1,0,0,0,0,0,0,0,1,T1490,ransomware_notes,data\datasets\splunk_attack_data\datasets\attack_techniques\T1490\ransomware_notes\windows-sysmon.log
win-dc-129.attackrange.local,{989E6708-070E-5FA9-2E01-000000008801},2020-11-09 09:08:30+00:00,1,1,0,0,0,0,0,0,0,1,0,0,0,0,0,0,0,1,T1490,ransomware_notes,data\datasets\splunk_attack_data\datasets\attack_techniques\T1490\ransomware_notes\windows-sysmon.log
win-dc-129.attackrange.local,{989E6708-070F-5FA9-2F01-000000008801},2020-11-09 09:08:30+00:00,1,1,0,0,0,0,0,0,0,1,0,0,0,0,0,0,0,1,T1490,ransomware_notes,data\datasets\splunk_attack_data\datasets\attack_techniques\T1490\ransomware_notes\windows-sysmon.log
win-dc-129.attackrange.local,{989E6708-070F-5FA9-3001-000000008801},2020-11-09 09:08:30+00:00,1,1,0,0,0,0,0,0,0,1,0,0,0,0,0,0,0,1,T1490,ransomware_notes,data\datasets\splunk_attack_data\datasets\attack_techniques\T1490\ransomware_notes\windows-sysmon.log
win-dc-129.attackrange.local,{989E6708-070F-5FA9-3101-000000008801},2020-11-09 09:08:30+00:00,1,1,0,0,0,0,0,0,0,1,0,0,0,0,0,0,0,1,T1490,ransomware_notes,data\datasets\splunk_attack_data\datasets\attack_techniques\T1490\ransomware_notes\windows-sysmon.log
win-dc-129.attackrange.local,{989E6708-070F-5FA9-3201-000000008801},2020-11-09 09:08:30+00:00,1,1,0,0,0,0,0,0,0,1,0,0,0,0,0,0,0,1,T1490,ransomware_notes,data\datasets\splunk_attack_data\datasets\attack_techniques\T1490\ransomware_notes\windows-sysmon.log
win-dc-129.attackrange.local,{989E6708-070F-5FA9-3301-000000008801},2020-11-09 09:08:30+00:00,1,1,0,0,0,0,0,0,0,1,0,0,0,0,0,0,0,1,T1490,ransomware_notes,data\datasets\splunk_attack_data\datasets\attack_techniques\T1490\ransomware_notes\windows-sysmon.log
win-dc-129.attackrange.local,{989E6708-070F-5FA9-3401-000000008801},2020-11-09 09:08:30+00:00,1,1,0,0,0,0,0,0,0,1,0,0,0,0,0,0,0,1,T1490,ransomware_notes,data\datasets\splunk_attack_data\datasets\attack_techniques\T1490\ransomware_notes\windows-sysmon.log
win-dc-129.attackrange.local,{989E6708-070F-5FA9-3501-000000008801},2020-11-09 09:08:30+00:00,1,1,0,0,0,0,0,0,0,1,0,0,0,0,0,0,0,1,T1490,ransomware_notes,data\datasets\splunk_attack_data\datasets\attack_techniques\T1490\ransomware_notes\windows-sysmon.log
win-dc-129.attackrange.local,{989E6708-070F-5FA9-3601-000000008801},2020-11-09 09:08:30+00:00,1,1,0,0,0,0,0,0,0,1,0,0,0,0,0,0,0,1,T1490,ransomware_notes,data\datasets\splunk_attack_data\datasets\attack_techniques\T1490\ransomware_notes\windows-sysmon.log
win-dc-129.attackrange.local,{989E6708-070F-5FA9-3701-000000008801},2020-11-09 09:08:30+00:00,1,1,0,0,0,0,0,0,0,1,0,0,0,0,0,0,0,1,T1490,ransomware_notes,data\datasets\splunk_attack_data\datasets\attack_techniques\T1490\ransomware_notes\windows-sysmon.log
win-dc-129.attackrange.local,{989E6708-0710-5FA9-3801-000000008801},2020-11-09 09:08:30+00:00,1,1,0,0,0,0,0,0,0,1,0,0,0,0,0,0,0,1,T1490,ransomware_notes,data\datasets\splunk_attack_data\datasets\attack_techniques\T1490\ransomware_notes\windows-sysmon.log
win-dc-129.attackrange.local,{989E6708-0710-5FA9-3901-000000008801},2020-11-09 09:08:30+00:00,1,1,0,0,0,0,0,0,0,1,0,0,0,0,0,0,0,1,T1490,ransomware_notes,data\datasets\splunk_attack_data\datasets\attack_techniques\T1490\ransomware_notes\windows-sysmon.log
win-dc-129.attackrange.local,{989E6708-0712-5FA9-3A01-000000008801},2020-11-09 09:08:30+00:00,1,1,0,0,0,0,0,0,0,1,0,0,0,0,0,0,0,1,T1490,ransomware_notes,data\datasets\splunk_attack_data\datasets\attack_techniques\T1490\ransomware_notes\windows-sysmon.log
win-dc-129.attackrange.local,{989E6708-0712-5FA9-3C01-000000008801},2020-11-09 09:08:30+00:00,1,1,0,0,0,0,0,0,0,1,0,0,0,0,0,0,0,1,T1490,ransomware_notes,data\datasets\splunk_attack_data\datasets\attack_techniques\T1490\ransomware_notes\windows-sysmon.log
win-dc-129.attackrange.local,{989E6708-0712-5FA9-3D01-000000008801},2020-11-09 09:08:30+00:00,2,1,1,1,0,1,1,0,0,1,0,0,1,0,0,0,0,1,T1490,ransomware_notes,data\datasets\splunk_attack_data\datasets\attack_techniques\T1490\ransomware_notes\windows-sysmon.log
win-dc-129.attackrange.local,{989E6708-0712-5FA9-3E01-000000008801},2020-11-09 09:08:30+00:00,4,1,3,3,0,3,3,0,0,1,0,0,3,0,0,0,0,1,T1490,ransomware_notes,data\datasets\splunk_attack_data\datasets\attack_techniques\T1490\ransomware_notes\windows-sysmon.log
win-dc-129.attackrange.local,{989E6708-0712-5FA9-3F01-000000008801},2020-11-09 09:08:30+00:00,1,1,0,0,0,0,0,0,0,1,0,0,0,0,0,0,0,1,T1490,ransomware_notes,data\datasets\splunk_attack_data\datasets\attack_techniques\T1490\ransomware_notes\windows-sysmon.log
win-dc-129.attackrange.local,{989E6708-0712-5FA9-4001-000000008801},2020-11-09 09:08:30+00:00,2,1,1,1,0,1,1,0,0,1,0,0,1,0,0,0,0,1,T1490,ransomware_notes,data\datasets\splunk_attack_data\datasets\attack_techniques\T1490\ransomware_notes\windows-sysmon.log
win-dc-129.attackrange.local,{989E6708-0712-5FA9-4101-000000008801},2020-11-09 09:08:30+00:00,1,1,0,0,0,0,0,0,0,1,0,0,0,0,0,0,0,1,T1490,ransomware_notes,data\datasets\splunk_attack_data\datasets\attack_techniques\T1490\ransomware_notes\windows-sysmon.log
win-dc-129.attackrange.local,{989E6708-0713-5FA9-4201-000000008801},2020-11-09 09:08:35+00:00,4,1,3,3,0,3,3,0,0,1,0,0,3,0,0,0,0,1,T1490,ransomware_notes,data\datasets\splunk_attack_data\datasets\attack_techniques\T1490\ransomware_notes\windows-sysmon.log
win-dc-129.attackrange.local,{989E6708-0713-5FA9-4301-000000008801},2020-11-09 09:08:35+00:00,1,1,0,0,0,0,0,0,0,1,0,0,0,0,0,0,0,1,T1490,ransomware_notes,data\datasets\splunk_attack_data\datasets\attack_techniques\T1490\ransomware_notes\windows-sysmon.log
win-dc-129.attackrange.local,{989E6708-0713-5FA9-4401-000000008801},2020-11-09 09:08:35+00:00,1,1,0,0,0,0,0,0,0,1,0,0,0,0,0,0,0,1,T1490,ransomware_notes,data\datasets\splunk_attack_data\datasets\attack_techniques\T1490\ransomware_notes\windows-sysmon.log
win-dc-129.attackrange.local,{989E6708-0713-5FA9-4501-000000008801},2020-11-09 09:08:35+00:00,1,1,0,0,0,0,0,0,0,1,0,0,0,0,0,0,0,1,T1490,ransomware_notes,data\datasets\splunk_attack_data\datasets\attack_techniques\T1490\ransomware_notes\windows-sysmon.log
win-dc-129.attackrange.local,{989E6708-0713-5FA9-4601-000000008801},2020-11-09 09:08:35+00:00,2,1,1,1,0,1,1,0,0,1,0,0,1,0,0,0,0,1,T1490,ransomware_notes,data\datasets\splunk_attack_data\datasets\attack_techniques\T1490\ransomware_notes\windows-sysmon.log
win-dc-129.attackrange.local,{989E6708-0713-5FA9-4701-000000008801},2020-11-09 09:08:35+00:00,1,1,0,0,0,0,0,0,0,1,0,0,0,0,0,0,0,1,T1490,ransomware_notes,data\datasets\splunk_attack_data\datasets\attack_techniques\T1490\ransomware_notes\windows-sysmon.log
win-dc-129.attackrange.local,{989E6708-0713-5FA9-4801-000000008801},2020-11-09 09:08:35+00:00,1,1,0,0,0,0,0,0,0,1,0,0,0,0,0,0,0,1,T1490,ransomware_notes,data\datasets\splunk_attack_data\datasets\attack_techniques\T1490\ransomware_notes\windows-sysmon.log
win-dc-129.attackrange.local,{989E6708-0714-5FA9-4901-000000008801},2020-11-09 09:08:35+00:00,1,1,0,0,0,0,0,0,0,1,0,0,0,0,0,0,0,1,T1490,ransomware_notes,data\datasets\splunk_attack_data\datasets\attack_techniques\T1490\ransomware_notes\windows-sysmon.log
win-dc-129.attackrange.local,{989E6708-0714-5FA9-4A01-000000008801},2020-11-09 09:08:35+00:00,1,1,0,0,0,0,0,0,0,1,0,0,0,0,0,0,0,1,T1490,ransomware_notes,data\datasets\splunk_attack_data\datasets\attack_techniques\T1490\ransomware_notes\windows-sysmon.log
win-dc-129.attackrange.local,{989E6708-0714-5FA9-4B01-000000008801},2020-11-09 09:08:35+00:00,1,1,0,0,0,0,0,0,0,1,0,0,0,0,0,0,0,1,T1490,ransomware_notes,data\datasets\splunk_attack_data\datasets\attack_techniques\T1490\ransomware_notes\windows-sysmon.log
win-dc-129.attackrange.local,{989E6708-0714-5FA9-4C01-000000008801},2020-11-09 09:08:35+00:00,1,1,0,0,0,0,0,0,0,1,0,0,0,0,0,0,0,1,T1490,ransomware_notes,data\datasets\splunk_attack_data\datasets\attack_techniques\T1490\ransomware_notes\windows-sysmon.log
win-dc-129.attackrange.local,{989E6708-0714-5FA9-4D01-000000008801},2020-11-09 09:08:35+00:00,1,1,0,0,0,0,0,0,0,1,0,0,0,0,0,0,0,1,T1490,ransomware_notes,data\datasets\splunk_attack_data\datasets\attack_techniques\T1490\ransomware_notes\windows-sysmon.log
win-dc-129.attackrange.local,{989E6708-0714-5FA9-4E01-000000008801},2020-11-09 09:08:35+00:00,1,1,0,0,0,0,0,0,0,1,0,0,0,0,0,0,0,1,T1490,ransomware_notes,data\datasets\splunk_attack_data\datasets\attack_techniques\T1490\ransomware_notes\windows-sysmon.log
win-dc-129.attackrange.local,{989E6708-0714-5FA9-4F01-000000008801},2020-11-09 09:08:35+00:00,2,1,1,1,0,1,1,0,0,1,0,0,1,0,0,0,0,1,T1490,ransomware_notes,data\datasets\splunk_attack_data\datasets\attack_techniques\T1490\ransomware_notes\windows-sysmon.log
win-dc-129.attackrange.local,{989E6708-0714-5FA9-5001-000000008801},2020-11-09 09:08:35+00:00,1,1,0,0,0,0,0,0,0,1,0,0,0,0,0,0,0,1,T1490,ransomware_notes,data\datasets\splunk_attack_data\datasets\attack_techniques\T1490\ransomware_notes\windows-sysmon.log
win-dc-129.attackrange.local,{989E6708-0714-5FA9-5101-000000008801},2020-11-09 09:08:35+00:00,1,1,0,0,0,0,0,0,0,1,0,0,0,0,0,0,0,1,T1490,ransomware_notes,data\datasets\splunk_attack_data\datasets\attack_techniques\T1490\ransomware_notes\windows-sysmon.log
win-dc-129.attackrange.local,{989E6708-0715-5FA9-5201-000000008801},2020-11-09 09:08:35+00:00,1,1,0,0,0,0,0,0,0,1,0,0,0,0,0,0,0,1,T1490,ransomware_notes,data\datasets\splunk_attack_data\datasets\attack_techniques\T1490\ransomware_notes\windows-sysmon.log
win-dc-129.attackrange.local,{989E6708-0715-5FA9-5301-000000008801},2020-11-09 09:08:35+00:00,1,1,0,0,0,0,0,0,0,1,0,0,0,0,0,0,0,1,T1490,ransomware_notes,data\datasets\splunk_attack_data\datasets\attack_techniques\T1490\ransomware_notes\windows-sysmon.log
win-dc-129.attackrange.local,{989E6708-0716-5FA9-5401-000000008801},2020-11-09 09:08:35+00:00,1,1,0,0,0,0,0,0,0,1,0,0,0,0,0,0,0,1,T1490,ransomware_notes,data\datasets\splunk_attack_data\datasets\attack_techniques\T1490\ransomware_notes\windows-sysmon.log
win-dc-129.attackrange.local,{989E6708-0717-5FA9-5501-000000008801},2020-11-09 09:08:35+00:00,1,1,0,0,0,0,0,0,0,1,0,0,0,0,0,0,0,1,T1490,ransomware_notes,data\datasets\splunk_attack_data\datasets\attack_techniques\T1490\ransomware_notes\windows-sysmon.log
win-dc-129.attackrange.local,{989E6708-0717-5FA9-5601-000000008801},2020-11-09 09:08:35+00:00,1,1,0,0,0,0,0,0,0,1,0,0,0,0,0,0,0,1,T1490,ransomware_notes,data\datasets\splunk_attack_data\datasets\attack_techniques\T1490\ransomware_notes\windows-sysmon.log
win-dc-129.attackrange.local,{989E6708-0718-5FA9-5801-000000008801},2020-11-09 09:08:40+00:00,1,1,0,0,0,0,0,0,0,1,0,0,0,0,0,0,0,1,T1490,ransomware_notes,data\datasets\splunk_attack_data\datasets\attack_techniques\T1490\ransomware_notes\windows-sysmon.log
win-dc-129.attackrange.local,{989E6708-0719-5FA9-5901-000000008801},2020-11-09 09:08:40+00:00,1,1,0,0,0,0,0,0,0,1,0,0,0,0,0,0,0,1,T1490,ransomware_notes,data\datasets\splunk_attack_data\datasets\attack_techniques\T1490\ransomware_notes\windows-sysmon.log
win-dc-129.attackrange.local,{989E6708-0719-5FA9-5A01-000000008801},2020-11-09 09:08:40+00:00,1,1,0,0,0,0,0,0,0,1,0,0,0,0,0,0,0,1,T1490,ransomware_notes,data\datasets\splunk_attack_data\datasets\attack_techniques\T1490\ransomware_notes\windows-sysmon.log
win-dc-129.attackrange.local,{989E6708-0750-5FA9-5B01-000000008801},2020-11-09 09:09:35+00:00,1,1,0,0,0,0,0,0,0,1,0,0,0,0,0,0,0,1,T1490,ransomware_notes,data\datasets\splunk_attack_data\datasets\attack_techniques\T1490\ransomware_notes\windows-sysmon.log
win-dc-129.attackrange.local,{989E6708-0751-5FA9-5C01-000000008801},2020-11-09 09:09:35+00:00,1,1,0,0,0,0,0,0,0,1,0,0,0,0,0,0,0,1,T1490,ransomware_notes,data\datasets\splunk_attack_data\datasets\attack_techniques\T1490\ransomware_notes\windows-sysmon.log
win-dc-129.attackrange.local,{989E6708-0751-5FA9-5D01-000000008801},2020-11-09 09:09:35+00:00,1,1,0,0,0,0,0,0,0,1,0,0,0,0,0,0,0,1,T1490,ransomware_notes,data\datasets\splunk_attack_data\datasets\attack_techniques\T1490\ransomware_notes\windows-sysmon.log
win-dc-129.attackrange.local,{989E6708-0753-5FA9-5E01-000000008801},2020-11-09 09:09:35+00:00,1,1,0,0,0,0,0,0,0,1,0,0,0,0,0,0,0,1,T1490,ransomware_notes,data\datasets\splunk_attack_data\datasets\attack_techniques\T1490\ransomware_notes\windows-sysmon.log
win-dc-129.attackrange.local,{989E6708-0753-5FA9-6301-000000008801},2020-11-09 09:09:40+00:00,1,1,1,1,0,0,1,0,0,0,0,0,1,0,0,0,0,1,T1490,ransomware_notes,data\datasets\splunk_attack_data\datasets\attack_techniques\T1490\ransomware_notes\windows-sysmon.log
win-dc-129.attackrange.local,{989E6708-0753-5FA9-6601-000000008801},2020-11-09 09:09:35+00:00,1,1,0,0,0,0,0,0,0,1,0,0,0,0,0,0,0,1,T1490,ransomware_notes,data\datasets\splunk_attack_data\datasets\attack_techniques\T1490\ransomware_notes\windows-sysmon.log
win-dc-129.attackrange.local,{989E6708-0754-5FA9-6701-000000008801},2020-11-09 09:09:40+00:00,1,1,0,0,0,0,0,0,0,1,0,0,0,0,0,0,0,1,T1490,ransomware_notes,data\datasets\splunk_attack_data\datasets\attack_techniques\T1490\ransomware_notes\windows-sysmon.log
win-dc-129.attackrange.local,{989E6708-0755-5FA9-6801-000000008801},2020-11-09 09:09:40+00:00,1,1,0,0,0,0,0,0,0,1,0,0,0,0,0,0,0,1,T1490,ransomware_notes,data\datasets\splunk_attack_data\datasets\attack_techniques\T1490\ransomware_notes\windows-sysmon.log
win-dc-129.attackrange.local,{989E6708-078C-5FA9-6901-000000008801},2020-11-09 09:10:35+00:00,1,1,0,0,0,0,0,0,0,1,0,0,0,0,0,0,0,1,T1490,ransomware_notes,data\datasets\splunk_attack_data\datasets\attack_techniques\T1490\ransomware_notes\windows-sysmon.log
win-dc-129.attackrange.local,{989E6708-078D-5FA9-6A01-000000008801},2020-11-09 09:10:35+00:00,1,1,0,0,0,0,0,0,0,1,0,0,0,0,0,0,0,1,T1490,ransomware_notes,data\datasets\splunk_attack_data\datasets\attack_techniques\T1490\ransomware_notes\windows-sysmon.log
win-dc-129.attackrange.local,{989E6708-078D-5FA9-6B01-000000008801},2020-11-09 09:10:35+00:00,1,1,0,0,0,0,0,0,0,1,0,0,0,0,0,0,0,1,T1490,ransomware_notes,data\datasets\splunk_attack_data\datasets\attack_techniques\T1490\ransomware_notes\windows-sysmon.log
win-dc-129.attackrange.local,{989E6708-078F-5FA9-6C01-000000008801},2020-11-09 09:10:35+00:00,1,1,0,0,0,0,0,0,0,1,0,0,0,0,0,0,0,1,T1490,ransomware_notes,data\datasets\splunk_attack_data\datasets\attack_techniques\T1490\ransomware_notes\windows-sysmon.log
win-dc-129.attackrange.local,{989E6708-078F-5FA9-6D01-000000008801},2020-11-09 09:10:35+00:00,1,1,0,0,0,0,0,0,0,1,0,0,0,0,0,0,0,1,T1490,ransomware_notes,data\datasets\splunk_attack_data\datasets\attack_techniques\T1490\ransomware_notes\windows-sysmon.log
win-dc-129.attackrange.local,{989E6708-0790-5FA9-6E01-000000008801},2020-11-09 09:10:40+00:00,1,1,0,0,0,0,0,0,0,1,0,0,0,0,0,0,0,1,T1490,ransomware_notes,data\datasets\splunk_attack_data\datasets\attack_techniques\T1490\ransomware_notes\windows-sysmon.log
win-dc-129.attackrange.local,{989E6708-0791-5FA9-6F01-000000008801},2020-11-09 09:10:40+00:00,1,1,0,0,0,0,0,0,0,1,0,0,0,0,0,0,0,1,T1490,ransomware_notes,data\datasets\splunk_attack_data\datasets\attack_techniques\T1490\ransomware_notes\windows-sysmon.log
win-dc-129.attackrange.local,{989E6708-07C8-5FA9-7001-000000008801},2020-11-09 09:11:35+00:00,1,1,0,0,0,0,0,0,0,1,0,0,0,0,0,0,0,1,T1490,ransomware_notes,data\datasets\splunk_attack_data\datasets\attack_techniques\T1490\ransomware_notes\windows-sysmon.log
win-dc-129.attackrange.local,{989E6708-07C9-5FA9-7101-000000008801},2020-11-09 09:11:35+00:00,1,1,0,0,0,0,0,0,0,1,0,0,0,0,0,0,0,1,T1490,ransomware_notes,data\datasets\splunk_attack_data\datasets\attack_techniques\T1490\ransomware_notes\windows-sysmon.log
win-dc-129.attackrange.local,{989E6708-07C9-5FA9-7201-000000008801},2020-11-09 09:11:35+00:00,1,1,0,0,0,0,0,0,0,1,0,0,0,0,0,0,0,1,T1490,ransomware_notes,data\datasets\splunk_attack_data\datasets\attack_techniques\T1490\ransomware_notes\windows-sysmon.log
win-dc-129.attackrange.local,{989E6708-07CB-5FA9-7301-000000008801},2020-11-09 09:11:35+00:00,1,1,0,0,0,0,0,0,0,1,0,0,0,0,0,0,0,1,T1490,ransomware_notes,data\datasets\splunk_attack_data\datasets\attack_techniques\T1490\ransomware_notes\windows-sysmon.log
win-dc-129.attackrange.local,{989E6708-07CB-5FA9-7401-000000008801},2020-11-09 09:11:35+00:00,1,1,0,0,0,0,0,0,0,1,0,0,0,0,0,0,0,1,T1490,ransomware_notes,data\datasets\splunk_attack_data\datasets\attack_techniques\T1490\ransomware_notes\windows-sysmon.log
win-dc-129.attackrange.local,{989E6708-07CC-5FA9-7501-000000008801},2020-11-09 09:11:40+00:00,1,1,0,0,0,0,0,0,0,1,0,0,0,0,0,0,0,1,T1490,ransomware_notes,data\datasets\splunk_attack_data\datasets\attack_techniques\T1490\ransomware_notes\windows-sysmon.log
win-dc-129.attackrange.local,{989E6708-07CD-5FA9-7601-000000008801},2020-11-09 09:11:40+00:00,1,1,0,0,0,0,0,0,0,1,0,0,0,0,0,0,0,1,T1490,ransomware_notes,data\datasets\splunk_attack_data\datasets\attack_techniques\T1490\ransomware_notes\windows-sysmon.log
win-dc-129.attackrange.local,{989E6708-0804-5FA9-7701-000000008801},2020-11-09 09:12:35+00:00,1,1,0,0,0,0,0,0,0,1,0,0,0,0,0,0,0,1,T1490,ransomware_notes,data\datasets\splunk_attack_data\datasets\attack_techniques\T1490\ransomware_notes\windows-sysmon.log
win-dc-129.attackrange.local,{989E6708-0805-5FA9-7801-000000008801},2020-11-09 09:12:35+00:00,1,1,0,0,0,0,0,0,0,1,0,0,0,0,0,0,0,1,T1490,ransomware_notes,data\datasets\splunk_attack_data\datasets\attack_techniques\T1490\ransomware_notes\windows-sysmon.log
win-dc-129.attackrange.local,{989E6708-0805-5FA9-7901-000000008801},2020-11-09 09:12:35+00:00,1,1,0,0,0,0,0,0,0,1,0,0,0,0,0,0,0,1,T1490,ransomware_notes,data\datasets\splunk_attack_data\datasets\attack_techniques\T1490\ransomware_notes\windows-sysmon.log
win-dc-129.attackrange.local,{989E6708-0807-5FA9-7A01-000000008801},2020-11-09 09:12:35+00:00,1,1,0,0,0,0,0,0,0,1,0,0,0,0,0,0,0,1,T1490,ransomware_notes,data\datasets\splunk_attack_data\datasets\attack_techniques\T1490\ransomware_notes\windows-sysmon.log
win-dc-129.attackrange.local,{989E6708-0807-5FA9-7B01-000000008801},2020-11-09 09:12:35+00:00,1,1,0,0,0,0,0,0,0,1,0,0,0,0,0,0,0,1,T1490,ransomware_notes,data\datasets\splunk_attack_data\datasets\attack_techniques\T1490\ransomware_notes\windows-sysmon.log
win-dc-129.attackrange.local,{989E6708-0808-5FA9-7C01-000000008801},2020-11-09 09:12:40+00:00,1,1,0,0,0,0,0,0,0,1,0,0,0,0,0,0,0,1,T1490,ransomware_notes,data\datasets\splunk_attack_data\datasets\attack_techniques\T1490\ransomware_notes\windows-sysmon.log
win-dc-129.attackrange.local,{989E6708-0809-5FA9-7D01-000000008801},2020-11-09 09:12:40+00:00,1,1,0,0,0,0,0,0,0,1,0,0,0,0,0,0,0,1,T1490,ransomware_notes,data\datasets\splunk_attack_data\datasets\attack_techniques\T1490\ransomware_notes\windows-sysmon.log
win-dc-129.attackrange.local,{989E6708-0840-5FA9-7E01-000000008801},2020-11-09 09:13:35+00:00,1,1,0,0,0,0,0,0,0,1,0,0,0,0,0,0,0,1,T1490,ransomware_notes,data\datasets\splunk_attack_data\datasets\attack_techniques\T1490\ransomware_notes\windows-sysmon.log
win-dc-129.attackrange.local,{989E6708-0841-5FA9-7F01-000000008801},2020-11-09 09:13:35+00:00,1,1,0,0,0,0,0,0,0,1,0,0,0,0,0,0,0,1,T1490,ransomware_notes,data\datasets\splunk_attack_data\datasets\attack_techniques\T1490\ransomware_notes\windows-sysmon.log
win-dc-129.attackrange.local,{989E6708-0841-5FA9-8001-000000008801},2020-11-09 09:13:35+00:00,1,1,0,0,0,0,0,0,0,1,0,0,0,0,0,0,0,1,T1490,ransomware_notes,data\datasets\splunk_attack_data\datasets\attack_techniques\T1490\ransomware_notes\windows-sysmon.log
win-dc-129.attackrange.local,{989E6708-0843-5FA9-8101-000000008801},2020-11-09 09:13:35+00:00,1,1,0,0,0,0,0,0,0,1,0,0,0,0,0,0,0,1,T1490,ransomware_notes,data\datasets\splunk_attack_data\datasets\attack_techniques\T1490\ransomware_notes\windows-sysmon.log
win-dc-129.attackrange.local,{989E6708-0843-5FA9-8201-000000008801},2020-11-09 09:13:35+00:00,1,1,0,0,0,0,0,0,0,1,0,0,0,0,0,0,0,1,T1490,ransomware_notes,data\datasets\splunk_attack_data\datasets\attack_techniques\T1490\ransomware_notes\windows-sysmon.log
win-dc-129.attackrange.local,{989E6708-0844-5FA9-8301-000000008801},2020-11-09 09:13:40+00:00,1,1,0,0,0,0,0,0,0,1,0,0,0,0,0,0,0,1,T1490,ransomware_notes,data\datasets\splunk_attack_data\datasets\attack_techniques\T1490\ransomware_notes\windows-sysmon.log
win-dc-129.attackrange.local,{989E6708-0845-5FA9-8401-000000008801},2020-11-09 09:13:40+00:00,1,1,0,0,0,0,0,0,0,1,0,0,0,0,0,0,0,1,T1490,ransomware_notes,data\datasets\splunk_attack_data\datasets\attack_techniques\T1490\ransomware_notes\windows-sysmon.log
win-dc-129.attackrange.local,{989E6708-087C-5FA9-8501-000000008801},2020-11-09 09:14:35+00:00,1,1,0,0,0,0,0,0,0,1,0,0,0,0,0,0,0,1,T1490,ransomware_notes,data\datasets\splunk_attack_data\datasets\attack_techniques\T1490\ransomware_notes\windows-sysmon.log
win-dc-129.attackrange.local,{989E6708-087D-5FA9-8601-000000008801},2020-11-09 09:14:35+00:00,1,1,0,0,0,0,0,0,0,1,0,0,0,0,0,0,0,1,T1490,ransomware_notes,data\datasets\splunk_attack_data\datasets\attack_techniques\T1490\ransomware_notes\windows-sysmon.log
win-dc-129.attackrange.local,{989E6708-087D-5FA9-8701-000000008801},2020-11-09 09:14:35+00:00,1,1,0,0,0,0,0,0,0,1,0,0,0,0,0,0,0,1,T1490,ransomware_notes,data\datasets\splunk_attack_data\datasets\attack_techniques\T1490\ransomware_notes\windows-sysmon.log
win-dc-129.attackrange.local,{989E6708-087E-5FA9-8801-000000008801},2020-11-09 09:14:35+00:00,1,1,0,0,0,0,0,0,0,1,0,0,0,0,0,0,0,1,T1490,ransomware_notes,data\datasets\splunk_attack_data\datasets\attack_techniques\T1490\ransomware_notes\windows-sysmon.log
win-dc-129.attackrange.local,{989E6708-087F-5FA9-8901-000000008801},2020-11-09 09:14:35+00:00,1,1,0,0,0,0,0,0,0,1,0,0,0,0,0,0,0,1,T1490,ransomware_notes,data\datasets\splunk_attack_data\datasets\attack_techniques\T1490\ransomware_notes\windows-sysmon.log
win-dc-129.attackrange.local,{989E6708-0880-5FA9-8A01-000000008801},2020-11-09 09:14:40+00:00,1,1,0,0,0,0,0,0,0,1,0,0,0,0,0,0,0,1,T1490,ransomware_notes,data\datasets\splunk_attack_data\datasets\attack_techniques\T1490\ransomware_notes\windows-sysmon.log
win-dc-129.attackrange.local,{989E6708-0881-5FA9-8D01-000000008801},2020-11-09 09:14:40+00:00,1,1,0,0,0,0,0,0,0,1,0,0,0,0,0,0,0,1,T1490,ransomware_notes,data\datasets\splunk_attack_data\datasets\attack_techniques\T1490\ransomware_notes\windows-sysmon.log
